datetime,soil_temperature,relative_humidity,precipitation,evapotranspiration,solar_radiation
2020-05-01 00:00:00,65.2,77,0.0,0.01,0.0
2020-05-01 01:00:00,63.2,77,0.0,0.01,0.0
2020-05-01 02:00:00,61.7,84,0.0,0.0,0.0
2020-05-01 03:00:00,60.4,86,0.0,0.0,0.0
2020-05-01 04:00:00,59.5,86,0.0,0.0,0.0
2020-05-01 05:00:00,58.6,84,0.0,0.0,0.0
2020-05-01 06:00:00,58.1,83,0.0,0.0,0.0
2020-05-01 07:00:00,57.7,83,0.0,0.0,1.0
2020-05-01 08:00:00,59.1,76,0.0,0.05,90.0
2020-05-01 09:00:00,61.3,64,0.0,0.17,298.0
2020-05-01 10:00:00,64.0,54,0.0,0.31,522.0
2020-05-01 11:00:00,67.1,42,0.0,0.46,725.0
2020-05-01 12:00:00,69.7,35,0.0,0.58,882.0
2020-05-01 13:00:00,72.0,31,0.0,0.66,982.0
2020-05-01 14:00:00,73.9,29,0.0,0.7,1016.0
2020-05-01 15:00:00,75.2,29,0.0,0.68,980.0
2020-05-01 16:00:00,76.0,30,0.0,0.62,877.0
2020-05-01 17:00:00,76.2,30,0.0,0.53,718.0
2020-05-01 18:00:00,75.7,32,0.0,0.39,516.0
2020-05-01 19:00:00,74.4,40,0.0,0.22,292.0
2020-05-01 20:00:00,72.5,58,0.0,0.08,84.0
2020-05-01 21:00:00,69.2,54,0.0,0.07,0.0
2020-05-01 22:00:00,66.6,62,0.0,0.03,0.0
2020-05-01 23:00:00,64.4,70,0.0,0.03,0.0
2020-05-02 00:00:00,62.7,72,0.0,0.02,0.0
2020-05-02 01:00:00,61.3,78,0.0,0.01,0.0
2020-05-02 02:00:00,60.0,83,0.0,0.0,0.0
2020-05-02 03:00:00,58.9,85,0.0,0.0,0.0
2020-05-02 04:00:00,57.8,86,0.0,0.0,0.0
2020-05-02 05:00:00,56.8,89,0.0,0.0,0.0
2020-05-02 06:00:00,56.0,88,0.0,0.0,0.0
2020-05-02 07:00:00,55.2,86,0.0,0.0,1.0
2020-05-02 08:00:00,55.9,84,0.0,0.04,93.0
2020-05-02 09:00:00,59.5,66,0.0,0.16,299.0
2020-05-02 10:00:00,63.8,49,0.0,0.32,519.0
2020-05-02 11:00:00,68.0,39,0.0,0.46,716.0
2020-05-02 12:00:00,71.8,33,0.0,0.58,870.0
2020-05-02 13:00:00,74.9,30,0.0,0.67,969.0
2020-05-02 14:00:00,77.5,28,0.0,0.7,1000.0
2020-05-02 15:00:00,79.3,28,0.0,0.68,964.0
2020-05-02 16:00:00,80.5,27,0.0,0.6,860.0
2020-05-02 17:00:00,81.0,27,0.0,0.48,705.0
2020-05-02 18:00:00,80.6,29,0.0,0.34,502.0
2020-05-02 19:00:00,79.5,32,0.0,0.21,285.0
2020-05-02 20:00:00,77.1,55,0.0,0.09,82.0
2020-05-02 21:00:00,73.3,59,0.0,0.07,0.0
2020-05-02 22:00:00,70.4,64,0.0,0.04,0.0
2020-05-02 23:00:00,68.5,62,0.0,0.05,0.0
2020-05-03 00:00:00,67.1,77,0.0,0.01,0.0
2020-05-03 01:00:00,65.8,81,0.0,0.01,0.0
2020-05-03 02:00:00,64.7,84,0.0,0.0,0.0
2020-05-03 03:00:00,63.7,90,0.0,0.0,0.0
2020-05-03 04:00:00,62.6,93,0.0,0.0,0.0
2020-05-03 05:00:00,61.6,95,0.0,0.0,0.0
2020-05-03 06:00:00,60.7,96,0.0,0.0,0.0
2020-05-03 07:00:00,60.1,95,0.0,0.0,1.0
2020-05-03 08:00:00,59.5,91,0.0,0.04,90.0
2020-05-03 09:00:00,63.0,75,0.0,0.16,292.0
2020-05-03 10:00:00,67.0,58,0.0,0.32,509.0
2020-05-03 11:00:00,71.2,45,0.0,0.48,705.0
2020-05-03 12:00:00,74.9,39,0.0,0.6,857.0
2020-05-03 13:00:00,78.2,36,0.0,0.69,948.0
2020-05-03 14:00:00,80.7,33,0.0,0.72,979.0
2020-05-03 15:00:00,82.4,32,0.0,0.68,902.0
2020-05-03 16:00:00,83.4,31,0.0,0.61,792.0
2020-05-03 17:00:00,83.8,31,0.0,0.54,689.0
2020-05-03 18:00:00,83.5,34,0.0,0.4,495.0
2020-05-03 19:00:00,82.1,39,0.0,0.26,264.0
2020-05-03 20:00:00,80.2,46,0.0,0.15,80.0
2020-05-03 21:00:00,77.5,49,0.0,0.07,1.0
2020-05-03 22:00:00,75.0,60,0.0,0.06,0.0
2020-05-03 23:00:00,72.9,74,0.0,0.03,0.0
2020-05-04 00:00:00,70.9,84,0.0,0.01,0.0
2020-05-04 01:00:00,69.3,92,0.0,0.0,0.0
2020-05-04 02:00:00,67.8,92,0.0,0.0,0.0
2020-05-04 03:00:00,66.3,91,0.0,0.0,0.0
2020-05-04 04:00:00,65.1,91,0.0,0.0,0.0
2020-05-04 05:00:00,64.2,92,0.0,0.0,0.0
2020-05-04 06:00:00,63.4,93,0.0,0.0,0.0
2020-05-04 07:00:00,62.8,94,0.0,0.01,1.0
2020-05-04 08:00:00,64.3,87,0.0,0.05,93.0
2020-05-04 09:00:00,66.5,77,0.0,0.17,294.0
2020-05-04 10:00:00,69.6,64,0.0,0.33,511.0
2020-05-04 11:00:00,73.3,49,0.0,0.49,708.0
2020-05-04 12:00:00,77.1,38,0.0,0.62,864.0
2020-05-04 13:00:00,80.6,32,0.0,0.71,964.0
2020-05-04 14:00:00,83.6,28,0.0,0.75,998.0
2020-05-04 15:00:00,85.8,26,0.0,0.75,963.0
2020-05-04 16:00:00,87.3,26,0.0,0.68,861.0
2020-05-04 17:00:00,87.8,27,0.0,0.58,704.0
2020-05-04 18:00:00,87.4,29,0.0,0.44,506.0
2020-05-04 19:00:00,85.9,39,0.0,0.3,287.0
2020-05-04 20:00:00,83.2,56,0.0,0.14,85.0
2020-05-04 21:00:00,80.3,64,0.0,0.06,1.0
2020-05-04 22:00:00,77.6,74,0.0,0.04,0.0
2020-05-04 23:00:00,75.4,83,0.0,0.02,0.0
2020-05-05 00:00:00,73.5,90,0.0,0.0,0.0
2020-05-05 01:00:00,72.0,94,0.0,0.0,0.0
2020-05-05 02:00:00,70.8,97,0.0,0.0,0.0
2020-05-05 03:00:00,69.9,98,0.0,0.0,0.0
2020-05-05 04:00:00,69.2,98,0.0,0.0,0.0
2020-05-05 05:00:00,68.5,99,0.0,0.0,0.0
2020-05-05 06:00:00,68.0,99,0.0,0.0,0.0
2020-05-05 07:00:00,67.6,99,0.0,0.0,1.0
2020-05-05 08:00:00,68.1,94,0.0,0.04,75.0
2020-05-05 09:00:00,69.4,85,0.0,0.1,146.0
2020-05-05 10:00:00,71.8,71,0.0,0.25,360.0
2020-05-05 11:00:00,75.1,58,0.0,0.44,610.0
2020-05-05 12:00:00,78.7,48,0.0,0.58,784.0
2020-05-05 13:00:00,82.0,43,0.0,0.67,880.0
2020-05-05 14:00:00,84.8,38,0.0,0.74,941.0
2020-05-05 15:00:00,86.8,36,0.0,0.74,914.0
2020-05-05 16:00:00,87.9,34,0.0,0.7,850.0
2020-05-05 17:00:00,87.9,35,0.0,0.6,700.0
2020-05-05 18:00:00,87.1,44,0.0,0.45,505.0
2020-05-05 19:00:00,85.1,56,0.0,0.27,285.0
2020-05-05 20:00:00,82.6,61,0.0,0.13,85.0
2020-05-05 21:00:00,80.0,68,0.0,0.07,1.0
2020-05-05 22:00:00,77.8,74,0.0,0.05,0.0
2020-05-05 23:00:00,76.0,79,0.0,0.03,0.0
2020-05-06 00:00:00,74.4,86,0.0,0.02,0.0
2020-05-06 01:00:00,73.1,93,0.0,0.0,0.0
2020-05-06 02:00:00,72.1,96,0.0,0.0,0.0
2020-05-06 03:00:00,71.4,97,0.0,0.0,0.0
2020-05-06 04:00:00,71.0,97,0.0,0.0,0.0
2020-05-06 05:00:00,70.8,98,0.0,0.0,0.0
2020-05-06 06:00:00,70.8,95,0.0,0.0,0.0
2020-05-06 07:00:00,70.5,96,0.0,0.01,1.0
2020-05-06 08:00:00,71.2,90,0.0,0.05,84.0
2020-05-06 09:00:00,72.8,76,0.0,0.18,265.0
2020-05-06 10:00:00,75.3,65,0.0,0.33,464.0
2020-05-06 11:00:00,78.0,55,0.0,0.44,597.0
2020-05-06 12:00:00,81.1,39,0.0,0.61,808.0
2020-05-06 13:00:00,83.6,28,0.0,0.69,902.0
2020-05-06 14:00:00,85.6,22,0.0,0.73,893.0
2020-05-06 15:00:00,87.2,15,0.0,0.74,874.0
2020-05-06 16:00:00,88.3,14,0.0,0.74,856.0
2020-05-06 17:00:00,88.3,15,0.0,0.64,711.0
2020-05-06 18:00:00,87.5,22,0.0,0.51,523.0
2020-05-06 19:00:00,86.0,22,0.0,0.35,295.0
2020-05-06 20:00:00,83.2,26,0.0,0.21,91.0
2020-05-06 21:00:00,80.5,23,0.0,0.19,1.0
2020-05-06 22:00:00,78.3,26,0.0,0.2,0.0
2020-05-06 23:00:00,76.2,27,0.0,0.15,0.0
2020-05-07 00:00:00,74.2,29,0.0,0.14,0.0
2020-05-07 01:00:00,72.6,30,0.0,0.16,0.0
2020-05-07 02:00:00,70.9,34,0.0,0.14,0.0
2020-05-07 03:00:00,69.1,38,0.0,0.12,0.0
2020-05-07 04:00:00,67.2,44,0.0,0.09,0.0
2020-05-07 05:00:00,65.4,50,0.0,0.08,0.0
2020-05-07 06:00:00,63.6,53,0.0,0.06,0.0
2020-05-07 07:00:00,62.0,54,0.0,0.05,2.0
2020-05-07 08:00:00,61.3,54,0.0,0.09,104.0
2020-05-07 09:00:00,62.2,48,0.0,0.19,314.0
2020-05-07 10:00:00,64.3,42,0.0,0.31,538.0
2020-05-07 11:00:00,67.1,36,0.0,0.43,738.0
2020-05-07 12:00:00,70.3,30,0.0,0.54,894.0
2020-05-07 13:00:00,73.2,26,0.0,0.63,994.0
2020-05-07 14:00:00,75.9,22,0.0,0.67,1029.0
2020-05-07 15:00:00,78.1,19,0.0,0.67,994.0
2020-05-07 16:00:00,79.4,17,0.0,0.62,896.0
2020-05-07 17:00:00,79.9,17,0.0,0.53,738.0
2020-05-07 18:00:00,79.3,17,0.0,0.42,535.0
2020-05-07 19:00:00,77.8,20,0.0,0.28,308.0
2020-05-07 20:00:00,75.4,34,0.0,0.08,96.0
2020-05-07 21:00:00,71.3,37,0.0,0.06,1.0
2020-05-07 22:00:00,68.0,42,0.0,0.06,0.0
2020-05-07 23:00:00,65.2,48,0.0,0.05,0.0
2020-05-08 00:00:00,62.9,50,0.0,0.05,0.0
2020-05-08 01:00:00,60.7,49,0.0,0.04,0.0
2020-05-08 02:00:00,58.9,55,0.0,0.03,0.0
2020-05-08 03:00:00,57.4,60,0.0,0.02,0.0
2020-05-08 04:00:00,56.2,57,0.0,0.02,0.0
2020-05-08 05:00:00,55.4,58,0.0,0.03,0.0
2020-05-08 06:00:00,54.5,58,0.0,0.03,0.0
2020-05-08 07:00:00,54.2,67,0.0,0.03,2.0
2020-05-08 08:00:00,51.2,67,0.0,0.07,104.0
2020-05-08 09:00:00,55.9,55,0.0,0.18,314.0
2020-05-08 10:00:00,61.1,39,0.0,0.34,532.0
2020-05-08 11:00:00,65.9,30,0.0,0.49,726.0
2020-05-08 12:00:00,70.3,26,0.0,0.6,877.0
2020-05-08 13:00:00,73.9,25,0.0,0.68,971.0
2020-05-08 14:00:00,76.7,23,0.0,0.71,996.0
2020-05-08 15:00:00,79.0,24,0.0,0.7,952.0
2020-05-08 16:00:00,80.2,28,0.0,0.66,861.0
2020-05-08 17:00:00,80.4,32,0.0,0.55,705.0
2020-05-08 18:00:00,79.4,35,0.0,0.4,451.0
2020-05-08 19:00:00,77.7,38,0.0,0.29,290.0
2020-05-08 20:00:00,75.5,52,0.0,0.16,79.0
2020-05-08 21:00:00,73.1,61,0.0,0.1,1.0
2020-05-08 22:00:00,71.3,68,0.0,0.06,0.0
2020-05-08 23:00:00,70.1,73,0.0,0.04,0.0
2020-05-09 00:00:00,69.3,79,0.0,0.03,0.0
2020-05-09 01:00:00,68.9,83,0.0,0.02,0.0
2020-05-09 02:00:00,68.6,82,0.0,0.02,0.0
2020-05-09 03:00:00,68.4,83,0.0,0.02,0.0
2020-05-09 04:00:00,68.3,82,0.1,0.02,0.0
2020-05-09 05:00:00,68.0,83,0.1,0.01,0.0
2020-05-09 06:00:00,67.6,81,0.0,0.02,0.0
2020-05-09 07:00:00,66.8,76,0.0,0.05,2.0
2020-05-09 08:00:00,68.4,65,0.0,0.1,79.0
2020-05-09 09:00:00,68.5,61,0.0,0.18,223.0
2020-05-09 10:00:00,69.5,53,0.0,0.29,428.0
2020-05-09 11:00:00,71.5,44,0.0,0.44,678.0
2020-05-09 12:00:00,74.0,38,0.0,0.55,827.0
2020-05-09 13:00:00,76.9,33,0.0,0.64,944.0
2020-05-09 14:00:00,79.6,30,0.0,0.7,997.0
2020-05-09 15:00:00,81.9,26,0.0,0.69,969.0
2020-05-09 16:00:00,83.3,22,0.0,0.63,865.0
2020-05-09 17:00:00,83.6,20,0.0,0.51,662.0
2020-05-09 18:00:00,82.4,20,0.0,0.33,361.0
2020-05-09 19:00:00,81.1,20,0.0,0.25,253.0
2020-05-09 20:00:00,77.8,28,0.0,0.12,97.0
2020-05-09 21:00:00,74.4,51,0.0,0.09,1.0
2020-05-09 22:00:00,71.9,66,0.0,0.04,0.0
2020-05-09 23:00:00,70.1,64,0.0,0.05,0.0
2020-05-10 00:00:00,68.5,67,0.0,0.04,0.0
2020-05-10 01:00:00,67.1,70,0.0,0.02,0.0
2020-05-10 02:00:00,65.9,71,0.0,0.02,0.0
2020-05-10 03:00:00,64.9,74,0.0,0.02,0.0
2020-05-10 04:00:00,64.2,72,0.0,0.02,0.0
2020-05-10 05:00:00,63.9,71,0.0,0.02,0.0
2020-05-10 06:00:00,63.5,72,0.1,0.02,0.0
2020-05-10 07:00:00,63.4,70,0.0,0.05,1.0
2020-05-10 08:00:00,63.8,64,0.0,0.07,34.0
2020-05-10 09:00:00,64.6,59,0.0,0.12,115.0
2020-05-10 10:00:00,66.0,58,0.0,0.18,211.0
2020-05-10 11:00:00,68.7,56,0.0,0.31,439.0
2020-05-10 12:00:00,71.6,54,0.0,0.39,556.0
2020-05-10 13:00:00,73.9,51,0.0,0.41,561.0
2020-05-10 14:00:00,77.1,44,0.0,0.56,791.0
2020-05-10 15:00:00,79.8,39,0.0,0.62,872.0
2020-05-10 16:00:00,81.7,34,0.0,0.58,797.0
2020-05-10 17:00:00,82.0,32,0.0,0.44,569.0
2020-05-10 18:00:00,81.6,32,0.0,0.3,336.0
2020-05-10 19:00:00,80.1,52,0.0,0.21,190.0
2020-05-10 20:00:00,76.2,59,0.0,0.07,55.0
2020-05-10 21:00:00,73.9,69,0.0,0.05,1.0
2020-05-10 22:00:00,72.2,71,0.0,0.02,0.0
2020-05-10 23:00:00,70.2,79,0.0,0.0,0.0
2020-05-11 00:00:00,68.2,81,0.0,0.0,0.0
2020-05-11 01:00:00,66.7,85,0.0,0.0,0.0
2020-05-11 02:00:00,65.1,90,0.0,0.0,0.0
2020-05-11 03:00:00,63.6,93,0.0,0.0,0.0
2020-05-11 04:00:00,62.2,94,0.0,0.0,0.0
2020-05-11 05:00:00,61.2,97,0.0,0.0,0.0
2020-05-11 06:00:00,60.3,98,0.0,0.0,0.0
2020-05-11 07:00:00,59.5,99,0.0,0.0,3.0
2020-05-11 08:00:00,60.4,90,0.0,0.04,102.0
2020-05-11 09:00:00,64.0,73,0.0,0.17,293.0
2020-05-11 10:00:00,68.3,47,0.0,0.36,521.0
2020-05-11 11:00:00,72.6,31,0.0,0.52,717.0
2020-05-11 12:00:00,76.5,24,0.0,0.65,874.0
2020-05-11 13:00:00,79.9,19,0.0,0.74,972.0
2020-05-11 14:00:00,82.7,18,0.0,0.78,1009.0
2020-05-11 15:00:00,84.7,18,0.0,0.77,973.0
2020-05-11 16:00:00,86.0,19,0.0,0.71,873.0
2020-05-11 17:00:00,86.2,20,0.0,0.61,716.0
2020-05-11 18:00:00,85.5,22,0.0,0.46,520.0
2020-05-11 19:00:00,83.9,24,0.0,0.31,301.0
2020-05-11 20:00:00,81.2,34,0.0,0.12,97.0
2020-05-11 21:00:00,77.8,32,0.0,0.14,2.0
2020-05-11 22:00:00,75.5,32,0.0,0.13,0.0
2020-05-11 23:00:00,73.3,33,0.0,0.12,0.0
2020-05-12 00:00:00,71.2,33,0.0,0.1,0.0
2020-05-12 01:00:00,69.4,34,0.0,0.1,0.0
2020-05-12 02:00:00,67.6,35,0.0,0.09,0.0
2020-05-12 03:00:00,65.9,37,0.0,0.08,0.0
2020-05-12 04:00:00,64.1,40,0.0,0.06,0.0
2020-05-12 05:00:00,62.4,42,0.0,0.06,0.0
2020-05-12 06:00:00,61.0,44,0.0,0.06,0.0
2020-05-12 07:00:00,59.9,47,0.0,0.06,3.0
2020-05-12 08:00:00,59.3,44,0.0,0.11,108.0
2020-05-12 09:00:00,62.0,37,0.0,0.22,317.0
2020-05-12 10:00:00,65.4,31,0.0,0.36,529.0
2020-05-12 11:00:00,69.1,26,0.0,0.48,695.0
2020-05-12 12:00:00,73.0,23,0.0,0.61,882.0
2020-05-12 13:00:00,76.8,22,0.0,0.69,978.0
2020-05-12 14:00:00,80.0,20,0.0,0.73,1007.0
2020-05-12 15:00:00,82.4,19,0.0,0.72,972.0
2020-05-12 16:00:00,83.9,19,0.0,0.66,872.0
2020-05-12 17:00:00,84.6,19,0.0,0.56,717.0
2020-05-12 18:00:00,84.2,20,0.0,0.42,521.0
2020-05-12 19:00:00,82.9,22,0.0,0.27,303.0
2020-05-12 20:00:00,81.4,27,0.0,0.16,99.0
2020-05-12 21:00:00,78.2,53,0.0,0.1,2.0
2020-05-12 22:00:00,75.3,59,0.0,0.07,0.0
2020-05-12 23:00:00,72.8,63,0.0,0.05,0.0
2020-05-13 00:00:00,70.6,68,0.0,0.04,0.0
2020-05-13 01:00:00,68.7,74,0.0,0.03,0.0
2020-05-13 02:00:00,67.2,81,0.0,0.01,0.0
2020-05-13 03:00:00,65.8,87,0.0,0.0,0.0
2020-05-13 04:00:00,64.8,92,0.0,0.0,0.0
2020-05-13 05:00:00,63.8,95,0.0,0.0,0.0
2020-05-13 06:00:00,63.1,96,0.0,0.0,0.0
2020-05-13 07:00:00,62.5,96,0.0,0.0,3.0
2020-05-13 08:00:00,61.3,89,0.0,0.05,107.0
2020-05-13 09:00:00,64.7,73,0.0,0.18,307.0
2020-05-13 10:00:00,68.9,59,0.0,0.35,517.0
2020-05-13 11:00:00,73.4,50,0.0,0.5,719.0
2020-05-13 12:00:00,77.5,44,0.0,0.61,840.0
2020-05-13 13:00:00,81.2,38,0.0,0.68,915.0
2020-05-13 14:00:00,84.2,33,0.0,0.71,913.0
2020-05-13 15:00:00,86.4,30,0.0,0.7,858.0
2020-05-13 16:00:00,87.4,28,0.0,0.62,717.0
2020-05-13 17:00:00,86.9,33,0.0,0.48,491.0
2020-05-13 18:00:00,86.4,32,0.0,0.47,466.0
2020-05-13 19:00:00,84.7,44,0.0,0.33,291.0
2020-05-13 20:00:00,81.4,52,0.0,0.16,93.0
2020-05-13 21:00:00,78.9,60,0.0,0.1,2.0
2020-05-13 22:00:00,76.7,70,0.0,0.07,0.0
2020-05-13 23:00:00,74.8,76,0.0,0.04,0.0
2020-05-14 00:00:00,73.2,79,0.0,0.03,0.0
2020-05-14 01:00:00,71.9,80,0.0,0.03,0.0
2020-05-14 02:00:00,70.7,80,0.0,0.02,0.0
2020-05-14 03:00:00,69.7,81,0.0,0.02,0.0
2020-05-14 04:00:00,68.7,83,0.0,0.01,0.0
2020-05-14 05:00:00,67.7,86,0.0,0.01,0.0
2020-05-14 06:00:00,66.7,89,0.0,0.0,0.0
2020-05-14 07:00:00,65.9,90,0.0,0.01,4.0
2020-05-14 08:00:00,65.9,81,0.0,0.07,108.0
2020-05-14 09:00:00,68.5,69,0.0,0.2,304.0
2020-05-14 10:00:00,71.7,55,0.0,0.36,485.0
2020-05-14 11:00:00,74.8,47,0.0,0.46,583.0
2020-05-14 12:00:00,77.7,42,0.0,0.54,665.0
2020-05-14 13:00:00,81.0,39,0.0,0.68,888.0
2020-05-14 14:00:00,83.4,37,0.0,0.69,882.0
2020-05-14 15:00:00,85.7,32,0.0,0.74,917.0
2020-05-14 16:00:00,86.8,32,0.0,0.66,774.0
2020-05-14 17:00:00,87.1,32,0.0,0.58,662.0
2020-05-14 18:00:00,86.5,40,0.0,0.47,497.0
2020-05-14 19:00:00,84.7,39,0.0,0.32,273.0
2020-05-14 20:00:00,80.9,49,0.0,0.17,96.0
2020-05-14 21:00:00,78.4,50,0.0,0.09,2.0
2020-05-14 22:00:00,76.1,55,0.0,0.08,0.0
2020-05-14 23:00:00,74.3,64,0.0,0.06,0.0
2020-05-15 00:00:00,72.7,70,0.0,0.04,0.0
2020-05-15 01:00:00,71.2,74,0.0,0.03,0.0
2020-05-15 02:00:00,69.9,80,0.0,0.02,0.0
2020-05-15 03:00:00,68.6,85,0.0,0.0,0.0
2020-05-15 04:00:00,67.4,89,0.0,0.0,0.0
2020-05-15 05:00:00,66.6,91,0.0,0.0,0.0
2020-05-15 06:00:00,65.9,94,0.0,0.0,0.0
2020-05-15 07:00:00,65.5,96,0.0,0.0,4.0
2020-05-15 08:00:00,65.5,86,0.0,0.06,104.0
2020-05-15 09:00:00,68.4,77,0.0,0.19,304.0
2020-05-15 10:00:00,72.0,62,0.0,0.35,504.0
2020-05-15 11:00:00,75.2,54,0.0,0.41,530.0
2020-05-15 12:00:00,78.4,48,0.0,0.5,634.0
2020-05-15 13:00:00,81.5,42,0.0,0.58,736.0
2020-05-15 14:00:00,84.2,37,0.0,0.66,830.0
2020-05-15 15:00:00,86.0,36,0.0,0.64,781.0
2020-05-15 16:00:00,87.1,35,0.0,0.58,693.0
2020-05-15 17:00:00,87.8,32,0.0,0.54,626.0
2020-05-15 18:00:00,87.2,34,0.0,0.4,374.0
2020-05-15 19:00:00,85.6,45,0.0,0.28,182.0
2020-05-15 20:00:00,83.5,55,0.0,0.15,84.0
2020-05-15 21:00:00,80.9,62,0.0,0.1,2.0
2020-05-15 22:00:00,78.8,67,0.0,0.07,0.0
2020-05-15 23:00:00,77.1,72,0.0,0.05,0.0
2020-05-16 00:00:00,75.6,75,0.0,0.03,0.0
2020-05-16 01:00:00,74.0,79,0.0,0.02,0.0
2020-05-16 02:00:00,72.6,84,0.0,0.01,0.0
2020-05-16 03:00:00,71.2,90,0.0,0.0,0.0
2020-05-16 04:00:00,70.2,93,0.0,0.0,0.0
2020-05-16 05:00:00,69.2,95,0.0,0.0,0.0
2020-05-16 06:00:00,68.5,96,0.0,0.0,0.0
2020-05-16 07:00:00,67.9,95,0.0,0.0,4.0
2020-05-16 08:00:00,68.5,87,0.0,0.06,104.0
2020-05-16 09:00:00,70.7,77,0.0,0.18,287.0
2020-05-16 10:00:00,74.0,65,0.0,0.34,477.0
2020-05-16 11:00:00,77.5,57,0.1,0.44,585.0
2020-05-16 12:00:00,80.3,54,0.5,0.54,717.0
2020-05-16 13:00:00,82.9,52,0.1,0.58,752.0
2020-05-16 14:00:00,85.2,49,0.0,0.6,756.0
2020-05-16 15:00:00,87.2,47,0.0,0.6,740.0
2020-05-16 16:00:00,87.6,54,0.5,0.46,547.0
2020-05-16 17:00:00,85.4,66,0.6,0.35,448.0
2020-05-16 18:00:00,83.6,64,0.6,0.29,359.0
2020-05-16 19:00:00,82.3,65,0.1,0.21,231.0
2020-05-16 20:00:00,82.9,63,0.0,0.12,68.0
2020-05-16 21:00:00,80.9,67,0.0,0.08,2.0
2020-05-16 22:00:00,79.2,73,0.0,0.05,0.0
2020-05-16 23:00:00,77.5,79,0.0,0.02,0.0
2020-05-17 00:00:00,76.1,85,0.0,0.0,0.0
2020-05-17 01:00:00,74.6,88,0.0,0.0,0.0
2020-05-17 02:00:00,73.4,91,0.0,0.0,0.0
2020-05-17 03:00:00,72.1,94,0.0,0.0,0.0
2020-05-17 04:00:00,71.2,95,0.0,0.0,0.0
2020-05-17 05:00:00,70.4,96,0.0,0.0,0.0
2020-05-17 06:00:00,69.7,96,0.0,0.0,0.0
2020-05-17 07:00:00,69.1,97,0.0,0.0,4.0
2020-05-17 08:00:00,69.7,89,0.0,0.06,105.0
2020-05-17 09:00:00,72.0,76,0.0,0.19,292.0
2020-05-17 10:00:00,75.1,66,0.0,0.32,451.0
2020-05-17 11:00:00,78.8,55,0.0,0.47,634.0
2020-05-17 12:00:00,82.9,47,0.0,0.58,777.0
2020-05-17 13:00:00,85.9,42,0.0,0.57,750.0
2020-05-17 14:00:00,89.0,38,0.0,0.65,844.0
2020-05-17 15:00:00,91.3,36,0.0,0.65,851.0
2020-05-17 16:00:00,93.2,35,0.0,0.6,799.0
2020-05-17 17:00:00,93.8,34,0.0,0.51,616.0
2020-05-17 18:00:00,92.8,37,0.0,0.38,364.0
2020-05-17 19:00:00,90.6,46,0.0,0.26,163.0
2020-05-17 20:00:00,87.7,43,0.0,0.1,75.0
2020-05-17 21:00:00,85.4,53,0.0,0.14,3.0
2020-05-17 22:00:00,82.9,62,0.0,0.05,0.0
2020-05-17 23:00:00,80.7,68,0.0,0.0,0.0
2020-05-18 00:00:00,78.7,73,0.0,0.0,0.0
2020-05-18 01:00:00,77.3,75,0.0,0.01,0.0
2020-05-18 02:00:00,75.8,80,0.0,0.01,0.0
2020-05-18 03:00:00,74.8,85,0.0,0.0,0.0
2020-05-18 04:00:00,73.8,89,0.0,0.0,0.0
2020-05-18 05:00:00,73.0,93,0.0,0.0,0.0
2020-05-18 06:00:00,72.5,96,0.0,0.0,0.0
2020-05-18 07:00:00,72.1,97,0.0,0.0,4.0
2020-05-18 08:00:00,73.3,89,0.0,0.05,74.0
2020-05-18 09:00:00,75.4,76,0.0,0.19,267.0
2020-05-18 10:00:00,77.9,64,0.1,0.32,409.0
2020-05-18 11:00:00,79.8,61,0.0,0.34,384.0
2020-05-18 12:00:00,79.3,76,0.5,0.2,229.0
2020-05-18 13:00:00,79.8,72,0.2,0.26,306.0
2020-05-18 14:00:00,81.0,66,0.5,0.37,465.0
2020-05-18 15:00:00,79.3,78,0.9,0.25,349.0
2020-05-18 16:00:00,81.2,60,0.0,0.52,716.0
2020-05-18 17:00:00,82.9,60,0.3,0.47,635.0
2020-05-18 18:00:00,81.1,75,0.3,0.21,267.0
2020-05-18 19:00:00,78.8,88,0.8,0.1,131.0
2020-05-18 20:00:00,80.1,74,0.1,0.09,35.0
2020-05-18 21:00:00,78.4,81,0.1,0.05,2.0
2020-05-18 22:00:00,76.7,86,0.3,0.02,0.0
2020-05-18 23:00:00,75.1,90,0.1,0.01,0.0
2020-05-19 00:00:00,73.9,93,0.0,0.0,0.0
2020-05-19 01:00:00,72.9,95,0.1,0.0,0.0
2020-05-19 02:00:00,72.3,94,0.2,0.0,0.0
2020-05-19 03:00:00,72.1,94,0.0,0.0,0.0
2020-05-19 04:00:00,71.8,95,0.0,0.0,0.0
2020-05-19 05:00:00,71.4,97,0.0,0.0,0.0
2020-05-19 06:00:00,71.1,97,0.0,0.0,0.0
2020-05-19 07:00:00,70.8,97,0.0,0.0,4.0
2020-05-19 08:00:00,71.6,86,0.0,0.07,96.0
2020-05-19 09:00:00,73.4,73,0.0,0.19,257.0
2020-05-19 10:00:00,75.8,61,0.0,0.32,425.0
2020-05-19 11:00:00,78.6,53,0.1,0.46,590.0
2020-05-19 12:00:00,80.6,52,0.4,0.5,639.0
2020-05-19 13:00:00,82.3,48,0.1,0.52,628.0
2020-05-19 14:00:00,84.1,45,0.0,0.54,632.0
2020-05-19 15:00:00,85.5,46,0.1,0.53,619.0
2020-05-19 16:00:00,86.1,44,0.0,0.5,553.0
2020-05-19 17:00:00,86.9,42,0.0,0.5,553.0
2020-05-19 18:00:00,86.5,43,0.0,0.36,355.0
2020-05-19 19:00:00,85.3,52,0.0,0.26,214.0
2020-05-19 20:00:00,83.8,54,0.0,0.13,92.0
2020-05-19 21:00:00,81.5,61,0.0,0.08,3.0
2020-05-19 22:00:00,79.5,65,0.0,0.06,0.0
2020-05-19 23:00:00,77.5,71,0.0,0.04,0.0
2020-05-20 00:00:00,75.9,78,0.0,0.03,0.0
2020-05-20 01:00:00,74.4,84,0.0,0.01,0.0
2020-05-20 02:00:00,73.1,88,0.0,0.0,0.0
2020-05-20 03:00:00,72.1,90,0.0,0.0,0.0
2020-05-20 04:00:00,71.2,92,0.0,0.0,0.0
2020-05-20 05:00:00,70.4,94,0.0,0.0,0.0
2020-05-20 06:00:00,69.9,94,0.0,0.0,0.0
2020-05-20 07:00:00,69.7,92,0.0,0.01,5.0
2020-05-20 08:00:00,70.6,82,0.0,0.07,105.0
2020-05-20 09:00:00,73.0,70,0.0,0.2,272.0
2020-05-20 10:00:00,75.7,61,0.0,0.31,378.0
2020-05-20 11:00:00,78.8,51,0.0,0.46,568.0
2020-05-20 12:00:00,81.5,47,0.0,0.52,625.0
2020-05-20 13:00:00,83.7,41,0.1,0.6,698.0
2020-05-20 14:00:00,84.9,44,0.0,0.55,629.0
2020-05-20 15:00:00,85.7,46,0.1,0.55,634.0
2020-05-20 16:00:00,85.6,52,0.1,0.45,496.0
2020-05-20 17:00:00,84.0,62,0.4,0.28,304.0
2020-05-20 18:00:00,82.8,66,0.0,0.23,244.0
2020-05-20 19:00:00,81.7,69,0.0,0.17,151.0
2020-05-20 20:00:00,77.3,95,0.5,0.03,33.0
2020-05-20 21:00:00,74.9,95,0.5,0.02,1.0
2020-05-20 22:00:00,73.5,96,0.0,0.0,0.0
2020-05-20 23:00:00,72.7,97,0.0,0.0,0.0
2020-05-21 00:00:00,72.1,96,0.0,0.0,0.0
2020-05-21 01:00:00,71.7,100,2.5,0.0,0.0
2020-05-21 02:00:00,70.9,99,4.5,0.0,0.0
2020-05-21 03:00:00,70.4,98,0.1,0.0,0.0
2020-05-21 04:00:00,70.2,99,0.0,0.0,0.0
2020-05-21 05:00:00,70.0,98,0.0,0.0,0.0
2020-05-21 06:00:00,70.3,98,0.0,0.0,0.0
2020-05-21 07:00:00,70.7,99,0.0,0.01,3.0
2020-05-21 08:00:00,71.4,97,0.0,0.04,71.0
2020-05-21 09:00:00,72.5,89,0.1,0.16,262.0
2020-05-21 10:00:00,74.0,80,0.0,0.28,425.0
2020-05-21 11:00:00,76.4,70,0.1,0.43,629.0
2020-05-21 12:00:00,78.6,63,0.1,0.54,756.0
2020-05-21 13:00:00,80.7,56,0.0,0.6,819.0
2020-05-21 14:00:00,82.4,46,0.0,0.67,879.0
2020-05-21 15:00:00,83.3,42,0.0,0.62,761.0
2020-05-21 16:00:00,83.9,38,0.0,0.59,684.0
2020-05-21 17:00:00,83.8,40,0.0,0.46,515.0
2020-05-21 18:00:00,83.4,44,0.0,0.38,449.0
2020-05-21 19:00:00,82.6,57,0.0,0.2,264.0
2020-05-21 20:00:00,81.0,53,0.0,0.12,84.0
2020-05-21 21:00:00,78.4,52,0.0,0.04,3.0
2020-05-21 22:00:00,76.3,73,0.0,0.02,0.0
2020-05-21 23:00:00,74.9,73,0.0,0.04,0.0
2020-05-22 00:00:00,74.1,77,0.0,0.02,0.0
2020-05-22 01:00:00,73.6,76,0.0,0.02,0.0
2020-05-22 02:00:00,73.0,75,0.0,0.02,0.0
2020-05-22 03:00:00,72.1,76,0.0,0.01,0.0
2020-05-22 04:00:00,70.9,82,0.0,0.0,0.0
2020-05-22 05:00:00,70.1,87,0.0,0.0,0.0
2020-05-22 06:00:00,69.8,93,0.0,0.0,0.0
2020-05-22 07:00:00,69.3,97,0.0,0.0,6.0
2020-05-22 08:00:00,70.4,92,0.0,0.06,113.0
2020-05-22 09:00:00,72.8,82,0.0,0.19,307.0
2020-05-22 10:00:00,75.7,71,0.0,0.35,515.0
2020-05-22 11:00:00,78.7,57,0.0,0.5,697.0
2020-05-22 12:00:00,81.3,51,0.0,0.63,836.0
2020-05-22 13:00:00,83.6,51,0.0,0.69,915.0
2020-05-22 14:00:00,85.4,49,0.0,0.71,913.0
2020-05-22 15:00:00,86.5,49,0.0,0.64,811.0
2020-05-22 16:00:00,87.0,46,0.0,0.58,723.0
2020-05-22 17:00:00,87.1,46,0.0,0.52,639.0
2020-05-22 18:00:00,86.5,45,0.0,0.36,432.0
2020-05-22 19:00:00,85.3,51,0.0,0.21,238.0
2020-05-22 20:00:00,83.7,64,0.0,0.1,88.0
2020-05-22 21:00:00,81.3,73,0.0,0.05,3.0
2020-05-22 22:00:00,79.3,78,0.0,0.01,0.0
2020-05-22 23:00:00,77.6,73,0.2,0.01,0.0
2020-05-23 00:00:00,76.4,76,0.0,0.02,0.0
2020-05-23 01:00:00,75.3,91,0.8,0.01,0.0
2020-05-23 02:00:00,73.9,95,0.0,0.0,0.0
2020-05-23 03:00:00,73.0,98,0.0,0.0,0.0
2020-05-23 04:00:00,72.4,98,0.0,0.0,0.0
2020-05-23 05:00:00,71.9,98,0.0,0.0,0.0
2020-05-23 06:00:00,71.5,97,0.0,0.0,0.0
2020-05-23 07:00:00,71.2,95,0.0,0.0,6.0
2020-05-23 08:00:00,71.9,86,0.0,0.07,111.0
2020-05-23 09:00:00,73.8,73,0.0,0.21,301.0
2020-05-23 10:00:00,76.6,63,0.0,0.36,505.0
2020-05-23 11:00:00,79.8,54,0.0,0.51,684.0
2020-05-23 12:00:00,82.9,48,0.0,0.62,826.0
2020-05-23 13:00:00,85.6,43,0.0,0.7,917.0
2020-05-23 14:00:00,87.9,40,0.0,0.71,936.0
2020-05-23 15:00:00,89.5,39,0.0,0.65,847.0
2020-05-23 16:00:00,90.1,39,0.0,0.57,741.0
2020-05-23 17:00:00,89.3,53,0.2,0.43,499.0
2020-05-23 18:00:00,85.3,80,1.5,0.17,230.0
2020-05-23 19:00:00,82.4,71,0.1,0.19,228.0
2020-05-23 20:00:00,82.0,98,0.0,0.03,57.0
2020-05-23 21:00:00,78.3,98,3.9,0.01,1.0
2020-05-23 22:00:00,76.5,99,5.4,0.0,0.0
2020-05-23 23:00:00,75.4,99,3.6,0.0,0.0
2020-05-24 00:00:00,74.8,99,1.1,0.0,0.0
2020-05-24 01:00:00,74.1,98,0.1,0.0,0.0
2020-05-24 02:00:00,73.6,92,0.0,0.0,0.0
2020-05-24 03:00:00,73.2,96,0.0,0.0,0.0
2020-05-24 04:00:00,73.0,97,0.0,0.0,0.0
2020-05-24 05:00:00,72.7,97,0.0,0.0,0.0
2020-05-24 06:00:00,72.5,97,0.0,0.0,0.0
2020-05-24 07:00:00,72.2,98,0.0,0.0,4.0
2020-05-24 08:00:00,71.3,98,0.0,0.05,85.0
2020-05-24 09:00:00,72.8,91,0.0,0.1,157.0
2020-05-24 10:00:00,74.5,83,0.0,0.2,294.0
2020-05-24 11:00:00,76.0,76,0.0,0.25,329.0
2020-05-24 12:00:00,77.8,69,0.0,0.32,421.0
2020-05-24 13:00:00,80.2,61,0.0,0.47,611.0
2020-05-24 14:00:00,82.8,53,0.0,0.6,785.0
2020-05-24 15:00:00,84.1,51,0.0,0.52,631.0
2020-05-24 16:00:00,83.8,51,0.0,0.32,311.0
2020-05-24 17:00:00,83.9,48,0.0,0.34,328.0
2020-05-24 18:00:00,83.5,49,0.0,0.28,231.0
2020-05-24 19:00:00,82.8,53,0.0,0.21,149.0
2020-05-24 20:00:00,82.0,62,0.0,0.12,58.0
2020-05-24 21:00:00,80.6,66,0.0,0.08,3.0
2020-05-24 22:00:00,79.3,69,0.0,0.06,0.0
2020-05-24 23:00:00,78.3,73,0.0,0.05,0.0
2020-05-25 00:00:00,77.3,78,0.0,0.03,0.0
2020-05-25 01:00:00,76.3,82,0.0,0.02,0.0
2020-05-25 02:00:00,75.5,87,0.0,0.01,0.0
2020-05-25 03:00:00,74.8,90,0.0,0.0,0.0
2020-05-25 04:00:00,74.6,91,0.0,0.0,0.0
2020-05-25 05:00:00,74.4,92,0.0,0.0,0.0
2020-05-25 06:00:00,74.2,94,0.0,0.0,0.0
2020-05-25 07:00:00,74.0,95,0.0,0.01,4.0
2020-05-25 08:00:00,75.3,91,0.0,0.06,82.0
2020-05-25 09:00:00,75.1,87,0.1,0.07,66.0
2020-05-25 10:00:00,75.2,85,0.0,0.08,75.0
2020-05-25 11:00:00,76.5,74,0.0,0.24,294.0
2020-05-25 12:00:00,78.0,66,0.0,0.32,393.0
2020-05-25 13:00:00,80.5,53,0.0,0.53,671.0
2020-05-25 14:00:00,81.1,62,0.0,0.35,396.0
2020-05-25 15:00:00,81.8,63,0.1,0.42,533.0
2020-05-25 16:00:00,81.1,70,0.1,0.27,318.0
2020-05-25 17:00:00,79.7,77,0.1,0.13,106.0
2020-05-25 18:00:00,79.3,73,0.1,0.22,263.0
2020-05-25 19:00:00,79.0,71,0.1,0.19,198.0
2020-05-25 20:00:00,73.7,89,0.0,0.05,43.0
2020-05-25 21:00:00,73.2,87,0.0,0.03,3.0
2020-05-25 22:00:00,72.6,87,0.0,0.01,0.0
2020-05-25 23:00:00,72.1,91,0.0,0.01,0.0
2020-05-26 00:00:00,71.8,93,0.0,0.0,0.0
2020-05-26 01:00:00,71.3,79,0.0,0.03,0.0
2020-05-26 02:00:00,71.0,73,0.0,0.05,0.0
2020-05-26 03:00:00,70.4,79,0.0,0.03,0.0
2020-05-26 04:00:00,70.0,84,0.0,0.02,0.0
2020-05-26 05:00:00,69.7,87,0.0,0.01,0.0
2020-05-26 06:00:00,69.7,90,0.0,0.0,0.0
2020-05-26 07:00:00,70.0,90,0.0,0.02,3.0
2020-05-26 08:00:00,73.4,90,0.0,0.05,62.0
2020-05-26 09:00:00,73.6,85,0.0,0.11,126.0
2020-05-26 10:00:00,74.8,71,0.0,0.25,317.0
2020-05-26 11:00:00,75.9,56,0.0,0.32,349.0
2020-05-26 12:00:00,77.9,52,0.0,0.46,549.0
2020-05-26 13:00:00,79.1,66,0.9,0.4,544.0
2020-05-26 14:00:00,79.2,62,0.4,0.43,554.0
2020-05-26 15:00:00,80.8,55,0.0,0.54,699.0
2020-05-26 16:00:00,81.0,68,0.1,0.32,417.0
2020-05-26 17:00:00,79.8,75,0.3,0.2,235.0
2020-05-26 18:00:00,79.3,75,0.1,0.23,307.0
2020-05-26 19:00:00,78.4,79,0.0,0.13,141.0
2020-05-26 20:00:00,73.6,89,0.0,0.06,70.0
2020-05-26 21:00:00,73.0,93,0.2,0.02,3.0
2020-05-26 22:00:00,72.5,96,0.1,0.0,0.0
2020-05-26 23:00:00,72.1,98,0.1,0.0,0.0
2020-05-27 00:00:00,71.9,98,0.0,0.0,0.0
2020-05-27 01:00:00,71.6,99,0.0,0.0,0.0
2020-05-27 02:00:00,71.2,99,0.0,0.0,0.0
2020-05-27 03:00:00,71.0,99,0.0,0.0,0.0
2020-05-27 04:00:00,70.8,99,0.0,0.0,0.0
2020-05-27 05:00:00,70.7,99,0.0,0.0,0.0
2020-05-27 06:00:00,70.7,98,0.0,0.0,0.0
2020-05-27 07:00:00,70.8,98,0.1,0.01,2.0
2020-05-27 08:00:00,73.3,96,0.0,0.03,44.0
2020-05-27 09:00:00,73.8,89,0.0,0.17,274.0
2020-05-27 10:00:00,75.0,81,0.1,0.26,393.0
2020-05-27 11:00:00,76.7,76,0.1,0.33,468.0
2020-05-27 12:00:00,78.8,69,0.4,0.46,639.0
2020-05-27 13:00:00,80.7,66,0.3,0.54,740.0
2020-05-27 14:00:00,82.1,62,0.2,0.54,730.0
2020-05-27 15:00:00,83.3,60,0.1,0.54,721.0
2020-05-27 16:00:00,83.9,73,1.2,0.45,611.0
2020-05-27 17:00:00,83.3,73,1.2,0.35,472.0
2020-05-27 18:00:00,81.6,77,0.0,0.24,326.0
2020-05-27 19:00:00,80.4,77,0.0,0.17,226.0
2020-05-27 20:00:00,79.8,89,0.0,0.07,102.0
2020-05-27 21:00:00,78.4,91,0.0,0.01,5.0
2020-05-27 22:00:00,77.3,84,0.0,0.02,0.0
2020-05-27 23:00:00,76.5,92,0.0,0.0,0.0
2020-05-28 00:00:00,75.6,96,0.0,0.0,0.0
2020-05-28 01:00:00,74.8,98,0.0,0.0,0.0
2020-05-28 02:00:00,74.3,98,0.0,0.0,0.0
2020-05-28 03:00:00,74.0,99,0.0,0.0,0.0
2020-05-28 04:00:00,73.9,99,0.0,0.0,0.0
2020-05-28 05:00:00,73.7,98,0.0,0.0,0.0
2020-05-28 06:00:00,73.4,98,0.0,0.0,0.0
2020-05-28 07:00:00,73.2,98,0.0,0.0,7.0
2020-05-28 08:00:00,74.3,92,0.0,0.07,112.0
2020-05-28 09:00:00,75.7,84,0.1,0.18,279.0
2020-05-28 10:00:00,77.5,74,0.1,0.28,392.0
2020-05-28 11:00:00,79.1,68,0.2,0.36,486.0
2020-05-28 12:00:00,80.6,66,0.1,0.41,534.0
2020-05-28 13:00:00,78.8,84,2.1,0.23,325.0
2020-05-28 14:00:00,79.2,76,0.1,0.33,451.0
2020-05-28 15:00:00,80.1,71,0.1,0.38,502.0
2020-05-28 16:00:00,80.9,69,0.2,0.37,491.0
2020-05-28 17:00:00,81.4,67,0.0,0.34,436.0
2020-05-28 18:00:00,81.7,66,0.0,0.31,393.0
2020-05-28 19:00:00,81.1,69,0.0,0.17,202.0
2020-05-28 20:00:00,79.6,81,0.0,0.07,85.0
2020-05-28 21:00:00,78.4,85,0.0,0.03,5.0
2020-05-28 22:00:00,77.3,89,0.0,0.01,0.0
2020-05-28 23:00:00,76.4,95,0.0,0.0,0.0
2020-05-29 00:00:00,75.7,97,0.0,0.0,0.0
2020-05-29 01:00:00,75.2,97,0.0,0.0,0.0
2020-05-29 02:00:00,74.9,95,0.0,0.0,0.0
2020-05-29 03:00:00,74.5,96,0.0,0.0,0.0
2020-05-29 04:00:00,73.9,98,0.0,0.0,0.0
2020-05-29 05:00:00,73.5,99,0.0,0.0,0.0
2020-05-29 06:00:00,73.0,99,0.0,0.0,0.0
2020-05-29 07:00:00,72.9,100,0.0,0.0,5.0
2020-05-29 08:00:00,72.5,95,0.5,0.05,73.0
2020-05-29 09:00:00,73.9,86,0.0,0.16,246.0
2020-05-29 10:00:00,74.8,85,0.0,0.14,180.0
2020-05-29 11:00:00,75.2,83,0.0,0.13,153.0
2020-05-29 12:00:00,77.2,70,0.0,0.35,473.0
2020-05-29 13:00:00,78.2,72,0.3,0.24,293.0
2020-05-29 14:00:00,79.3,78,0.5,0.28,376.0
2020-05-29 15:00:00,80.0,81,5.2,0.33,471.0
2020-05-29 16:00:00,79.0,87,0.2,0.25,347.0
2020-05-29 17:00:00,79.2,82,0.0,0.25,342.0
2020-05-29 18:00:00,79.4,83,0.0,0.22,306.0
2020-05-29 19:00:00,79.2,82,0.0,0.13,166.0
2020-05-29 20:00:00,78.8,97,0.0,0.05,75.0
2020-05-29 21:00:00,77.2,99,0.1,0.0,4.0
2020-05-29 22:00:00,76.1,99,0.0,0.0,0.0
2020-05-29 23:00:00,75.0,96,0.0,0.0,0.0
2020-05-30 00:00:00,74.1,96,0.0,0.0,0.0
2020-05-30 01:00:00,73.2,98,0.0,0.0,0.0
2020-05-30 02:00:00,72.7,98,0.0,0.0,0.0
2020-05-30 03:00:00,72.4,99,0.0,0.0,0.0
2020-05-30 04:00:00,72.2,99,0.0,0.0,0.0
2020-05-30 05:00:00,72.0,100,0.0,0.0,0.0
2020-05-30 06:00:00,71.7,100,0.0,0.0,0.0
2020-05-30 07:00:00,71.1,100,0.0,0.0,7.0
2020-05-30 08:00:00,72.1,96,0.0,0.05,95.0
2020-05-30 09:00:00,73.6,88,0.1,0.13,186.0
2020-05-30 10:00:00,75.5,81,0.0,0.23,334.0
2020-05-30 11:00:00,77.6,74,0.0,0.4,560.0
2020-05-30 12:00:00,79.9,70,0.0,0.5,691.0
2020-05-30 13:00:00,81.7,66,0.0,0.56,753.0
2020-05-30 14:00:00,83.0,64,0.0,0.52,691.0
2020-05-30 15:00:00,83.3,63,0.0,0.42,532.0
2020-05-30 16:00:00,83.9,58,0.1,0.48,635.0
2020-05-30 17:00:00,84.0,58,0.1,0.38,488.0
2020-05-30 18:00:00,83.8,67,0.8,0.34,448.0
2020-05-30 19:00:00,82.0,79,0.2,0.13,171.0
2020-05-30 20:00:00,81.3,67,0.0,0.11,90.0
2020-05-30 21:00:00,79.8,71,0.0,0.05,6.0
2020-05-30 22:00:00,78.9,73,0.0,0.04,0.0
2020-05-30 23:00:00,78.0,79,0.0,0.01,0.0
2020-05-31 00:00:00,77.0,84,0.0,0.0,0.0
2020-05-31 01:00:00,76.1,87,0.0,0.0,0.0
2020-05-31 02:00:00,75.2,92,0.0,0.0,0.0
2020-05-31 03:00:00,74.5,92,0.0,0.0,0.0
2020-05-31 04:00:00,73.9,94,0.0,0.0,0.0
2020-05-31 05:00:00,73.3,95,0.0,0.0,0.0
2020-05-31 06:00:00,72.6,96,0.0,0.0,0.0
2020-05-31 07:00:00,72.1,95,0.0,0.0,7.0
2020-05-31 08:00:00,73.5,90,0.0,0.07,120.0
2020-05-31 09:00:00,75.4,77,0.0,0.21,310.0
2020-05-31 10:00:00,77.9,65,0.0,0.37,515.0
2020-05-31 11:00:00,80.3,53,0.0,0.52,701.0
2020-05-31 12:00:00,82.0,49,0.1,0.52,667.0
2020-05-31 13:00:00,83.9,45,0.1,0.66,862.0
2020-05-31 14:00:00,85.2,42,0.0,0.66,834.0
2020-05-31 15:00:00,85.5,43,0.0,0.49,581.0
2020-05-31 16:00:00,85.7,43,0.0,0.49,572.0
2020-05-31 17:00:00,85.6,45,0.0,0.4,449.0
2020-05-31 18:00:00,85.2,48,0.0,0.31,360.0
2020-05-31 19:00:00,84.3,55,0.0,0.2,206.0
2020-05-31 20:00:00,82.7,55,0.0,0.13,96.0
2020-05-31 21:00:00,80.5,59,0.0,0.07,7.0
2020-05-31 22:00:00,79.2,60,0.0,0.06,0.0
2020-05-31 23:00:00,77.9,63,0.0,0.03,0.0
2020-06-01 00:00:00,76.9,66,0.0,0.02,0.0
2020-06-01 01:00:00,76.2,68,0.0,0.02,0.0
2020-06-01 02:00:00,75.3,72,0.0,0.02,0.0
2020-06-01 03:00:00,74.4,81,0.0,0.0,0.0
2020-06-01 04:00:00,73.9,77,0.0,0.02,0.0
2020-06-01 05:00:00,73.9,79,0.0,0.02,0.0
2020-06-01 06:00:00,73.9,91,0.0,0.0,0.0
2020-06-01 07:00:00,73.9,96,0.0,0.01,7.0
2020-06-01 08:00:00,76.1,91,0.0,0.07,98.0
2020-06-01 09:00:00,76.6,82,0.0,0.15,200.0
2020-06-01 10:00:00,78.0,73,0.0,0.28,380.0
2020-06-01 11:00:00,79.8,64,0.0,0.44,592.0
2020-06-01 12:00:00,81.5,63,0.1,0.52,720.0
2020-06-01 13:00:00,82.3,62,0.0,0.5,676.0
2020-06-01 14:00:00,83.1,57,0.0,0.55,721.0
2020-06-01 15:00:00,83.8,54,0.0,0.57,736.0
2020-06-01 16:00:00,84.0,54,0.0,0.52,648.0
2020-06-01 17:00:00,83.8,56,0.0,0.45,555.0
2020-06-01 18:00:00,83.2,56,0.0,0.38,443.0
2020-06-01 19:00:00,82.3,59,0.0,0.27,281.0
2020-06-01 20:00:00,80.9,63,0.0,0.15,92.0
2020-06-01 21:00:00,79.3,66,0.0,0.1,6.0
2020-06-01 22:00:00,78.0,69,0.0,0.07,0.0
2020-06-01 23:00:00,76.8,73,0.0,0.04,0.0
2020-06-02 00:00:00,75.9,76,0.0,0.03,0.0
2020-06-02 01:00:00,75.2,79,0.0,0.03,0.0
2020-06-02 02:00:00,74.5,82,0.0,0.02,0.0
2020-06-02 03:00:00,73.8,85,0.0,0.01,0.0
2020-06-02 04:00:00,73.1,85,0.0,0.01,0.0
2020-06-02 05:00:00,72.7,85,0.0,0.01,0.0
2020-06-02 06:00:00,72.3,85,0.0,0.01,0.0
2020-06-02 07:00:00,72.0,86,0.0,0.02,8.0
2020-06-02 08:00:00,73.0,80,0.0,0.08,117.0
2020-06-02 09:00:00,74.5,73,0.0,0.2,274.0
2020-06-02 10:00:00,75.8,70,0.0,0.24,304.0
2020-06-02 11:00:00,78.3,60,0.0,0.47,662.0
2020-06-02 12:00:00,80.5,53,0.0,0.58,787.0
2020-06-02 13:00:00,82.6,49,0.0,0.65,871.0
2020-06-02 14:00:00,84.5,45,0.0,0.72,953.0
2020-06-02 15:00:00,84.7,44,0.0,0.51,601.0
2020-06-02 16:00:00,84.9,44,0.0,0.49,567.0
2020-06-02 17:00:00,84.9,46,0.0,0.46,537.0
2020-06-02 18:00:00,84.4,49,0.0,0.39,450.0
2020-06-02 19:00:00,83.4,52,0.0,0.28,281.0
2020-06-02 20:00:00,81.1,59,0.0,0.12,111.0
2020-06-02 21:00:00,79.3,63,0.0,0.07,7.0
2020-06-02 22:00:00,77.7,66,0.0,0.05,0.0
2020-06-02 23:00:00,76.4,70,0.0,0.04,0.0
2020-06-03 00:00:00,75.2,74,0.0,0.03,0.0
2020-06-03 01:00:00,74.1,77,0.0,0.02,0.0
2020-06-03 02:00:00,73.2,80,0.0,0.01,0.0
2020-06-03 03:00:00,72.3,83,0.0,0.01,0.0
2020-06-03 04:00:00,71.6,85,0.0,0.0,0.0
2020-06-03 05:00:00,70.8,88,0.0,0.0,0.0
2020-06-03 06:00:00,70.0,92,0.0,0.0,0.0
2020-06-03 07:00:00,69.7,90,0.0,0.01,8.0
2020-06-03 08:00:00,70.3,86,0.0,0.06,96.0
2020-06-03 09:00:00,72.2,80,0.0,0.14,218.0
2020-06-03 10:00:00,74.7,72,0.0,0.26,377.0
2020-06-03 11:00:00,77.4,62,0.0,0.38,532.0
2020-06-03 12:00:00,79.7,56,0.0,0.47,637.0
2020-06-03 13:00:00,81.0,52,0.0,0.42,543.0
2020-06-03 14:00:00,82.6,47,0.0,0.52,680.0
2020-06-03 15:00:00,82.9,47,0.0,0.4,481.0
2020-06-03 16:00:00,82.8,47,0.0,0.31,352.0
2020-06-03 17:00:00,82.2,49,0.0,0.25,260.0
2020-06-03 18:00:00,81.6,51,0.0,0.21,208.0
2020-06-03 19:00:00,80.8,55,0.0,0.16,147.0
2020-06-03 20:00:00,79.5,74,0.0,0.05,29.0
2020-06-03 21:00:00,77.5,72,0.0,0.03,4.0
2020-06-03 22:00:00,76.0,70,0.0,0.01,0.0
2020-06-03 23:00:00,74.7,77,0.0,0.01,0.0
2020-06-04 00:00:00,73.6,73,0.0,0.02,0.0
2020-06-04 01:00:00,73.2,74,0.0,0.03,0.0
2020-06-04 02:00:00,73.0,77,0.1,0.03,0.0
2020-06-04 03:00:00,72.7,73,0.0,0.02,0.0
2020-06-04 04:00:00,72.2,69,0.0,0.01,0.0
2020-06-04 05:00:00,71.6,77,0.0,0.0,0.0
2020-06-04 06:00:00,70.6,77,0.0,0.01,0.0
2020-06-04 07:00:00,70.3,81,0.0,0.01,6.0
2020-06-04 08:00:00,72.4,80,0.0,0.06,79.0
2020-06-04 09:00:00,73.9,71,0.0,0.15,218.0
2020-06-04 10:00:00,76.3,61,0.0,0.29,428.0
2020-06-04 11:00:00,78.3,58,0.0,0.36,482.0
2020-06-04 12:00:00,80.5,52,0.0,0.49,658.0
2020-06-04 13:00:00,82.3,47,0.0,0.54,716.0
2020-06-04 14:00:00,82.6,48,0.0,0.36,422.0
2020-06-04 15:00:00,82.7,49,0.0,0.34,381.0
2020-06-04 16:00:00,83.6,46,0.0,0.44,541.0
2020-06-04 17:00:00,84.4,46,0.0,0.45,564.0
2020-06-04 18:00:00,84.2,47,0.0,0.31,379.0
2020-06-04 19:00:00,83.3,53,0.0,0.18,194.0
2020-06-04 20:00:00,80.4,76,0.0,0.09,76.0
2020-06-04 21:00:00,78.9,83,0.2,0.04,3.0
2020-06-04 22:00:00,77.5,87,0.1,0.01,0.0
2020-06-04 23:00:00,76.4,90,0.0,0.0,0.0
2020-06-05 00:00:00,75.7,87,0.0,0.0,0.0
2020-06-05 01:00:00,74.9,87,0.0,0.0,0.0
2020-06-05 02:00:00,73.9,93,0.0,0.0,0.0
2020-06-05 03:00:00,73.0,95,0.0,0.0,0.0
2020-06-05 04:00:00,72.3,96,0.0,0.0,0.0
2020-06-05 05:00:00,71.9,97,0.0,0.0,0.0
2020-06-05 06:00:00,71.7,98,0.0,0.0,0.0
2020-06-05 07:00:00,71.6,98,0.0,0.0,6.0
2020-06-05 08:00:00,73.0,92,0.0,0.05,71.0
2020-06-05 09:00:00,74.3,85,0.0,0.11,147.0
2020-06-05 10:00:00,75.8,79,0.0,0.19,251.0
2020-06-05 11:00:00,77.2,76,0.1,0.22,279.0
2020-06-05 12:00:00,78.3,76,0.2,0.25,328.0
2020-06-05 13:00:00,79.6,71,0.3,0.34,448.0
2020-06-05 14:00:00,80.6,69,0.2,0.37,477.0
2020-06-05 15:00:00,80.3,70,0.4,0.22,248.0
2020-06-05 16:00:00,79.4,76,1.2,0.18,198.0
2020-06-05 17:00:00,78.9,74,0.1,0.23,277.0
2020-06-05 18:00:00,78.8,69,0.0,0.2,214.0
2020-06-05 19:00:00,78.8,69,0.0,0.16,162.0
2020-06-05 20:00:00,77.5,77,0.0,0.09,64.0
2020-06-05 21:00:00,76.8,76,0.0,0.05,4.0
2020-06-05 22:00:00,75.9,80,0.0,0.01,0.0
2020-06-05 23:00:00,75.3,80,0.0,0.01,0.0
2020-06-06 00:00:00,74.6,80,0.0,0.01,0.0
2020-06-06 01:00:00,73.8,84,0.0,0.0,0.0
2020-06-06 02:00:00,73.3,83,0.0,0.01,0.0
2020-06-06 03:00:00,73.0,84,0.0,0.0,0.0
2020-06-06 04:00:00,72.7,88,0.0,0.0,0.0
2020-06-06 05:00:00,72.4,91,0.0,0.0,0.0
2020-06-06 06:00:00,72.2,94,0.0,0.0,0.0
2020-06-06 07:00:00,72.1,93,0.0,0.02,1.0
2020-06-06 08:00:00,72.1,88,0.0,0.04,27.0
2020-06-06 09:00:00,73.3,81,0.1,0.09,110.0
2020-06-06 10:00:00,74.5,81,0.3,0.12,152.0
2020-06-06 11:00:00,75.3,85,0.5,0.13,162.0
2020-06-06 12:00:00,76.1,85,0.5,0.14,173.0
2020-06-06 13:00:00,77.5,76,0.2,0.27,366.0
2020-06-06 14:00:00,77.6,82,0.3,0.17,209.0
2020-06-06 15:00:00,78.0,83,0.4,0.18,236.0
2020-06-06 16:00:00,77.1,97,1.6,0.1,148.0
2020-06-06 17:00:00,76.0,99,2.3,0.08,128.0
2020-06-06 18:00:00,75.3,99,1.0,0.06,81.0
2020-06-06 19:00:00,74.8,99,1.6,0.03,38.0
2020-06-06 20:00:00,74.8,99,2.5,0.02,14.0
2020-06-06 21:00:00,74.0,99,1.3,0.01,1.0
2020-06-06 22:00:00,73.6,99,1.9,0.0,0.0
2020-06-06 23:00:00,73.4,99,1.5,0.0,0.0
2020-06-07 00:00:00,73.3,99,0.8,0.0,0.0
2020-06-07 01:00:00,73.2,100,0.2,0.0,0.0
2020-06-07 02:00:00,73.0,98,0.1,0.0,0.0
2020-06-07 03:00:00,72.8,100,0.3,0.0,0.0
2020-06-07 04:00:00,72.6,99,1.3,0.0,0.0
2020-06-07 05:00:00,72.5,99,1.6,0.0,0.0
2020-06-07 06:00:00,72.4,99,0.6,0.0,0.0
2020-06-07 07:00:00,72.3,99,0.1,0.01,4.0
2020-06-07 08:00:00,72.9,100,0.5,0.03,60.0
2020-06-07 09:00:00,72.9,96,0.2,0.06,83.0
2020-06-07 10:00:00,73.4,100,0.7,0.08,128.0
2020-06-07 11:00:00,73.7,100,2.4,0.06,86.0
2020-06-07 12:00:00,73.9,99,3.9,0.05,69.0
2020-06-07 13:00:00,74.7,99,3.2,0.11,156.0
2020-06-07 14:00:00,75.2,99,1.7,0.09,127.0
2020-06-07 15:00:00,75.7,91,0.8,0.14,189.0
2020-06-07 16:00:00,76.4,96,0.3,0.14,204.0
2020-06-07 17:00:00,76.9,94,1.1,0.14,214.0
2020-06-07 18:00:00,76.5,94,0.4,0.1,140.0
2020-06-07 19:00:00,76.2,94,0.0,0.07,98.0
2020-06-07 20:00:00,75.6,100,0.0,0.03,48.0
2020-06-07 21:00:00,75.0,99,0.0,0.01,6.0
2020-06-07 22:00:00,74.6,99,0.1,0.0,0.0
2020-06-07 23:00:00,74.3,100,0.1,0.0,0.0
2020-06-08 00:00:00,74.2,100,0.0,0.0,0.0
2020-06-08 01:00:00,74.1,98,0.0,0.0,0.0
2020-06-08 02:00:00,73.9,100,0.0,0.0,0.0
2020-06-08 03:00:00,73.8,98,0.0,0.0,0.0
2020-06-08 04:00:00,73.7,98,0.0,0.0,0.0
2020-06-08 05:00:00,73.5,99,0.1,0.0,0.0
2020-06-08 06:00:00,73.3,99,0.2,0.0,0.0
2020-06-08 07:00:00,73.2,98,0.1,0.0,6.0
2020-06-08 08:00:00,75.0,98,0.0,0.05,78.0
2020-06-08 09:00:00,75.3,95,0.0,0.09,134.0
2020-06-08 10:00:00,76.1,88,0.0,0.19,280.0
2020-06-08 11:00:00,77.8,82,0.0,0.34,489.0
2020-06-08 12:00:00,79.6,79,0.0,0.42,593.0
2020-06-08 13:00:00,81.6,75,0.0,0.54,736.0
2020-06-08 14:00:00,82.9,73,0.0,0.5,666.0
2020-06-08 15:00:00,83.8,71,0.0,0.5,657.0
2020-06-08 16:00:00,84.2,72,0.5,0.47,641.0
2020-06-08 17:00:00,83.2,73,0.6,0.36,480.0
2020-06-08 18:00:00,82.9,71,0.0,0.31,408.0
2020-06-08 19:00:00,82.5,73,0.0,0.21,268.0
2020-06-08 20:00:00,81.7,79,0.0,0.09,114.0
2020-06-08 21:00:00,80.1,84,0.0,0.03,9.0
2020-06-08 22:00:00,79.0,91,0.0,0.0,0.0
2020-06-08 23:00:00,78.1,94,0.0,0.0,0.0
2020-06-09 00:00:00,77.5,96,0.0,0.0,0.0
2020-06-09 01:00:00,77.1,98,0.0,0.0,0.0
2020-06-09 02:00:00,76.8,99,0.0,0.0,0.0
2020-06-09 03:00:00,76.6,99,0.0,0.0,0.0
2020-06-09 04:00:00,76.5,99,0.0,0.0,0.0
2020-06-09 05:00:00,76.3,99,0.0,0.0,0.0
2020-06-09 06:00:00,76.1,99,0.0,0.0,0.0
2020-06-09 07:00:00,76.0,99,0.0,0.0,5.0
2020-06-09 08:00:00,76.8,97,0.0,0.04,63.0
2020-06-09 09:00:00,77.8,89,0.0,0.12,160.0
2020-06-09 10:00:00,79.3,85,0.2,0.26,365.0
2020-06-09 11:00:00,80.2,83,2.6,0.28,395.0
2020-06-09 12:00:00,80.1,90,2.6,0.26,370.0
2020-06-09 13:00:00,79.1,98,5.4,0.22,316.0
2020-06-09 14:00:00,78.3,99,0.9,0.1,135.0
2020-06-09 15:00:00,79.3,83,0.3,0.35,491.0
2020-06-09 16:00:00,80.4,81,0.1,0.28,381.0
2020-06-09 17:00:00,81.1,78,0.0,0.26,343.0
2020-06-09 18:00:00,81.4,79,0.2,0.22,300.0
2020-06-09 19:00:00,80.9,91,0.6,0.12,172.0
2020-06-09 20:00:00,80.9,91,0.1,0.05,56.0
2020-06-09 21:00:00,79.4,97,0.0,0.01,7.0
2020-06-09 22:00:00,78.3,99,0.0,0.0,0.0
2020-06-09 23:00:00,77.4,100,0.0,0.0,0.0
2020-06-10 00:00:00,76.6,100,0.0,0.0,0.0
2020-06-10 01:00:00,76.0,100,0.0,0.0,0.0
2020-06-10 02:00:00,75.7,100,0.0,0.0,0.0
2020-06-10 03:00:00,75.4,100,0.0,0.0,0.0
2020-06-10 04:00:00,75.0,100,0.0,0.0,0.0
2020-06-10 05:00:00,74.8,99,0.0,0.0,0.0
2020-06-10 06:00:00,74.7,99,0.0,0.0,0.0
2020-06-10 07:00:00,74.6,97,0.0,0.0,6.0
2020-06-10 08:00:00,75.2,98,0.0,0.05,78.0
2020-06-10 09:00:00,75.8,94,0.0,0.07,92.0
2020-06-10 10:00:00,76.9,89,0.0,0.13,177.0
2020-06-10 11:00:00,78.4,77,0.0,0.25,336.0
2020-06-10 12:00:00,80.1,67,0.0,0.36,474.0
2020-06-10 13:00:00,82.1,61,0.0,0.56,742.0
2020-06-10 14:00:00,83.5,59,0.0,0.56,723.0
2020-06-10 15:00:00,84.7,56,0.0,0.62,812.0
2020-06-10 16:00:00,85.4,54,0.0,0.57,733.0
2020-06-10 17:00:00,85.6,53,0.0,0.48,603.0
2020-06-10 18:00:00,85.1,56,0.0,0.34,406.0
2020-06-10 19:00:00,84.3,64,0.0,0.22,258.0
2020-06-10 20:00:00,82.4,77,0.0,0.09,100.0
2020-06-10 21:00:00,80.9,86,0.0,0.03,7.0
2020-06-10 22:00:00,79.7,89,0.0,0.0,0.0
2020-06-10 23:00:00,78.6,89,0.0,0.0,0.0
2020-06-11 00:00:00,77.8,90,0.0,0.0,0.0
2020-06-11 01:00:00,77.1,93,0.0,0.0,0.0
2020-06-11 02:00:00,76.5,96,0.0,0.0,0.0
2020-06-11 03:00:00,75.9,97,0.0,0.0,0.0
2020-06-11 04:00:00,75.4,99,0.0,0.0,0.0
2020-06-11 05:00:00,74.8,100,0.0,0.0,0.0
2020-06-11 06:00:00,74.4,100,0.0,0.0,0.0
2020-06-11 07:00:00,74.4,98,0.0,0.0,7.0
2020-06-11 08:00:00,75.9,95,0.0,0.06,91.0
2020-06-11 09:00:00,77.5,89,0.0,0.17,255.0
2020-06-11 10:00:00,79.5,84,0.0,0.32,445.0
2020-06-11 11:00:00,81.3,77,0.1,0.41,566.0
2020-06-11 12:00:00,83.0,68,0.1,0.5,675.0
2020-06-11 13:00:00,84.3,64,0.0,0.54,713.0
2020-06-11 14:00:00,85.6,61,0.0,0.59,777.0
2020-06-11 15:00:00,86.4,59,0.0,0.57,742.0
2020-06-11 16:00:00,87.0,59,0.0,0.54,702.0
2020-06-11 17:00:00,86.3,69,0.4,0.42,566.0
2020-06-11 18:00:00,85.2,73,0.1,0.3,404.0
2020-06-11 19:00:00,84.2,77,0.0,0.17,228.0
2020-06-11 20:00:00,83.0,93,0.7,0.05,73.0
2020-06-11 21:00:00,81.4,95,0.7,0.01,8.0
2020-06-11 22:00:00,79.9,99,4.7,0.0,0.0
2020-06-11 23:00:00,78.5,99,0.5,0.0,0.0
2020-06-12 00:00:00,77.6,100,0.1,0.0,0.0
2020-06-12 01:00:00,77.0,100,0.1,0.0,0.0
2020-06-12 02:00:00,76.6,99,0.0,0.0,0.0
2020-06-12 03:00:00,76.1,99,0.0,0.0,0.0
2020-06-12 04:00:00,75.8,100,0.1,0.0,0.0
2020-06-12 05:00:00,75.5,100,0.1,0.0,0.0
2020-06-12 06:00:00,75.1,98,0.0,0.0,0.0
2020-06-12 07:00:00,74.8,99,0.0,0.0,6.0
2020-06-12 08:00:00,76.4,97,0.2,0.05,91.0
2020-06-12 09:00:00,76.8,93,0.0,0.14,226.0
2020-06-12 10:00:00,77.9,85,0.1,0.25,368.0
2020-06-12 11:00:00,79.4,80,0.1,0.35,488.0
2020-06-12 12:00:00,81.3,77,0.1,0.46,637.0
2020-06-12 13:00:00,83.1,75,0.2,0.54,732.0
2020-06-12 14:00:00,84.7,67,0.2,0.59,789.0
2020-06-12 15:00:00,83.9,77,2.3,0.38,510.0
2020-06-12 16:00:00,84.1,81,1.3,0.4,572.0
2020-06-12 17:00:00,81.9,89,1.4,0.28,413.0
2020-06-12 18:00:00,79.5,96,4.1,0.07,93.0
2020-06-12 19:00:00,77.9,96,0.9,0.05,61.0
2020-06-12 20:00:00,77.2,99,0.2,0.03,41.0
2020-06-12 21:00:00,76.0,100,0.9,0.01,2.0
2020-06-12 22:00:00,75.3,99,1.9,0.0,0.0
2020-06-12 23:00:00,74.6,100,1.1,0.0,0.0
2020-06-13 00:00:00,74.0,99,0.6,0.0,0.0
2020-06-13 01:00:00,73.3,92,0.2,0.0,0.0
2020-06-13 02:00:00,72.7,93,0.0,0.0,0.0
2020-06-13 03:00:00,72.2,97,0.0,0.0,0.0
2020-06-13 04:00:00,72.0,98,0.0,0.0,0.0
2020-06-13 05:00:00,71.8,99,0.0,0.0,0.0
2020-06-13 06:00:00,71.6,99,0.0,0.0,0.0
2020-06-13 07:00:00,71.6,99,0.0,0.0,7.0
2020-06-13 08:00:00,72.7,94,0.0,0.06,111.0
2020-06-13 09:00:00,73.4,90,0.0,0.11,161.0
2020-06-13 10:00:00,74.5,83,0.0,0.19,279.0
2020-06-13 11:00:00,76.1,75,0.0,0.35,510.0
2020-06-13 12:00:00,78.4,64,0.0,0.53,762.0
2020-06-13 13:00:00,80.4,59,0.0,0.64,889.0
2020-06-13 14:00:00,82.0,57,0.0,0.67,909.0
2020-06-13 15:00:00,83.0,56,0.0,0.6,808.0
2020-06-13 16:00:00,82.2,84,1.6,0.41,646.0
2020-06-13 17:00:00,81.2,77,0.1,0.36,511.0
2020-06-13 18:00:00,79.9,82,1.0,0.26,401.0
2020-06-13 19:00:00,79.0,81,0.0,0.17,237.0
2020-06-13 20:00:00,79.4,79,0.0,0.1,101.0
2020-06-13 21:00:00,78.2,80,0.0,0.04,10.0
2020-06-13 22:00:00,77.1,86,0.0,0.02,0.0
2020-06-13 23:00:00,76.1,88,0.0,0.01,0.0
2020-06-14 00:00:00,75.3,91,0.0,0.0,0.0
2020-06-14 01:00:00,74.6,94,0.0,0.0,0.0
2020-06-14 02:00:00,73.9,95,0.0,0.0,0.0
2020-06-14 03:00:00,73.3,97,0.0,0.0,0.0
2020-06-14 04:00:00,72.8,98,0.0,0.0,0.0
2020-06-14 05:00:00,72.3,98,0.0,0.0,0.0
2020-06-14 06:00:00,71.9,98,0.0,0.0,0.0
2020-06-14 07:00:00,71.4,97,0.0,0.0,8.0
2020-06-14 08:00:00,72.4,89,0.0,0.07,121.0
2020-06-14 09:00:00,73.4,81,0.0,0.19,307.0
2020-06-14 10:00:00,75.0,75,0.0,0.32,511.0
2020-06-14 11:00:00,76.9,68,0.0,0.45,684.0
2020-06-14 12:00:00,78.3,64,0.1,0.47,671.0
2020-06-14 13:00:00,79.5,61,0.3,0.57,809.0
2020-06-14 14:00:00,80.6,56,0.1,0.6,824.0
2020-06-14 15:00:00,81.6,49,0.0,0.62,823.0
2020-06-14 16:00:00,82.4,47,0.0,0.6,794.0
2020-06-14 17:00:00,82.7,46,0.0,0.54,695.0
2020-06-14 18:00:00,82.4,48,0.0,0.42,528.0
2020-06-14 19:00:00,81.5,56,0.0,0.26,327.0
2020-06-14 20:00:00,79.9,58,0.0,0.16,132.0
2020-06-14 21:00:00,78.3,58,0.0,0.1,12.0
2020-06-14 22:00:00,76.7,66,0.0,0.04,0.0
2020-06-14 23:00:00,74.8,83,0.0,0.0,0.0
2020-06-15 00:00:00,73.3,90,0.0,0.0,0.0
2020-06-15 01:00:00,72.2,93,0.0,0.0,0.0
2020-06-15 02:00:00,71.2,96,0.0,0.0,0.0
2020-06-15 03:00:00,70.4,97,0.0,0.0,0.0
2020-06-15 04:00:00,69.8,98,0.0,0.0,0.0
2020-06-15 05:00:00,69.4,98,0.0,0.0,0.0
2020-06-15 06:00:00,69.2,97,0.0,0.0,0.0
2020-06-15 07:00:00,69.1,97,0.0,0.0,8.0
2020-06-15 08:00:00,71.1,92,0.0,0.06,122.0
2020-06-15 09:00:00,72.4,83,0.0,0.18,309.0
2020-06-15 10:00:00,74.2,73,0.0,0.33,519.0
2020-06-15 11:00:00,76.1,66,0.0,0.43,645.0
2020-06-15 12:00:00,77.9,60,0.0,0.54,784.0
2020-06-15 13:00:00,79.7,49,0.0,0.66,917.0
2020-06-15 14:00:00,81.0,44,0.0,0.66,876.0
2020-06-15 15:00:00,82.0,42,0.0,0.67,870.0
2020-06-15 16:00:00,82.6,43,0.0,0.64,833.0
2020-06-15 17:00:00,82.8,43,0.0,0.55,712.0
2020-06-15 18:00:00,82.3,45,0.0,0.42,520.0
2020-06-15 19:00:00,81.2,54,0.0,0.24,306.0
2020-06-15 20:00:00,79.3,67,0.0,0.1,116.0
2020-06-15 21:00:00,76.9,70,0.0,0.03,11.0
2020-06-15 22:00:00,75.4,73,0.0,0.02,0.0
2020-06-15 23:00:00,74.1,76,0.0,0.01,0.0
2020-06-16 00:00:00,73.2,77,0.0,0.02,0.0
2020-06-16 01:00:00,72.5,81,0.0,0.01,0.0
2020-06-16 02:00:00,71.7,86,0.0,0.01,0.0
2020-06-16 03:00:00,71.1,89,0.0,0.0,0.0
2020-06-16 04:00:00,70.4,91,0.0,0.0,0.0
2020-06-16 05:00:00,69.7,90,0.0,0.0,0.0
2020-06-16 06:00:00,69.0,87,0.0,0.01,0.0
2020-06-16 07:00:00,68.4,85,0.0,0.02,8.0
2020-06-16 08:00:00,70.4,80,0.0,0.07,119.0
2020-06-16 09:00:00,71.0,76,0.0,0.18,308.0
2020-06-16 10:00:00,72.3,71,0.0,0.31,512.0
2020-06-16 11:00:00,74.2,63,0.0,0.44,689.0
2020-06-16 12:00:00,76.6,57,0.0,0.56,842.0
2020-06-16 13:00:00,78.6,51,0.0,0.65,946.0
2020-06-16 14:00:00,80.1,47,0.0,0.6,825.0
2020-06-16 15:00:00,81.1,45,0.0,0.58,777.0
2020-06-16 16:00:00,81.9,42,0.0,0.55,725.0
2020-06-16 17:00:00,81.7,43,0.0,0.45,560.0
2020-06-16 18:00:00,81.0,46,0.0,0.35,416.0
2020-06-16 19:00:00,79.7,54,0.0,0.18,196.0
2020-06-16 20:00:00,77.6,62,0.0,0.13,119.0
2020-06-16 21:00:00,75.9,65,0.0,0.07,11.0
2020-06-16 22:00:00,74.3,69,0.0,0.04,0.0
2020-06-16 23:00:00,72.9,74,0.0,0.03,0.0
2020-06-17 00:00:00,71.7,77,0.0,0.02,0.0
2020-06-17 01:00:00,70.5,82,0.0,0.01,0.0
2020-06-17 02:00:00,69.4,86,0.0,0.0,0.0
2020-06-17 03:00:00,68.2,91,0.0,0.0,0.0
2020-06-17 04:00:00,67.3,92,0.0,0.0,0.0
2020-06-17 05:00:00,66.5,93,0.0,0.0,0.0
2020-06-17 06:00:00,65.8,93,0.0,0.0,0.0
2020-06-17 07:00:00,65.5,91,0.0,0.0,8.0
2020-06-17 08:00:00,67.4,83,0.0,0.06,118.0
2020-06-17 09:00:00,68.9,75,0.0,0.16,273.0
2020-06-17 10:00:00,70.9,70,0.0,0.27,421.0
2020-06-17 11:00:00,73.0,67,0.0,0.36,539.0
2020-06-17 12:00:00,75.6,64,0.0,0.49,713.0
2020-06-17 13:00:00,77.8,59,0.0,0.56,804.0
2020-06-17 14:00:00,79.9,53,0.0,0.64,896.0
2020-06-17 15:00:00,81.0,50,0.0,0.55,762.0
2020-06-17 16:00:00,81.9,48,0.0,0.54,739.0
2020-06-17 17:00:00,82.1,47,0.0,0.43,599.0
2020-06-17 18:00:00,81.7,50,0.0,0.3,381.0
2020-06-17 19:00:00,80.6,59,0.0,0.17,214.0
2020-06-17 20:00:00,78.8,71,0.0,0.08,85.0
2020-06-17 21:00:00,76.9,75,0.0,0.04,9.0
2020-06-17 22:00:00,75.7,80,0.1,0.02,0.0
2020-06-17 23:00:00,74.6,89,0.0,0.0,0.0
2020-06-18 00:00:00,73.6,92,0.0,0.0,0.0
2020-06-18 01:00:00,72.6,95,0.0,0.0,0.0
2020-06-18 02:00:00,71.8,96,0.0,0.0,0.0
2020-06-18 03:00:00,71.1,96,0.0,0.0,0.0
2020-06-18 04:00:00,70.3,98,0.0,0.0,0.0
2020-06-18 05:00:00,69.4,98,0.0,0.0,0.0
2020-06-18 06:00:00,68.9,99,0.0,0.0,0.0
2020-06-18 07:00:00,68.6,99,0.0,0.0,8.0
2020-06-18 08:00:00,70.4,98,0.0,0.06,116.0
2020-06-18 09:00:00,72.2,91,0.0,0.16,248.0
2020-06-18 10:00:00,74.8,77,0.0,0.31,462.0
2020-06-18 11:00:00,77.5,63,0.0,0.45,642.0
2020-06-18 12:00:00,79.9,54,0.0,0.55,766.0
2020-06-18 13:00:00,81.6,51,0.1,0.56,761.0
2020-06-18 14:00:00,82.9,50,0.1,0.57,776.0
2020-06-18 15:00:00,83.8,48,0.0,0.6,802.0
2020-06-18 16:00:00,84.7,47,0.0,0.57,766.0
2020-06-18 17:00:00,84.9,46,0.0,0.47,629.0
2020-06-18 18:00:00,84.7,47,0.0,0.36,491.0
2020-06-18 19:00:00,83.8,54,0.0,0.23,302.0
2020-06-18 20:00:00,81.9,59,0.0,0.14,128.0
2020-06-18 21:00:00,79.4,75,0.0,0.03,11.0
2020-06-18 22:00:00,77.5,71,0.1,0.04,0.0
2020-06-18 23:00:00,76.5,75,0.0,0.04,0.0
2020-06-19 00:00:00,75.9,84,0.0,0.02,0.0
2020-06-19 01:00:00,75.2,90,0.0,0.0,0.0
2020-06-19 02:00:00,74.4,95,0.0,0.0,0.0
2020-06-19 03:00:00,73.6,96,0.0,0.0,0.0
2020-06-19 04:00:00,72.9,97,0.0,0.0,0.0
2020-06-19 05:00:00,72.1,98,0.0,0.0,0.0
2020-06-19 06:00:00,71.2,99,0.0,0.0,0.0
2020-06-19 07:00:00,70.7,99,0.0,0.0,8.0
2020-06-19 08:00:00,73.1,92,0.0,0.07,118.0
2020-06-19 09:00:00,75.3,84,0.0,0.2,308.0
2020-06-19 10:00:00,77.9,68,0.0,0.35,509.0
2020-06-19 11:00:00,80.9,59,0.0,0.5,693.0
2020-06-19 12:00:00,83.7,52,0.0,0.62,836.0
2020-06-19 13:00:00,86.1,46,0.0,0.68,908.0
2020-06-19 14:00:00,87.9,42,0.0,0.7,924.0
2020-06-19 15:00:00,88.9,40,0.0,0.63,810.0
2020-06-19 16:00:00,89.2,40,0.0,0.52,670.0
2020-06-19 17:00:00,89.2,39,0.0,0.46,607.0
2020-06-19 18:00:00,87.7,62,0.3,0.35,422.0
2020-06-19 19:00:00,85.0,75,0.2,0.17,215.0
2020-06-19 20:00:00,85.1,83,0.0,0.1,107.0
2020-06-19 21:00:00,82.2,89,0.0,0.02,11.0
2020-06-19 22:00:00,80.2,93,0.0,0.0,0.0
2020-06-19 23:00:00,78.4,94,0.0,0.0,0.0
2020-06-20 00:00:00,77.0,96,0.0,0.0,0.0
2020-06-20 01:00:00,75.6,98,0.0,0.0,0.0
2020-06-20 02:00:00,74.4,100,0.0,0.0,0.0
2020-06-20 03:00:00,73.5,100,0.0,0.0,0.0
2020-06-20 04:00:00,72.7,99,0.0,0.0,0.0
2020-06-20 05:00:00,72.4,100,0.0,0.0,0.0
2020-06-20 06:00:00,72.3,100,0.0,0.0,0.0
2020-06-20 07:00:00,72.1,99,0.0,0.0,5.0
2020-06-20 08:00:00,73.9,94,0.0,0.05,71.0
2020-06-20 09:00:00,75.7,84,0.0,0.17,270.0
2020-06-20 10:00:00,78.4,74,0.0,0.35,501.0
2020-06-20 11:00:00,81.5,63,0.0,0.5,690.0
2020-06-20 12:00:00,84.6,53,0.0,0.62,835.0
2020-06-20 13:00:00,87.2,45,0.0,0.69,902.0
2020-06-20 14:00:00,88.5,42,0.0,0.61,768.0
2020-06-20 15:00:00,89.2,42,0.0,0.56,686.0
2020-06-20 16:00:00,89.9,41,0.0,0.55,680.0
2020-06-20 17:00:00,89.6,42,0.0,0.42,502.0
2020-06-20 18:00:00,89.0,44,0.0,0.32,371.0
2020-06-20 19:00:00,87.7,48,0.0,0.21,229.0
2020-06-20 20:00:00,86.0,52,0.0,0.11,104.0
2020-06-20 21:00:00,84.2,51,0.0,0.12,9.0
2020-06-20 22:00:00,82.8,63,0.0,0.06,0.0
2020-06-20 23:00:00,81.1,76,0.0,0.0,0.0
2020-06-21 00:00:00,79.3,86,0.0,0.0,0.0
2020-06-21 01:00:00,78.1,85,0.0,0.0,0.0
2020-06-21 02:00:00,77.3,89,0.0,0.0,0.0
2020-06-21 03:00:00,76.5,92,0.0,0.0,0.0
2020-06-21 04:00:00,76.0,94,0.0,0.0,0.0
2020-06-21 05:00:00,75.6,96,0.0,0.0,0.0
2020-06-21 06:00:00,75.1,96,0.0,0.0,0.0
2020-06-21 07:00:00,74.8,96,0.0,0.0,7.0
2020-06-21 08:00:00,74.1,89,0.0,0.07,114.0
2020-06-21 09:00:00,76.7,78,0.0,0.2,305.0
2020-06-21 10:00:00,80.0,68,0.0,0.36,506.0
2020-06-21 11:00:00,83.4,53,0.0,0.52,694.0
2020-06-21 12:00:00,86.5,46,0.0,0.64,833.0
2020-06-21 13:00:00,89.1,41,0.0,0.7,890.0
2020-06-21 14:00:00,91.0,37,0.0,0.71,877.0
2020-06-21 15:00:00,92.4,34,0.0,0.7,858.0
2020-06-21 16:00:00,93.1,34,0.0,0.63,747.0
2020-06-21 17:00:00,93.2,34,0.0,0.56,632.0
2020-06-21 18:00:00,92.5,38,0.0,0.46,488.0
2020-06-21 19:00:00,91.0,41,0.0,0.31,294.0
2020-06-21 20:00:00,88.4,50,0.0,0.17,135.0
2020-06-21 21:00:00,85.8,53,0.0,0.09,13.0
2020-06-21 22:00:00,83.6,60,0.0,0.07,0.0
2020-06-21 23:00:00,81.5,70,0.0,0.04,0.0
2020-06-22 00:00:00,79.6,80,0.0,0.02,0.0
2020-06-22 01:00:00,78.0,86,0.0,0.01,0.0
2020-06-22 02:00:00,76.6,91,0.0,0.0,0.0
2020-06-22 03:00:00,75.4,93,0.0,0.0,0.0
2020-06-22 04:00:00,74.6,95,0.0,0.0,0.0
2020-06-22 05:00:00,74.0,96,0.0,0.0,0.0
2020-06-22 06:00:00,73.7,97,0.0,0.0,0.0
2020-06-22 07:00:00,73.3,95,0.0,0.0,7.0
2020-06-22 08:00:00,73.4,87,0.0,0.07,112.0
2020-06-22 09:00:00,75.9,77,0.0,0.2,304.0
2020-06-22 10:00:00,79.1,62,0.0,0.36,508.0
2020-06-22 11:00:00,82.4,54,0.0,0.51,687.0
2020-06-22 12:00:00,85.6,51,0.0,0.62,818.0
2020-06-22 13:00:00,88.2,48,0.0,0.69,876.0
2020-06-22 14:00:00,90.2,45,0.0,0.72,882.0
2020-06-22 15:00:00,91.9,40,0.0,0.74,885.0
2020-06-22 16:00:00,92.8,38,0.0,0.7,803.0
2020-06-22 17:00:00,92.8,42,0.0,0.61,676.0
2020-06-22 18:00:00,91.8,47,0.0,0.45,480.0
2020-06-22 19:00:00,90.2,53,0.0,0.32,307.0
2020-06-22 20:00:00,88.1,57,0.0,0.17,126.0
2020-06-22 21:00:00,85.9,65,0.0,0.09,12.0
2020-06-22 22:00:00,84.1,73,0.0,0.04,0.0
2020-06-22 23:00:00,82.5,79,0.0,0.02,0.0
2020-06-23 00:00:00,81.1,83,0.0,0.01,0.0
2020-06-23 01:00:00,80.0,87,0.0,0.0,0.0
2020-06-23 02:00:00,79.1,89,0.0,0.0,0.0
2020-06-23 03:00:00,78.5,90,0.0,0.0,0.0
2020-06-23 04:00:00,77.9,94,0.0,0.0,0.0
2020-06-23 05:00:00,77.2,98,0.0,0.0,0.0
2020-06-23 06:00:00,76.6,98,0.0,0.0,0.0
2020-06-23 07:00:00,76.3,99,0.0,0.0,7.0
2020-06-23 08:00:00,76.5,91,0.0,0.07,109.0
2020-06-23 09:00:00,77.6,86,0.0,0.08,83.0
2020-06-23 10:00:00,80.2,73,0.1,0.3,388.0
2020-06-23 11:00:00,82.9,64,0.0,0.42,524.0
2020-06-23 12:00:00,85.0,71,2.0,0.49,713.0
2020-06-23 13:00:00,83.1,77,0.8,0.32,422.0
2020-06-23 14:00:00,83.6,70,0.8,0.48,669.0
2020-06-23 15:00:00,82.5,81,1.1,0.24,320.0
2020-06-23 16:00:00,82.8,75,0.2,0.34,444.0
2020-06-23 17:00:00,83.5,71,0.0,0.34,426.0
2020-06-23 18:00:00,82.9,70,0.6,0.25,285.0
2020-06-23 19:00:00,82.3,71,0.0,0.18,176.0
2020-06-23 20:00:00,79.0,81,0.0,0.1,100.0
2020-06-23 21:00:00,78.3,81,0.0,0.04,11.0
2020-06-23 22:00:00,77.6,82,0.0,0.02,0.0
2020-06-23 23:00:00,77.2,87,0.0,0.01,0.0
2020-06-24 00:00:00,77.0,90,0.0,0.0,0.0
2020-06-24 01:00:00,76.7,90,0.0,0.0,0.0
2020-06-24 02:00:00,76.2,94,0.0,0.0,0.0
2020-06-24 03:00:00,75.7,96,0.0,0.0,0.0
2020-06-24 04:00:00,75.6,97,0.0,0.0,0.0
2020-06-24 05:00:00,75.5,97,0.0,0.0,0.0
2020-06-24 06:00:00,75.4,97,0.0,0.0,0.0
2020-06-24 07:00:00,75.4,97,0.0,0.0,6.0
2020-06-24 08:00:00,76.1,92,0.0,0.07,105.0
2020-06-24 09:00:00,77.8,82,0.0,0.2,287.0
2020-06-24 10:00:00,80.2,71,0.0,0.36,496.0
2020-06-24 11:00:00,82.8,62,0.0,0.51,675.0
2020-06-24 12:00:00,85.1,56,0.0,0.61,781.0
2020-06-24 13:00:00,87.2,52,0.0,0.67,840.0
2020-06-24 14:00:00,89.1,49,0.0,0.72,898.0
2020-06-24 15:00:00,90.3,48,0.2,0.7,851.0
2020-06-24 16:00:00,89.1,55,0.1,0.45,518.0
2020-06-24 17:00:00,88.2,58,0.0,0.35,407.0
2020-06-24 18:00:00,87.4,55,0.0,0.29,324.0
2020-06-24 19:00:00,86.7,56,0.0,0.23,247.0
2020-06-24 20:00:00,85.7,75,0.0,0.1,122.0
2020-06-24 21:00:00,83.1,86,0.0,0.01,12.0
2020-06-24 22:00:00,81.0,88,0.0,0.0,0.0
2020-06-24 23:00:00,79.3,92,0.0,0.0,0.0
2020-06-25 00:00:00,78.3,91,0.0,0.0,0.0
2020-06-25 01:00:00,77.4,90,0.0,0.0,0.0
2020-06-25 02:00:00,76.6,88,0.0,0.0,0.0
2020-06-25 03:00:00,76.3,85,0.0,0.01,0.0
2020-06-25 04:00:00,75.8,87,0.0,0.0,0.0
2020-06-25 05:00:00,75.2,93,0.0,0.0,0.0
2020-06-25 06:00:00,74.8,95,0.0,0.0,0.0
2020-06-25 07:00:00,74.8,96,0.0,0.01,3.0
2020-06-25 08:00:00,75.8,92,0.0,0.04,48.0
2020-06-25 09:00:00,78.0,83,0.0,0.18,244.0
2020-06-25 10:00:00,80.3,73,0.0,0.3,394.0
2020-06-25 11:00:00,83.1,62,0.0,0.49,640.0
2020-06-25 12:00:00,85.7,54,0.0,0.6,762.0
2020-06-25 13:00:00,86.8,53,0.0,0.47,558.0
2020-06-25 14:00:00,87.4,53,0.0,0.42,492.0
2020-06-25 15:00:00,88.8,50,0.0,0.56,678.0
2020-06-25 16:00:00,90.2,47,0.0,0.62,749.0
2020-06-25 17:00:00,89.5,64,0.2,0.41,514.0
2020-06-25 18:00:00,87.4,69,0.0,0.18,204.0
2020-06-25 19:00:00,86.3,71,0.0,0.17,200.0
2020-06-25 20:00:00,86.5,60,0.0,0.1,96.0
2020-06-25 21:00:00,84.2,67,0.0,0.05,9.0
2020-06-25 22:00:00,82.3,76,0.0,0.02,0.0
2020-06-25 23:00:00,80.6,83,0.0,0.0,0.0
2020-06-26 00:00:00,79.2,91,0.0,0.0,0.0
2020-06-26 01:00:00,77.9,86,0.0,0.0,0.0
2020-06-26 02:00:00,76.7,83,0.0,0.0,0.0
2020-06-26 03:00:00,75.8,93,0.0,0.0,0.0
2020-06-26 04:00:00,75.3,94,0.0,0.0,0.0
2020-06-26 05:00:00,74.7,97,0.0,0.0,0.0
2020-06-26 06:00:00,74.0,96,0.0,0.0,0.0
2020-06-26 07:00:00,73.9,96,0.0,0.0,6.0
2020-06-26 08:00:00,75.3,88,0.0,0.06,99.0
2020-06-26 09:00:00,77.6,76,0.0,0.19,271.0
2020-06-26 10:00:00,80.7,64,0.0,0.36,483.0
2020-06-26 11:00:00,83.7,57,0.0,0.49,653.0
2020-06-26 12:00:00,86.6,51,0.0,0.61,807.0
2020-06-26 13:00:00,89.3,46,0.0,0.69,900.0
2020-06-26 14:00:00,91.7,41,0.0,0.72,933.0
2020-06-26 15:00:00,93.4,37,0.0,0.7,898.0
2020-06-26 16:00:00,94.3,34,0.0,0.65,804.0
2020-06-26 17:00:00,94.6,33,0.0,0.57,674.0
2020-06-26 18:00:00,93.5,35,0.0,0.35,366.0
2020-06-26 19:00:00,92.1,40,0.0,0.24,251.0
2020-06-26 20:00:00,90.1,52,0.0,0.13,90.0
2020-06-26 21:00:00,87.2,61,0.0,0.05,12.0
2020-06-26 22:00:00,85.2,61,0.0,0.06,0.0
2020-06-26 23:00:00,83.7,65,0.0,0.05,0.0
2020-06-27 00:00:00,82.2,75,0.0,0.02,0.0
2020-06-27 01:00:00,81.1,78,0.0,0.0,0.0
2020-06-27 02:00:00,80.1,78,0.0,0.0,0.0
2020-06-27 03:00:00,79.2,81,0.0,0.0,0.0
2020-06-27 04:00:00,78.4,82,0.0,0.0,0.0
2020-06-27 05:00:00,77.7,80,0.0,0.01,0.0
2020-06-27 06:00:00,77.4,78,0.0,0.02,0.0
2020-06-27 07:00:00,77.2,76,0.0,0.04,3.0
2020-06-27 08:00:00,78.5,76,0.0,0.06,40.0
2020-06-27 09:00:00,79.6,69,0.0,0.13,159.0
2020-06-27 10:00:00,81.1,64,0.0,0.2,247.0
2020-06-27 11:00:00,83.9,56,0.0,0.4,527.0
2020-06-27 12:00:00,87.4,52,0.0,0.6,799.0
2020-06-27 13:00:00,90.4,47,0.0,0.68,878.0
2020-06-27 14:00:00,92.6,45,0.0,0.69,855.0
2020-06-27 15:00:00,93.7,43,0.0,0.62,743.0
2020-06-27 16:00:00,93.7,53,0.7,0.51,584.0
2020-06-27 17:00:00,92.3,54,0.0,0.46,560.0
2020-06-27 18:00:00,90.5,58,0.0,0.24,234.0
2020-06-27 19:00:00,89.4,60,0.0,0.17,198.0
2020-06-27 20:00:00,81.1,74,0.0,0.11,112.0
2020-06-27 21:00:00,80.3,78,0.0,0.04,9.0
2020-06-27 22:00:00,79.7,82,0.0,0.02,0.0
2020-06-27 23:00:00,79.2,86,0.0,0.01,0.0
2020-06-28 00:00:00,78.5,91,0.0,0.0,0.0
2020-06-28 01:00:00,77.8,94,0.0,0.0,0.0
2020-06-28 02:00:00,77.1,96,0.0,0.0,0.0
2020-06-28 03:00:00,76.6,98,0.0,0.0,0.0
2020-06-28 04:00:00,76.4,98,0.0,0.0,0.0
2020-06-28 05:00:00,76.3,98,0.0,0.0,0.0
2020-06-28 06:00:00,76.1,98,0.0,0.0,0.0
2020-06-28 07:00:00,76.0,98,0.0,0.0,4.0
2020-06-28 08:00:00,74.8,92,0.0,0.04,44.0
2020-06-28 09:00:00,77.2,84,0.0,0.16,229.0
2020-06-28 10:00:00,79.8,73,0.0,0.29,391.0
2020-06-28 11:00:00,82.4,62,0.0,0.45,595.0
2020-06-28 12:00:00,85.0,57,0.0,0.61,789.0
2020-06-28 13:00:00,87.0,52,0.0,0.68,844.0
2020-06-28 14:00:00,88.6,45,0.0,0.71,856.0
2020-06-28 15:00:00,89.9,41,0.0,0.73,848.0
2020-06-28 16:00:00,90.4,42,0.0,0.66,766.0
2020-06-28 17:00:00,90.3,42,0.0,0.55,612.0
2020-06-28 18:00:00,89.9,44,0.0,0.47,502.0
2020-06-28 19:00:00,88.8,48,0.0,0.33,327.0
2020-06-28 20:00:00,87.0,59,0.0,0.17,139.0
2020-06-28 21:00:00,84.9,67,0.0,0.08,14.0
2020-06-28 22:00:00,83.2,77,0.0,0.04,0.0
2020-06-28 23:00:00,81.8,86,0.0,0.01,0.0
2020-06-29 00:00:00,80.6,91,0.0,0.0,0.0
2020-06-29 01:00:00,79.8,94,0.0,0.0,0.0
2020-06-29 02:00:00,79.2,95,0.0,0.0,0.0
2020-06-29 03:00:00,78.7,97,0.0,0.0,0.0
2020-06-29 04:00:00,78.3,98,0.0,0.0,0.0
2020-06-29 05:00:00,77.8,98,0.0,0.0,0.0
2020-06-29 06:00:00,77.5,98,0.0,0.0,0.0
2020-06-29 07:00:00,77.4,98,0.0,0.0,5.0
2020-06-29 08:00:00,78.6,91,0.0,0.07,105.0
2020-06-29 09:00:00,80.0,82,0.0,0.18,252.0
2020-06-29 10:00:00,82.0,69,0.0,0.35,474.0
2020-06-29 11:00:00,84.0,60,0.0,0.48,613.0
2020-06-29 12:00:00,86.2,54,0.0,0.58,735.0
2020-06-29 13:00:00,88.2,50,0.0,0.65,821.0
2020-06-29 14:00:00,89.8,47,0.0,0.68,844.0
2020-06-29 15:00:00,90.8,46,0.0,0.63,752.0
2020-06-29 16:00:00,91.5,45,0.0,0.61,718.0
2020-06-29 17:00:00,91.4,49,0.0,0.52,592.0
2020-06-29 18:00:00,90.6,53,0.0,0.38,430.0
2020-06-29 19:00:00,89.6,55,0.0,0.28,299.0
2020-06-29 20:00:00,87.8,61,0.0,0.17,132.0
2020-06-29 21:00:00,86.0,69,0.0,0.08,13.0
2020-06-29 22:00:00,84.5,75,0.0,0.04,0.0
2020-06-29 23:00:00,83.1,81,0.0,0.02,0.0
2020-06-30 00:00:00,81.9,85,0.0,0.01,0.0
2020-06-30 01:00:00,80.9,89,0.0,0.0,0.0
2020-06-30 02:00:00,80.1,93,0.0,0.0,0.0
2020-06-30 03:00:00,79.5,95,0.0,0.0,0.0
2020-06-30 04:00:00,79.0,95,0.0,0.0,0.0
2020-06-30 05:00:00,78.5,96,0.0,0.0,0.0
2020-06-30 06:00:00,78.0,96,0.0,0.0,0.0
2020-06-30 07:00:00,77.6,95,0.0,0.01,5.0
2020-06-30 08:00:00,78.2,87,0.0,0.07,106.0
2020-06-30 09:00:00,80.3,78,0.0,0.21,288.0
2020-06-30 10:00:00,83.1,67,0.0,0.37,483.0
2020-06-30 11:00:00,86.1,59,0.1,0.5,643.0
2020-06-30 12:00:00,88.4,55,0.0,0.52,641.0
2020-06-30 13:00:00,90.8,51,0.0,0.62,756.0
2020-06-30 14:00:00,91.9,57,1.1,0.56,693.0
2020-06-30 15:00:00,89.9,67,0.0,0.38,475.0
2020-06-30 16:00:00,90.3,57,0.0,0.45,555.0
2020-06-30 17:00:00,90.9,52,0.0,0.42,493.0
2020-06-30 18:00:00,89.8,61,0.4,0.27,247.0
2020-06-30 19:00:00,88.0,62,0.0,0.16,119.0
2020-06-30 20:00:00,86.8,99,0.0,0.06,90.0
2020-06-30 21:00:00,83.7,98,0.1,0.01,7.0
2020-06-30 22:00:00,81.9,98,0.0,0.0,0.0
2020-06-30 23:00:00,80.8,99,0.0,0.0,0.0
2020-07-01 00:00:00,79.9,95,0.0,0.0,0.0
2020-07-01 01:00:00,79.2,96,0.0,0.0,0.0
2020-07-01 02:00:00,78.6,96,0.0,0.0,0.0
2020-07-01 03:00:00,78.2,97,0.0,0.0,0.0
2020-07-01 04:00:00,77.8,97,0.0,0.0,0.0
2020-07-01 05:00:00,77.4,98,0.0,0.0,0.0
2020-07-01 06:00:00,76.8,98,0.0,0.0,0.0
2020-07-01 07:00:00,76.3,98,0.0,0.0,4.0
2020-07-01 08:00:00,73.9,94,0.0,0.05,91.0
2020-07-01 09:00:00,76.3,86,0.0,0.18,273.0
2020-07-01 10:00:00,79.2,76,0.0,0.33,472.0
2020-07-01 11:00:00,82.3,66,0.0,0.49,664.0
2020-07-01 12:00:00,85.4,56,0.0,0.62,814.0
2020-07-01 13:00:00,88.0,49,0.0,0.69,873.0
2020-07-01 14:00:00,89.8,44,0.0,0.69,833.0
2020-07-01 15:00:00,91.2,43,0.0,0.67,799.0
2020-07-01 16:00:00,90.6,74,0.7,0.44,618.0
2020-07-01 17:00:00,87.9,75,0.2,0.26,314.0
2020-07-01 18:00:00,86.1,75,0.1,0.18,185.0
2020-07-01 19:00:00,85.2,75,0.0,0.17,190.0
2020-07-01 20:00:00,83.1,81,0.0,0.08,102.0
2020-07-01 21:00:00,81.2,84,0.0,0.03,8.0
2020-07-01 22:00:00,79.8,86,0.0,0.0,0.0
2020-07-01 23:00:00,78.6,90,0.0,0.0,0.0
2020-07-02 00:00:00,77.7,93,0.0,0.0,0.0
2020-07-02 01:00:00,77.1,93,0.0,0.0,0.0
2020-07-02 02:00:00,76.7,94,0.0,0.0,0.0
2020-07-02 03:00:00,76.6,94,0.0,0.0,0.0
2020-07-02 04:00:00,76.5,95,0.0,0.0,0.0
2020-07-02 05:00:00,76.4,96,0.0,0.0,0.0
2020-07-02 06:00:00,76.3,97,0.0,0.0,0.0
2020-07-02 07:00:00,76.3,97,0.0,0.0,5.0
2020-07-02 08:00:00,75.6,93,0.0,0.06,97.0
2020-07-02 09:00:00,77.5,86,0.0,0.14,187.0
2020-07-02 10:00:00,79.3,78,0.0,0.24,313.0
2020-07-02 11:00:00,82.0,65,0.0,0.49,656.0
2020-07-02 12:00:00,84.4,61,0.1,0.55,719.0
2020-07-02 13:00:00,85.6,54,0.1,0.54,658.0
2020-07-02 14:00:00,86.9,50,0.0,0.58,699.0
2020-07-02 15:00:00,88.3,47,0.0,0.64,777.0
2020-07-02 16:00:00,89.5,44,0.0,0.61,740.0
2020-07-02 17:00:00,90.1,41,0.0,0.55,645.0
2020-07-02 18:00:00,90.0,42,0.0,0.46,495.0
2020-07-02 19:00:00,88.7,54,0.0,0.31,311.0
2020-07-02 20:00:00,87.3,62,0.0,0.12,123.0
2020-07-02 21:00:00,85.2,65,0.0,0.07,11.0
2020-07-02 22:00:00,83.8,70,0.0,0.05,0.0
2020-07-02 23:00:00,82.7,78,0.0,0.02,0.0
2020-07-03 00:00:00,81.6,83,0.0,0.01,0.0
2020-07-03 01:00:00,80.7,87,0.0,0.01,0.0
2020-07-03 02:00:00,80.0,91,0.0,0.0,0.0
2020-07-03 03:00:00,79.3,93,0.0,0.0,0.0
2020-07-03 04:00:00,78.7,96,0.0,0.0,0.0
2020-07-03 05:00:00,78.0,97,0.0,0.0,0.0
2020-07-03 06:00:00,77.4,98,0.0,0.0,0.0
2020-07-03 07:00:00,76.9,99,0.0,0.0,5.0
2020-07-03 08:00:00,77.5,90,0.0,0.06,101.0
2020-07-03 09:00:00,79.7,78,0.0,0.19,278.0
2020-07-03 10:00:00,82.3,68,0.1,0.34,462.0
2020-07-03 11:00:00,85.1,62,0.0,0.48,633.0
2020-07-03 12:00:00,87.4,56,0.0,0.53,691.0
2020-07-03 13:00:00,87.6,75,3.5,0.39,505.0
2020-07-03 14:00:00,84.8,88,4.3,0.37,541.0
2020-07-03 15:00:00,84.5,82,1.1,0.37,508.0
2020-07-03 16:00:00,83.4,77,2.7,0.31,427.0
2020-07-03 17:00:00,81.7,92,0.3,0.13,165.0
2020-07-03 18:00:00,80.9,91,0.3,0.14,185.0
2020-07-03 19:00:00,81.0,90,0.1,0.13,181.0
2020-07-03 20:00:00,80.1,98,1.4,0.05,79.0
2020-07-03 21:00:00,78.8,98,0.3,0.01,6.0
2020-07-03 22:00:00,77.9,99,0.1,0.0,0.0
2020-07-03 23:00:00,77.1,99,0.0,0.0,0.0
2020-07-04 00:00:00,76.6,100,0.0,0.0,0.0
2020-07-04 01:00:00,76.3,100,0.0,0.0,0.0
2020-07-04 02:00:00,76.0,100,0.0,0.0,0.0
2020-07-04 03:00:00,75.7,100,0.0,0.0,0.0
2020-07-04 04:00:00,75.5,100,0.0,0.0,0.0
2020-07-04 05:00:00,75.2,100,0.0,0.0,0.0
2020-07-04 06:00:00,75.2,100,0.0,0.0,0.0
2020-07-04 07:00:00,75.1,100,0.0,0.0,4.0
2020-07-04 08:00:00,74.1,97,0.0,0.04,67.0
2020-07-04 09:00:00,75.7,91,0.0,0.13,206.0
2020-07-04 10:00:00,78.0,84,0.0,0.3,434.0
2020-07-04 11:00:00,80.6,77,0.0,0.43,603.0
2020-07-04 12:00:00,83.3,69,0.1,0.52,697.0
2020-07-04 13:00:00,85.3,60,0.1,0.57,743.0
2020-07-04 14:00:00,84.9,80,2.6,0.36,518.0
2020-07-04 15:00:00,81.8,88,0.8,0.16,207.0
2020-07-04 16:00:00,81.2,82,0.0,0.22,293.0
2020-07-04 17:00:00,82.0,72,0.0,0.31,407.0
2020-07-04 18:00:00,82.5,70,0.1,0.24,307.0
2020-07-04 19:00:00,81.5,81,0.8,0.11,124.0
2020-07-04 20:00:00,79.4,77,1.0,0.07,53.0
2020-07-04 21:00:00,78.9,84,0.0,0.03,9.0
2020-07-04 22:00:00,78.3,89,0.0,0.0,0.0
2020-07-04 23:00:00,77.7,92,0.0,0.0,0.0
2020-07-05 00:00:00,77.3,94,0.0,0.0,0.0
2020-07-05 01:00:00,76.7,96,0.0,0.0,0.0
2020-07-05 02:00:00,76.4,96,0.0,0.0,0.0
2020-07-05 03:00:00,76.0,97,0.0,0.0,0.0
2020-07-05 04:00:00,75.7,97,0.0,0.0,0.0
2020-07-05 05:00:00,75.4,97,0.0,0.0,0.0
2020-07-05 06:00:00,75.0,97,0.1,0.0,0.0
2020-07-05 07:00:00,74.9,96,0.6,0.01,3.0
2020-07-05 08:00:00,74.8,98,1.3,0.04,55.0
2020-07-05 09:00:00,75.6,92,0.2,0.1,156.0
2020-07-05 10:00:00,76.9,86,0.1,0.23,332.0
2020-07-05 11:00:00,78.9,81,0.0,0.32,450.0
2020-07-05 12:00:00,80.6,77,0.1,0.33,437.0
2020-07-05 13:00:00,81.1,80,4.0,0.35,505.0
2020-07-05 14:00:00,79.6,89,0.8,0.21,305.0
2020-07-05 15:00:00,79.6,85,0.9,0.32,486.0
2020-07-05 16:00:00,79.2,90,2.2,0.25,422.0
2020-07-05 17:00:00,77.7,90,0.6,0.16,234.0
2020-07-05 18:00:00,77.3,90,0.2,0.15,215.0
2020-07-05 19:00:00,77.3,91,0.0,0.11,158.0
2020-07-05 20:00:00,78.6,96,0.0,0.04,40.0
2020-07-05 21:00:00,77.6,96,0.0,0.01,5.0
2020-07-05 22:00:00,76.9,96,0.0,0.0,0.0
2020-07-05 23:00:00,76.5,97,0.0,0.0,0.0
2020-07-06 00:00:00,76.1,98,0.0,0.0,0.0
2020-07-06 01:00:00,75.7,97,0.0,0.0,0.0
2020-07-06 02:00:00,75.1,96,0.0,0.0,0.0
2020-07-06 03:00:00,74.8,97,0.0,0.0,0.0
2020-07-06 04:00:00,74.5,97,0.0,0.0,0.0
2020-07-06 05:00:00,74.3,98,0.0,0.0,0.0
2020-07-06 06:00:00,74.1,98,0.0,0.0,0.0
2020-07-06 07:00:00,74.0,98,0.0,0.0,4.0
2020-07-06 08:00:00,74.2,96,0.1,0.04,62.0
2020-07-06 09:00:00,75.5,93,0.3,0.1,150.0
2020-07-06 10:00:00,77.0,89,0.2,0.19,271.0
2020-07-06 11:00:00,78.0,86,0.2,0.19,250.0
2020-07-06 12:00:00,78.6,84,0.0,0.18,222.0
2020-07-06 13:00:00,79.5,77,0.2,0.23,288.0
2020-07-06 14:00:00,79.2,92,4.6,0.21,307.0
2020-07-06 15:00:00,80.2,85,0.2,0.37,543.0
2020-07-06 16:00:00,80.2,83,1.0,0.31,444.0
2020-07-06 17:00:00,80.1,81,0.5,0.28,399.0
2020-07-06 18:00:00,79.8,79,0.1,0.2,257.0
2020-07-06 19:00:00,79.2,88,0.5,0.11,138.0
2020-07-06 20:00:00,78.3,90,0.1,0.06,70.0
2020-07-06 21:00:00,77.9,93,0.0,0.02,8.0
2020-07-06 22:00:00,77.5,95,0.0,0.0,0.0
2020-07-06 23:00:00,77.0,96,0.0,0.0,0.0
2020-07-07 00:00:00,76.7,95,0.0,0.0,0.0
2020-07-07 01:00:00,76.5,97,0.0,0.0,0.0
2020-07-07 02:00:00,76.2,97,1.5,0.0,0.0
2020-07-07 03:00:00,75.6,100,1.2,0.0,0.0
2020-07-07 04:00:00,75.3,98,0.1,0.0,0.0
2020-07-07 05:00:00,75.2,98,0.1,0.0,0.0
2020-07-07 06:00:00,75.2,98,0.0,0.0,0.0
2020-07-07 07:00:00,75.0,97,0.1,0.01,3.0
2020-07-07 08:00:00,76.0,94,0.0,0.05,65.0
2020-07-07 09:00:00,76.6,90,0.0,0.1,145.0
2020-07-07 10:00:00,77.9,81,0.0,0.25,353.0
2020-07-07 11:00:00,79.7,77,1.1,0.4,606.0
2020-07-07 12:00:00,79.6,85,2.3,0.37,569.0
2020-07-07 13:00:00,80.3,82,0.4,0.41,632.0
2020-07-07 14:00:00,81.4,82,0.2,0.44,642.0
2020-07-07 15:00:00,80.3,89,4.4,0.27,414.0
2020-07-07 16:00:00,79.3,92,0.3,0.15,213.0
2020-07-07 17:00:00,78.7,91,1.8,0.18,282.0
2020-07-07 18:00:00,78.2,93,0.3,0.11,151.0
2020-07-07 19:00:00,77.7,95,2.4,0.1,155.0
2020-07-07 20:00:00,79.1,87,0.4,0.06,32.0
2020-07-07 21:00:00,78.4,89,0.2,0.04,3.0
2020-07-07 22:00:00,77.8,90,0.1,0.01,0.0
2020-07-07 23:00:00,77.3,91,0.0,0.01,0.0
2020-07-08 00:00:00,76.9,90,0.0,0.01,0.0
2020-07-08 01:00:00,76.6,92,0.0,0.0,0.0
2020-07-08 02:00:00,76.4,94,0.0,0.0,0.0
2020-07-08 03:00:00,76.2,94,0.2,0.0,0.0
2020-07-08 04:00:00,76.0,93,0.1,0.0,0.0
2020-07-08 05:00:00,75.8,97,0.0,0.0,0.0
2020-07-08 06:00:00,75.7,98,0.0,0.0,0.0
2020-07-08 07:00:00,75.7,96,0.1,0.01,2.0
2020-07-08 08:00:00,77.6,93,0.0,0.04,53.0
2020-07-08 09:00:00,78.0,87,0.0,0.15,227.0
2020-07-08 10:00:00,78.9,78,0.0,0.27,378.0
2020-07-08 11:00:00,80.2,71,0.1,0.37,501.0
2020-07-08 12:00:00,81.3,68,0.1,0.42,548.0
2020-07-08 13:00:00,82.6,63,0.0,0.5,648.0
2020-07-08 14:00:00,83.8,62,0.0,0.52,679.0
2020-07-08 15:00:00,84.7,61,0.0,0.54,691.0
2020-07-08 16:00:00,85.5,60,0.1,0.54,703.0
2020-07-08 17:00:00,85.7,60,0.1,0.49,612.0
2020-07-08 18:00:00,85.6,62,0.0,0.37,444.0
2020-07-08 19:00:00,84.7,68,0.0,0.21,250.0
2020-07-08 20:00:00,83.5,78,0.3,0.09,109.0
2020-07-08 21:00:00,81.9,86,0.1,0.02,9.0
2020-07-08 22:00:00,80.6,87,0.0,0.0,0.0
2020-07-08 23:00:00,79.6,89,0.0,0.0,0.0
2020-07-09 00:00:00,78.6,94,0.0,0.0,0.0
2020-07-09 01:00:00,77.8,94,0.0,0.0,0.0
2020-07-09 02:00:00,77.2,95,0.0,0.0,0.0
2020-07-09 03:00:00,76.8,96,0.0,0.0,0.0
2020-07-09 04:00:00,76.5,97,0.0,0.0,0.0
2020-07-09 05:00:00,76.2,97,0.0,0.0,0.0
2020-07-09 06:00:00,75.9,97,0.0,0.0,0.0
2020-07-09 07:00:00,75.7,97,0.0,0.0,3.0
2020-07-09 08:00:00,77.5,91,0.0,0.06,93.0
2020-07-09 09:00:00,78.4,83,0.0,0.18,265.0
2020-07-09 10:00:00,80.1,76,0.0,0.32,454.0
2020-07-09 11:00:00,82.1,70,0.1,0.46,636.0
2020-07-09 12:00:00,83.8,67,0.2,0.55,743.0
2020-07-09 13:00:00,85.2,66,0.0,0.55,740.0
2020-07-09 14:00:00,85.9,62,0.0,0.55,705.0
2020-07-09 15:00:00,86.6,59,0.1,0.57,736.0
2020-07-09 16:00:00,86.9,59,0.0,0.52,657.0
2020-07-09 17:00:00,87.1,58,0.1,0.49,612.0
2020-07-09 18:00:00,86.5,60,0.2,0.36,437.0
2020-07-09 19:00:00,85.3,72,0.2,0.22,254.0
2020-07-09 20:00:00,85.0,76,0.0,0.09,110.0
2020-07-09 21:00:00,83.2,86,0.0,0.02,11.0
2020-07-09 22:00:00,81.8,86,0.0,0.0,0.0
2020-07-09 23:00:00,80.6,90,0.0,0.0,0.0
2020-07-10 00:00:00,79.8,93,0.0,0.0,0.0
2020-07-10 01:00:00,79.1,94,0.0,0.0,0.0
2020-07-10 02:00:00,78.5,95,0.0,0.0,0.0
2020-07-10 03:00:00,78.2,95,0.0,0.0,0.0
2020-07-10 04:00:00,77.9,95,0.0,0.0,0.0
2020-07-10 05:00:00,77.5,96,0.0,0.0,0.0
2020-07-10 06:00:00,77.4,97,0.0,0.0,0.0
2020-07-10 07:00:00,77.2,98,0.0,0.0,3.0
2020-07-10 08:00:00,80.2,92,0.0,0.06,93.0
2020-07-10 09:00:00,81.0,83,0.0,0.19,273.0
2020-07-10 10:00:00,82.6,73,0.0,0.35,476.0
2020-07-10 11:00:00,84.6,67,0.0,0.48,642.0
2020-07-10 12:00:00,86.5,64,0.0,0.55,714.0
2020-07-10 13:00:00,88.1,62,0.0,0.6,774.0
2020-07-10 14:00:00,89.1,63,0.0,0.59,749.0
2020-07-10 15:00:00,90.0,57,0.1,0.64,810.0
2020-07-10 16:00:00,90.4,56,0.0,0.57,699.0
2020-07-10 17:00:00,90.4,55,0.0,0.48,579.0
2020-07-10 18:00:00,90.0,55,0.0,0.36,419.0
2020-07-10 19:00:00,89.0,62,0.1,0.24,268.0
2020-07-10 20:00:00,86.5,69,0.8,0.13,98.0
2020-07-10 21:00:00,85.2,75,0.0,0.05,11.0
2020-07-10 22:00:00,83.9,76,0.0,0.02,0.0
2020-07-10 23:00:00,82.8,81,0.0,0.01,0.0
2020-07-11 00:00:00,81.7,87,0.0,0.0,0.0
2020-07-11 01:00:00,80.9,88,0.0,0.0,0.0
2020-07-11 02:00:00,80.2,89,0.0,0.0,0.0
2020-07-11 03:00:00,79.8,87,0.0,0.0,0.0
2020-07-11 04:00:00,79.3,85,0.0,0.01,0.0
2020-07-11 05:00:00,78.8,85,0.0,0.01,0.0
2020-07-11 06:00:00,78.3,87,0.0,0.01,0.0
2020-07-11 07:00:00,77.9,88,0.0,0.02,3.0
2020-07-11 08:00:00,78.8,84,0.0,0.07,94.0
2020-07-11 09:00:00,80.2,77,0.0,0.21,282.0
2020-07-11 10:00:00,82.3,70,0.0,0.36,486.0
2020-07-11 11:00:00,84.7,61,0.0,0.52,673.0
2020-07-11 12:00:00,86.9,56,0.0,0.61,766.0
2020-07-11 13:00:00,88.9,51,0.0,0.7,869.0
2020-07-11 14:00:00,90.2,48,0.0,0.7,850.0
2020-07-11 15:00:00,91.2,45,0.0,0.67,793.0
2020-07-11 16:00:00,91.9,43,0.0,0.62,718.0
2020-07-11 17:00:00,92.0,39,0.0,0.55,604.0
2020-07-11 18:00:00,91.9,39,0.0,0.46,514.0
2020-07-11 19:00:00,91.0,45,0.0,0.31,348.0
2020-07-11 20:00:00,89.3,53,0.0,0.17,143.0
2020-07-11 21:00:00,86.8,59,0.0,0.07,13.0
2020-07-11 22:00:00,84.2,72,0.0,0.02,0.0
2020-07-11 23:00:00,82.2,74,0.0,0.01,0.0
2020-07-12 00:00:00,80.6,79,0.0,0.01,0.0
2020-07-12 01:00:00,79.3,78,0.0,0.01,0.0
2020-07-12 02:00:00,77.9,83,0.0,0.01,0.0
2020-07-12 03:00:00,76.6,83,0.0,0.01,0.0
2020-07-12 04:00:00,75.7,80,0.0,0.01,0.0
2020-07-12 05:00:00,74.8,83,0.0,0.01,0.0
2020-07-12 06:00:00,73.9,81,0.0,0.01,0.0
2020-07-12 07:00:00,73.2,88,0.0,0.01,3.0
2020-07-12 08:00:00,74.5,77,0.0,0.07,102.0
2020-07-12 09:00:00,77.1,66,0.0,0.2,294.0
2020-07-12 10:00:00,80.3,56,0.0,0.37,500.0
2020-07-12 11:00:00,83.6,45,0.0,0.54,686.0
2020-07-12 12:00:00,86.5,40,0.0,0.68,836.0
2020-07-12 13:00:00,88.9,37,0.0,0.75,923.0
2020-07-12 14:00:00,91.0,35,0.0,0.79,967.0
2020-07-12 15:00:00,92.6,34,0.0,0.79,946.0
2020-07-12 16:00:00,93.5,33,0.0,0.73,867.0
2020-07-12 17:00:00,93.7,33,0.0,0.59,709.0
2020-07-12 18:00:00,93.3,36,0.0,0.44,515.0
2020-07-12 19:00:00,92.2,38,0.0,0.32,325.0
2020-07-12 20:00:00,90.2,50,0.0,0.18,136.0
2020-07-12 21:00:00,87.6,62,0.0,0.08,12.0
2020-07-12 22:00:00,85.6,67,0.0,0.06,0.0
2020-07-12 23:00:00,83.8,74,0.0,0.04,0.0
2020-07-13 00:00:00,82.5,75,0.0,0.04,0.0
2020-07-13 01:00:00,81.3,75,0.0,0.03,0.0
2020-07-13 02:00:00,80.4,75,0.0,0.03,0.0
2020-07-13 03:00:00,79.7,78,0.0,0.03,0.0
2020-07-13 04:00:00,79.3,79,0.0,0.02,0.0
2020-07-13 05:00:00,78.8,81,0.0,0.02,0.0
2020-07-13 06:00:00,78.2,84,0.0,0.01,0.0
2020-07-13 07:00:00,77.5,86,0.0,0.01,3.0
2020-07-13 08:00:00,77.5,75,0.0,0.07,76.0
2020-07-13 09:00:00,79.1,70,0.0,0.17,215.0
2020-07-13 10:00:00,81.4,64,0.0,0.32,441.0
2020-07-13 11:00:00,83.8,60,0.0,0.43,569.0
2020-07-13 12:00:00,86.3,55,0.0,0.56,716.0
2020-07-13 13:00:00,88.9,48,0.0,0.71,897.0
2020-07-13 14:00:00,90.9,50,0.0,0.72,889.0
2020-07-13 15:00:00,92.0,51,0.0,0.66,815.0
2020-07-13 16:00:00,92.9,51,0.0,0.63,768.0
2020-07-13 17:00:00,92.9,50,0.0,0.49,568.0
2020-07-13 18:00:00,92.8,49,0.0,0.42,470.0
2020-07-13 19:00:00,91.8,52,0.0,0.3,291.0
2020-07-13 20:00:00,88.9,66,0.0,0.14,117.0
2020-07-13 21:00:00,87.1,71,0.0,0.07,12.0
2020-07-13 22:00:00,85.5,75,0.0,0.04,0.0
2020-07-13 23:00:00,84.1,81,0.0,0.02,0.0
2020-07-14 00:00:00,82.9,85,0.0,0.01,0.0
2020-07-14 01:00:00,82.0,89,0.0,0.01,0.0
2020-07-14 02:00:00,81.1,94,0.0,0.0,0.0
2020-07-14 03:00:00,80.5,96,0.0,0.0,0.0
2020-07-14 04:00:00,80.0,98,0.0,0.0,0.0
2020-07-14 05:00:00,79.5,98,0.0,0.0,0.0
2020-07-14 06:00:00,79.1,98,0.0,0.0,0.0
2020-07-14 07:00:00,78.7,99,0.0,0.0,3.0
2020-07-14 08:00:00,80.1,93,0.0,0.06,90.0
2020-07-14 09:00:00,81.6,85,0.1,0.15,210.0
2020-07-14 10:00:00,83.5,81,0.1,0.24,321.0
2020-07-14 11:00:00,85.2,77,0.1,0.32,411.0
2020-07-14 12:00:00,87.1,68,0.1,0.41,532.0
2020-07-14 13:00:00,89.2,58,0.0,0.49,617.0
2020-07-14 14:00:00,91.2,52,0.0,0.57,698.0
2020-07-14 15:00:00,92.6,51,0.0,0.56,646.0
2020-07-14 16:00:00,88.5,87,6.7,0.31,440.0
2020-07-14 17:00:00,87.8,80,0.1,0.35,473.0
2020-07-14 18:00:00,88.3,72,0.1,0.34,450.0
2020-07-14 19:00:00,88.0,61,0.0,0.23,282.0
2020-07-14 20:00:00,88.7,64,0.0,0.11,102.0
2020-07-14 21:00:00,86.6,74,0.0,0.03,8.0
2020-07-14 22:00:00,85.1,74,0.0,0.03,0.0
2020-07-14 23:00:00,83.8,82,0.0,0.01,0.0
2020-07-15 00:00:00,82.6,89,0.0,0.0,0.0
2020-07-15 01:00:00,81.7,92,0.0,0.0,0.0
2020-07-15 02:00:00,80.8,95,0.0,0.0,0.0
2020-07-15 03:00:00,80.1,96,0.0,0.0,0.0
2020-07-15 04:00:00,79.5,96,0.0,0.0,0.0
2020-07-15 05:00:00,78.9,97,0.0,0.0,0.0
2020-07-15 06:00:00,78.4,98,0.0,0.0,0.0
2020-07-15 07:00:00,78.0,98,0.0,0.0,3.0
2020-07-15 08:00:00,79.2,93,0.0,0.05,80.0
2020-07-15 09:00:00,80.9,83,0.0,0.16,213.0
2020-07-15 10:00:00,83.5,72,0.0,0.32,424.0
2020-07-15 11:00:00,86.1,66,0.0,0.4,525.0
2020-07-15 12:00:00,88.8,57,0.0,0.52,658.0
2020-07-15 13:00:00,91.0,49,0.1,0.57,701.0
2020-07-15 14:00:00,90.5,77,3.5,0.5,726.0
2020-07-15 15:00:00,89.8,67,0.0,0.48,630.0
2020-07-15 16:00:00,90.2,60,0.5,0.45,559.0
2020-07-15 17:00:00,90.6,53,0.0,0.44,531.0
2020-07-15 18:00:00,90.1,55,0.0,0.31,351.0
2020-07-15 19:00:00,89.2,60,0.1,0.19,215.0
2020-07-15 20:00:00,89.8,80,0.1,0.09,92.0
2020-07-15 21:00:00,84.9,90,1.0,0.02,6.0
2020-07-15 22:00:00,81.8,99,1.4,0.0,0.0
2020-07-15 23:00:00,80.1,99,0.7,0.0,0.0
2020-07-16 00:00:00,79.1,99,0.3,0.0,0.0
2020-07-16 01:00:00,78.4,99,0.0,0.0,0.0
2020-07-16 02:00:00,77.8,99,0.0,0.0,0.0
2020-07-16 03:00:00,77.5,97,0.0,0.0,0.0
2020-07-16 04:00:00,77.2,100,0.0,0.0,0.0
2020-07-16 05:00:00,76.8,100,0.0,0.0,0.0
2020-07-16 06:00:00,76.3,100,0.0,0.0,0.0
2020-07-16 07:00:00,76.1,100,0.0,0.0,2.0
2020-07-16 08:00:00,75.8,97,0.0,0.04,74.0
2020-07-16 09:00:00,77.1,89,0.0,0.14,220.0
2020-07-16 10:00:00,79.3,80,0.0,0.28,406.0
2020-07-16 11:00:00,81.9,70,0.0,0.37,491.0
2020-07-16 12:00:00,85.3,57,0.0,0.53,675.0
2020-07-16 13:00:00,89.0,45,0.0,0.7,879.0
2020-07-16 14:00:00,92.0,40,0.0,0.76,928.0
2020-07-16 15:00:00,93.7,40,0.1,0.7,829.0
2020-07-16 16:00:00,94.3,42,0.1,0.57,660.0
2020-07-16 17:00:00,94.4,41,0.1,0.5,558.0
2020-07-16 18:00:00,93.8,40,0.1,0.41,432.0
2020-07-16 19:00:00,92.8,41,0.0,0.29,279.0
2020-07-16 20:00:00,91.0,46,0.0,0.14,120.0
2020-07-16 21:00:00,88.7,51,0.0,0.12,11.0
2020-07-16 22:00:00,86.8,58,0.0,0.09,0.0
2020-07-16 23:00:00,85.1,63,0.0,0.06,0.0
2020-07-17 00:00:00,83.5,70,0.0,0.04,0.0
2020-07-17 01:00:00,82.0,76,0.0,0.02,0.0
2020-07-17 02:00:00,80.6,82,0.0,0.01,0.0
2020-07-17 03:00:00,79.3,86,0.0,0.0,0.0
2020-07-17 04:00:00,78.1,89,0.0,0.0,0.0
2020-07-17 05:00:00,77.1,92,0.0,0.0,0.0
2020-07-17 06:00:00,76.3,94,0.0,0.0,0.0
2020-07-17 07:00:00,75.7,96,0.0,0.0,2.0
2020-07-17 08:00:00,76.2,89,0.0,0.05,91.0
2020-07-17 09:00:00,78.8,78,0.0,0.19,277.0
2020-07-17 10:00:00,82.0,62,0.1,0.35,470.0
2020-07-17 11:00:00,85.2,54,0.2,0.46,581.0
2020-07-17 12:00:00,87.9,55,0.1,0.55,700.0
2020-07-17 13:00:00,90.3,54,0.0,0.59,732.0
2020-07-17 14:00:00,92.5,50,0.0,0.64,773.0
2020-07-17 15:00:00,91.8,66,1.0,0.48,623.0
2020-07-17 16:00:00,91.4,52,0.0,0.48,564.0
2020-07-17 17:00:00,92.6,48,0.0,0.55,662.0
2020-07-17 18:00:00,92.2,50,0.0,0.37,386.0
2020-07-17 19:00:00,91.3,53,0.0,0.28,261.0
2020-07-17 20:00:00,89.9,55,0.0,0.15,116.0
2020-07-17 21:00:00,87.7,64,0.1,0.04,9.0
2020-07-17 22:00:00,85.8,66,0.0,0.04,0.0
2020-07-17 23:00:00,84.3,71,0.0,0.04,0.0
2020-07-18 00:00:00,83.0,77,0.0,0.02,0.0
2020-07-18 01:00:00,81.8,82,0.0,0.01,0.0
2020-07-18 02:00:00,80.7,88,0.0,0.0,0.0
2020-07-18 03:00:00,79.5,92,0.0,0.0,0.0
2020-07-18 04:00:00,78.5,95,0.0,0.0,0.0
2020-07-18 05:00:00,77.8,96,0.0,0.0,0.0
2020-07-18 06:00:00,77.2,97,0.0,0.0,0.0
2020-07-18 07:00:00,76.8,98,0.0,0.0,2.0
2020-07-18 08:00:00,77.5,92,0.0,0.05,88.0
2020-07-18 09:00:00,79.8,78,0.0,0.19,274.0
2020-07-18 10:00:00,82.9,63,0.0,0.34,471.0
2020-07-18 11:00:00,86.1,54,0.0,0.47,596.0
2020-07-18 12:00:00,89.0,49,0.0,0.57,707.0
2020-07-18 13:00:00,91.5,46,0.0,0.63,756.0
2020-07-18 14:00:00,93.6,45,0.0,0.66,775.0
2020-07-18 15:00:00,95.0,44,0.0,0.65,752.0
2020-07-18 16:00:00,94.9,61,1.1,0.51,626.0
2020-07-18 17:00:00,91.6,57,0.2,0.4,453.0
2020-07-18 18:00:00,91.0,51,0.0,0.38,427.0
2020-07-18 19:00:00,90.2,53,0.0,0.26,266.0
2020-07-18 20:00:00,90.3,61,0.0,0.11,119.0
2020-07-18 21:00:00,87.9,70,0.2,0.03,9.0
2020-07-18 22:00:00,85.9,72,0.0,0.01,0.0
2020-07-18 23:00:00,84.3,75,0.0,0.01,0.0
2020-07-19 00:00:00,82.9,77,0.0,0.02,0.0
2020-07-19 01:00:00,81.9,80,0.0,0.01,0.0
2020-07-19 02:00:00,80.7,84,0.0,0.01,0.0
2020-07-19 03:00:00,79.7,88,0.0,0.0,0.0
2020-07-19 04:00:00,78.9,92,0.0,0.0,0.0
2020-07-19 05:00:00,78.1,95,0.0,0.0,0.0
2020-07-19 06:00:00,77.3,96,0.0,0.0,0.0
2020-07-19 07:00:00,76.6,96,0.0,0.0,2.0
2020-07-19 08:00:00,77.1,87,0.0,0.05,87.0
2020-07-19 09:00:00,79.6,75,0.0,0.19,270.0
2020-07-19 10:00:00,83.0,61,0.0,0.35,473.0
2020-07-19 11:00:00,86.5,53,0.0,0.45,592.0
2020-07-19 12:00:00,89.9,48,0.0,0.57,727.0
2020-07-19 13:00:00,92.8,45,0.0,0.64,790.0
2020-07-19 14:00:00,95.1,43,0.0,0.68,817.0
2020-07-19 15:00:00,96.8,42,0.0,0.68,796.0
2020-07-19 16:00:00,97.3,44,0.0,0.56,638.0
2020-07-19 17:00:00,97.2,44,0.0,0.47,519.0
2020-07-19 18:00:00,95.5,54,0.2,0.37,400.0
2020-07-19 19:00:00,93.5,54,0.0,0.23,231.0
2020-07-19 20:00:00,91.8,57,0.0,0.15,103.0
2020-07-19 21:00:00,89.5,66,0.0,0.06,8.0
2020-07-19 22:00:00,87.6,69,0.0,0.03,0.0
2020-07-19 23:00:00,86.1,70,0.0,0.02,0.0
2020-07-20 00:00:00,84.8,73,0.0,0.04,0.0
2020-07-20 01:00:00,83.8,76,0.0,0.03,0.0
2020-07-20 02:00:00,82.8,79,0.0,0.02,0.0
2020-07-20 03:00:00,81.7,83,0.0,0.01,0.0
2020-07-20 04:00:00,80.7,87,0.0,0.0,0.0
2020-07-20 05:00:00,79.5,91,0.0,0.0,0.0
2020-07-20 06:00:00,78.4,95,0.0,0.0,0.0
2020-07-20 07:00:00,77.4,96,0.0,0.0,2.0
2020-07-20 08:00:00,78.4,86,0.0,0.05,86.0
2020-07-20 09:00:00,80.7,73,0.0,0.18,269.0
2020-07-20 10:00:00,84.0,62,0.0,0.35,474.0
2020-07-20 11:00:00,87.7,52,0.0,0.51,661.0
2020-07-20 12:00:00,91.3,43,0.0,0.63,786.0
2020-07-20 13:00:00,94.3,39,0.0,0.7,823.0
2020-07-20 14:00:00,96.4,37,0.0,0.72,839.0
2020-07-20 15:00:00,98.1,35,0.0,0.73,847.0
2020-07-20 16:00:00,99.0,34,0.1,0.66,747.0
2020-07-20 17:00:00,99.2,33,0.0,0.6,632.0
2020-07-20 18:00:00,98.4,37,0.0,0.47,464.0
2020-07-20 19:00:00,96.9,40,0.0,0.33,296.0
2020-07-20 20:00:00,93.9,49,0.0,0.2,127.0
2020-07-20 21:00:00,91.7,57,0.0,0.1,8.0
2020-07-20 22:00:00,89.9,58,0.0,0.06,0.0
2020-07-20 23:00:00,88.4,60,0.0,0.07,0.0
2020-07-21 00:00:00,87.1,65,0.0,0.05,0.0
2020-07-21 01:00:00,85.7,70,0.0,0.02,0.0
2020-07-21 02:00:00,84.2,75,0.0,0.01,0.0
2020-07-21 03:00:00,82.9,80,0.0,0.01,0.0
2020-07-21 04:00:00,81.7,85,0.0,0.01,0.0
2020-07-21 05:00:00,80.7,89,0.0,0.0,0.0
2020-07-21 06:00:00,79.8,92,0.0,0.0,0.0
2020-07-21 07:00:00,78.9,94,0.0,0.0,2.0
2020-07-21 08:00:00,80.0,86,0.0,0.06,84.0
2020-07-21 09:00:00,81.9,75,0.0,0.19,263.0
2020-07-21 10:00:00,84.9,60,0.0,0.36,476.0
2020-07-21 11:00:00,88.4,48,0.0,0.51,646.0
2020-07-21 12:00:00,91.7,43,0.0,0.6,731.0
2020-07-21 13:00:00,94.7,39,0.0,0.67,809.0
2020-07-21 14:00:00,97.1,38,0.0,0.69,823.0
2020-07-21 15:00:00,98.2,40,0.0,0.58,669.0
2020-07-21 16:00:00,98.6,43,0.0,0.56,604.0
2020-07-21 17:00:00,96.8,53,0.2,0.44,508.0
2020-07-21 18:00:00,95.3,53,0.0,0.35,386.0
2020-07-21 19:00:00,93.8,57,0.0,0.24,256.0
2020-07-21 20:00:00,90.6,58,0.3,0.13,105.0
2020-07-21 21:00:00,88.4,67,0.0,0.05,9.0
2020-07-21 22:00:00,86.5,72,0.0,0.03,0.0
2020-07-21 23:00:00,84.9,74,0.0,0.02,0.0
2020-07-22 00:00:00,83.5,77,0.0,0.02,0.0
2020-07-22 01:00:00,82.1,81,0.0,0.01,0.0
2020-07-22 02:00:00,81.1,83,0.0,0.01,0.0
2020-07-22 03:00:00,80.2,86,0.0,0.01,0.0
2020-07-22 04:00:00,79.5,89,0.0,0.0,0.0
2020-07-22 05:00:00,78.8,92,0.0,0.0,0.0
2020-07-22 06:00:00,78.3,96,0.0,0.0,0.0
2020-07-22 07:00:00,77.8,96,0.0,0.0,1.0
2020-07-22 08:00:00,77.2,87,0.0,0.05,82.0
2020-07-22 09:00:00,79.5,77,0.0,0.19,259.0
2020-07-22 10:00:00,82.9,66,0.0,0.35,466.0
2020-07-22 11:00:00,86.1,59,0.0,0.47,591.0
2020-07-22 12:00:00,89.2,53,0.2,0.56,687.0
2020-07-22 13:00:00,88.6,67,1.0,0.44,565.0
2020-07-22 14:00:00,89.4,61,0.5,0.54,686.0
2020-07-22 15:00:00,90.0,59,0.2,0.56,693.0
2020-07-22 16:00:00,91.0,54,0.0,0.53,616.0
2020-07-22 17:00:00,90.8,61,0.3,0.42,490.0
2020-07-22 18:00:00,89.7,60,0.0,0.34,361.0
2020-07-22 19:00:00,89.1,62,0.0,0.27,280.0
2020-07-22 20:00:00,82.6,87,0.0,0.08,120.0
2020-07-22 21:00:00,81.4,88,0.1,0.02,8.0
2020-07-22 22:00:00,80.5,89,0.2,0.0,0.0
2020-07-22 23:00:00,80.0,90,0.0,0.0,0.0
2020-07-23 00:00:00,79.5,93,0.0,0.0,0.0
2020-07-23 01:00:00,79.2,94,0.0,0.0,0.0
2020-07-23 02:00:00,78.8,96,0.0,0.0,0.0
2020-07-23 03:00:00,78.5,98,0.0,0.0,0.0
2020-07-23 04:00:00,78.2,98,0.0,0.0,0.0
2020-07-23 05:00:00,77.9,98,0.0,0.0,0.0
2020-07-23 06:00:00,77.5,98,0.0,0.0,0.0
2020-07-23 07:00:00,77.3,98,0.0,0.0,1.0
2020-07-23 08:00:00,79.0,92,0.0,0.05,80.0
2020-07-23 09:00:00,80.4,84,0.2,0.18,255.0
2020-07-23 10:00:00,80.1,87,4.0,0.19,280.0
2020-07-23 11:00:00,80.5,82,0.0,0.23,311.0
2020-07-23 12:00:00,82.1,73,0.2,0.39,512.0
2020-07-23 13:00:00,84.7,67,0.1,0.58,768.0
2020-07-23 14:00:00,87.1,57,0.1,0.66,837.0
2020-07-23 15:00:00,85.9,69,2.0,0.45,586.0
2020-07-23 16:00:00,85.7,69,0.3,0.39,497.0
2020-07-23 17:00:00,85.5,76,1.0,0.32,421.0
2020-07-23 18:00:00,84.6,79,2.0,0.27,373.0
2020-07-23 19:00:00,83.1,83,0.1,0.15,206.0
2020-07-23 20:00:00,82.9,85,0.0,0.07,104.0
2020-07-23 21:00:00,81.4,90,0.0,0.01,8.0
2020-07-23 22:00:00,80.2,93,0.1,0.0,0.0
2020-07-23 23:00:00,79.1,94,2.5,0.0,0.0
2020-07-24 00:00:00,77.8,98,0.4,0.0,0.0
2020-07-24 01:00:00,77.2,98,0.0,0.0,0.0
2020-07-24 02:00:00,76.6,98,0.0,0.0,0.0
2020-07-24 03:00:00,76.0,98,0.0,0.0,0.0
2020-07-24 04:00:00,75.4,98,0.0,0.0,0.0
2020-07-24 05:00:00,74.8,98,0.0,0.0,0.0
2020-07-24 06:00:00,74.5,98,0.0,0.0,0.0
2020-07-24 07:00:00,74.3,98,0.0,0.0,1.0
2020-07-24 08:00:00,74.8,94,0.0,0.04,79.0
2020-07-24 09:00:00,76.6,85,0.0,0.17,255.0
2020-07-24 10:00:00,79.2,74,0.0,0.33,457.0
2020-07-24 11:00:00,81.7,64,0.0,0.44,576.0
2020-07-24 12:00:00,84.5,56,0.0,0.56,728.0
2020-07-24 13:00:00,86.8,52,0.0,0.65,821.0
2020-07-24 14:00:00,88.3,49,0.0,0.63,772.0
2020-07-24 15:00:00,89.4,52,0.0,0.62,774.0
2020-07-24 16:00:00,89.9,50,0.0,0.56,673.0
2020-07-24 17:00:00,89.3,60,0.6,0.43,539.0
2020-07-24 18:00:00,88.0,66,0.0,0.33,407.0
2020-07-24 19:00:00,86.4,71,0.2,0.17,198.0
2020-07-24 20:00:00,85.7,72,0.0,0.08,86.0
2020-07-24 21:00:00,83.8,75,0.0,0.02,7.0
2020-07-24 22:00:00,82.3,75,0.0,0.0,0.0
2020-07-24 23:00:00,81.1,87,0.0,0.0,0.0
2020-07-25 00:00:00,80.2,83,0.0,0.01,0.0
2020-07-25 01:00:00,79.6,82,0.0,0.01,0.0
2020-07-25 02:00:00,79.0,84,0.0,0.01,0.0
2020-07-25 03:00:00,78.4,87,0.0,0.01,0.0
2020-07-25 04:00:00,78.0,88,0.0,0.0,0.0
2020-07-25 05:00:00,77.5,91,0.0,0.0,0.0
2020-07-25 06:00:00,77.0,94,0.0,0.0,0.0
2020-07-25 07:00:00,76.6,96,0.0,0.0,1.0
2020-07-25 08:00:00,76.6,93,0.0,0.04,56.0
2020-07-25 09:00:00,77.6,87,0.0,0.09,121.0
2020-07-25 10:00:00,79.0,83,0.0,0.15,198.0
2020-07-25 11:00:00,80.8,76,0.0,0.27,347.0
2020-07-25 12:00:00,82.2,70,0.1,0.29,352.0
2020-07-25 13:00:00,83.5,68,0.0,0.32,383.0
2020-07-25 14:00:00,85.6,58,0.0,0.49,613.0
2020-07-25 15:00:00,87.1,54,0.0,0.49,581.0
2020-07-25 16:00:00,86.3,73,1.5,0.42,572.0
2020-07-25 17:00:00,86.0,64,0.0,0.36,437.0
2020-07-25 18:00:00,86.0,68,0.5,0.31,392.0
2020-07-25 19:00:00,84.3,80,0.6,0.17,227.0
2020-07-25 20:00:00,86.5,62,0.8,0.09,72.0
2020-07-25 21:00:00,84.5,64,0.0,0.06,6.0
2020-07-25 22:00:00,83.1,70,0.0,0.04,0.0
2020-07-25 23:00:00,81.8,74,0.4,0.01,0.0
2020-07-26 00:00:00,80.5,80,0.0,0.0,0.0
2020-07-26 01:00:00,79.4,82,0.0,0.01,0.0
2020-07-26 02:00:00,78.5,88,0.0,0.0,0.0
2020-07-26 03:00:00,77.7,93,0.0,0.0,0.0
2020-07-26 04:00:00,77.2,96,0.0,0.0,0.0
2020-07-26 05:00:00,76.7,98,0.0,0.0,0.0
2020-07-26 06:00:00,76.5,99,0.0,0.0,0.0
2020-07-26 07:00:00,76.3,99,0.0,0.0,1.0
2020-07-26 08:00:00,77.2,95,0.0,0.04,77.0
2020-07-26 09:00:00,78.7,83,0.0,0.17,256.0
2020-07-26 10:00:00,81.1,73,0.2,0.32,443.0
2020-07-26 11:00:00,83.3,66,0.3,0.42,559.0
2020-07-26 12:00:00,85.7,57,0.1,0.53,690.0
2020-07-26 13:00:00,88.2,52,0.0,0.62,795.0
2020-07-26 14:00:00,90.1,51,0.0,0.62,788.0
2020-07-26 15:00:00,91.2,54,1.2,0.57,703.0
2020-07-26 16:00:00,87.0,86,4.2,0.37,538.0
2020-07-26 17:00:00,85.0,80,0.4,0.3,416.0
2020-07-26 18:00:00,84.7,70,0.0,0.27,344.0
2020-07-26 19:00:00,84.6,69,0.0,0.21,248.0
2020-07-26 20:00:00,85.1,81,0.0,0.08,89.0
2020-07-26 21:00:00,83.4,87,0.0,0.02,6.0
2020-07-26 22:00:00,82.0,88,0.0,0.0,0.0
2020-07-26 23:00:00,80.7,92,0.0,0.0,0.0
2020-07-27 00:00:00,79.7,92,0.0,0.0,0.0
2020-07-27 01:00:00,79.1,92,0.0,0.0,0.0
2020-07-27 02:00:00,78.5,92,0.0,0.0,0.0
2020-07-27 03:00:00,78.0,94,0.0,0.0,0.0
2020-07-27 04:00:00,77.5,96,0.0,0.0,0.0
2020-07-27 05:00:00,76.8,97,0.0,0.0,0.0
2020-07-27 06:00:00,76.4,98,0.0,0.0,0.0
2020-07-27 07:00:00,75.9,98,0.0,0.0,1.0
2020-07-27 08:00:00,75.8,93,0.0,0.04,74.0
2020-07-27 09:00:00,78.1,84,0.0,0.16,248.0
2020-07-27 10:00:00,81.1,71,0.0,0.32,451.0
2020-07-27 11:00:00,84.3,63,0.0,0.48,635.0
2020-07-27 12:00:00,86.9,57,0.0,0.54,689.0
2020-07-27 13:00:00,89.0,49,0.0,0.58,691.0
2020-07-27 14:00:00,87.2,80,3.7,0.49,705.0
2020-07-27 15:00:00,87.9,58,0.0,0.56,712.0
2020-07-27 16:00:00,89.0,62,0.4,0.53,685.0
2020-07-27 17:00:00,87.5,62,0.4,0.36,437.0
2020-07-27 18:00:00,87.0,63,0.1,0.3,355.0
2020-07-27 19:00:00,86.4,67,0.0,0.22,263.0
2020-07-27 20:00:00,85.0,70,0.0,0.11,102.0
2020-07-27 21:00:00,83.6,77,0.0,0.04,6.0
2020-07-27 22:00:00,82.3,82,0.0,0.01,0.0
2020-07-27 23:00:00,81.1,86,0.0,0.01,0.0
2020-07-28 00:00:00,80.3,89,0.0,0.01,0.0
2020-07-28 01:00:00,79.8,91,0.0,0.0,0.0
2020-07-28 02:00:00,79.3,92,0.0,0.0,0.0
2020-07-28 03:00:00,78.7,92,0.0,0.0,0.0
2020-07-28 04:00:00,78.1,94,0.0,0.0,0.0
2020-07-28 05:00:00,77.5,95,0.0,0.0,0.0
2020-07-28 06:00:00,77.1,96,0.0,0.0,0.0
2020-07-28 07:00:00,76.7,96,0.0,0.0,1.0
2020-07-28 08:00:00,76.6,87,0.0,0.05,68.0
2020-07-28 09:00:00,78.4,78,0.0,0.17,232.0
2020-07-28 10:00:00,80.7,68,0.0,0.31,403.0
2020-07-28 11:00:00,82.9,59,0.0,0.42,527.0
2020-07-28 12:00:00,84.7,55,0.0,0.44,539.0
2020-07-28 13:00:00,86.6,51,0.0,0.55,671.0
2020-07-28 14:00:00,88.0,50,0.0,0.51,609.0
2020-07-28 15:00:00,88.7,51,0.0,0.47,514.0
2020-07-28 16:00:00,85.5,86,2.6,0.24,322.0
2020-07-28 17:00:00,83.8,80,0.3,0.19,231.0
2020-07-28 18:00:00,83.9,64,0.0,0.33,391.0
2020-07-28 19:00:00,83.4,67,0.1,0.18,178.0
2020-07-28 20:00:00,80.6,99,0.0,0.03,50.0
2020-07-28 21:00:00,79.0,99,0.4,0.01,1.0
2020-07-28 22:00:00,78.1,96,0.1,0.0,0.0
2020-07-28 23:00:00,77.4,96,0.0,0.0,0.0
2020-07-29 00:00:00,76.9,96,0.0,0.0,0.0
2020-07-29 01:00:00,76.5,96,0.0,0.0,0.0
2020-07-29 02:00:00,76.2,96,0.0,0.0,0.0
2020-07-29 03:00:00,76.0,98,0.0,0.0,0.0
2020-07-29 04:00:00,75.9,99,0.0,0.0,0.0
2020-07-29 05:00:00,75.8,99,0.0,0.0,0.0
2020-07-29 06:00:00,75.8,99,0.0,0.0,0.0
2020-07-29 07:00:00,75.7,99,0.5,0.01,0.0
2020-07-29 08:00:00,75.1,98,0.6,0.02,32.0
2020-07-29 09:00:00,75.7,95,0.6,0.08,125.0
2020-07-29 10:00:00,76.9,91,0.0,0.16,240.0
2020-07-29 11:00:00,78.3,85,0.0,0.22,300.0
2020-07-29 12:00:00,80.9,72,0.0,0.46,628.0
2020-07-29 13:00:00,83.7,63,0.0,0.59,780.0
2020-07-29 14:00:00,85.7,59,0.0,0.62,795.0
2020-07-29 15:00:00,86.3,61,0.3,0.52,667.0
2020-07-29 16:00:00,85.8,61,0.0,0.38,446.0
2020-07-29 17:00:00,85.0,71,0.0,0.25,275.0
2020-07-29 18:00:00,84.3,71,0.0,0.2,209.0
2020-07-29 19:00:00,83.7,74,0.0,0.17,175.0
2020-07-29 20:00:00,81.9,77,0.0,0.08,61.0
2020-07-29 21:00:00,80.8,84,0.0,0.03,6.0
2020-07-29 22:00:00,79.8,89,0.0,0.01,0.0
2020-07-29 23:00:00,79.2,91,0.0,0.0,0.0
2020-07-30 00:00:00,78.5,95,0.0,0.0,0.0
2020-07-30 01:00:00,78.1,96,0.0,0.0,0.0
2020-07-30 02:00:00,77.6,96,0.1,0.0,0.0
2020-07-30 03:00:00,77.5,97,0.0,0.0,0.0
2020-07-30 04:00:00,77.3,97,0.0,0.0,0.0
2020-07-30 05:00:00,77.0,98,0.0,0.0,0.0
2020-07-30 06:00:00,76.6,98,0.0,0.0,0.0
2020-07-30 07:00:00,76.5,98,0.0,0.01,0.0
2020-07-30 08:00:00,76.7,95,0.0,0.04,65.0
2020-07-30 09:00:00,78.3,87,0.1,0.15,219.0
2020-07-30 10:00:00,80.0,83,0.2,0.26,358.0
2020-07-30 11:00:00,81.9,72,0.5,0.39,532.0
2020-07-30 12:00:00,81.8,79,2.2,0.35,479.0
2020-07-30 13:00:00,83.2,65,0.0,0.5,637.0
2020-07-30 14:00:00,84.4,61,0.0,0.45,538.0
2020-07-30 15:00:00,85.6,54,0.0,0.52,603.0
2020-07-30 16:00:00,86.2,60,0.1,0.45,528.0
2020-07-30 17:00:00,86.5,59,0.0,0.44,530.0
2020-07-30 18:00:00,86.5,60,0.0,0.37,430.0
2020-07-30 19:00:00,85.9,64,0.0,0.25,263.0
2020-07-30 20:00:00,84.2,70,0.0,0.1,93.0
2020-07-30 21:00:00,82.7,75,0.0,0.05,5.0
2020-07-30 22:00:00,81.7,81,0.0,0.02,0.0
2020-07-30 23:00:00,80.9,86,0.0,0.02,0.0
2020-07-31 00:00:00,80.2,89,0.0,0.01,0.0
2020-07-31 01:00:00,79.6,92,0.0,0.0,0.0
2020-07-31 02:00:00,79.1,95,0.0,0.0,0.0
2020-07-31 03:00:00,78.4,96,0.0,0.0,0.0
2020-07-31 04:00:00,77.9,97,0.0,0.0,0.0
2020-07-31 05:00:00,77.5,98,0.0,0.0,0.0
2020-07-31 06:00:00,77.1,98,0.0,0.0,0.0
2020-07-31 07:00:00,76.8,98,0.0,0.01,0.0
2020-07-31 08:00:00,76.4,93,0.0,0.04,70.0
2020-07-31 09:00:00,78.1,83,0.0,0.17,255.0
2020-07-31 10:00:00,80.3,72,0.0,0.33,453.0
2020-07-31 11:00:00,82.8,60,0.0,0.47,626.0
2020-07-31 12:00:00,85.2,51,0.0,0.61,782.0
2020-07-31 13:00:00,87.5,44,0.0,0.72,908.0
2020-07-31 14:00:00,89.3,42,0.0,0.75,924.0
2020-07-31 15:00:00,90.7,41,0.0,0.75,910.0
2020-07-31 16:00:00,91.5,39,0.0,0.7,829.0
2020-07-31 17:00:00,91.5,39,0.0,0.6,672.0
2020-07-31 18:00:00,90.9,41,0.0,0.47,497.0
2020-07-31 19:00:00,89.5,49,0.0,0.31,301.0
2020-07-31 20:00:00,87.7,55,0.0,0.16,111.0
2020-07-31 21:00:00,85.7,64,0.0,0.09,5.0
2020-07-31 22:00:00,84.1,72,0.0,0.05,0.0
2020-07-31 23:00:00,82.7,79,0.0,0.02,0.0
2020-08-01 00:00:00,81.4,85,0.0,0.01,0.0
2020-08-01 01:00:00,80.4,88,0.0,0.0,0.0
2020-08-01 02:00:00,79.5,91,0.0,0.0,0.0
2020-08-01 03:00:00,78.8,94,0.0,0.0,0.0
2020-08-01 04:00:00,78.2,95,0.0,0.0,0.0
2020-08-01 05:00:00,77.7,96,0.0,0.0,0.0
2020-08-01 06:00:00,77.3,97,0.0,0.0,0.0
2020-08-01 07:00:00,76.8,97,0.0,0.01,0.0
2020-08-01 08:00:00,77.6,91,0.0,0.04,70.0
2020-08-01 09:00:00,79.6,82,0.0,0.18,254.0
2020-08-01 10:00:00,82.1,71,0.0,0.34,461.0
2020-08-01 11:00:00,84.8,60,0.0,0.49,644.0
2020-08-01 12:00:00,87.6,49,0.0,0.62,797.0
2020-08-01 13:00:00,89.4,45,0.0,0.61,756.0
2020-08-01 14:00:00,90.9,44,0.0,0.63,778.0
2020-08-01 15:00:00,92.2,43,0.0,0.66,815.0
2020-08-01 16:00:00,93.0,42,0.0,0.61,734.0
2020-08-01 17:00:00,92.9,45,0.0,0.48,561.0
2020-08-01 18:00:00,92.4,47,0.0,0.39,441.0
2020-08-01 19:00:00,91.2,51,0.0,0.24,273.0
2020-08-01 20:00:00,90.0,64,0.0,0.1,101.0
2020-08-01 21:00:00,87.3,61,0.0,0.05,5.0
2020-08-01 22:00:00,85.2,57,0.0,0.06,0.0
2020-08-01 23:00:00,83.4,71,0.0,0.02,0.0
2020-08-02 00:00:00,81.9,67,0.0,0.03,0.0
2020-08-02 01:00:00,80.6,75,0.0,0.01,0.0
2020-08-02 02:00:00,79.9,76,0.0,0.02,0.0
2020-08-02 03:00:00,78.9,86,0.0,0.0,0.0
2020-08-02 04:00:00,77.9,86,0.0,0.0,0.0
2020-08-02 05:00:00,77.0,90,0.0,0.0,0.0
2020-08-02 06:00:00,76.3,93,0.0,0.0,0.0
2020-08-02 07:00:00,75.7,92,0.0,0.02,0.0
2020-08-02 08:00:00,75.9,86,0.0,0.04,70.0
2020-08-02 09:00:00,78.4,73,0.0,0.17,250.0
2020-08-02 10:00:00,81.5,64,0.0,0.33,453.0
2020-08-02 11:00:00,84.7,53,0.0,0.5,642.0
2020-08-02 12:00:00,87.5,45,0.0,0.62,754.0
2020-08-02 13:00:00,90.0,40,0.0,0.7,833.0
2020-08-02 14:00:00,91.9,40,0.0,0.73,859.0
2020-08-02 15:00:00,93.0,44,0.1,0.73,867.0
2020-08-02 16:00:00,93.1,46,0.0,0.59,671.0
2020-08-02 17:00:00,93.0,46,0.0,0.54,587.0
2020-08-02 18:00:00,92.0,55,0.1,0.41,452.0
2020-08-02 19:00:00,90.5,59,0.0,0.26,265.0
2020-08-02 20:00:00,89.3,68,0.0,0.12,102.0
2020-08-02 21:00:00,86.9,76,0.0,0.03,5.0
2020-08-02 22:00:00,85.0,82,0.0,0.01,0.0
2020-08-02 23:00:00,83.5,87,0.0,0.0,0.0
2020-08-03 00:00:00,82.4,91,0.0,0.0,0.0
2020-08-03 01:00:00,81.4,94,0.0,0.0,0.0
2020-08-03 02:00:00,80.6,97,0.0,0.0,0.0
2020-08-03 03:00:00,79.9,98,0.0,0.0,0.0
2020-08-03 04:00:00,79.3,99,0.0,0.0,0.0
2020-08-03 05:00:00,78.7,99,0.0,0.0,0.0
2020-08-03 06:00:00,78.4,98,0.0,0.0,0.0
2020-08-03 07:00:00,78.0,99,0.0,0.01,0.0
2020-08-03 08:00:00,78.8,93,0.0,0.04,67.0
2020-08-03 09:00:00,80.1,87,0.2,0.13,179.0
2020-08-03 10:00:00,82.0,77,0.1,0.27,354.0
2020-08-03 11:00:00,84.4,69,0.0,0.4,523.0
2020-08-03 12:00:00,86.7,63,0.1,0.49,611.0
2020-08-03 13:00:00,89.1,55,0.1,0.63,767.0
2020-08-03 14:00:00,91.0,53,0.1,0.62,740.0
2020-08-03 15:00:00,92.4,50,0.0,0.58,682.0
2020-08-03 16:00:00,93.4,54,0.8,0.53,633.0
2020-08-03 17:00:00,89.2,81,1.5,0.29,397.0
2020-08-03 18:00:00,89.1,73,0.0,0.3,397.0
2020-08-03 19:00:00,88.7,67,0.0,0.2,276.0
2020-08-03 20:00:00,89.9,44,0.0,0.18,96.0
2020-08-03 21:00:00,88.3,66,0.0,0.09,4.0
2020-08-03 22:00:00,86.8,72,0.0,0.05,0.0
2020-08-03 23:00:00,85.5,77,0.0,0.03,0.0
2020-08-04 00:00:00,84.4,82,0.0,0.02,0.0
2020-08-04 01:00:00,83.4,87,0.0,0.0,0.0
2020-08-04 02:00:00,82.4,90,0.0,0.0,0.0
2020-08-04 03:00:00,81.5,90,0.0,0.0,0.0
2020-08-04 04:00:00,80.7,94,0.0,0.0,0.0
2020-08-04 05:00:00,79.9,96,0.0,0.0,0.0
2020-08-04 06:00:00,79.0,97,0.0,0.0,0.0
2020-08-04 07:00:00,78.5,98,0.0,0.01,0.0
2020-08-04 08:00:00,78.9,92,0.0,0.04,66.0
2020-08-04 09:00:00,80.9,78,0.0,0.17,249.0
2020-08-04 10:00:00,83.8,65,0.0,0.33,447.0
2020-08-04 11:00:00,87.3,52,0.0,0.47,616.0
2020-08-04 12:00:00,90.6,45,0.0,0.58,735.0
2020-08-04 13:00:00,93.1,42,0.0,0.6,739.0
2020-08-04 14:00:00,95.3,39,0.0,0.64,766.0
2020-08-04 15:00:00,96.8,39,0.0,0.64,737.0
2020-08-04 16:00:00,96.7,41,0.1,0.51,575.0
2020-08-04 17:00:00,96.7,43,0.2,0.46,518.0
2020-08-04 18:00:00,94.6,57,0.3,0.35,407.0
2020-08-04 19:00:00,93.1,56,0.0,0.22,261.0
2020-08-04 20:00:00,91.9,64,0.2,0.11,90.0
2020-08-04 21:00:00,89.2,66,0.2,0.02,4.0
2020-08-04 22:00:00,85.8,81,1.0,0.03,0.0
2020-08-04 23:00:00,82.9,87,0.3,0.0,0.0
2020-08-05 00:00:00,81.1,98,0.0,0.0,0.0
2020-08-05 01:00:00,79.6,99,0.0,0.0,0.0
2020-08-05 02:00:00,78.5,98,0.0,0.0,0.0
2020-08-05 03:00:00,77.6,98,0.0,0.0,0.0
2020-08-05 04:00:00,76.9,96,0.0,0.0,0.0
2020-08-05 05:00:00,76.4,94,0.0,0.0,0.0
2020-08-05 06:00:00,76.1,95,0.0,0.0,0.0
2020-08-05 07:00:00,76.0,96,0.0,0.01,0.0
2020-08-05 08:00:00,77.1,89,0.0,0.04,65.0
2020-08-05 09:00:00,79.7,76,0.0,0.18,245.0
2020-08-05 10:00:00,83.2,59,0.0,0.34,448.0
2020-08-05 11:00:00,87.2,49,0.0,0.49,634.0
2020-08-05 12:00:00,90.9,44,0.0,0.61,748.0
2020-08-05 13:00:00,93.7,41,0.0,0.65,749.0
2020-08-05 14:00:00,95.0,42,0.0,0.56,639.0
2020-08-05 15:00:00,96.3,40,0.1,0.56,614.0
2020-08-05 16:00:00,93.7,57,1.5,0.47,564.0
2020-08-05 17:00:00,92.4,54,0.1,0.38,424.0
2020-08-05 18:00:00,92.2,49,0.0,0.34,385.0
2020-08-05 19:00:00,91.9,48,0.0,0.25,258.0
2020-08-05 20:00:00,89.8,58,0.0,0.11,68.0
2020-08-05 21:00:00,88.1,64,0.0,0.05,3.0
2020-08-05 22:00:00,86.3,64,0.0,0.04,0.0
2020-08-05 23:00:00,84.7,68,0.0,0.02,0.0
2020-08-06 00:00:00,83.0,75,0.0,0.01,0.0
2020-08-06 01:00:00,81.9,78,0.0,0.01,0.0
2020-08-06 02:00:00,80.8,82,0.0,0.01,0.0
2020-08-06 03:00:00,80.0,85,0.0,0.0,0.0
2020-08-06 04:00:00,79.3,88,0.0,0.0,0.0
2020-08-06 05:00:00,78.5,93,0.0,0.0,0.0
2020-08-06 06:00:00,78.0,94,0.0,0.0,0.0
2020-08-06 07:00:00,77.6,96,0.0,0.01,0.0
2020-08-06 08:00:00,77.5,87,0.0,0.04,56.0
2020-08-06 09:00:00,79.4,77,0.0,0.16,207.0
2020-08-06 10:00:00,82.2,68,0.0,0.3,398.0
2020-08-06 11:00:00,85.8,58,0.0,0.47,614.0
2020-08-06 12:00:00,89.6,54,0.0,0.58,751.0
2020-08-06 13:00:00,92.6,45,0.0,0.61,748.0
2020-08-06 14:00:00,90.3,83,3.1,0.39,551.0
2020-08-06 15:00:00,87.7,75,0.3,0.34,445.0
2020-08-06 16:00:00,87.1,74,0.9,0.35,443.0
2020-08-06 17:00:00,86.9,76,0.0,0.29,373.0
2020-08-06 18:00:00,87.4,66,0.0,0.3,354.0
2020-08-06 19:00:00,87.2,69,0.0,0.22,245.0
2020-08-06 20:00:00,85.6,73,0.0,0.09,72.0
2020-08-06 21:00:00,83.9,79,0.0,0.03,3.0
2020-08-06 22:00:00,82.5,84,0.0,0.01,0.0
2020-08-06 23:00:00,81.3,88,0.0,0.0,0.0
2020-08-07 00:00:00,80.4,90,0.0,0.0,0.0
2020-08-07 01:00:00,79.7,91,0.0,0.0,0.0
2020-08-07 02:00:00,79.3,91,0.0,0.0,0.0
2020-08-07 03:00:00,78.6,92,0.0,0.0,0.0
2020-08-07 04:00:00,78.3,94,0.0,0.0,0.0
2020-08-07 05:00:00,77.7,96,0.0,0.0,0.0
2020-08-07 06:00:00,77.3,97,0.0,0.0,0.0
2020-08-07 07:00:00,77.0,97,0.2,0.01,0.0
2020-08-07 08:00:00,75.6,93,0.0,0.03,47.0
2020-08-07 09:00:00,78.2,83,0.0,0.14,213.0
2020-08-07 10:00:00,81.0,74,0.1,0.27,374.0
2020-08-07 11:00:00,83.3,72,0.1,0.31,420.0
2020-08-07 12:00:00,85.5,65,0.2,0.4,525.0
2020-08-07 13:00:00,84.1,88,4.5,0.24,344.0
2020-08-07 14:00:00,82.9,85,0.5,0.24,322.0
2020-08-07 15:00:00,84.1,73,0.0,0.43,565.0
2020-08-07 16:00:00,85.1,68,0.1,0.35,438.0
2020-08-07 17:00:00,85.6,64,0.0,0.28,337.0
2020-08-07 18:00:00,85.4,68,0.0,0.18,199.0
2020-08-07 19:00:00,84.8,72,0.0,0.12,131.0
2020-08-07 20:00:00,84.4,70,0.0,0.07,38.0
2020-08-07 21:00:00,82.5,77,0.0,0.02,3.0
2020-08-07 22:00:00,81.1,82,0.0,0.01,0.0
2020-08-07 23:00:00,79.9,87,0.0,0.0,0.0
2020-08-08 00:00:00,78.8,95,0.0,0.0,0.0
2020-08-08 01:00:00,78.0,96,0.0,0.0,0.0
2020-08-08 02:00:00,77.3,96,0.0,0.0,0.0
2020-08-08 03:00:00,76.8,96,0.0,0.0,0.0
2020-08-08 04:00:00,76.4,98,0.0,0.0,0.0
2020-08-08 05:00:00,75.8,98,0.0,0.0,0.0
2020-08-08 06:00:00,75.5,98,0.0,0.0,0.0
2020-08-08 07:00:00,75.1,99,0.0,0.01,0.0
2020-08-08 08:00:00,74.6,93,0.0,0.03,51.0
2020-08-08 09:00:00,77.0,84,0.0,0.14,202.0
2020-08-08 10:00:00,79.7,76,0.0,0.25,344.0
2020-08-08 11:00:00,82.8,69,0.1,0.4,539.0
2020-08-08 12:00:00,85.4,64,0.1,0.48,632.0
2020-08-08 13:00:00,87.6,61,0.1,0.55,708.0
2020-08-08 14:00:00,89.7,58,0.0,0.62,793.0
2020-08-08 15:00:00,91.5,51,0.0,0.66,835.0
2020-08-08 16:00:00,89.7,71,2.0,0.46,601.0
2020-08-08 17:00:00,89.2,64,0.0,0.38,479.0
2020-08-08 18:00:00,88.7,74,1.9,0.31,408.0
2020-08-08 19:00:00,87.4,69,0.0,0.18,231.0
2020-08-08 20:00:00,87.9,60,0.0,0.09,84.0
2020-08-08 21:00:00,85.8,61,0.0,0.01,2.0
2020-08-08 22:00:00,84.2,75,0.0,0.0,0.0
2020-08-08 23:00:00,82.8,82,0.0,0.0,0.0
2020-08-09 00:00:00,81.6,88,0.0,0.0,0.0
2020-08-09 01:00:00,80.6,88,0.0,0.0,0.0
2020-08-09 02:00:00,79.7,88,0.0,0.0,0.0
2020-08-09 03:00:00,78.8,89,0.0,0.0,0.0
2020-08-09 04:00:00,78.0,91,0.0,0.0,0.0
2020-08-09 05:00:00,77.3,93,0.0,0.0,0.0
2020-08-09 06:00:00,76.6,96,0.0,0.0,0.0
2020-08-09 07:00:00,76.1,97,0.0,0.01,0.0
2020-08-09 08:00:00,74.9,89,0.0,0.03,59.0
2020-08-09 09:00:00,77.6,81,0.0,0.16,238.0
2020-08-09 10:00:00,81.0,68,0.0,0.32,443.0
2020-08-09 11:00:00,84.2,58,0.0,0.47,623.0
2020-08-09 12:00:00,87.3,50,0.0,0.58,750.0
2020-08-09 13:00:00,89.9,45,0.0,0.66,831.0
2020-08-09 14:00:00,91.9,41,0.0,0.68,839.0
2020-08-09 15:00:00,93.3,40,0.0,0.66,782.0
2020-08-09 16:00:00,94.2,39,0.0,0.63,738.0
2020-08-09 17:00:00,94.4,39,0.0,0.52,600.0
2020-08-09 18:00:00,93.9,40,0.0,0.39,438.0
2020-08-09 19:00:00,92.4,49,0.1,0.24,234.0
2020-08-09 20:00:00,89.9,58,0.1,0.13,69.0
2020-08-09 21:00:00,85.6,84,1.0,0.04,1.0
2020-08-09 22:00:00,82.9,87,0.0,0.0,0.0
2020-08-09 23:00:00,81.3,88,0.0,0.0,0.0
2020-08-10 00:00:00,80.1,90,0.0,0.0,0.0
2020-08-10 01:00:00,79.1,93,0.0,0.0,0.0
2020-08-10 02:00:00,78.3,95,0.0,0.0,0.0
2020-08-10 03:00:00,77.5,96,0.0,0.0,0.0
2020-08-10 04:00:00,76.9,95,0.0,0.0,0.0
2020-08-10 05:00:00,76.6,94,0.0,0.0,0.0
2020-08-10 06:00:00,76.3,94,0.0,0.0,0.0
2020-08-10 07:00:00,76.1,95,0.0,0.0,0.0
2020-08-10 08:00:00,74.5,87,0.0,0.04,56.0
2020-08-10 09:00:00,77.4,76,0.0,0.16,224.0
2020-08-10 10:00:00,80.8,64,0.0,0.32,435.0
2020-08-10 11:00:00,84.3,55,0.0,0.47,623.0
2020-08-10 12:00:00,87.5,48,0.0,0.59,757.0
2020-08-10 13:00:00,90.1,44,0.0,0.65,808.0
2020-08-10 14:00:00,92.5,41,0.0,0.69,847.0
2020-08-10 15:00:00,94.2,41,0.0,0.68,829.0
2020-08-10 16:00:00,94.9,40,0.0,0.58,665.0
2020-08-10 17:00:00,93.7,62,0.2,0.4,464.0
2020-08-10 18:00:00,91.6,63,0.0,0.28,339.0
2020-08-10 19:00:00,88.3,79,1.5,0.12,149.0
2020-08-10 20:00:00,86.7,65,0.0,0.08,54.0
2020-08-10 21:00:00,84.7,70,0.0,0.02,2.0
2020-08-10 22:00:00,82.9,71,0.0,0.02,0.0
2020-08-10 23:00:00,81.5,73,0.0,0.01,0.0
2020-08-11 00:00:00,80.3,76,0.0,0.02,0.0
2020-08-11 01:00:00,79.3,82,0.0,0.0,0.0
2020-08-11 02:00:00,78.4,84,0.0,0.0,0.0
2020-08-11 03:00:00,77.6,85,0.0,0.0,0.0
2020-08-11 04:00:00,77.0,87,0.0,0.0,0.0
2020-08-11 05:00:00,76.5,90,0.0,0.0,0.0
2020-08-11 06:00:00,76.1,90,0.0,0.0,0.0
2020-08-11 07:00:00,75.9,90,0.0,0.0,0.0
2020-08-11 08:00:00,76.0,89,0.0,0.04,49.0
2020-08-11 09:00:00,78.4,81,0.0,0.16,224.0
2020-08-11 10:00:00,81.1,71,0.1,0.31,410.0
2020-08-11 11:00:00,83.6,67,0.2,0.37,469.0
2020-08-11 12:00:00,85.9,65,0.2,0.46,584.0
2020-08-11 13:00:00,88.3,56,0.2,0.56,707.0
2020-08-11 14:00:00,87.9,77,3.0,0.31,404.0
2020-08-11 15:00:00,87.1,70,0.0,0.33,414.0
2020-08-11 16:00:00,84.8,86,6.1,0.17,222.0
2020-08-11 17:00:00,82.1,92,0.2,0.07,84.0
2020-08-11 18:00:00,81.1,92,0.4,0.1,128.0
2020-08-11 19:00:00,81.0,90,0.0,0.11,158.0
2020-08-11 20:00:00,86.9,67,0.0,0.08,66.0
2020-08-11 21:00:00,84.9,73,0.0,0.03,2.0
2020-08-11 22:00:00,83.4,78,0.0,0.02,0.0
2020-08-11 23:00:00,82.1,83,0.0,0.01,0.0
2020-08-12 00:00:00,81.1,87,0.0,0.0,0.0
2020-08-12 01:00:00,80.2,89,0.0,0.0,0.0
2020-08-12 02:00:00,79.3,92,0.0,0.0,0.0
2020-08-12 03:00:00,78.4,94,0.0,0.0,0.0
2020-08-12 04:00:00,77.7,96,0.0,0.0,0.0
2020-08-12 05:00:00,76.9,96,0.0,0.0,0.0
2020-08-12 06:00:00,76.2,96,0.0,0.0,0.0
2020-08-12 07:00:00,75.6,98,0.0,0.0,0.0
2020-08-12 08:00:00,74.0,89,0.0,0.03,54.0
2020-08-12 09:00:00,76.4,78,0.0,0.15,229.0
2020-08-12 10:00:00,79.3,70,0.0,0.3,423.0
2020-08-12 11:00:00,82.8,63,0.0,0.44,599.0
2020-08-12 12:00:00,86.0,58,0.0,0.55,728.0
2020-08-12 13:00:00,88.8,54,0.0,0.62,802.0
2020-08-12 14:00:00,91.0,51,0.0,0.64,810.0
2020-08-12 15:00:00,92.9,47,0.0,0.66,819.0
2020-08-12 16:00:00,94.0,45,0.0,0.59,724.0
2020-08-12 17:00:00,94.4,42,0.1,0.53,611.0
2020-08-12 18:00:00,91.2,74,1.3,0.25,308.0
2020-08-12 19:00:00,86.9,84,0.6,0.11,129.0
2020-08-12 20:00:00,85.0,72,0.1,0.08,42.0
2020-08-12 21:00:00,83.7,78,0.0,0.04,1.0
2020-08-12 22:00:00,82.5,78,0.0,0.01,0.0
2020-08-12 23:00:00,81.2,77,0.0,0.01,0.0
2020-08-13 00:00:00,80.4,79,0.0,0.01,0.0
2020-08-13 01:00:00,79.5,85,0.0,0.0,0.0
2020-08-13 02:00:00,78.9,88,0.0,0.0,0.0
2020-08-13 03:00:00,78.4,91,0.0,0.0,0.0
2020-08-13 04:00:00,77.8,94,0.0,0.0,0.0
2020-08-13 05:00:00,77.3,95,0.0,0.0,0.0
2020-08-13 06:00:00,76.9,96,0.0,0.0,0.0
2020-08-13 07:00:00,76.6,96,0.0,0.0,0.0
2020-08-13 08:00:00,77.1,91,0.0,0.03,46.0
2020-08-13 09:00:00,78.9,80,0.0,0.14,202.0
2020-08-13 10:00:00,81.6,70,0.0,0.3,407.0
2020-08-13 11:00:00,84.6,60,0.0,0.43,560.0
2020-08-13 12:00:00,87.5,53,0.0,0.54,690.0
2020-08-13 13:00:00,90.4,47,0.0,0.65,805.0
2020-08-13 14:00:00,91.9,54,1.3,0.62,771.0
2020-08-13 15:00:00,91.4,46,0.2,0.6,713.0
2020-08-13 16:00:00,90.9,60,0.4,0.48,587.0
2020-08-13 17:00:00,91.1,46,0.0,0.48,555.0
2020-08-13 18:00:00,91.0,45,0.0,0.37,392.0
2020-08-13 19:00:00,90.1,49,0.0,0.25,230.0
2020-08-13 20:00:00,87.7,55,0.0,0.11,72.0
2020-08-13 21:00:00,85.7,62,0.0,0.07,1.0
2020-08-13 22:00:00,83.9,69,0.0,0.03,0.0
2020-08-13 23:00:00,82.4,77,0.0,0.02,0.0
2020-08-14 00:00:00,81.2,81,0.0,0.01,0.0
2020-08-14 01:00:00,80.0,88,0.0,0.0,0.0
2020-08-14 02:00:00,78.8,93,0.0,0.0,0.0
2020-08-14 03:00:00,77.9,95,0.0,0.0,0.0
2020-08-14 04:00:00,77.3,94,0.0,0.0,0.0
2020-08-14 05:00:00,76.8,94,0.0,0.0,0.0
2020-08-14 06:00:00,76.4,95,0.0,0.0,0.0
2020-08-14 07:00:00,75.9,96,0.0,0.0,0.0
2020-08-14 08:00:00,77.2,89,0.0,0.03,53.0
2020-08-14 09:00:00,79.2,74,0.0,0.16,227.0
2020-08-14 10:00:00,81.9,64,0.0,0.31,399.0
2020-08-14 11:00:00,84.5,57,0.0,0.41,516.0
2020-08-14 12:00:00,87.1,53,0.1,0.55,683.0
2020-08-14 13:00:00,89.0,53,0.1,0.59,731.0
2020-08-14 14:00:00,89.7,48,0.0,0.52,587.0
2020-08-14 15:00:00,90.7,47,0.0,0.54,610.0
2020-08-14 16:00:00,91.3,48,0.0,0.53,588.0
2020-08-14 17:00:00,91.1,50,0.0,0.42,447.0
2020-08-14 18:00:00,90.8,50,0.0,0.37,384.0
2020-08-14 19:00:00,89.7,54,0.0,0.25,235.0
2020-08-14 20:00:00,87.4,60,0.0,0.08,70.0
2020-08-14 21:00:00,85.4,65,0.0,0.05,1.0
2020-08-14 22:00:00,84.0,69,0.0,0.04,0.0
2020-08-14 23:00:00,82.9,76,0.0,0.03,0.0
2020-08-15 00:00:00,82.0,81,0.0,0.02,0.0
2020-08-15 01:00:00,81.1,84,0.0,0.01,0.0
2020-08-15 02:00:00,80.4,86,0.0,0.01,0.0
2020-08-15 03:00:00,79.8,89,0.0,0.0,0.0
2020-08-15 04:00:00,79.2,91,0.0,0.0,0.0
2020-08-15 05:00:00,78.6,92,0.2,0.0,0.0
2020-08-15 06:00:00,78.4,90,0.1,0.0,0.0
2020-08-15 07:00:00,78.0,93,0.0,0.0,0.0
2020-08-15 08:00:00,78.4,88,0.0,0.04,45.0
2020-08-15 09:00:00,79.2,87,1.4,0.12,173.0
2020-08-15 10:00:00,80.2,84,0.4,0.21,293.0
2020-08-15 11:00:00,81.5,78,2.4,0.3,408.0
2020-08-15 12:00:00,81.6,79,0.4,0.3,402.0
2020-08-15 13:00:00,83.8,62,0.0,0.5,642.0
2020-08-15 14:00:00,86.7,54,0.1,0.65,820.0
2020-08-15 15:00:00,88.6,52,0.0,0.62,756.0
2020-08-15 16:00:00,90.0,51,0.0,0.61,728.0
2020-08-15 17:00:00,89.9,57,0.1,0.45,505.0
2020-08-15 18:00:00,88.5,68,0.2,0.3,350.0
2020-08-15 19:00:00,86.8,73,0.0,0.17,160.0
2020-08-15 20:00:00,84.2,69,0.0,0.1,50.0
2020-08-15 21:00:00,83.2,76,0.0,0.04,1.0
2020-08-15 22:00:00,82.4,78,0.0,0.03,0.0
2020-08-15 23:00:00,81.5,82,0.0,0.02,0.0
2020-08-16 00:00:00,80.7,84,0.0,0.01,0.0
2020-08-16 01:00:00,80.0,87,0.0,0.01,0.0
2020-08-16 02:00:00,79.3,89,0.0,0.0,0.0
2020-08-16 03:00:00,78.8,92,0.0,0.0,0.0
2020-08-16 04:00:00,78.3,95,0.0,0.0,0.0
2020-08-16 05:00:00,77.9,97,0.0,0.0,0.0
2020-08-16 06:00:00,77.5,98,0.0,0.0,0.0
2020-08-16 07:00:00,77.4,99,0.0,0.0,0.0
2020-08-16 08:00:00,77.3,95,0.0,0.03,47.0
2020-08-16 09:00:00,78.7,85,0.0,0.13,181.0
2020-08-16 10:00:00,80.8,77,0.0,0.23,312.0
2020-08-16 11:00:00,83.7,68,0.0,0.39,519.0
2020-08-16 12:00:00,86.9,57,0.0,0.53,684.0
2020-08-16 13:00:00,88.6,53,0.1,0.46,544.0
2020-08-16 14:00:00,90.0,49,0.2,0.47,552.0
2020-08-16 15:00:00,90.1,53,0.2,0.41,458.0
2020-08-16 16:00:00,90.8,48,0.0,0.45,511.0
2020-08-16 17:00:00,91.1,50,0.1,0.45,523.0
2020-08-16 18:00:00,90.1,57,0.2,0.28,315.0
2020-08-16 19:00:00,89.1,59,0.1,0.19,206.0
2020-08-16 20:00:00,87.9,71,0.0,0.06,59.0
2020-08-16 21:00:00,85.6,78,0.0,0.01,1.0
2020-08-16 22:00:00,83.9,77,0.0,0.01,0.0
2020-08-16 23:00:00,82.6,82,0.0,0.01,0.0
2020-08-17 00:00:00,81.5,86,0.0,0.01,0.0
2020-08-17 01:00:00,80.7,90,0.0,0.0,0.0
2020-08-17 02:00:00,79.8,95,0.0,0.0,0.0
2020-08-17 03:00:00,79.1,96,0.0,0.0,0.0
2020-08-17 04:00:00,78.5,98,0.0,0.0,0.0
2020-08-17 05:00:00,78.1,99,0.0,0.0,0.0
2020-08-17 06:00:00,77.8,99,0.0,0.0,0.0
2020-08-17 07:00:00,77.4,99,0.0,0.0,0.0
2020-08-17 08:00:00,76.9,92,0.0,0.03,50.0
2020-08-17 09:00:00,79.1,76,0.0,0.16,230.0
2020-08-17 10:00:00,82.1,62,0.0,0.33,435.0
2020-08-17 11:00:00,85.7,51,0.0,0.48,611.0
2020-08-17 12:00:00,88.6,46,0.0,0.51,633.0
2020-08-17 13:00:00,91.4,41,0.0,0.56,718.0
2020-08-17 14:00:00,93.6,38,0.1,0.58,738.0
2020-08-17 15:00:00,95.0,37,0.1,0.53,676.0
2020-08-17 16:00:00,95.7,38,0.2,0.5,630.0
2020-08-17 17:00:00,95.5,40,0.0,0.36,452.0
2020-08-17 18:00:00,93.7,49,0.0,0.22,256.0
2020-08-17 19:00:00,92.1,52,0.0,0.18,191.0
2020-08-17 20:00:00,89.4,63,0.0,0.07,62.0
2020-08-17 21:00:00,87.1,67,0.0,0.05,0.0
2020-08-17 22:00:00,85.3,73,0.0,0.02,0.0
2020-08-17 23:00:00,83.8,78,0.0,0.01,0.0
2020-08-18 00:00:00,82.4,80,0.0,0.01,0.0
2020-08-18 01:00:00,81.1,85,0.0,0.0,0.0
2020-08-18 02:00:00,79.9,85,0.0,0.0,0.0
2020-08-18 03:00:00,78.9,92,0.0,0.0,0.0
2020-08-18 04:00:00,78.1,95,0.0,0.0,0.0
2020-08-18 05:00:00,77.5,96,0.0,0.0,0.0
2020-08-18 06:00:00,76.9,98,0.0,0.0,0.0
2020-08-18 07:00:00,76.5,98,0.0,0.0,0.0
2020-08-18 08:00:00,76.6,96,0.0,0.02,47.0
2020-08-18 09:00:00,78.9,82,0.0,0.15,210.0
2020-08-18 10:00:00,82.1,70,0.0,0.32,434.0
2020-08-18 11:00:00,85.9,62,0.0,0.45,593.0
2020-08-18 12:00:00,89.4,48,0.0,0.57,715.0
2020-08-18 13:00:00,88.7,81,10.1,0.44,609.0
2020-08-18 14:00:00,86.7,83,4.2,0.49,682.0
2020-08-18 15:00:00,85.3,72,0.4,0.35,441.0
2020-08-18 16:00:00,85.6,69,0.0,0.38,498.0
2020-08-18 17:00:00,87.1,64,0.0,0.47,626.0
2020-08-18 18:00:00,87.4,60,0.0,0.35,439.0
2020-08-18 19:00:00,85.7,82,1.1,0.13,172.0
2020-08-18 20:00:00,81.6,82,0.2,0.05,45.0
2020-08-18 21:00:00,79.6,90,1.2,0.02,0.0
2020-08-18 22:00:00,78.2,98,2.3,0.0,0.0
2020-08-18 23:00:00,76.7,98,1.2,0.0,0.0
2020-08-19 00:00:00,75.7,98,0.0,0.0,0.0
2020-08-19 01:00:00,75.3,99,0.0,0.0,0.0
2020-08-19 02:00:00,74.9,98,0.0,0.0,0.0
2020-08-19 03:00:00,74.7,98,0.0,0.0,0.0
2020-08-19 04:00:00,74.6,98,0.0,0.0,0.0
2020-08-19 05:00:00,74.6,98,0.0,0.0,0.0
2020-08-19 06:00:00,74.6,98,0.0,0.0,0.0
2020-08-19 07:00:00,74.6,99,0.2,0.0,0.0
2020-08-19 08:00:00,74.4,98,0.0,0.02,37.0
2020-08-19 09:00:00,75.8,89,0.0,0.13,211.0
2020-08-19 10:00:00,78.0,80,0.0,0.28,405.0
2020-08-19 11:00:00,80.7,69,0.1,0.38,524.0
2020-08-19 12:00:00,83.7,61,0.0,0.52,693.0
2020-08-19 13:00:00,86.2,56,0.0,0.59,780.0
2020-08-19 14:00:00,87.9,53,0.0,0.6,767.0
2020-08-19 15:00:00,89.2,50,0.0,0.59,757.0
2020-08-19 16:00:00,89.3,50,0.0,0.47,563.0
2020-08-19 17:00:00,88.5,56,0.3,0.41,529.0
2020-08-19 18:00:00,87.8,58,0.1,0.32,384.0
2020-08-19 19:00:00,86.5,63,0.0,0.18,209.0
2020-08-19 20:00:00,84.4,72,0.1,0.06,65.0
2020-08-19 21:00:00,82.5,72,0.0,0.03,0.0
2020-08-19 22:00:00,81.1,74,0.0,0.02,0.0
2020-08-19 23:00:00,79.9,81,0.0,0.01,0.0
2020-08-20 00:00:00,78.8,86,0.0,0.0,0.0
2020-08-20 01:00:00,77.9,89,0.0,0.0,0.0
2020-08-20 02:00:00,77.2,94,0.0,0.0,0.0
2020-08-20 03:00:00,76.6,95,0.0,0.0,0.0
2020-08-20 04:00:00,76.1,95,0.0,0.0,0.0
2020-08-20 05:00:00,75.7,95,0.0,0.0,0.0
2020-08-20 06:00:00,75.3,96,0.0,0.0,0.0
2020-08-20 07:00:00,74.9,96,0.0,0.0,0.0
2020-08-20 08:00:00,74.7,93,0.0,0.02,45.0
2020-08-20 09:00:00,76.6,83,0.0,0.14,196.0
2020-08-20 10:00:00,78.7,75,0.1,0.24,325.0
2020-08-20 11:00:00,81.1,70,0.1,0.37,492.0
2020-08-20 12:00:00,83.8,66,0.1,0.49,656.0
2020-08-20 13:00:00,85.7,63,0.1,0.48,629.0
2020-08-20 14:00:00,87.6,52,0.0,0.57,725.0
2020-08-20 15:00:00,86.4,91,4.7,0.34,465.0
2020-08-20 16:00:00,85.0,77,1.8,0.35,473.0
2020-08-20 17:00:00,85.8,69,0.0,0.4,550.0
2020-08-20 18:00:00,85.9,68,0.0,0.32,437.0
2020-08-20 19:00:00,84.2,80,3.2,0.17,230.0
2020-08-20 20:00:00,81.7,81,9.7,0.03,39.0
2020-08-20 21:00:00,80.0,82,0.1,0.04,0.0
2020-08-20 22:00:00,78.6,88,0.0,0.02,0.0
2020-08-20 23:00:00,77.7,92,0.0,0.01,0.0
2020-08-21 00:00:00,77.1,93,0.0,0.0,0.0
2020-08-21 01:00:00,76.6,94,0.0,0.0,0.0
2020-08-21 02:00:00,76.3,95,0.0,0.0,0.0
2020-08-21 03:00:00,75.7,98,0.0,0.0,0.0
2020-08-21 04:00:00,75.4,97,0.0,0.0,0.0
2020-08-21 05:00:00,75.1,97,0.0,0.0,0.0
2020-08-21 06:00:00,74.9,97,0.0,0.0,0.0
2020-08-21 07:00:00,74.8,98,0.0,0.0,0.0
2020-08-21 08:00:00,73.1,90,0.0,0.03,32.0
2020-08-21 09:00:00,74.8,80,0.0,0.13,195.0
2020-08-21 10:00:00,77.0,74,0.0,0.24,326.0
2020-08-21 11:00:00,78.3,75,0.0,0.22,268.0
2020-08-21 12:00:00,79.2,74,0.1,0.22,255.0
2020-08-21 13:00:00,80.6,73,0.2,0.32,412.0
2020-08-21 14:00:00,82.4,69,0.2,0.46,612.0
2020-08-21 15:00:00,83.8,67,0.1,0.48,630.0
2020-08-21 16:00:00,82.7,79,3.6,0.26,343.0
2020-08-21 17:00:00,80.8,90,1.5,0.18,265.0
2020-08-21 18:00:00,80.4,81,0.1,0.23,318.0
2020-08-21 19:00:00,80.2,81,0.0,0.14,182.0
2020-08-21 20:00:00,81.6,76,0.0,0.05,51.0
2020-08-21 21:00:00,80.2,82,0.0,0.04,0.0
2020-08-21 22:00:00,79.2,91,0.0,0.0,0.0
2020-08-21 23:00:00,78.3,96,0.0,0.0,0.0
2020-08-22 00:00:00,77.6,98,0.0,0.0,0.0
2020-08-22 01:00:00,77.1,98,0.0,0.0,0.0
2020-08-22 02:00:00,76.8,98,0.0,0.0,0.0
2020-08-22 03:00:00,76.6,97,0.0,0.0,0.0
2020-08-22 04:00:00,76.4,98,0.0,0.0,0.0
2020-08-22 05:00:00,76.3,99,0.1,0.0,0.0
2020-08-22 06:00:00,76.1,99,0.3,0.0,0.0
2020-08-22 07:00:00,75.7,99,2.2,0.0,0.0
2020-08-22 08:00:00,75.7,99,1.0,0.02,7.0
2020-08-22 09:00:00,75.4,98,0.2,0.04,55.0
2020-08-22 10:00:00,76.0,92,0.0,0.14,200.0
2020-08-22 11:00:00,77.7,86,0.0,0.24,345.0
2020-08-22 12:00:00,79.3,80,0.0,0.26,343.0
2020-08-22 13:00:00,79.6,82,0.0,0.15,180.0
2020-08-22 14:00:00,80.5,77,0.0,0.25,321.0
2020-08-22 15:00:00,81.3,67,0.0,0.29,351.0
2020-08-22 16:00:00,81.8,62,0.0,0.29,336.0
2020-08-22 17:00:00,81.9,66,0.0,0.24,266.0
2020-08-22 18:00:00,81.8,71,0.0,0.16,169.0
2020-08-22 19:00:00,81.0,84,0.3,0.07,76.0
2020-08-22 20:00:00,76.6,99,0.0,0.02,24.0
2020-08-22 21:00:00,76.2,99,0.0,0.01,0.0
2020-08-22 22:00:00,75.9,98,0.0,0.0,0.0
2020-08-22 23:00:00,75.7,97,0.0,0.0,0.0
2020-08-23 00:00:00,75.5,96,0.0,0.0,0.0
2020-08-23 01:00:00,75.2,96,0.0,0.0,0.0
2020-08-23 02:00:00,74.9,96,0.0,0.0,0.0
2020-08-23 03:00:00,74.7,96,0.0,0.0,0.0
2020-08-23 04:00:00,74.7,96,0.0,0.0,0.0
2020-08-23 05:00:00,74.8,97,0.3,0.0,0.0
2020-08-23 06:00:00,74.8,99,0.8,0.0,0.0
2020-08-23 07:00:00,75.0,99,0.4,0.0,0.0
2020-08-23 08:00:00,74.7,97,0.4,0.02,14.0
2020-08-23 09:00:00,75.8,96,1.4,0.07,98.0
2020-08-23 10:00:00,77.5,93,0.2,0.16,226.0
2020-08-23 11:00:00,78.8,90,1.1,0.25,358.0
2020-08-23 12:00:00,79.5,90,0.7,0.24,342.0
2020-08-23 13:00:00,80.1,88,0.1,0.22,297.0
2020-08-23 14:00:00,80.9,83,0.0,0.26,351.0
2020-08-23 15:00:00,81.2,84,0.3,0.24,324.0
2020-08-23 16:00:00,80.2,90,4.5,0.21,303.0
2020-08-23 17:00:00,79.9,86,0.0,0.18,246.0
2020-08-23 18:00:00,80.0,85,0.9,0.16,200.0
2020-08-23 19:00:00,78.7,99,1.1,0.03,36.0
2020-08-23 20:00:00,77.6,92,0.7,0.03,13.0
2020-08-23 21:00:00,77.3,94,0.1,0.02,0.0
2020-08-23 22:00:00,76.9,96,0.0,0.0,0.0
2020-08-23 23:00:00,76.6,97,0.0,0.0,0.0
2020-08-24 00:00:00,76.5,97,0.0,0.0,0.0
2020-08-24 01:00:00,76.5,97,0.0,0.0,0.0
2020-08-24 02:00:00,76.3,98,0.0,0.0,0.0
2020-08-24 03:00:00,76.3,99,0.0,0.0,0.0
2020-08-24 04:00:00,76.3,99,0.0,0.0,0.0
2020-08-24 05:00:00,76.2,99,0.0,0.0,0.0
2020-08-24 06:00:00,76.2,99,0.0,0.0,0.0
2020-08-24 07:00:00,76.2,99,0.0,0.0,0.0
2020-08-24 08:00:00,79.2,97,0.0,0.02,29.0
2020-08-24 09:00:00,79.3,91,0.1,0.11,156.0
2020-08-24 10:00:00,80.0,88,0.1,0.19,265.0
2020-08-24 11:00:00,81.6,78,0.1,0.37,506.0
2020-08-24 12:00:00,83.3,69,0.1,0.47,618.0
2020-08-24 13:00:00,84.8,66,0.2,0.53,680.0
2020-08-24 14:00:00,85.9,63,0.3,0.52,644.0
2020-08-24 15:00:00,84.7,81,3.9,0.41,561.0
2020-08-24 16:00:00,83.7,88,3.1,0.27,373.0
2020-08-24 17:00:00,82.1,98,12.8,0.14,223.0
2020-08-24 18:00:00,80.2,99,3.1,0.03,34.0
2020-08-24 19:00:00,79.1,100,1.1,0.03,27.0
2020-08-24 20:00:00,80.1,96,0.2,0.02,10.0
2020-08-24 21:00:00,79.3,97,0.0,0.0,0.0
2020-08-24 22:00:00,78.8,98,0.0,0.0,0.0
2020-08-24 23:00:00,78.5,98,0.0,0.0,0.0
2020-08-25 00:00:00,78.4,97,0.0,0.0,0.0
2020-08-25 01:00:00,78.4,98,0.0,0.0,0.0
2020-08-25 02:00:00,78.2,98,0.0,0.0,0.0
2020-08-25 03:00:00,78.1,98,0.0,0.0,0.0
2020-08-25 04:00:00,78.0,98,0.0,0.0,0.0
2020-08-25 05:00:00,77.8,98,0.0,0.0,0.0
2020-08-25 06:00:00,77.6,99,0.0,0.0,0.0
2020-08-25 07:00:00,77.4,99,0.0,0.0,0.0
2020-08-25 08:00:00,79.0,98,0.0,0.02,42.0
2020-08-25 09:00:00,79.3,92,0.0,0.12,180.0
2020-08-25 10:00:00,80.4,84,0.0,0.25,349.0
2020-08-25 11:00:00,82.0,74,0.0,0.38,509.0
2020-08-25 12:00:00,83.8,66,0.0,0.48,619.0
2020-08-25 13:00:00,84.9,63,0.0,0.43,529.0
2020-08-25 14:00:00,87.2,54,0.0,0.68,851.0
2020-08-25 15:00:00,88.6,50,0.0,0.62,763.0
2020-08-25 16:00:00,89.4,51,0.0,0.57,683.0
2020-08-25 17:00:00,88.3,71,0.4,0.4,528.0
2020-08-25 18:00:00,86.4,78,0.8,0.25,334.0
2020-08-25 19:00:00,83.8,90,1.8,0.12,165.0
2020-08-25 20:00:00,85.4,84,0.1,0.05,45.0
2020-08-25 21:00:00,83.9,89,0.0,0.01,0.0
2020-08-25 22:00:00,83.0,87,0.0,0.01,0.0
2020-08-25 23:00:00,82.3,83,0.0,0.03,0.0
2020-08-26 00:00:00,81.8,87,0.0,0.02,0.0
2020-08-26 01:00:00,81.2,92,0.0,0.0,0.0
2020-08-26 02:00:00,80.7,96,0.0,0.0,0.0
2020-08-26 03:00:00,80.1,97,0.0,0.0,0.0
2020-08-26 04:00:00,79.6,98,0.0,0.0,0.0
2020-08-26 05:00:00,79.1,98,0.0,0.0,0.0
2020-08-26 06:00:00,78.7,99,0.0,0.0,0.0
2020-08-26 07:00:00,78.4,99,0.0,0.0,0.0
2020-08-26 08:00:00,79.6,97,0.0,0.02,40.0
2020-08-26 09:00:00,80.4,87,0.0,0.14,202.0
2020-08-26 10:00:00,82.0,78,0.0,0.28,389.0
2020-08-26 11:00:00,84.1,70,0.0,0.45,609.0
2020-08-26 12:00:00,86.0,63,0.1,0.57,747.0
2020-08-26 13:00:00,87.6,59,0.0,0.62,795.0
2020-08-26 14:00:00,88.9,56,0.0,0.62,783.0
2020-08-26 15:00:00,89.9,56,0.0,0.6,747.0
2020-08-26 16:00:00,90.0,58,0.0,0.45,541.0
2020-08-26 17:00:00,90.0,58,0.3,0.42,503.0
2020-08-26 18:00:00,88.0,81,1.0,0.25,332.0
2020-08-26 19:00:00,85.6,86,1.0,0.12,152.0
2020-08-26 20:00:00,86.4,93,0.6,0.03,26.0
2020-08-26 21:00:00,83.8,97,0.7,0.0,0.0
2020-08-26 22:00:00,82.4,97,0.1,0.0,0.0
2020-08-26 23:00:00,81.4,95,0.0,0.0,0.0
2020-08-27 00:00:00,80.3,94,0.0,0.0,0.0
2020-08-27 01:00:00,79.6,96,0.0,0.0,0.0
2020-08-27 02:00:00,79.2,98,0.0,0.0,0.0
2020-08-27 03:00:00,78.8,98,0.0,0.0,0.0
2020-08-27 04:00:00,78.4,99,0.0,0.0,0.0
2020-08-27 05:00:00,77.9,99,0.0,0.0,0.0
2020-08-27 06:00:00,77.7,99,0.0,0.0,0.0
2020-08-27 07:00:00,77.5,99,0.0,0.0,0.0
2020-08-27 08:00:00,77.7,98,0.0,0.02,36.0
2020-08-27 09:00:00,79.0,90,0.0,0.13,207.0
2020-08-27 10:00:00,80.4,83,0.0,0.24,341.0
2020-08-27 11:00:00,82.4,71,0.0,0.4,544.0
2020-08-27 12:00:00,84.7,61,0.1,0.53,688.0
2020-08-27 13:00:00,86.8,56,0.1,0.64,815.0
2020-08-27 14:00:00,88.3,53,0.1,0.63,786.0
2020-08-27 15:00:00,89.4,51,0.1,0.62,760.0
2020-08-27 16:00:00,89.9,52,0.0,0.51,623.0
2020-08-27 17:00:00,88.6,76,1.3,0.28,361.0
2020-08-27 18:00:00,84.7,92,2.5,0.12,166.0
2020-08-27 19:00:00,83.1,92,0.1,0.09,130.0
2020-08-27 20:00:00,83.9,95,0.1,0.03,45.0
2020-08-27 21:00:00,82.5,99,0.1,0.0,0.0
2020-08-27 22:00:00,81.5,98,0.0,0.0,0.0
2020-08-27 23:00:00,80.9,99,0.0,0.0,0.0
2020-08-28 00:00:00,80.3,96,0.0,0.0,0.0
2020-08-28 01:00:00,79.7,95,0.0,0.0,0.0
2020-08-28 02:00:00,79.1,96,0.0,0.0,0.0
2020-08-28 03:00:00,78.5,98,0.0,0.0,0.0
2020-08-28 04:00:00,78.1,99,0.0,0.0,0.0
2020-08-28 05:00:00,77.6,99,0.0,0.0,0.0
2020-08-28 06:00:00,77.3,98,0.0,0.0,0.0
2020-08-28 07:00:00,76.9,98,0.0,0.0,0.0
2020-08-28 08:00:00,76.7,97,0.0,0.02,35.0
2020-08-28 09:00:00,78.0,92,0.0,0.11,160.0
2020-08-28 10:00:00,80.0,86,0.0,0.24,345.0
2020-08-28 11:00:00,82.3,72,0.1,0.39,533.0
2020-08-28 12:00:00,83.8,67,0.0,0.37,462.0
2020-08-28 13:00:00,85.0,63,0.0,0.4,499.0
2020-08-28 14:00:00,86.5,60,0.0,0.51,633.0
2020-08-28 15:00:00,87.5,58,0.1,0.54,658.0
2020-08-28 16:00:00,88.3,55,0.1,0.52,624.0
2020-08-28 17:00:00,88.1,58,0.1,0.42,481.0
2020-08-28 18:00:00,87.5,58,0.0,0.32,360.0
2020-08-28 19:00:00,86.5,65,0.0,0.18,156.0
2020-08-28 20:00:00,84.7,69,0.0,0.09,30.0
2020-08-28 21:00:00,83.3,76,0.0,0.04,0.0
2020-08-28 22:00:00,82.3,82,0.0,0.02,0.0
2020-08-28 23:00:00,81.5,84,0.0,0.02,0.0
2020-08-29 00:00:00,81.0,86,0.0,0.01,0.0
2020-08-29 01:00:00,80.4,88,0.0,0.01,0.0
2020-08-29 02:00:00,80.0,90,0.0,0.01,0.0
2020-08-29 03:00:00,79.6,92,0.0,0.0,0.0
2020-08-29 04:00:00,79.4,94,0.0,0.0,0.0
2020-08-29 05:00:00,79.3,95,0.0,0.0,0.0
2020-08-29 06:00:00,79.0,94,0.0,0.0,0.0
2020-08-29 07:00:00,78.9,92,0.8,0.0,0.0
2020-08-29 08:00:00,78.4,96,1.8,0.02,19.0
2020-08-29 09:00:00,78.4,95,0.0,0.06,85.0
2020-08-29 10:00:00,79.0,90,0.1,0.13,176.0
2020-08-29 11:00:00,80.2,87,0.1,0.23,322.0
2020-08-29 12:00:00,80.9,90,2.2,0.22,342.0
2020-08-29 13:00:00,80.1,93,0.6,0.12,157.0
2020-08-29 14:00:00,79.9,91,0.3,0.14,183.0
2020-08-29 15:00:00,79.4,94,1.2,0.12,159.0
2020-08-29 16:00:00,79.5,93,1.1,0.16,255.0
2020-08-29 17:00:00,79.0,95,1.0,0.13,193.0
2020-08-29 18:00:00,78.4,99,1.1,0.09,148.0
2020-08-29 19:00:00,77.5,99,1.3,0.04,70.0
2020-08-29 20:00:00,79.4,92,0.5,0.03,16.0
2020-08-29 21:00:00,78.0,99,2.3,0.0,0.0
2020-08-29 22:00:00,77.3,99,1.4,0.0,0.0
2020-08-29 23:00:00,76.6,99,1.0,0.0,0.0
2020-08-30 00:00:00,76.2,99,0.7,0.0,0.0
2020-08-30 01:00:00,76.0,99,0.5,0.0,0.0
2020-08-30 02:00:00,76.0,100,0.3,0.0,0.0
2020-08-30 03:00:00,75.8,98,0.4,0.0,0.0
2020-08-30 04:00:00,75.6,98,0.1,0.0,0.0
2020-08-30 05:00:00,75.5,98,0.0,0.0,0.0
2020-08-30 06:00:00,75.6,98,0.1,0.0,0.0
2020-08-30 07:00:00,75.7,98,0.2,0.0,0.0
2020-08-30 08:00:00,76.0,99,0.2,0.01,14.0
2020-08-30 09:00:00,76.3,99,2.2,0.05,73.0
2020-08-30 10:00:00,76.5,96,0.4,0.1,144.0
2020-08-30 11:00:00,77.5,88,0.2,0.23,341.0
2020-08-30 12:00:00,79.1,86,0.2,0.31,442.0
2020-08-30 13:00:00,81.4,82,0.2,0.48,665.0
2020-08-30 14:00:00,82.7,84,2.4,0.42,629.0
2020-08-30 15:00:00,81.7,83,0.9,0.33,468.0
2020-08-30 16:00:00,81.5,80,0.1,0.26,350.0
2020-08-30 17:00:00,82.2,78,0.6,0.34,476.0
2020-08-30 18:00:00,80.6,92,1.4,0.13,179.0
2020-08-30 19:00:00,79.9,92,0.0,0.09,130.0
2020-08-30 20:00:00,79.5,93,0.0,0.02,34.0
2020-08-30 21:00:00,78.9,93,0.0,0.0,0.0
2020-08-30 22:00:00,78.4,96,0.0,0.0,0.0
2020-08-30 23:00:00,77.9,96,0.0,0.0,0.0
2020-08-31 00:00:00,77.5,96,0.0,0.0,0.0
2020-08-31 01:00:00,77.3,96,0.0,0.0,0.0
2020-08-31 02:00:00,77.0,96,0.0,0.0,0.0
2020-08-31 03:00:00,76.7,95,0.0,0.0,0.0
2020-08-31 04:00:00,76.6,96,0.0,0.0,0.0
2020-08-31 05:00:00,76.3,96,0.0,0.0,0.0
2020-08-31 06:00:00,76.2,96,0.0,0.0,0.0
2020-08-31 07:00:00,76.1,97,0.0,0.0,0.0
2020-08-31 08:00:00,76.0,91,0.0,0.02,26.0
2020-08-31 09:00:00,77.5,88,0.0,0.11,163.0
2020-08-31 10:00:00,79.5,82,0.0,0.25,354.0
2020-08-31 11:00:00,81.5,74,0.1,0.39,539.0
2020-08-31 12:00:00,82.5,78,2.5,0.39,550.0
2020-08-31 13:00:00,81.5,83,1.7,0.3,410.0
2020-08-31 14:00:00,83.0,75,0.2,0.43,570.0
2020-08-31 15:00:00,82.1,85,5.5,0.35,522.0
2020-08-31 16:00:00,82.3,85,0.2,0.37,532.0
2020-08-31 17:00:00,82.1,83,0.4,0.29,414.0
2020-08-31 18:00:00,82.1,84,0.0,0.2,275.0
2020-08-31 19:00:00,81.4,89,0.4,0.11,147.0
2020-08-31 20:00:00,80.2,90,0.0,0.03,32.0
2020-08-31 21:00:00,79.4,91,0.0,0.0,0.0
2020-08-31 22:00:00,78.8,93,0.0,0.0,0.0
2020-08-31 23:00:00,78.4,96,0.0,0.0,0.0
2020-09-01 00:00:00,78.3,97,0.0,0.0,0.0
2020-09-01 01:00:00,78.1,97,0.0,0.0,0.0
2020-09-01 02:00:00,77.9,95,0.0,0.0,0.0
2020-09-01 03:00:00,77.5,96,0.0,0.0,0.0
2020-09-01 04:00:00,77.1,97,0.0,0.0,0.0
2020-09-01 05:00:00,76.8,99,0.0,0.0,0.0
2020-09-01 06:00:00,76.6,99,0.0,0.0,0.0
2020-09-01 07:00:00,76.6,99,0.0,0.0,0.0
2020-09-01 08:00:00,76.8,98,0.0,0.01,22.0
2020-09-01 09:00:00,76.9,96,0.2,0.05,65.0
2020-09-01 10:00:00,77.6,93,0.0,0.13,180.0
2020-09-01 11:00:00,79.0,90,0.1,0.24,332.0
2020-09-01 12:00:00,80.8,80,0.1,0.35,473.0
2020-09-01 13:00:00,82.5,76,0.0,0.38,504.0
2020-09-01 14:00:00,84.4,67,0.0,0.5,650.0
2020-09-01 15:00:00,84.4,76,1.0,0.34,445.0
2020-09-01 16:00:00,83.2,81,0.8,0.28,372.0
2020-09-01 17:00:00,82.9,80,0.0,0.26,351.0
2020-09-01 18:00:00,83.1,77,0.0,0.24,320.0
2020-09-01 19:00:00,82.8,82,0.0,0.13,174.0
2020-09-01 20:00:00,82.1,89,0.0,0.03,29.0
2020-09-01 21:00:00,81.1,91,0.0,0.0,0.0
2020-09-01 22:00:00,80.2,93,0.0,0.0,0.0
2020-09-01 23:00:00,79.6,94,0.0,0.0,0.0
2020-09-02 00:00:00,79.1,96,0.0,0.0,0.0
2020-09-02 01:00:00,78.6,96,0.0,0.0,0.0
2020-09-02 02:00:00,78.3,97,0.0,0.0,0.0
2020-09-02 03:00:00,78.0,98,0.0,0.0,0.0
2020-09-02 04:00:00,77.8,98,0.0,0.0,0.0
2020-09-02 05:00:00,77.6,98,0.0,0.0,0.0
2020-09-02 06:00:00,77.5,99,0.0,0.0,0.0
2020-09-02 07:00:00,77.4,99,0.0,0.0,0.0
2020-09-02 08:00:00,76.8,97,0.0,0.01,34.0
2020-09-02 09:00:00,78.1,89,0.0,0.12,182.0
2020-09-02 10:00:00,80.0,84,0.0,0.25,358.0
2020-09-02 11:00:00,82.0,79,0.0,0.39,540.0
2020-09-02 12:00:00,84.0,75,0.1,0.49,658.0
2020-09-02 13:00:00,85.6,72,0.1,0.54,716.0
2020-09-02 14:00:00,87.2,67,0.2,0.6,794.0
2020-09-02 15:00:00,87.9,65,0.1,0.54,702.0
2020-09-02 16:00:00,88.3,63,0.0,0.52,669.0
2020-09-02 17:00:00,88.3,63,0.0,0.42,538.0
2020-09-02 18:00:00,87.4,74,0.2,0.28,364.0
2020-09-02 19:00:00,86.2,80,0.0,0.14,197.0
2020-09-02 20:00:00,84.7,96,0.0,0.02,34.0
2020-09-02 21:00:00,83.0,97,0.0,0.0,0.0
2020-09-02 22:00:00,82.0,99,0.0,0.0,0.0
2020-09-02 23:00:00,81.3,97,0.0,0.0,0.0
2020-09-03 00:00:00,80.9,96,0.0,0.0,0.0
2020-09-03 01:00:00,80.4,97,0.0,0.0,0.0
2020-09-03 02:00:00,80.0,97,0.0,0.0,0.0
2020-09-03 03:00:00,79.6,98,0.0,0.0,0.0
2020-09-03 04:00:00,79.3,98,0.0,0.0,0.0
2020-09-03 05:00:00,78.8,99,0.0,0.0,0.0
2020-09-03 06:00:00,78.2,100,0.0,0.0,0.0
2020-09-03 07:00:00,77.6,100,0.0,0.0,0.0
2020-09-03 08:00:00,77.6,99,0.0,0.01,31.0
2020-09-03 09:00:00,79.1,92,0.0,0.09,131.0
2020-09-03 10:00:00,81.2,83,0.0,0.24,330.0
2020-09-03 11:00:00,83.5,73,0.0,0.39,532.0
2020-09-03 12:00:00,85.6,60,0.0,0.54,717.0
2020-09-03 13:00:00,87.4,54,0.0,0.63,815.0
2020-09-03 14:00:00,88.9,50,0.0,0.69,883.0
2020-09-03 15:00:00,89.9,48,0.0,0.68,858.0
2020-09-03 16:00:00,90.2,48,0.0,0.6,746.0
2020-09-03 17:00:00,90.0,49,0.0,0.47,583.0
2020-09-03 18:00:00,89.2,54,0.0,0.31,383.0
2020-09-03 19:00:00,88.1,64,0.0,0.16,192.0
2020-09-03 20:00:00,86.7,72,0.0,0.05,33.0
2020-09-03 21:00:00,84.7,81,0.0,0.0,0.0
2020-09-03 22:00:00,83.3,80,0.0,0.02,0.0
2020-09-03 23:00:00,82.1,84,0.0,0.0,0.0
2020-09-04 00:00:00,81.0,87,0.0,0.0,0.0
2020-09-04 01:00:00,80.2,88,0.0,0.0,0.0
2020-09-04 02:00:00,79.8,91,0.0,0.0,0.0
2020-09-04 03:00:00,79.5,93,0.0,0.0,0.0
2020-09-04 04:00:00,79.2,95,0.0,0.0,0.0
2020-09-04 05:00:00,78.8,96,0.0,0.0,0.0
2020-09-04 06:00:00,78.5,97,0.0,0.0,0.0
2020-09-04 07:00:00,78.2,98,0.0,0.0,0.0
2020-09-04 08:00:00,78.2,95,0.0,0.02,32.0
2020-09-04 09:00:00,79.6,86,0.0,0.13,189.0
2020-09-04 10:00:00,81.8,73,0.0,0.29,393.0
2020-09-04 11:00:00,84.0,62,0.0,0.43,562.0
2020-09-04 12:00:00,86.3,56,0.0,0.55,712.0
2020-09-04 13:00:00,88.1,53,0.0,0.6,768.0
2020-09-04 14:00:00,89.6,51,0.0,0.62,797.0
2020-09-04 15:00:00,91.0,49,0.0,0.62,800.0
2020-09-04 16:00:00,91.5,49,0.0,0.52,668.0
2020-09-04 17:00:00,91.7,49,0.0,0.44,565.0
2020-09-04 18:00:00,90.8,54,0.2,0.27,338.0
2020-09-04 19:00:00,89.2,65,0.0,0.14,159.0
2020-09-04 20:00:00,87.4,53,0.0,0.08,29.0
2020-09-04 21:00:00,85.2,66,0.0,0.04,0.0
2020-09-04 22:00:00,83.6,71,0.0,0.01,0.0
2020-09-04 23:00:00,82.2,84,0.0,0.0,0.0
2020-09-05 00:00:00,81.1,85,0.0,0.0,0.0
2020-09-05 01:00:00,80.3,94,0.0,0.0,0.0
2020-09-05 02:00:00,79.7,96,0.0,0.0,0.0
2020-09-05 03:00:00,79.0,97,0.0,0.0,0.0
2020-09-05 04:00:00,78.4,97,0.0,0.0,0.0
2020-09-05 05:00:00,77.8,98,0.0,0.0,0.0
2020-09-05 06:00:00,77.2,98,0.0,0.0,0.0
2020-09-05 07:00:00,76.6,99,0.0,0.0,0.0
2020-09-05 08:00:00,77.0,97,0.0,0.01,34.0
2020-09-05 09:00:00,78.8,89,0.0,0.12,185.0
2020-09-05 10:00:00,81.4,73,0.0,0.3,415.0
2020-09-05 11:00:00,84.2,57,0.0,0.46,608.0
2020-09-05 12:00:00,86.7,46,0.0,0.58,747.0
2020-09-05 13:00:00,89.0,41,0.0,0.67,859.0
2020-09-05 14:00:00,90.9,38,0.0,0.71,900.0
2020-09-05 15:00:00,92.2,37,0.0,0.68,870.0
2020-09-05 16:00:00,93.0,36,0.0,0.59,771.0
2020-09-05 17:00:00,93.2,35,0.0,0.45,616.0
2020-09-05 18:00:00,92.8,40,0.0,0.31,409.0
2020-09-05 19:00:00,91.6,70,0.0,0.15,187.0
2020-09-05 20:00:00,88.8,54,0.0,0.1,33.0
2020-09-05 21:00:00,86.6,54,0.0,0.07,0.0
2020-09-05 22:00:00,84.7,59,0.0,0.04,0.0
2020-09-05 23:00:00,83.1,70,0.0,0.03,0.0
2020-09-06 00:00:00,82.0,65,0.0,0.04,0.0
2020-09-06 01:00:00,81.7,68,0.0,0.04,0.0
2020-09-06 02:00:00,81.0,74,0.0,0.01,0.0
2020-09-06 03:00:00,80.2,77,0.0,0.02,0.0
2020-09-06 04:00:00,79.6,80,0.0,0.02,0.0
2020-09-06 05:00:00,79.3,86,0.0,0.01,0.0
2020-09-06 06:00:00,78.8,91,0.0,0.0,0.0
2020-09-06 07:00:00,78.4,94,0.0,0.0,0.0
2020-09-06 08:00:00,78.1,91,0.0,0.02,29.0
2020-09-06 09:00:00,79.3,85,0.0,0.13,183.0
2020-09-06 10:00:00,81.1,76,0.0,0.27,380.0
2020-09-06 11:00:00,83.6,66,0.1,0.42,560.0
2020-09-06 12:00:00,85.1,71,0.5,0.45,608.0
2020-09-06 13:00:00,86.3,74,0.2,0.47,632.0
2020-09-06 14:00:00,85.7,82,2.9,0.34,478.0
2020-09-06 15:00:00,85.1,78,0.1,0.36,494.0
2020-09-06 16:00:00,85.0,77,0.5,0.36,494.0
2020-09-06 17:00:00,83.9,79,0.6,0.25,331.0
2020-09-06 18:00:00,82.6,86,0.6,0.15,208.0
2020-09-06 19:00:00,81.4,88,0.0,0.07,74.0
2020-09-06 20:00:00,79.9,93,0.0,0.02,13.0
2020-09-06 21:00:00,78.9,96,0.0,0.0,0.0
2020-09-06 22:00:00,78.1,98,0.0,0.0,0.0
2020-09-06 23:00:00,77.4,98,0.0,0.0,0.0
2020-09-07 00:00:00,77.0,99,0.0,0.0,0.0
2020-09-07 01:00:00,76.6,98,0.5,0.0,0.0
2020-09-07 02:00:00,76.3,99,0.2,0.0,0.0
2020-09-07 03:00:00,76.2,99,0.0,0.0,0.0
2020-09-07 04:00:00,76.2,98,0.0,0.0,0.0
2020-09-07 05:00:00,76.0,98,0.0,0.0,0.0
2020-09-07 06:00:00,75.8,98,0.0,0.0,0.0
2020-09-07 07:00:00,75.7,98,0.0,0.0,0.0
2020-09-07 08:00:00,75.1,97,0.0,0.02,11.0
2020-09-07 09:00:00,75.7,93,0.0,0.06,65.0
2020-09-07 10:00:00,76.8,87,0.2,0.14,191.0
2020-09-07 11:00:00,78.9,75,0.2,0.34,480.0
2020-09-07 12:00:00,81.1,71,0.1,0.45,619.0
2020-09-07 13:00:00,83.4,70,0.1,0.52,702.0
2020-09-07 14:00:00,84.5,64,0.1,0.42,545.0
2020-09-07 15:00:00,84.7,65,0.1,0.36,454.0
2020-09-07 16:00:00,84.1,81,2.2,0.34,517.0
2020-09-07 17:00:00,81.7,89,0.2,0.18,259.0
2020-09-07 18:00:00,80.2,88,0.8,0.15,213.0
2020-09-07 19:00:00,79.3,91,0.0,0.06,76.0
2020-09-07 20:00:00,80.1,79,0.2,0.06,18.0
2020-09-07 21:00:00,79.3,90,0.1,0.01,0.0
2020-09-07 22:00:00,78.3,92,0.0,0.0,0.0
2020-09-07 23:00:00,77.3,94,0.0,0.0,0.0
2020-09-08 00:00:00,76.6,97,0.0,0.0,0.0
2020-09-08 01:00:00,75.9,99,0.0,0.0,0.0
2020-09-08 02:00:00,75.6,99,0.0,0.0,0.0
2020-09-08 03:00:00,75.3,99,0.0,0.0,0.0
2020-09-08 04:00:00,75.3,99,0.0,0.0,0.0
2020-09-08 05:00:00,75.6,96,0.0,0.0,0.0
2020-09-08 06:00:00,75.6,97,0.0,0.0,0.0
2020-09-08 07:00:00,75.6,96,0.0,0.0,0.0
2020-09-08 08:00:00,75.1,99,0.0,0.01,16.0
2020-09-08 09:00:00,75.8,98,0.9,0.06,110.0
2020-09-08 10:00:00,76.3,94,0.4,0.16,263.0
2020-09-08 11:00:00,76.6,94,1.5,0.2,330.0
2020-09-08 12:00:00,77.7,83,0.1,0.32,483.0
2020-09-08 13:00:00,79.5,79,0.1,0.41,595.0
2020-09-08 14:00:00,81.1,75,0.2,0.45,647.0
2020-09-08 15:00:00,82.7,73,0.1,0.49,709.0
2020-09-08 16:00:00,81.6,82,1.7,0.37,560.0
2020-09-08 17:00:00,81.1,78,0.0,0.26,351.0
2020-09-08 18:00:00,81.0,76,0.0,0.24,322.0
2020-09-08 19:00:00,80.4,79,0.0,0.13,147.0
2020-09-08 20:00:00,79.6,85,0.1,0.04,20.0
2020-09-08 21:00:00,78.8,88,0.0,0.01,0.0
2020-09-08 22:00:00,78.0,90,0.0,0.01,0.0
2020-09-08 23:00:00,77.4,92,0.0,0.0,0.0
2020-09-09 00:00:00,77.0,92,0.0,0.0,0.0
2020-09-09 01:00:00,76.6,92,0.0,0.0,0.0
2020-09-09 02:00:00,76.3,92,0.0,0.0,0.0
2020-09-09 03:00:00,75.9,93,0.0,0.0,0.0
2020-09-09 04:00:00,75.6,93,0.0,0.0,0.0
2020-09-09 05:00:00,75.3,93,0.0,0.0,0.0
2020-09-09 06:00:00,75.2,91,0.0,0.0,0.0
2020-09-09 07:00:00,75.3,89,0.0,0.0,0.0
2020-09-09 08:00:00,74.8,89,0.0,0.03,11.0
2020-09-09 09:00:00,75.9,84,0.0,0.12,161.0
2020-09-09 10:00:00,77.7,79,0.0,0.24,346.0
2020-09-09 11:00:00,79.4,72,0.2,0.34,467.0
2020-09-09 12:00:00,81.1,69,0.3,0.41,550.0
2020-09-09 13:00:00,82.9,68,0.1,0.51,686.0
2020-09-09 14:00:00,84.2,68,0.1,0.49,648.0
2020-09-09 15:00:00,85.2,67,0.1,0.46,601.0
2020-09-09 16:00:00,85.0,71,0.1,0.29,365.0
2020-09-09 17:00:00,85.2,71,1.1,0.3,378.0
2020-09-09 18:00:00,82.5,87,1.3,0.17,238.0
2020-09-09 19:00:00,80.7,89,0.1,0.07,77.0
2020-09-09 20:00:00,79.5,86,0.0,0.03,12.0
2020-09-09 21:00:00,78.4,93,2.5,0.0,0.0
2020-09-09 22:00:00,77.3,99,4.7,0.0,0.0
2020-09-09 23:00:00,76.6,100,0.1,0.0,0.0
2020-09-10 00:00:00,76.2,100,0.2,0.0,0.0
2020-09-10 01:00:00,75.9,99,0.2,0.0,0.0
2020-09-10 02:00:00,75.7,100,0.0,0.0,0.0
2020-09-10 03:00:00,75.5,100,0.0,0.0,0.0
2020-09-10 04:00:00,75.4,100,0.0,0.0,0.0
2020-09-10 05:00:00,75.3,100,0.0,0.0,0.0
2020-09-10 06:00:00,75.3,100,0.0,0.0,0.0
2020-09-10 07:00:00,75.2,100,0.0,0.0,0.0
2020-09-10 08:00:00,76.7,97,0.0,0.01,22.0
2020-09-10 09:00:00,77.2,95,0.0,0.08,124.0
2020-09-10 10:00:00,78.3,91,0.2,0.17,245.0
2020-09-10 11:00:00,79.3,86,0.3,0.22,311.0
2020-09-10 12:00:00,80.2,90,0.3,0.25,352.0
2020-09-10 13:00:00,81.5,79,0.3,0.34,459.0
2020-09-10 14:00:00,81.3,86,2.3,0.33,483.0
2020-09-10 15:00:00,81.8,81,0.1,0.34,470.0
2020-09-10 16:00:00,82.4,78,0.1,0.35,477.0
2020-09-10 17:00:00,82.6,79,0.0,0.24,316.0
2020-09-10 18:00:00,82.0,83,0.0,0.15,187.0
2020-09-10 19:00:00,81.3,87,0.0,0.08,93.0
2020-09-10 20:00:00,81.3,96,0.0,0.01,15.0
2020-09-10 21:00:00,80.2,96,0.0,0.0,0.0
2020-09-10 22:00:00,79.4,94,0.0,0.0,0.0
2020-09-10 23:00:00,78.9,94,0.0,0.0,0.0
2020-09-11 00:00:00,78.4,96,0.0,0.0,0.0
2020-09-11 01:00:00,77.9,98,0.0,0.0,0.0
2020-09-11 02:00:00,77.5,98,0.0,0.0,0.0
2020-09-11 03:00:00,77.2,99,0.0,0.0,0.0
2020-09-11 04:00:00,76.9,99,0.0,0.0,0.0
2020-09-11 05:00:00,76.9,99,0.0,0.0,0.0
2020-09-11 06:00:00,77.0,99,0.0,0.0,0.0
2020-09-11 07:00:00,77.1,98,0.0,0.0,0.0
2020-09-11 08:00:00,79.0,96,0.1,0.02,11.0
2020-09-11 09:00:00,78.5,97,0.7,0.06,84.0
2020-09-11 10:00:00,78.6,93,2.1,0.13,197.0
2020-09-11 11:00:00,78.9,89,1.2,0.22,332.0
2020-09-11 12:00:00,79.8,85,0.1,0.28,399.0
2020-09-11 13:00:00,81.1,82,0.3,0.32,449.0
2020-09-11 14:00:00,82.7,82,0.1,0.4,554.0
2020-09-11 15:00:00,84.1,71,0.1,0.46,619.0
2020-09-11 16:00:00,84.7,76,1.9,0.41,572.0
2020-09-11 17:00:00,83.5,84,4.7,0.24,347.0
2020-09-11 18:00:00,81.2,94,1.8,0.12,172.0
2020-09-11 19:00:00,80.2,95,0.0,0.05,62.0
2020-09-11 20:00:00,79.6,94,0.0,0.02,14.0
2020-09-11 21:00:00,78.8,96,0.0,0.0,0.0
2020-09-11 22:00:00,77.8,96,0.0,0.0,0.0
2020-09-11 23:00:00,77.0,96,0.0,0.0,0.0
2020-09-12 00:00:00,76.6,97,0.0,0.0,0.0
2020-09-12 01:00:00,76.3,98,0.0,0.0,0.0
2020-09-12 02:00:00,76.2,99,0.0,0.0,0.0
2020-09-12 03:00:00,76.2,99,0.0,0.0,0.0
2020-09-12 04:00:00,76.2,99,0.0,0.0,0.0
2020-09-12 05:00:00,76.2,98,0.0,0.0,0.0
2020-09-12 06:00:00,76.1,98,0.0,0.0,0.0
2020-09-12 07:00:00,76.0,98,0.0,0.0,0.0
2020-09-12 08:00:00,78.3,96,0.0,0.01,27.0
2020-09-12 09:00:00,78.3,92,0.3,0.08,124.0
2020-09-12 10:00:00,78.5,88,0.3,0.12,153.0
2020-09-12 11:00:00,79.3,84,0.3,0.26,388.0
2020-09-12 12:00:00,81.1,79,0.0,0.39,552.0
2020-09-12 13:00:00,83.2,74,0.1,0.5,701.0
2020-09-12 14:00:00,84.4,76,0.8,0.48,691.0
2020-09-12 15:00:00,84.6,65,0.2,0.49,633.0
2020-09-12 16:00:00,84.7,70,0.2,0.42,567.0
2020-09-12 17:00:00,84.0,76,0.3,0.31,412.0
2020-09-12 18:00:00,83.4,78,0.0,0.22,279.0
2020-09-12 19:00:00,82.4,81,0.0,0.13,142.0
2020-09-12 20:00:00,81.4,81,0.0,0.05,17.0
2020-09-12 21:00:00,80.4,88,0.0,0.02,0.0
2020-09-12 22:00:00,79.6,90,0.0,0.01,0.0
2020-09-12 23:00:00,79.1,91,0.0,0.01,0.0
2020-09-13 00:00:00,78.6,92,0.0,0.01,0.0
2020-09-13 01:00:00,78.4,92,0.0,0.01,0.0
2020-09-13 02:00:00,78.1,93,0.1,0.0,0.0
2020-09-13 03:00:00,77.8,95,0.0,0.0,0.0
2020-09-13 04:00:00,77.6,95,0.0,0.0,0.0
2020-09-13 05:00:00,77.4,95,0.0,0.0,0.0
2020-09-13 06:00:00,77.3,95,0.0,0.0,0.0
2020-09-13 07:00:00,77.2,94,0.0,0.0,0.0
2020-09-13 08:00:00,78.4,97,0.0,0.01,12.0
2020-09-13 09:00:00,78.1,93,0.1,0.08,126.0
2020-09-13 10:00:00,78.4,93,0.7,0.15,246.0
2020-09-13 11:00:00,79.6,82,0.1,0.29,425.0
2020-09-13 12:00:00,81.5,68,0.0,0.46,623.0
2020-09-13 13:00:00,83.2,63,0.1,0.52,674.0
2020-09-13 14:00:00,83.6,80,1.4,0.44,674.0
2020-09-13 15:00:00,83.6,71,0.1,0.4,534.0
2020-09-13 16:00:00,84.1,68,0.0,0.4,499.0
2020-09-13 17:00:00,84.4,69,0.2,0.33,407.0
2020-09-13 18:00:00,82.8,83,0.8,0.16,200.0
2020-09-13 19:00:00,81.9,83,0.0,0.11,120.0
2020-09-13 20:00:00,81.4,84,0.0,0.04,17.0
2020-09-13 21:00:00,80.2,89,0.0,0.01,0.0
2020-09-13 22:00:00,79.3,91,0.0,0.01,0.0
2020-09-13 23:00:00,78.6,94,0.0,0.0,0.0
2020-09-14 00:00:00,78.2,97,0.0,0.0,0.0
2020-09-14 01:00:00,78.0,96,0.0,0.0,0.0
2020-09-14 02:00:00,77.8,96,0.0,0.0,0.0
2020-09-14 03:00:00,77.6,96,0.0,0.0,0.0
2020-09-14 04:00:00,77.5,96,0.0,0.0,0.0
2020-09-14 05:00:00,77.5,95,0.0,0.0,0.0
2020-09-14 06:00:00,77.3,95,0.0,0.0,0.0
2020-09-14 07:00:00,77.2,95,0.0,0.0,0.0
2020-09-14 08:00:00,78.4,91,0.0,0.03,11.0
2020-09-14 09:00:00,78.7,87,0.0,0.09,110.0
2020-09-14 10:00:00,79.8,82,0.0,0.19,246.0
2020-09-14 11:00:00,80.6,80,0.1,0.21,257.0
2020-09-14 12:00:00,81.2,80,0.1,0.21,247.0
2020-09-14 13:00:00,81.6,78,0.2,0.19,205.0
2020-09-14 14:00:00,81.1,89,4.9,0.24,341.0
2020-09-14 15:00:00,80.0,95,0.9,0.11,144.0
2020-09-14 16:00:00,79.7,94,0.4,0.14,192.0
2020-09-14 17:00:00,80.0,89,0.1,0.17,239.0
2020-09-14 18:00:00,79.8,89,0.2,0.11,143.0
2020-09-14 19:00:00,79.5,91,0.3,0.06,65.0
2020-09-14 20:00:00,79.0,94,1.3,0.02,6.0
2020-09-14 21:00:00,78.5,94,0.0,0.0,0.0
2020-09-14 22:00:00,78.2,93,0.0,0.0,0.0
2020-09-14 23:00:00,77.8,93,0.0,0.0,0.0
2020-09-15 00:00:00,77.5,94,0.0,0.0,0.0
2020-09-15 01:00:00,77.4,94,0.0,0.0,0.0
2020-09-15 02:00:00,77.1,95,0.0,0.0,0.0
2020-09-15 03:00:00,76.9,96,0.0,0.0,0.0
2020-09-15 04:00:00,76.7,96,0.0,0.0,0.0
2020-09-15 05:00:00,76.6,97,0.0,0.0,0.0
2020-09-15 06:00:00,76.6,97,0.1,0.0,0.0
2020-09-15 07:00:00,76.4,98,0.3,0.0,0.0
2020-09-15 08:00:00,76.6,99,0.6,0.01,7.0
2020-09-15 09:00:00,76.6,99,0.8,0.03,44.0
2020-09-15 10:00:00,76.9,96,0.8,0.07,101.0
2020-09-15 11:00:00,77.5,94,0.1,0.13,192.0
2020-09-15 12:00:00,78.3,95,0.1,0.14,209.0
2020-09-15 13:00:00,78.6,97,1.3,0.15,228.0
2020-09-15 14:00:00,78.5,94,1.5,0.13,192.0
2020-09-15 15:00:00,78.0,99,0.7,0.09,130.0
2020-09-15 16:00:00,77.7,99,1.0,0.08,127.0
2020-09-15 17:00:00,77.8,99,0.7,0.11,183.0
2020-09-15 18:00:00,77.5,99,0.5,0.06,90.0
2020-09-15 19:00:00,76.9,99,0.4,0.03,30.0
2020-09-15 20:00:00,78.2,99,0.3,0.01,5.0
2020-09-15 21:00:00,77.2,99,1.1,0.0,0.0
2020-09-15 22:00:00,76.7,99,0.7,0.0,0.0
2020-09-15 23:00:00,76.3,100,0.3,0.0,0.0
2020-09-16 00:00:00,75.8,99,0.2,0.0,0.0
2020-09-16 01:00:00,75.5,99,0.0,0.0,0.0
2020-09-16 02:00:00,75.2,99,0.0,0.0,0.0
2020-09-16 03:00:00,75.1,99,0.1,0.0,0.0
2020-09-16 04:00:00,75.0,100,0.2,0.0,0.0
2020-09-16 05:00:00,74.9,100,0.3,0.0,0.0
2020-09-16 06:00:00,74.8,99,0.6,0.0,0.0
2020-09-16 07:00:00,74.7,100,0.6,0.0,0.0
2020-09-16 08:00:00,75.9,94,0.3,0.02,5.0
2020-09-16 09:00:00,75.2,94,0.0,0.04,35.0
2020-09-16 10:00:00,75.5,94,0.0,0.08,112.0
2020-09-16 11:00:00,76.3,90,0.0,0.13,183.0
2020-09-16 12:00:00,77.8,86,0.1,0.22,315.0
2020-09-16 13:00:00,79.3,84,0.1,0.27,366.0
2020-09-16 14:00:00,79.9,90,3.0,0.25,369.0
2020-09-16 15:00:00,79.9,87,2.3,0.24,334.0
2020-09-16 16:00:00,79.5,91,8.7,0.17,240.0
2020-09-16 17:00:00,78.6,94,1.4,0.07,80.0
2020-09-16 18:00:00,78.6,95,0.0,0.09,132.0
2020-09-16 19:00:00,78.2,94,0.6,0.05,56.0
2020-09-16 20:00:00,77.6,96,0.2,0.02,6.0
2020-09-16 21:00:00,77.0,97,0.0,0.0,0.0
2020-09-16 22:00:00,76.6,96,0.0,0.0,0.0
2020-09-16 23:00:00,76.4,95,0.1,0.0,0.0
2020-09-17 00:00:00,76.2,95,0.2,0.0,0.0
2020-09-17 01:00:00,76.0,96,0.4,0.0,0.0
2020-09-17 02:00:00,75.8,97,0.6,0.0,0.0
2020-09-17 03:00:00,75.7,100,2.4,0.0,0.0
2020-09-17 04:00:00,75.7,99,1.1,0.0,0.0
2020-09-17 05:00:00,75.8,96,0.3,0.0,0.0
2020-09-17 06:00:00,75.9,95,0.2,0.0,0.0
2020-09-17 07:00:00,75.9,99,0.5,0.0,0.0
2020-09-17 08:00:00,77.6,99,0.8,0.01,8.0
2020-09-17 09:00:00,76.9,99,1.1,0.04,63.0
2020-09-17 10:00:00,77.1,100,1.0,0.08,152.0
2020-09-17 11:00:00,77.2,91,0.7,0.09,101.0
2020-09-17 12:00:00,77.8,93,0.6,0.2,328.0
2020-09-17 13:00:00,79.3,81,0.4,0.37,560.0
2020-09-17 14:00:00,80.8,74,0.6,0.48,705.0
2020-09-17 15:00:00,82.0,68,0.2,0.51,699.0
2020-09-17 16:00:00,82.9,67,0.0,0.49,669.0
2020-09-17 17:00:00,83.0,68,0.0,0.39,523.0
2020-09-17 18:00:00,82.5,71,0.0,0.27,328.0
2020-09-17 19:00:00,81.4,76,0.0,0.13,127.0
2020-09-17 20:00:00,80.4,77,0.0,0.06,10.0
2020-09-17 21:00:00,79.4,77,0.0,0.03,0.0
2020-09-17 22:00:00,78.5,76,0.0,0.03,0.0
2020-09-17 23:00:00,77.5,78,0.0,0.02,0.0
2020-09-18 00:00:00,76.7,81,0.0,0.02,0.0
2020-09-18 01:00:00,76.1,83,0.0,0.01,0.0
2020-09-18 02:00:00,75.7,84,0.0,0.01,0.0
2020-09-18 03:00:00,75.4,85,0.0,0.01,0.0
2020-09-18 04:00:00,75.1,87,0.0,0.01,0.0
2020-09-18 05:00:00,74.8,88,0.0,0.01,0.0
2020-09-18 06:00:00,74.5,90,0.0,0.0,0.0
2020-09-18 07:00:00,74.1,90,0.0,0.0,0.0
2020-09-18 08:00:00,74.8,88,0.0,0.02,23.0
2020-09-18 09:00:00,75.4,81,0.0,0.12,185.0
2020-09-18 10:00:00,76.6,75,0.0,0.26,395.0
2020-09-18 11:00:00,78.4,68,0.0,0.4,582.0
2020-09-18 12:00:00,80.2,60,0.0,0.51,710.0
2020-09-18 13:00:00,81.6,57,0.0,0.53,707.0
2020-09-18 14:00:00,81.8,60,0.0,0.37,431.0
2020-09-18 15:00:00,82.2,61,0.0,0.38,469.0
2020-09-18 16:00:00,82.3,63,0.1,0.36,438.0
2020-09-18 17:00:00,82.0,65,0.0,0.26,295.0
2020-09-18 18:00:00,81.3,69,0.0,0.19,203.0
2020-09-18 19:00:00,80.5,72,0.0,0.1,77.0
2020-09-18 20:00:00,79.5,76,0.0,0.05,8.0
2020-09-18 21:00:00,78.4,77,0.0,0.03,0.0
2020-09-18 22:00:00,77.5,79,0.0,0.03,0.0
2020-09-18 23:00:00,76.8,80,0.0,0.03,0.0
2020-09-19 00:00:00,76.3,80,0.0,0.03,0.0
2020-09-19 01:00:00,75.8,81,0.0,0.02,0.0
2020-09-19 02:00:00,75.4,82,0.0,0.02,0.0
2020-09-19 03:00:00,74.9,83,0.0,0.02,0.0
2020-09-19 04:00:00,74.5,84,0.0,0.01,0.0
2020-09-19 05:00:00,74.0,84,0.0,0.01,0.0
2020-09-19 06:00:00,73.8,83,0.0,0.01,0.0
2020-09-19 07:00:00,73.6,81,0.0,0.02,0.0
2020-09-19 08:00:00,74.5,82,0.0,0.04,13.0
2020-09-19 09:00:00,74.5,81,0.2,0.09,100.0
2020-09-19 10:00:00,73.7,89,1.7,0.07,69.0
2020-09-19 11:00:00,72.8,98,2.7,0.07,113.0
2020-09-19 12:00:00,72.4,93,0.7,0.09,135.0
2020-09-19 13:00:00,73.3,84,0.0,0.22,354.0
2020-09-19 14:00:00,74.6,80,0.5,0.3,459.0
2020-09-19 15:00:00,76.0,72,0.6,0.39,580.0
2020-09-19 16:00:00,76.6,71,0.4,0.3,409.0
2020-09-19 17:00:00,76.1,78,0.8,0.16,194.0
2020-09-19 18:00:00,74.7,97,3.0,0.06,99.0
2020-09-19 19:00:00,73.1,98,2.8,0.03,41.0
2020-09-19 20:00:00,76.0,74,0.7,0.08,3.0
2020-09-19 21:00:00,75.0,75,0.2,0.05,0.0
2020-09-19 22:00:00,74.2,76,0.1,0.05,0.0
2020-09-19 23:00:00,73.8,74,0.0,0.05,0.0
2020-09-20 00:00:00,73.4,73,0.2,0.05,0.0
2020-09-20 01:00:00,72.6,75,0.2,0.05,0.0
2020-09-20 02:00:00,71.8,75,0.1,0.05,0.0
2020-09-20 03:00:00,71.1,74,0.0,0.05,0.0
2020-09-20 04:00:00,70.5,72,0.0,0.06,0.0
2020-09-20 05:00:00,69.9,71,0.0,0.06,0.0
2020-09-20 06:00:00,69.4,69,0.0,0.06,0.0
2020-09-20 07:00:00,69.1,70,0.0,0.06,0.0
2020-09-20 08:00:00,70.1,72,0.0,0.07,13.0
2020-09-20 09:00:00,69.7,72,0.0,0.1,59.0
2020-09-20 10:00:00,69.8,72,0.0,0.14,165.0
2020-09-20 11:00:00,70.3,72,0.0,0.18,248.0
2020-09-20 12:00:00,71.2,69,0.0,0.24,342.0
2020-09-20 13:00:00,71.8,68,0.0,0.24,315.0
2020-09-20 14:00:00,72.6,67,0.0,0.26,349.0
2020-09-20 15:00:00,72.7,67,0.0,0.23,282.0
2020-09-20 16:00:00,73.3,67,0.0,0.29,412.0
2020-09-20 17:00:00,72.8,70,0.0,0.17,192.0
2020-09-20 18:00:00,72.1,73,0.0,0.12,91.0
2020-09-20 19:00:00,71.4,74,0.0,0.1,40.0
2020-09-20 20:00:00,70.3,75,0.0,0.07,6.0
2020-09-20 21:00:00,69.7,74,0.0,0.05,0.0
2020-09-20 22:00:00,69.4,74,0.0,0.05,0.0
2020-09-20 23:00:00,69.4,75,0.0,0.05,0.0
2020-09-21 00:00:00,69.5,76,0.0,0.05,0.0
2020-09-21 01:00:00,69.6,75,0.0,0.05,0.0
2020-09-21 02:00:00,69.5,74,0.0,0.06,0.0
2020-09-21 03:00:00,69.4,72,0.0,0.06,0.0
2020-09-21 04:00:00,69.1,72,0.0,0.06,0.0
2020-09-21 05:00:00,68.7,72,0.0,0.06,0.0
2020-09-21 06:00:00,68.3,74,0.0,0.05,0.0
2020-09-21 07:00:00,68.0,76,0.0,0.05,0.0
2020-09-21 08:00:00,67.4,77,0.0,0.06,20.0
2020-09-21 09:00:00,67.6,74,0.0,0.11,129.0
2020-09-21 10:00:00,68.6,69,0.0,0.23,362.0
2020-09-21 11:00:00,70.3,65,0.0,0.34,562.0
2020-09-21 12:00:00,72.3,63,0.0,0.44,730.0
2020-09-21 13:00:00,74.3,61,0.0,0.51,816.0
2020-09-21 14:00:00,75.7,58,0.0,0.52,791.0
2020-09-21 15:00:00,76.6,59,0.0,0.49,727.0
2020-09-21 16:00:00,76.3,62,0.0,0.32,405.0
2020-09-21 17:00:00,76.1,60,0.0,0.33,435.0
2020-09-21 18:00:00,75.3,64,0.0,0.21,223.0
2020-09-21 19:00:00,74.2,69,0.0,0.13,124.0
2020-09-21 20:00:00,72.9,73,0.0,0.06,7.0
2020-09-21 21:00:00,71.5,72,0.0,0.05,0.0
2020-09-21 22:00:00,70.5,69,0.0,0.06,0.0
2020-09-21 23:00:00,69.8,67,0.0,0.06,0.0
2020-09-22 00:00:00,69.1,67,0.0,0.06,0.0
2020-09-22 01:00:00,68.5,68,0.0,0.06,0.0
2020-09-22 02:00:00,68.1,68,0.0,0.06,0.0
2020-09-22 03:00:00,67.8,69,0.0,0.06,0.0
2020-09-22 04:00:00,67.5,73,0.0,0.04,0.0
2020-09-22 05:00:00,67.0,75,0.0,0.03,0.0
2020-09-22 06:00:00,66.7,77,0.0,0.03,0.0
2020-09-22 07:00:00,66.4,79,0.0,0.03,0.0
2020-09-22 08:00:00,67.6,81,0.0,0.04,21.0
2020-09-22 09:00:00,67.8,79,0.0,0.1,159.0
2020-09-22 10:00:00,69.1,74,0.0,0.21,359.0
2020-09-22 11:00:00,71.0,69,0.0,0.33,541.0
2020-09-22 12:00:00,73.3,64,0.0,0.44,682.0
2020-09-22 13:00:00,75.6,58,0.0,0.54,793.0
2020-09-22 14:00:00,77.6,52,0.0,0.58,815.0
2020-09-22 15:00:00,78.9,50,0.0,0.54,728.0
2020-09-22 16:00:00,79.4,48,0.0,0.48,626.0
2020-09-22 17:00:00,79.2,49,0.0,0.36,444.0
2020-09-22 18:00:00,78.3,54,0.0,0.23,266.0
2020-09-22 19:00:00,76.7,63,0.0,0.13,115.0
2020-09-22 20:00:00,75.7,69,0.0,0.04,8.0
2020-09-22 21:00:00,73.7,73,0.0,0.03,0.0
2020-09-22 22:00:00,72.5,75,0.0,0.03,0.0
2020-09-22 23:00:00,71.5,80,0.0,0.02,0.0
2020-09-23 00:00:00,70.8,82,0.0,0.01,0.0
2020-09-23 01:00:00,69.9,86,0.0,0.01,0.0
2020-09-23 02:00:00,69.1,89,0.0,0.0,0.0
2020-09-23 03:00:00,68.3,91,0.0,0.0,0.0
2020-09-23 04:00:00,67.9,89,0.0,0.0,0.0
2020-09-23 05:00:00,67.6,88,0.0,0.0,0.0
2020-09-23 06:00:00,67.1,90,0.0,0.0,0.0
2020-09-23 07:00:00,66.4,91,0.0,0.0,0.0
2020-09-23 08:00:00,66.8,85,0.0,0.02,19.0
2020-09-23 09:00:00,67.7,79,0.0,0.08,100.0
2020-09-23 10:00:00,69.9,68,0.0,0.22,335.0
2020-09-23 11:00:00,72.8,60,0.0,0.37,556.0
2020-09-23 12:00:00,75.5,55,0.0,0.47,681.0
2020-09-23 13:00:00,77.2,50,0.0,0.45,607.0
2020-09-23 14:00:00,78.4,47,0.0,0.42,553.0
2020-09-23 15:00:00,78.8,47,0.0,0.33,404.0
2020-09-23 16:00:00,78.2,51,0.0,0.15,180.0
2020-09-23 17:00:00,77.5,63,0.0,0.11,102.0
2020-09-23 18:00:00,77.2,62,0.0,0.16,174.0
2020-09-23 19:00:00,76.1,66,0.0,0.11,110.0
2020-09-23 20:00:00,76.0,68,0.0,0.06,6.0
2020-09-23 21:00:00,74.3,68,0.0,0.05,0.0
2020-09-23 22:00:00,72.9,69,0.0,0.04,0.0
2020-09-23 23:00:00,72.0,76,0.0,0.03,0.0
2020-09-24 00:00:00,71.2,81,0.0,0.01,0.0
2020-09-24 01:00:00,70.8,83,0.0,0.01,0.0
2020-09-24 02:00:00,70.3,86,0.0,0.0,0.0
2020-09-24 03:00:00,69.5,89,0.0,0.0,0.0
2020-09-24 04:00:00,69.0,91,0.0,0.0,0.0
2020-09-24 05:00:00,68.8,90,0.0,0.0,0.0
2020-09-24 06:00:00,68.5,92,0.0,0.0,0.0
2020-09-24 07:00:00,68.5,90,0.0,0.0,0.0
2020-09-24 08:00:00,68.3,88,0.0,0.02,18.0
2020-09-24 09:00:00,70.3,82,0.0,0.11,173.0
2020-09-24 10:00:00,73.0,76,0.0,0.24,349.0
2020-09-24 11:00:00,75.7,66,0.0,0.39,542.0
2020-09-24 12:00:00,77.6,62,0.0,0.38,489.0
2020-09-24 13:00:00,79.7,56,0.0,0.51,655.0
2020-09-24 14:00:00,81.1,54,0.0,0.5,621.0
2020-09-24 15:00:00,81.2,55,0.0,0.34,374.0
2020-09-24 16:00:00,80.7,57,0.0,0.21,202.0
2020-09-24 17:00:00,80.1,64,0.0,0.12,120.0
2020-09-24 18:00:00,80.3,62,0.0,0.18,234.0
2020-09-24 19:00:00,79.3,73,0.0,0.09,97.0
2020-09-24 20:00:00,79.6,76,0.0,0.03,4.0
2020-09-24 21:00:00,77.6,86,0.0,0.0,0.0
2020-09-24 22:00:00,76.1,84,0.0,0.0,0.0
2020-09-24 23:00:00,74.9,84,0.0,0.0,0.0
2020-09-25 00:00:00,74.4,77,0.0,0.02,0.0
2020-09-25 01:00:00,74.1,78,0.0,0.02,0.0
2020-09-25 02:00:00,73.8,79,0.0,0.02,0.0
2020-09-25 03:00:00,73.8,89,0.0,0.01,0.0
2020-09-25 04:00:00,73.8,93,0.0,0.0,0.0
2020-09-25 05:00:00,73.8,95,0.0,0.0,0.0
2020-09-25 06:00:00,73.6,96,0.0,0.0,0.0
2020-09-25 07:00:00,73.5,96,0.1,0.0,0.0
2020-09-25 08:00:00,73.8,94,0.0,0.01,14.0
2020-09-25 09:00:00,75.0,86,0.0,0.1,154.0
2020-09-25 10:00:00,77.2,78,0.0,0.25,359.0
2020-09-25 11:00:00,79.7,67,0.0,0.39,536.0
2020-09-25 12:00:00,82.0,60,0.0,0.48,637.0
2020-09-25 13:00:00,83.9,60,0.0,0.52,682.0
2020-09-25 14:00:00,85.2,62,0.0,0.49,631.0
2020-09-25 15:00:00,86.2,63,0.0,0.5,656.0
2020-09-25 16:00:00,85.6,76,1.2,0.39,559.0
2020-09-25 17:00:00,84.5,70,0.0,0.32,429.0
2020-09-25 18:00:00,83.7,72,0.3,0.2,268.0
2020-09-25 19:00:00,82.5,82,0.0,0.07,110.0
2020-09-25 20:00:00,82.0,77,0.0,0.03,5.0
2020-09-25 21:00:00,80.4,80,0.0,0.02,0.0
2020-09-25 22:00:00,79.2,86,0.0,0.01,0.0
2020-09-25 23:00:00,78.0,91,0.0,0.0,0.0
2020-09-26 00:00:00,77.2,96,0.0,0.0,0.0
2020-09-26 01:00:00,76.3,98,0.0,0.0,0.0
2020-09-26 02:00:00,75.2,99,0.0,0.0,0.0
2020-09-26 03:00:00,74.5,99,0.0,0.0,0.0
2020-09-26 04:00:00,73.9,100,0.0,0.0,0.0
2020-09-26 05:00:00,73.2,100,0.0,0.0,0.0
2020-09-26 06:00:00,73.0,100,0.0,0.0,0.0
2020-09-26 07:00:00,72.7,100,0.0,0.0,0.0
2020-09-26 08:00:00,74.4,99,0.0,0.0,13.0
2020-09-26 09:00:00,74.9,95,0.0,0.06,93.0
2020-09-26 10:00:00,76.5,85,0.0,0.17,248.0
2020-09-26 11:00:00,78.6,73,0.0,0.3,413.0
2020-09-26 12:00:00,81.1,65,0.0,0.45,616.0
2020-09-26 13:00:00,83.3,59,0.0,0.52,694.0
2020-09-26 14:00:00,85.2,55,0.1,0.58,767.0
2020-09-26 15:00:00,86.4,52,0.0,0.54,687.0
2020-09-26 16:00:00,87.0,51,0.0,0.47,587.0
2020-09-26 17:00:00,87.0,51,0.0,0.38,465.0
2020-09-26 18:00:00,86.2,53,0.0,0.24,281.0
2020-09-26 19:00:00,84.6,63,0.0,0.09,112.0
2020-09-26 20:00:00,83.1,65,0.0,0.05,5.0
2020-09-26 21:00:00,80.7,67,0.0,0.03,0.0
2020-09-26 22:00:00,78.6,71,0.0,0.02,0.0
2020-09-26 23:00:00,76.9,76,0.0,0.01,0.0
2020-09-27 00:00:00,75.7,76,0.0,0.01,0.0
2020-09-27 01:00:00,74.8,78,0.0,0.02,0.0
2020-09-27 02:00:00,74.1,80,0.0,0.01,0.0
2020-09-27 03:00:00,73.5,81,0.0,0.01,0.0
2020-09-27 04:00:00,73.0,82,0.0,0.01,0.0
2020-09-27 05:00:00,72.5,83,0.0,0.01,0.0
2020-09-27 06:00:00,72.5,83,0.0,0.0,0.0
2020-09-27 07:00:00,72.3,86,0.0,0.0,0.0
2020-09-27 08:00:00,73.9,81,0.0,0.03,10.0
2020-09-27 09:00:00,74.0,79,0.1,0.06,45.0
2020-09-27 10:00:00,74.9,80,0.0,0.11,123.0
2020-09-27 11:00:00,76.6,79,0.0,0.19,248.0
2020-09-27 12:00:00,78.9,72,0.0,0.3,392.0
2020-09-27 13:00:00,81.1,66,0.1,0.35,461.0
2020-09-27 14:00:00,81.6,67,0.1,0.22,264.0
2020-09-27 15:00:00,81.5,77,1.2,0.19,234.0
2020-09-27 16:00:00,79.8,91,1.8,0.15,213.0
2020-09-27 17:00:00,78.7,89,0.7,0.14,188.0
2020-09-27 18:00:00,77.5,99,0.8,0.05,78.0
2020-09-27 19:00:00,76.6,99,0.4,0.02,25.0
2020-09-27 20:00:00,76.2,99,0.2,0.01,1.0
2020-09-27 21:00:00,75.3,100,0.5,0.0,0.0
2020-09-27 22:00:00,74.8,99,0.3,0.0,0.0
2020-09-27 23:00:00,74.5,100,0.2,0.0,0.0
2020-09-28 00:00:00,74.4,100,0.4,0.0,0.0
2020-09-28 01:00:00,74.1,100,0.2,0.0,0.0
2020-09-28 02:00:00,73.9,100,0.3,0.0,0.0
2020-09-28 03:00:00,73.9,100,0.2,0.0,0.0
2020-09-28 04:00:00,73.7,100,0.8,0.0,0.0
2020-09-28 05:00:00,73.4,100,0.6,0.0,0.0
2020-09-28 06:00:00,73.1,100,0.1,0.0,0.0
2020-09-28 07:00:00,73.0,100,0.0,0.0,0.0
2020-09-28 08:00:00,73.9,99,0.0,0.01,10.0
2020-09-28 09:00:00,74.7,99,1.7,0.08,147.0
2020-09-28 10:00:00,75.3,97,2.5,0.12,188.0
2020-09-28 11:00:00,76.1,93,0.4,0.19,294.0
2020-09-28 12:00:00,77.3,82,0.1,0.29,420.0
2020-09-28 13:00:00,79.2,76,0.2,0.42,585.0
2020-09-28 14:00:00,79.9,84,2.7,0.39,606.0
2020-09-28 15:00:00,80.2,81,0.3,0.35,506.0
2020-09-28 16:00:00,79.8,82,0.9,0.31,454.0
2020-09-28 17:00:00,80.1,79,0.1,0.26,367.0
2020-09-28 18:00:00,79.7,86,1.4,0.14,205.0
2020-09-28 19:00:00,78.1,97,1.7,0.04,65.0
2020-09-28 20:00:00,78.0,96,0.0,0.0,3.0
2020-09-28 21:00:00,76.8,97,0.0,0.0,0.0
2020-09-28 22:00:00,76.2,98,0.0,0.0,0.0
2020-09-28 23:00:00,75.7,98,0.2,0.0,0.0
2020-09-29 00:00:00,75.2,99,0.0,0.0,0.0
2020-09-29 01:00:00,74.8,97,0.2,0.0,0.0
2020-09-29 02:00:00,74.3,98,1.0,0.0,0.0
2020-09-29 03:00:00,74.2,98,0.2,0.0,0.0
2020-09-29 04:00:00,74.1,99,0.0,0.0,0.0
2020-09-29 05:00:00,73.9,100,0.0,0.0,0.0
2020-09-29 06:00:00,73.9,99,0.0,0.0,0.0
2020-09-29 07:00:00,73.7,98,0.3,0.0,0.0
2020-09-29 08:00:00,74.7,98,0.2,0.01,5.0
2020-09-29 09:00:00,74.5,96,0.1,0.05,80.0
2020-09-29 10:00:00,75.0,95,0.0,0.09,138.0
2020-09-29 11:00:00,76.5,90,0.1,0.23,344.0
2020-09-29 12:00:00,78.4,84,0.2,0.34,489.0
2020-09-29 13:00:00,78.9,85,3.6,0.28,430.0
2020-09-29 14:00:00,77.7,91,1.1,0.21,314.0
2020-09-29 15:00:00,76.6,99,2.5,0.09,153.0
2020-09-29 16:00:00,75.8,99,2.3,0.08,136.0
2020-09-29 17:00:00,74.4,99,4.2,0.05,83.0
2020-09-29 18:00:00,72.0,98,1.3,0.03,37.0
2020-09-29 19:00:00,69.4,98,1.1,0.02,15.0
2020-09-29 20:00:00,66.9,98,1.8,0.01,1.0
2020-09-29 21:00:00,65.8,92,0.4,0.0,0.0
2020-09-29 22:00:00,64.8,92,0.1,0.0,0.0
2020-09-29 23:00:00,64.1,90,0.0,0.0,0.0
2020-09-30 00:00:00,63.6,90,0.0,0.0,0.0
2020-09-30 01:00:00,63.2,91,0.0,0.0,0.0
2020-09-30 02:00:00,62.8,92,0.0,0.0,0.0
2020-09-30 03:00:00,62.1,93,0.0,0.0,0.0
2020-09-30 04:00:00,61.2,94,0.0,0.0,0.0
2020-09-30 05:00:00,60.6,94,0.0,0.0,0.0
2020-09-30 06:00:00,60.0,94,0.0,0.0,0.0
2020-09-30 07:00:00,59.5,94,0.0,0.0,0.0
2020-09-30 08:00:00,60.4,93,0.0,0.0,17.0
2020-09-30 09:00:00,61.3,84,0.0,0.08,181.0
2020-09-30 10:00:00,63.6,72,0.0,0.22,403.0
2020-09-30 11:00:00,66.2,57,0.0,0.36,604.0
2020-09-30 12:00:00,68.6,49,0.0,0.47,759.0
2020-09-30 13:00:00,70.9,45,0.0,0.54,852.0
2020-09-30 14:00:00,72.7,42,0.0,0.57,876.0
2020-09-30 15:00:00,73.9,41,0.0,0.55,829.0
2020-09-30 16:00:00,74.7,40,0.0,0.48,715.0
2020-09-30 17:00:00,74.6,42,0.0,0.37,546.0
2020-09-30 18:00:00,73.8,53,0.0,0.22,337.0
2020-09-30 19:00:00,71.6,63,0.0,0.08,119.0
2020-09-30 20:00:00,69.6,68,0.0,0.02,3.0
2020-09-30 21:00:00,67.6,68,0.0,0.03,0.0
2020-09-30 22:00:00,65.8,75,0.0,0.01,0.0
2020-09-30 23:00:00,64.4,78,0.0,0.0,0.0
2020-10-01 00:00:00,63.3,78,0.0,0.01,0.0
2020-10-01 01:00:00,62.5,82,0.0,0.0,0.0
2020-10-01 02:00:00,61.7,89,0.0,0.0,0.0
2020-10-01 03:00:00,61.0,90,0.0,0.0,0.0
2020-10-01 04:00:00,60.3,91,0.0,0.0,0.0
2020-10-01 05:00:00,59.7,92,0.0,0.0,0.0
2020-10-01 06:00:00,59.1,94,0.0,0.0,0.0
2020-10-01 07:00:00,58.5,93,0.0,0.0,0.0
2020-10-01 08:00:00,56.8,89,0.0,0.0,16.0
2020-10-01 09:00:00,59.3,81,0.0,0.08,174.0
2020-10-01 10:00:00,62.7,69,0.0,0.22,390.0
2020-10-01 11:00:00,66.3,58,0.0,0.36,586.0
2020-10-01 12:00:00,69.4,53,0.0,0.47,737.0
2020-10-01 13:00:00,72.1,50,0.0,0.55,829.0
2020-10-01 14:00:00,74.1,48,0.0,0.58,853.0
2020-10-01 15:00:00,75.5,47,0.0,0.55,807.0
2020-10-01 16:00:00,76.2,45,0.0,0.48,696.0
2020-10-01 17:00:00,76.2,45,0.0,0.37,530.0
2020-10-01 18:00:00,75.6,51,0.0,0.21,325.0
2020-10-01 19:00:00,73.7,70,0.0,0.07,113.0
2020-10-01 20:00:00,71.6,75,0.0,0.03,2.0
2020-10-01 21:00:00,69.2,73,0.0,0.01,0.0
2020-10-01 22:00:00,67.6,78,0.0,0.01,0.0
2020-10-01 23:00:00,66.1,76,0.0,0.01,0.0
2020-10-02 00:00:00,65.0,86,0.0,0.0,0.0
2020-10-02 01:00:00,64.2,86,0.0,0.0,0.0
2020-10-02 02:00:00,63.6,83,0.0,0.0,0.0
2020-10-02 03:00:00,63.2,81,0.0,0.01,0.0
2020-10-02 04:00:00,63.0,80,0.0,0.01,0.0
2020-10-02 05:00:00,63.1,77,0.0,0.03,0.0
2020-10-02 06:00:00,63.3,81,0.0,0.02,0.0
2020-10-02 07:00:00,63.1,81,0.0,0.01,0.0
2020-10-02 08:00:00,62.3,74,0.0,0.04,14.0
2020-10-02 09:00:00,63.4,65,0.0,0.11,155.0
2020-10-02 10:00:00,65.1,53,0.0,0.24,370.0
2020-10-02 11:00:00,67.3,46,0.0,0.37,574.0
2020-10-02 12:00:00,69.7,40,0.0,0.49,739.0
2020-10-02 13:00:00,72.0,35,0.0,0.57,841.0
2020-10-02 14:00:00,73.8,33,0.0,0.6,867.0
2020-10-02 15:00:00,74.9,33,0.0,0.57,821.0
2020-10-02 16:00:00,75.5,33,0.0,0.5,708.0
2020-10-02 17:00:00,75.2,35,0.0,0.38,530.0
2020-10-02 18:00:00,74.1,45,0.0,0.22,323.0
2020-10-02 19:00:00,71.7,62,0.0,0.08,111.0
2020-10-02 20:00:00,69.7,63,0.0,0.02,2.0
2020-10-02 21:00:00,67.4,63,0.0,0.03,0.0
2020-10-02 22:00:00,65.8,67,0.0,0.03,0.0
2020-10-02 23:00:00,64.8,69,0.0,0.03,0.0
2020-10-03 00:00:00,64.0,70,0.0,0.03,0.0
2020-10-03 01:00:00,63.3,70,0.0,0.03,0.0
2020-10-03 02:00:00,63.0,70,0.0,0.03,0.0
2020-10-03 03:00:00,62.6,71,0.0,0.02,0.0
2020-10-03 04:00:00,62.2,71,0.0,0.02,0.0
2020-10-03 05:00:00,61.8,71,0.0,0.02,0.0
2020-10-03 06:00:00,61.4,72,0.0,0.02,0.0
2020-10-03 07:00:00,61.3,74,0.0,0.02,0.0
2020-10-03 08:00:00,60.1,78,0.0,0.03,9.0
2020-10-03 09:00:00,61.1,74,0.0,0.08,91.0
2020-10-03 10:00:00,62.9,66,0.0,0.17,248.0
2020-10-03 11:00:00,65.2,62,0.0,0.27,405.0
2020-10-03 12:00:00,67.5,59,0.0,0.33,479.0
2020-10-03 13:00:00,69.6,57,0.0,0.4,595.0
2020-10-03 14:00:00,70.8,56,0.0,0.35,465.0
2020-10-03 15:00:00,71.7,56,0.0,0.34,451.0
2020-10-03 16:00:00,72.3,56,0.0,0.33,440.0
2020-10-03 17:00:00,72.6,56,0.0,0.3,394.0
2020-10-03 18:00:00,72.2,59,0.0,0.19,234.0
2020-10-03 19:00:00,71.0,65,0.0,0.09,59.0
2020-10-03 20:00:00,70.2,69,0.0,0.06,1.0
2020-10-03 21:00:00,68.9,66,0.0,0.05,0.0
2020-10-03 22:00:00,68.4,61,0.0,0.06,0.0
2020-10-03 23:00:00,67.6,63,0.0,0.06,0.0
2020-10-04 00:00:00,66.8,66,0.0,0.05,0.0
2020-10-04 01:00:00,66.2,67,0.0,0.05,0.0
2020-10-04 02:00:00,65.7,68,0.0,0.04,0.0
2020-10-04 03:00:00,65.1,69,0.0,0.03,0.0
2020-10-04 04:00:00,64.6,70,0.0,0.03,0.0
2020-10-04 05:00:00,64.1,70,0.0,0.03,0.0
2020-10-04 06:00:00,63.8,70,0.0,0.03,0.0
2020-10-04 07:00:00,63.6,68,0.0,0.04,0.0
2020-10-04 08:00:00,63.6,72,0.0,0.05,5.0
2020-10-04 09:00:00,64.1,70,0.0,0.09,112.0
2020-10-04 10:00:00,65.3,70,0.0,0.15,207.0
2020-10-04 11:00:00,67.6,68,0.0,0.29,471.0
2020-10-04 12:00:00,69.6,67,0.0,0.32,488.0
2020-10-04 13:00:00,71.5,66,0.0,0.35,510.0
2020-10-04 14:00:00,72.7,66,0.0,0.31,423.0
2020-10-04 15:00:00,72.9,67,0.0,0.19,214.0
2020-10-04 16:00:00,72.8,69,0.0,0.14,144.0
2020-10-04 17:00:00,72.5,74,0.1,0.1,106.0
2020-10-04 18:00:00,72.1,82,0.1,0.07,69.0
2020-10-04 19:00:00,71.2,91,0.0,0.03,21.0
2020-10-04 20:00:00,69.2,96,0.1,0.01,0.0
2020-10-04 21:00:00,68.5,97,0.0,0.0,0.0
2020-10-04 22:00:00,68.0,97,0.0,0.0,0.0
2020-10-04 23:00:00,67.6,97,0.0,0.0,0.0
2020-10-05 00:00:00,67.1,94,0.0,0.0,0.0
2020-10-05 01:00:00,66.6,91,0.0,0.0,0.0
2020-10-05 02:00:00,66.0,88,0.0,0.0,0.0
2020-10-05 03:00:00,65.6,84,0.0,0.02,0.0
2020-10-05 04:00:00,65.1,80,0.0,0.02,0.0
2020-10-05 05:00:00,64.8,79,0.0,0.02,0.0
2020-10-05 06:00:00,64.7,77,0.0,0.03,0.0
2020-10-05 07:00:00,64.6,77,0.0,0.03,0.0
2020-10-05 08:00:00,64.4,89,0.0,0.03,2.0
2020-10-05 09:00:00,64.1,91,0.6,0.04,32.0
2020-10-05 10:00:00,64.3,92,0.6,0.06,72.0
2020-10-05 11:00:00,65.0,92,0.3,0.1,160.0
2020-10-05 12:00:00,65.8,91,0.3,0.1,145.0
2020-10-05 13:00:00,66.5,92,0.9,0.11,177.0
2020-10-05 14:00:00,67.1,98,0.7,0.09,152.0
2020-10-05 15:00:00,67.7,94,0.4,0.11,164.0
2020-10-05 16:00:00,68.5,93,0.2,0.12,188.0
2020-10-05 17:00:00,68.4,94,0.1,0.06,74.0
2020-10-05 18:00:00,68.2,93,0.1,0.05,55.0
2020-10-05 19:00:00,67.8,94,0.0,0.03,29.0
2020-10-05 20:00:00,69.0,96,0.0,0.02,0.0
2020-10-05 21:00:00,68.1,95,0.0,0.0,0.0
2020-10-05 22:00:00,67.6,96,0.0,0.0,0.0
2020-10-05 23:00:00,67.5,96,0.0,0.0,0.0
2020-10-06 00:00:00,67.4,96,0.0,0.0,0.0
2020-10-06 01:00:00,67.5,96,0.0,0.0,0.0
2020-10-06 02:00:00,67.5,97,0.0,0.0,0.0
2020-10-06 03:00:00,67.5,97,0.0,0.0,0.0
2020-10-06 04:00:00,67.5,97,0.0,0.0,0.0
2020-10-06 05:00:00,67.6,97,0.0,0.0,0.0
2020-10-06 06:00:00,67.7,97,0.0,0.0,0.0
2020-10-06 07:00:00,67.9,97,0.0,0.0,0.0
2020-10-06 08:00:00,69.0,98,0.0,0.01,2.0
2020-10-06 09:00:00,69.4,96,0.0,0.04,56.0
2020-10-06 10:00:00,70.5,91,0.0,0.12,180.0
2020-10-06 11:00:00,72.0,87,0.0,0.19,292.0
2020-10-06 12:00:00,73.9,81,0.0,0.31,455.0
2020-10-06 13:00:00,75.6,77,0.0,0.33,467.0
2020-10-06 14:00:00,76.6,74,0.0,0.28,369.0
2020-10-06 15:00:00,77.5,71,0.0,0.3,394.0
2020-10-06 16:00:00,78.0,71,0.0,0.28,353.0
2020-10-06 17:00:00,77.6,74,0.0,0.15,163.0
2020-10-06 18:00:00,77.5,75,0.0,0.14,163.0
2020-10-06 19:00:00,76.6,81,0.0,0.07,72.0
2020-10-06 20:00:00,76.8,88,0.0,0.03,0.0
2020-10-06 21:00:00,75.5,90,0.0,0.01,0.0
2020-10-06 22:00:00,74.5,95,0.0,0.0,0.0
2020-10-06 23:00:00,73.6,98,0.0,0.0,0.0
2020-10-07 00:00:00,72.9,98,0.0,0.0,0.0
2020-10-07 01:00:00,72.3,98,0.0,0.0,0.0
2020-10-07 02:00:00,71.8,98,0.0,0.0,0.0
2020-10-07 03:00:00,71.4,99,0.0,0.0,0.0
2020-10-07 04:00:00,71.1,99,0.0,0.0,0.0
2020-10-07 05:00:00,70.8,99,0.0,0.0,0.0
2020-10-07 06:00:00,70.6,99,0.0,0.0,0.0
2020-10-07 07:00:00,70.4,99,0.0,0.0,0.0
2020-10-07 08:00:00,73.0,99,0.0,0.0,7.0
2020-10-07 09:00:00,73.0,94,0.0,0.06,96.0
2020-10-07 10:00:00,74.1,87,0.0,0.17,266.0
2020-10-07 11:00:00,76.0,80,0.0,0.29,431.0
2020-10-07 12:00:00,77.5,76,0.1,0.31,431.0
2020-10-07 13:00:00,79.1,71,0.2,0.38,510.0
2020-10-07 14:00:00,80.6,67,0.1,0.43,575.0
2020-10-07 15:00:00,82.1,63,0.1,0.48,640.0
2020-10-07 16:00:00,83.0,60,0.1,0.43,575.0
2020-10-07 17:00:00,82.9,60,0.0,0.3,384.0
2020-10-07 18:00:00,82.3,69,0.0,0.17,224.0
2020-10-07 19:00:00,80.8,79,0.0,0.06,61.0
2020-10-07 20:00:00,79.3,82,0.0,0.03,0.0
2020-10-07 21:00:00,78.3,86,0.0,0.01,0.0
2020-10-07 22:00:00,77.5,90,0.0,0.0,0.0
2020-10-07 23:00:00,76.6,94,0.0,0.0,0.0
2020-10-08 00:00:00,75.9,96,0.0,0.0,0.0
2020-10-08 01:00:00,75.5,98,0.0,0.0,0.0
2020-10-08 02:00:00,75.0,98,0.0,0.0,0.0
2020-10-08 03:00:00,74.6,98,0.0,0.0,0.0
2020-10-08 04:00:00,74.1,99,0.0,0.0,0.0
2020-10-08 05:00:00,73.8,100,0.0,0.0,0.0
2020-10-08 06:00:00,73.7,100,0.0,0.0,0.0
2020-10-08 07:00:00,73.6,100,0.0,0.0,0.0
2020-10-08 08:00:00,74.2,99,0.0,0.0,7.0
2020-10-08 09:00:00,74.6,95,0.0,0.04,59.0
2020-10-08 10:00:00,75.7,89,0.0,0.12,171.0
2020-10-08 11:00:00,77.6,80,0.0,0.25,344.0
2020-10-08 12:00:00,79.7,72,0.0,0.35,466.0
2020-10-08 13:00:00,81.9,66,0.1,0.46,617.0
2020-10-08 14:00:00,83.6,62,0.0,0.49,646.0
2020-10-08 15:00:00,84.6,60,0.0,0.44,574.0
2020-10-08 16:00:00,84.5,66,0.2,0.29,371.0
2020-10-08 17:00:00,82.6,94,3.8,0.13,173.0
2020-10-08 18:00:00,80.2,99,9.6,0.04,54.0
2020-10-08 19:00:00,78.5,99,5.4,0.02,20.0
2020-10-08 20:00:00,79.3,93,3.0,0.02,0.0
2020-10-08 21:00:00,77.7,99,0.7,0.0,0.0
2020-10-08 22:00:00,76.6,96,0.1,0.0,0.0
2020-10-08 23:00:00,75.9,99,0.1,0.0,0.0
2020-10-09 00:00:00,75.6,98,0.1,0.0,0.0
2020-10-09 01:00:00,75.3,98,0.0,0.0,0.0
2020-10-09 02:00:00,75.2,99,0.0,0.0,0.0
2020-10-09 03:00:00,75.0,99,0.0,0.0,0.0
2020-10-09 04:00:00,74.8,99,0.1,0.0,0.0
2020-10-09 05:00:00,74.7,99,0.4,0.0,0.0
2020-10-09 06:00:00,74.7,100,0.3,0.0,0.0
2020-10-09 07:00:00,74.6,100,0.3,0.0,0.0
2020-10-09 08:00:00,74.8,99,0.1,0.01,3.0
2020-10-09 09:00:00,75.1,96,0.0,0.05,66.0
2020-10-09 10:00:00,75.9,93,0.0,0.12,186.0
2020-10-09 11:00:00,77.2,91,0.1,0.18,264.0
2020-10-09 12:00:00,78.5,80,0.1,0.26,360.0
2020-10-09 13:00:00,79.8,72,0.3,0.37,491.0
2020-10-09 14:00:00,81.1,73,0.4,0.41,576.0
2020-10-09 15:00:00,81.0,82,1.5,0.35,520.0
2020-10-09 16:00:00,80.7,81,0.4,0.29,406.0
2020-10-09 17:00:00,79.7,89,3.4,0.21,341.0
2020-10-09 18:00:00,78.4,94,0.1,0.09,144.0
2020-10-09 19:00:00,77.5,96,0.0,0.03,51.0
2020-10-09 20:00:00,77.5,95,0.2,0.02,0.0
2020-10-09 21:00:00,76.5,96,0.0,0.0,0.0
2020-10-09 22:00:00,75.8,97,0.0,0.0,0.0
2020-10-09 23:00:00,75.4,97,0.0,0.0,0.0
2020-10-10 00:00:00,75.0,98,0.0,0.0,0.0
2020-10-10 01:00:00,74.8,98,0.0,0.0,0.0
2020-10-10 02:00:00,74.8,96,0.0,0.0,0.0
2020-10-10 03:00:00,74.9,96,0.0,0.0,0.0
2020-10-10 04:00:00,74.8,96,0.0,0.0,0.0
2020-10-10 05:00:00,74.7,97,0.0,0.0,0.0
2020-10-10 06:00:00,74.4,98,0.0,0.0,0.0
2020-10-10 07:00:00,74.1,98,0.0,0.0,0.0
2020-10-10 08:00:00,73.9,98,0.0,0.0,9.0
2020-10-10 09:00:00,74.5,93,0.0,0.07,123.0
2020-10-10 10:00:00,75.7,87,0.0,0.18,284.0
2020-10-10 11:00:00,77.4,78,0.0,0.31,443.0
2020-10-10 12:00:00,79.3,66,0.0,0.46,624.0
2020-10-10 13:00:00,81.3,60,0.0,0.55,719.0
2020-10-10 14:00:00,82.9,57,0.0,0.58,759.0
2020-10-10 15:00:00,83.8,56,0.0,0.51,627.0
2020-10-10 16:00:00,84.1,58,0.1,0.47,587.0
2020-10-10 17:00:00,83.0,69,0.2,0.26,298.0
2020-10-10 18:00:00,82.0,73,0.1,0.17,196.0
2020-10-10 19:00:00,80.8,79,0.0,0.07,55.0
2020-10-10 20:00:00,81.0,79,0.0,0.05,0.0
2020-10-10 21:00:00,79.3,83,0.0,0.02,0.0
2020-10-10 22:00:00,78.1,85,0.0,0.02,0.0
2020-10-10 23:00:00,77.4,87,0.0,0.01,0.0
2020-10-11 00:00:00,76.9,91,0.0,0.01,0.0
2020-10-11 01:00:00,76.6,94,0.0,0.0,0.0
2020-10-11 02:00:00,76.3,95,0.2,0.0,0.0
2020-10-11 03:00:00,76.1,96,0.4,0.0,0.0
2020-10-11 04:00:00,75.9,97,0.3,0.0,0.0
2020-10-11 05:00:00,75.9,97,0.3,0.0,0.0
2020-10-11 06:00:00,75.7,97,0.1,0.0,0.0
2020-10-11 07:00:00,75.5,96,0.2,0.0,0.0
2020-10-11 08:00:00,76.2,99,0.2,0.01,3.0
2020-10-11 09:00:00,76.0,97,0.9,0.04,55.0
2020-10-11 10:00:00,76.6,93,0.1,0.15,252.0
2020-10-11 11:00:00,78.0,80,0.1,0.31,452.0
2020-10-11 12:00:00,79.7,69,0.0,0.43,595.0
2020-10-11 13:00:00,81.5,65,0.0,0.51,704.0
2020-10-11 14:00:00,82.8,61,0.0,0.53,720.0
2020-10-11 15:00:00,83.4,58,0.0,0.51,663.0
2020-10-11 16:00:00,83.6,59,0.0,0.46,595.0
2020-10-11 17:00:00,83.1,63,0.0,0.35,449.0
2020-10-11 18:00:00,82.0,68,0.0,0.2,218.0
2020-10-11 19:00:00,80.5,77,0.0,0.08,69.0
2020-10-11 20:00:00,80.0,79,0.0,0.05,0.0
2020-10-11 21:00:00,78.4,85,0.0,0.02,0.0
2020-10-11 22:00:00,77.4,90,0.0,0.01,0.0
2020-10-11 23:00:00,76.5,93,0.0,0.0,0.0
2020-10-12 00:00:00,75.7,95,0.0,0.0,0.0
2020-10-12 01:00:00,75.2,95,0.0,0.0,0.0
2020-10-12 02:00:00,74.7,96,0.0,0.0,0.0
2020-10-12 03:00:00,74.3,97,0.0,0.0,0.0
2020-10-12 04:00:00,73.9,98,0.0,0.0,0.0
2020-10-12 05:00:00,73.6,98,0.0,0.0,0.0
2020-10-12 06:00:00,73.3,98,0.0,0.0,0.0
2020-10-12 07:00:00,73.1,98,0.0,0.0,0.0
2020-10-12 08:00:00,73.8,99,0.0,0.0,7.0
2020-10-12 09:00:00,74.2,92,0.0,0.07,124.0
2020-10-12 10:00:00,75.6,83,0.0,0.18,265.0
2020-10-12 11:00:00,77.1,75,0.2,0.29,409.0
2020-10-12 12:00:00,78.6,70,0.1,0.37,512.0
2020-10-12 13:00:00,79.8,67,0.2,0.4,540.0
2020-10-12 14:00:00,81.0,63,0.1,0.45,607.0
2020-10-12 15:00:00,82.0,60,0.1,0.47,618.0
2020-10-12 16:00:00,82.4,59,0.2,0.41,524.0
2020-10-12 17:00:00,82.3,59,0.0,0.32,392.0
2020-10-12 18:00:00,81.7,64,0.0,0.17,215.0
2020-10-12 19:00:00,80.2,71,0.0,0.07,60.0
2020-10-12 20:00:00,78.8,70,0.0,0.03,0.0
2020-10-12 21:00:00,77.5,73,0.0,0.01,0.0
2020-10-12 22:00:00,76.3,81,0.0,0.0,0.0
2020-10-12 23:00:00,74.9,84,0.0,0.0,0.0
2020-10-13 00:00:00,73.7,89,0.0,0.0,0.0
2020-10-13 01:00:00,72.6,92,0.0,0.0,0.0
2020-10-13 02:00:00,71.7,94,0.0,0.0,0.0
2020-10-13 03:00:00,70.8,95,0.0,0.0,0.0
2020-10-13 04:00:00,70.1,95,0.0,0.0,0.0
2020-10-13 05:00:00,69.5,94,0.0,0.0,0.0
2020-10-13 06:00:00,69.1,94,0.0,0.0,0.0
2020-10-13 07:00:00,68.7,95,0.0,0.0,0.0
2020-10-13 08:00:00,68.1,95,0.0,0.0,8.0
2020-10-13 09:00:00,69.7,88,0.0,0.07,132.0
2020-10-13 10:00:00,72.3,80,0.0,0.2,321.0
2020-10-13 11:00:00,75.2,69,0.0,0.33,478.0
2020-10-13 12:00:00,77.9,62,0.0,0.43,605.0
2020-10-13 13:00:00,80.2,58,0.0,0.49,660.0
2020-10-13 14:00:00,82.0,53,0.0,0.54,723.0
2020-10-13 15:00:00,83.4,49,0.0,0.55,717.0
2020-10-13 16:00:00,83.8,48,0.0,0.42,519.0
2020-10-13 17:00:00,83.8,49,0.0,0.35,418.0
2020-10-13 18:00:00,82.9,60,0.0,0.17,228.0
2020-10-13 19:00:00,81.1,71,0.0,0.06,57.0
2020-10-13 20:00:00,80.3,78,0.0,0.0,0.0
2020-10-13 21:00:00,78.3,79,0.0,0.01,0.0
2020-10-13 22:00:00,76.6,86,0.0,0.0,0.0
2020-10-13 23:00:00,75.5,92,0.0,0.0,0.0
2020-10-14 00:00:00,74.8,94,0.0,0.0,0.0
2020-10-14 01:00:00,74.2,96,0.0,0.0,0.0
2020-10-14 02:00:00,73.8,96,0.0,0.0,0.0
2020-10-14 03:00:00,73.3,93,0.0,0.0,0.0
2020-10-14 04:00:00,73.0,89,0.0,0.0,0.0
2020-10-14 05:00:00,72.6,86,0.0,0.0,0.0
2020-10-14 06:00:00,72.3,83,0.0,0.01,0.0
2020-10-14 07:00:00,72.1,82,0.0,0.01,0.0
2020-10-14 08:00:00,70.1,89,0.0,0.01,6.0
2020-10-14 09:00:00,71.2,81,0.0,0.08,118.0
2020-10-14 10:00:00,73.2,73,0.0,0.21,309.0
2020-10-14 11:00:00,75.9,64,0.0,0.36,522.0
2020-10-14 12:00:00,78.5,56,0.0,0.46,639.0
2020-10-14 13:00:00,80.4,52,0.0,0.45,593.0
2020-10-14 14:00:00,81.8,50,0.0,0.44,568.0
2020-10-14 15:00:00,82.5,51,0.0,0.41,507.0
2020-10-14 16:00:00,82.4,52,0.0,0.3,346.0
2020-10-14 17:00:00,82.2,52,0.0,0.23,280.0
2020-10-14 18:00:00,81.5,62,0.0,0.14,171.0
2020-10-14 19:00:00,79.6,68,0.0,0.05,48.0
2020-10-14 20:00:00,79.9,70,0.0,0.04,0.0
2020-10-14 21:00:00,78.5,81,0.0,0.03,0.0
2020-10-14 22:00:00,77.4,85,0.0,0.01,0.0
2020-10-14 23:00:00,76.3,89,0.0,0.0,0.0
2020-10-15 00:00:00,75.3,93,0.0,0.0,0.0
2020-10-15 01:00:00,74.8,96,0.0,0.0,0.0
2020-10-15 02:00:00,74.2,97,0.0,0.0,0.0
2020-10-15 03:00:00,73.8,97,0.0,0.0,0.0
2020-10-15 04:00:00,73.2,98,0.0,0.0,0.0
2020-10-15 05:00:00,72.5,99,0.0,0.0,0.0
2020-10-15 06:00:00,72.0,99,0.0,0.0,0.0
2020-10-15 07:00:00,71.6,99,0.0,0.0,0.0
2020-10-15 08:00:00,70.8,99,0.0,0.0,6.0
2020-10-15 09:00:00,71.9,95,0.0,0.05,90.0
2020-10-15 10:00:00,73.9,85,0.0,0.17,257.0
2020-10-15 11:00:00,76.4,74,0.0,0.29,419.0
2020-10-15 12:00:00,79.0,64,0.0,0.4,565.0
2020-10-15 13:00:00,80.9,56,0.0,0.41,558.0
2020-10-15 14:00:00,82.5,51,0.0,0.44,597.0
2020-10-15 15:00:00,83.3,49,0.0,0.41,538.0
2020-10-15 16:00:00,83.4,50,0.0,0.32,403.0
2020-10-15 17:00:00,83.0,52,0.0,0.25,315.0
2020-10-15 18:00:00,82.0,62,0.0,0.13,147.0
2020-10-15 19:00:00,80.0,71,0.0,0.05,40.0
2020-10-15 20:00:00,79.7,82,0.0,0.0,0.0
2020-10-15 21:00:00,77.7,86,0.0,0.0,0.0
2020-10-15 22:00:00,76.2,89,0.0,0.0,0.0
2020-10-15 23:00:00,75.1,88,0.0,0.0,0.0
2020-10-16 00:00:00,74.1,94,0.0,0.0,0.0
2020-10-16 01:00:00,73.2,95,0.0,0.0,0.0
2020-10-16 02:00:00,72.4,98,0.0,0.0,0.0
2020-10-16 03:00:00,71.6,99,0.0,0.0,0.0
2020-10-16 04:00:00,70.9,100,0.0,0.0,0.0
2020-10-16 05:00:00,70.3,99,0.0,0.0,0.0
2020-10-16 06:00:00,70.3,100,0.0,0.0,0.0
2020-10-16 07:00:00,70.4,100,0.0,0.0,0.0
2020-10-16 08:00:00,69.2,98,0.0,0.0,4.0
2020-10-16 09:00:00,70.6,88,0.0,0.07,133.0
2020-10-16 10:00:00,73.0,76,0.0,0.22,340.0
2020-10-16 11:00:00,75.7,64,0.0,0.37,527.0
2020-10-16 12:00:00,78.5,54,0.0,0.49,672.0
2020-10-16 13:00:00,81.1,46,0.0,0.57,758.0
2020-10-16 14:00:00,83.0,43,0.0,0.57,757.0
2020-10-16 15:00:00,84.4,41,0.0,0.52,704.0
2020-10-16 16:00:00,85.0,40,0.0,0.48,617.0
2020-10-16 17:00:00,84.7,41,0.0,0.38,448.0
2020-10-16 18:00:00,83.4,44,0.0,0.23,250.0
2020-10-16 19:00:00,81.3,50,0.0,0.11,59.0
2020-10-16 20:00:00,80.2,61,0.0,0.05,0.0
2020-10-16 21:00:00,77.7,64,0.0,0.06,0.0
2020-10-16 22:00:00,76.0,61,0.0,0.08,0.0
2020-10-16 23:00:00,74.7,60,0.0,0.09,0.0
2020-10-17 00:00:00,73.3,58,0.0,0.07,0.0
2020-10-17 01:00:00,72.0,54,0.0,0.08,0.0
2020-10-17 02:00:00,70.7,51,0.0,0.08,0.0
2020-10-17 03:00:00,69.4,52,0.0,0.07,0.0
2020-10-17 04:00:00,68.4,52,0.0,0.07,0.0
2020-10-17 05:00:00,67.3,50,0.0,0.07,0.0
2020-10-17 06:00:00,66.3,49,0.0,0.07,0.0
2020-10-17 07:00:00,65.4,49,0.0,0.08,0.0
2020-10-17 08:00:00,64.9,56,0.0,0.06,6.0
2020-10-17 09:00:00,64.9,57,0.0,0.11,137.0
2020-10-17 10:00:00,66.4,59,0.0,0.21,344.0
2020-10-17 11:00:00,68.9,60,0.0,0.32,534.0
2020-10-17 12:00:00,71.9,59,0.0,0.43,678.0
2020-10-17 13:00:00,74.9,56,0.0,0.51,765.0
2020-10-17 14:00:00,77.5,51,0.0,0.54,778.0
2020-10-17 15:00:00,79.1,49,0.0,0.5,702.0
2020-10-17 16:00:00,79.9,51,0.0,0.44,593.0
2020-10-17 17:00:00,79.5,54,0.0,0.32,410.0
2020-10-17 18:00:00,78.2,57,0.0,0.18,161.0
2020-10-17 19:00:00,76.4,64,0.0,0.09,51.0
2020-10-17 20:00:00,75.1,69,0.0,0.05,0.0
2020-10-17 21:00:00,73.4,72,0.0,0.05,0.0
2020-10-17 22:00:00,72.1,74,0.0,0.04,0.0
2020-10-17 23:00:00,70.9,76,0.0,0.04,0.0
2020-10-18 00:00:00,70.1,74,0.0,0.04,0.0
2020-10-18 01:00:00,69.5,73,0.0,0.04,0.0
2020-10-18 02:00:00,69.1,73,0.0,0.04,0.0
2020-10-18 03:00:00,68.5,75,0.0,0.03,0.0
2020-10-18 04:00:00,68.0,77,0.0,0.02,0.0
2020-10-18 05:00:00,67.5,79,0.0,0.02,0.0
2020-10-18 06:00:00,67.0,82,0.0,0.02,0.0
2020-10-18 07:00:00,66.7,82,0.0,0.02,0.0
2020-10-18 08:00:00,64.9,80,0.0,0.03,5.0
2020-10-18 09:00:00,65.8,77,0.0,0.07,66.0
2020-10-18 10:00:00,67.5,73,0.0,0.16,244.0
2020-10-18 11:00:00,69.7,71,0.0,0.25,374.0
2020-10-18 12:00:00,72.7,66,0.0,0.37,556.0
2020-10-18 13:00:00,75.6,62,0.0,0.45,641.0
2020-10-18 14:00:00,78.3,58,0.0,0.51,710.0
2020-10-18 15:00:00,80.2,55,0.0,0.51,692.0
2020-10-18 16:00:00,81.3,51,0.0,0.46,591.0
2020-10-18 17:00:00,81.2,57,0.0,0.33,390.0
2020-10-18 18:00:00,80.0,67,0.0,0.18,183.0
2020-10-18 19:00:00,78.2,73,0.0,0.08,52.0
2020-10-18 20:00:00,78.4,81,0.0,0.03,0.0
2020-10-18 21:00:00,76.6,80,0.0,0.04,0.0
2020-10-18 22:00:00,75.0,83,0.0,0.03,0.0
2020-10-18 23:00:00,73.9,87,0.0,0.02,0.0
2020-10-19 00:00:00,73.0,89,0.0,0.01,0.0
2020-10-19 01:00:00,72.3,89,0.0,0.01,0.0
2020-10-19 02:00:00,71.9,88,0.0,0.01,0.0
2020-10-19 03:00:00,71.5,90,0.0,0.01,0.0
2020-10-19 04:00:00,71.1,91,0.0,0.0,0.0
2020-10-19 05:00:00,70.6,92,0.0,0.0,0.0
2020-10-19 06:00:00,70.2,92,0.0,0.0,0.0
2020-10-19 07:00:00,69.7,91,0.0,0.0,0.0
2020-10-19 08:00:00,69.4,92,0.0,0.01,5.0
2020-10-19 09:00:00,70.0,84,0.0,0.08,125.0
2020-10-19 10:00:00,71.8,76,0.0,0.2,316.0
2020-10-19 11:00:00,74.3,66,0.0,0.34,499.0
2020-10-19 12:00:00,77.0,56,0.0,0.45,593.0
2020-10-19 13:00:00,79.2,51,0.0,0.47,579.0
2020-10-19 14:00:00,81.0,53,0.0,0.48,594.0
2020-10-19 15:00:00,81.8,54,0.0,0.42,492.0
2020-10-19 16:00:00,82.0,52,0.0,0.34,358.0
2020-10-19 17:00:00,81.6,56,0.0,0.27,236.0
2020-10-19 18:00:00,80.8,63,0.0,0.19,176.0
2020-10-19 19:00:00,79.3,66,0.0,0.1,40.0
2020-10-19 20:00:00,77.9,71,0.0,0.06,0.0
2020-10-19 21:00:00,77.0,74,0.0,0.05,0.0
2020-10-19 22:00:00,75.7,84,1.1,0.02,0.0
2020-10-19 23:00:00,73.7,98,1.9,0.0,0.0
2020-10-20 00:00:00,72.7,96,0.4,0.0,0.0
2020-10-20 01:00:00,72.2,96,0.0,0.0,0.0
2020-10-20 02:00:00,71.9,97,0.0,0.0,0.0
2020-10-20 03:00:00,71.7,97,0.0,0.0,0.0
2020-10-20 04:00:00,71.5,97,0.0,0.0,0.0
2020-10-20 05:00:00,71.2,97,0.0,0.0,0.0
2020-10-20 06:00:00,70.9,95,0.0,0.0,0.0
2020-10-20 07:00:00,70.5,95,0.0,0.0,0.0
2020-10-20 08:00:00,70.4,94,0.0,0.01,4.0
2020-10-20 09:00:00,70.7,90,0.0,0.06,95.0
2020-10-20 10:00:00,72.1,83,0.0,0.16,245.0
2020-10-20 11:00:00,74.3,77,0.0,0.25,362.0
2020-10-20 12:00:00,76.1,72,0.1,0.27,347.0
2020-10-20 13:00:00,77.5,70,0.2,0.29,358.0
2020-10-20 14:00:00,79.2,67,0.0,0.34,436.0
2020-10-20 15:00:00,80.2,67,0.1,0.33,407.0
2020-10-20 16:00:00,81.0,66,0.0,0.33,407.0
2020-10-20 17:00:00,80.8,72,0.0,0.23,268.0
2020-10-20 18:00:00,79.8,78,0.0,0.14,147.0
2020-10-20 19:00:00,78.3,85,0.2,0.05,24.0
2020-10-20 20:00:00,76.4,93,0.0,0.0,0.0
2020-10-20 21:00:00,75.3,94,0.2,0.0,0.0
2020-10-20 22:00:00,74.7,94,0.1,0.0,0.0
2020-10-20 23:00:00,74.1,97,0.7,0.0,0.0
2020-10-21 00:00:00,73.6,97,0.3,0.0,0.0
2020-10-21 01:00:00,73.1,96,0.1,0.0,0.0
2020-10-21 02:00:00,72.7,97,0.1,0.0,0.0
2020-10-21 03:00:00,72.3,98,0.1,0.0,0.0
2020-10-21 04:00:00,72.2,98,0.0,0.0,0.0
2020-10-21 05:00:00,72.1,98,0.1,0.0,0.0
2020-10-21 06:00:00,72.1,98,0.0,0.0,0.0
2020-10-21 07:00:00,72.1,98,0.0,0.0,0.0
2020-10-21 08:00:00,72.6,98,0.1,0.01,2.0
2020-10-21 09:00:00,72.8,95,0.1,0.04,62.0
2020-10-21 10:00:00,73.6,89,0.0,0.12,186.0
2020-10-21 11:00:00,75.3,80,0.0,0.24,348.0
2020-10-21 12:00:00,77.2,78,0.1,0.31,452.0
2020-10-21 13:00:00,78.7,75,0.1,0.34,489.0
2020-10-21 14:00:00,80.4,70,0.1,0.45,640.0
2020-10-21 15:00:00,80.7,75,0.4,0.37,563.0
2020-10-21 16:00:00,79.9,77,0.1,0.21,276.0
2020-10-21 17:00:00,79.2,78,0.0,0.17,212.0
2020-10-21 18:00:00,78.4,80,0.0,0.12,141.0
2020-10-21 19:00:00,77.4,85,0.0,0.04,35.0
2020-10-21 20:00:00,77.0,89,0.0,0.01,0.0
2020-10-21 21:00:00,75.6,92,0.0,0.0,0.0
2020-10-21 22:00:00,74.5,94,0.0,0.0,0.0
2020-10-21 23:00:00,73.7,96,0.0,0.0,0.0
2020-10-22 00:00:00,73.0,97,0.0,0.0,0.0
2020-10-22 01:00:00,72.4,98,0.0,0.0,0.0
2020-10-22 02:00:00,72.0,97,0.0,0.0,0.0
2020-10-22 03:00:00,71.5,98,0.0,0.0,0.0
2020-10-22 04:00:00,71.2,98,0.0,0.0,0.0
2020-10-22 05:00:00,71.0,98,0.0,0.0,0.0
2020-10-22 06:00:00,70.8,98,0.0,0.0,0.0
2020-10-22 07:00:00,70.7,97,0.0,0.0,0.0
2020-10-22 08:00:00,72.0,98,0.0,0.0,4.0
2020-10-22 09:00:00,72.3,89,0.3,0.06,80.0
2020-10-22 10:00:00,73.3,86,0.3,0.14,214.0
2020-10-22 11:00:00,74.8,77,0.0,0.24,341.0
2020-10-22 12:00:00,76.6,71,0.0,0.31,414.0
2020-10-22 13:00:00,79.1,68,0.0,0.42,574.0
2020-10-22 14:00:00,80.8,69,0.2,0.43,605.0
2020-10-22 15:00:00,79.7,85,2.3,0.31,503.0
2020-10-22 16:00:00,78.8,77,0.1,0.29,412.0
2020-10-22 17:00:00,78.5,72,0.0,0.23,292.0
2020-10-22 18:00:00,77.8,79,0.1,0.13,142.0
2020-10-22 19:00:00,76.5,87,0.0,0.04,30.0
2020-10-22 20:00:00,77.1,85,0.0,0.02,0.0
2020-10-22 21:00:00,75.8,90,0.0,0.01,0.0
2020-10-22 22:00:00,74.8,92,0.0,0.0,0.0
2020-10-22 23:00:00,74.0,94,0.0,0.0,0.0
2020-10-23 00:00:00,73.3,96,0.0,0.0,0.0
2020-10-23 01:00:00,72.8,97,0.0,0.0,0.0
2020-10-23 02:00:00,72.3,98,0.0,0.0,0.0
2020-10-23 03:00:00,72.0,98,0.0,0.0,0.0
2020-10-23 04:00:00,71.7,98,0.0,0.0,0.0
2020-10-23 05:00:00,71.4,98,0.0,0.0,0.0
2020-10-23 06:00:00,71.2,98,0.0,0.0,0.0
2020-10-23 07:00:00,70.9,98,0.0,0.0,0.0
2020-10-23 08:00:00,70.8,98,0.0,0.0,3.0
2020-10-23 09:00:00,71.8,90,0.0,0.06,97.0
2020-10-23 10:00:00,73.7,81,0.0,0.18,261.0
2020-10-23 11:00:00,75.9,74,0.1,0.28,404.0
2020-10-23 12:00:00,77.9,71,0.1,0.34,479.0
2020-10-23 13:00:00,79.9,68,0.2,0.41,571.0
2020-10-23 14:00:00,80.6,68,0.1,0.32,418.0
2020-10-23 15:00:00,80.6,80,3.7,0.33,509.0
2020-10-23 16:00:00,78.6,83,0.4,0.24,350.0
2020-10-23 17:00:00,77.6,83,0.0,0.14,190.0
2020-10-23 18:00:00,76.8,84,0.0,0.09,113.0
2020-10-23 19:00:00,75.7,90,0.0,0.02,21.0
2020-10-23 20:00:00,76.9,94,0.0,0.0,0.0
2020-10-23 21:00:00,75.3,94,0.0,0.0,0.0
2020-10-23 22:00:00,74.1,96,0.0,0.0,0.0
2020-10-23 23:00:00,73.2,97,0.0,0.0,0.0
2020-10-24 00:00:00,72.6,98,0.0,0.0,0.0
2020-10-24 01:00:00,72.1,98,0.0,0.0,0.0
2020-10-24 02:00:00,71.5,98,0.0,0.0,0.0
2020-10-24 03:00:00,71.1,98,0.0,0.0,0.0
2020-10-24 04:00:00,70.7,98,0.0,0.0,0.0
2020-10-24 05:00:00,70.3,98,0.0,0.0,0.0
2020-10-24 06:00:00,70.0,98,0.0,0.0,0.0
2020-10-24 07:00:00,69.7,98,0.0,0.0,0.0
2020-10-24 08:00:00,69.0,99,0.0,0.0,3.0
2020-10-24 09:00:00,69.9,93,0.0,0.05,94.0
2020-10-24 10:00:00,72.0,83,0.0,0.16,259.0
2020-10-24 11:00:00,74.5,73,0.1,0.27,387.0
2020-10-24 12:00:00,76.6,69,0.1,0.33,453.0
2020-10-24 13:00:00,78.3,68,0.1,0.34,461.0
2020-10-24 14:00:00,79.4,64,0.0,0.34,444.0
2020-10-24 15:00:00,80.1,60,0.0,0.3,373.0
2020-10-24 16:00:00,79.0,76,1.4,0.11,119.0
2020-10-24 17:00:00,77.0,99,1.5,0.07,93.0
2020-10-24 18:00:00,75.7,97,1.1,0.05,59.0
2020-10-24 19:00:00,74.5,98,0.0,0.01,19.0
2020-10-24 20:00:00,76.8,82,0.0,0.01,0.0
2020-10-24 21:00:00,74.2,99,12.3,0.0,0.0
2020-10-24 22:00:00,73.0,99,20.7,0.0,0.0
2020-10-24 23:00:00,72.4,99,12.3,0.0,0.0
2020-10-25 00:00:00,72.1,99,4.9,0.0,0.0
2020-10-25 01:00:00,71.6,99,0.8,0.0,0.0
2020-10-25 02:00:00,71.2,99,0.5,0.0,0.0
2020-10-25 03:00:00,70.8,97,0.3,0.0,0.0
2020-10-25 04:00:00,70.5,99,0.1,0.0,0.0
2020-10-25 05:00:00,70.2,96,0.0,0.0,0.0
2020-10-25 06:00:00,69.6,99,0.0,0.0,0.0
2020-10-25 07:00:00,69.0,95,0.0,0.0,0.0
2020-10-25 08:00:00,69.2,99,0.0,0.0,3.0
2020-10-25 09:00:00,70.1,98,0.1,0.05,96.0
2020-10-25 10:00:00,72.1,94,0.0,0.17,276.0
2020-10-25 11:00:00,74.4,84,0.0,0.3,456.0
2020-10-25 12:00:00,76.9,78,0.1,0.37,551.0
2020-10-25 13:00:00,78.8,72,0.2,0.4,573.0
2020-10-25 14:00:00,80.3,65,0.1,0.43,586.0
2020-10-25 15:00:00,81.6,60,0.1,0.42,561.0
2020-10-25 16:00:00,82.2,58,0.0,0.36,483.0
2020-10-25 17:00:00,82.2,57,0.0,0.28,365.0
2020-10-25 18:00:00,81.4,61,0.0,0.15,197.0
2020-10-25 19:00:00,79.2,77,0.0,0.04,36.0
2020-10-25 20:00:00,78.4,75,0.0,0.02,0.0
2020-10-25 21:00:00,76.7,76,0.0,0.03,0.0
2020-10-25 22:00:00,75.4,78,0.0,0.02,0.0
2020-10-25 23:00:00,74.4,80,0.0,0.01,0.0
2020-10-26 00:00:00,73.8,82,0.0,0.01,0.0
2020-10-26 01:00:00,72.8,88,0.0,0.0,0.0
2020-10-26 02:00:00,72.0,93,0.0,0.0,0.0
2020-10-26 03:00:00,71.2,94,0.0,0.0,0.0
2020-10-26 04:00:00,70.5,94,0.0,0.0,0.0
2020-10-26 05:00:00,70.0,95,0.0,0.0,0.0
2020-10-26 06:00:00,69.4,95,0.0,0.0,0.0
2020-10-26 07:00:00,69.2,94,0.0,0.0,0.0
2020-10-26 08:00:00,70.5,99,0.0,0.0,2.0
2020-10-26 09:00:00,71.2,93,0.0,0.05,79.0
2020-10-26 10:00:00,73.2,84,0.0,0.16,243.0
2020-10-26 11:00:00,75.6,72,0.0,0.28,397.0
2020-10-26 12:00:00,78.0,65,0.1,0.4,552.0
2020-10-26 13:00:00,80.0,62,0.2,0.45,609.0
2020-10-26 14:00:00,81.3,59,0.1,0.45,590.0
2020-10-26 15:00:00,82.2,56,0.0,0.4,493.0
2020-10-26 16:00:00,82.6,56,0.0,0.33,382.0
2020-10-26 17:00:00,82.4,59,0.0,0.26,291.0
2020-10-26 18:00:00,81.6,64,0.0,0.15,147.0
2020-10-26 19:00:00,80.2,72,0.0,0.08,28.0
2020-10-26 20:00:00,80.2,80,0.0,0.03,0.0
2020-10-26 21:00:00,78.4,85,0.0,0.02,0.0
2020-10-26 22:00:00,77.0,89,0.0,0.01,0.0
2020-10-26 23:00:00,75.8,94,0.0,0.0,0.0
2020-10-27 00:00:00,74.9,97,0.0,0.0,0.0
2020-10-27 01:00:00,74.3,97,0.0,0.0,0.0
2020-10-27 02:00:00,74.0,94,0.0,0.0,0.0
2020-10-27 03:00:00,73.9,93,0.0,0.0,0.0
2020-10-27 04:00:00,73.9,92,0.0,0.0,0.0
2020-10-27 05:00:00,73.8,92,0.0,0.0,0.0
2020-10-27 06:00:00,73.4,95,0.0,0.0,0.0
2020-10-27 07:00:00,73.0,97,0.0,0.0,0.0
2020-10-27 08:00:00,74.7,99,0.0,0.0,2.0
2020-10-27 09:00:00,74.6,92,0.0,0.05,57.0
2020-10-27 10:00:00,75.7,84,0.0,0.15,219.0
2020-10-27 11:00:00,77.0,79,0.1,0.2,262.0
2020-10-27 12:00:00,78.4,71,0.1,0.26,322.0
2020-10-27 13:00:00,80.5,65,0.0,0.39,502.0
2020-10-27 14:00:00,82.8,60,0.0,0.48,630.0
2020-10-27 15:00:00,83.9,58,0.1,0.44,545.0
2020-10-27 16:00:00,83.2,73,1.2,0.24,300.0
2020-10-27 17:00:00,81.4,79,0.5,0.21,292.0
2020-10-27 18:00:00,79.7,87,0.2,0.07,77.0
2020-10-27 19:00:00,78.2,92,0.3,0.03,14.0
2020-10-27 20:00:00,79.5,94,0.3,0.0,0.0
2020-10-27 21:00:00,78.0,94,0.2,0.0,0.0
2020-10-27 22:00:00,76.6,96,0.3,0.0,0.0
2020-10-27 23:00:00,75.7,97,0.5,0.0,0.0
2020-10-28 00:00:00,75.2,98,0.4,0.0,0.0
2020-10-28 01:00:00,74.8,98,0.1,0.0,0.0
2020-10-28 02:00:00,74.5,98,0.0,0.0,0.0
2020-10-28 03:00:00,74.2,98,0.0,0.0,0.0
2020-10-28 04:00:00,73.9,99,0.0,0.0,0.0
2020-10-28 05:00:00,73.6,98,0.0,0.0,0.0
2020-10-28 06:00:00,73.3,98,0.0,0.0,0.0
2020-10-28 07:00:00,73.0,98,0.0,0.0,0.0
2020-10-28 08:00:00,73.8,99,0.0,0.0,2.0
2020-10-28 09:00:00,74.2,94,0.0,0.05,95.0
2020-10-28 10:00:00,75.6,84,0.0,0.17,252.0
2020-10-28 11:00:00,77.5,73,0.0,0.28,391.0
2020-10-28 12:00:00,79.9,64,0.0,0.4,536.0
2020-10-28 13:00:00,82.0,58,0.0,0.47,599.0
2020-10-28 14:00:00,83.8,54,0.1,0.49,607.0
2020-10-28 15:00:00,84.7,54,0.0,0.45,545.0
2020-10-28 16:00:00,85.4,54,0.0,0.4,471.0
2020-10-28 17:00:00,85.4,56,0.0,0.31,348.0
2020-10-28 18:00:00,84.5,63,0.1,0.15,168.0
2020-10-28 19:00:00,82.8,73,0.1,0.06,23.0
2020-10-28 20:00:00,82.3,78,0.1,0.03,0.0
2020-10-28 21:00:00,80.4,85,0.1,0.02,0.0
2020-10-28 22:00:00,79.2,88,0.0,0.02,0.0
2020-10-28 23:00:00,78.3,90,0.0,0.01,0.0
2020-10-29 00:00:00,77.5,92,0.0,0.01,0.0
2020-10-29 01:00:00,77.1,92,0.0,0.01,0.0
2020-10-29 02:00:00,76.6,94,0.3,0.0,0.0
2020-10-29 03:00:00,76.3,94,0.1,0.01,0.0
2020-10-29 04:00:00,76.0,94,0.0,0.0,0.0
2020-10-29 05:00:00,75.8,93,0.0,0.01,0.0
2020-10-29 06:00:00,75.7,93,0.0,0.01,0.0
2020-10-29 07:00:00,75.6,93,0.0,0.01,0.0
2020-10-29 08:00:00,77.6,88,0.0,0.03,2.0
2020-10-29 09:00:00,77.8,83,0.0,0.09,87.0
2020-10-29 10:00:00,78.9,75,0.0,0.21,250.0
2020-10-29 11:00:00,80.7,64,0.1,0.36,413.0
2020-10-29 12:00:00,82.4,61,0.1,0.44,522.0
2020-10-29 13:00:00,83.5,63,0.2,0.44,532.0
2020-10-29 14:00:00,84.1,67,0.3,0.44,569.0
2020-10-29 15:00:00,84.5,69,0.2,0.4,520.0
2020-10-29 16:00:00,84.0,73,0.2,0.32,409.0
2020-10-29 17:00:00,83.5,74,0.1,0.25,301.0
2020-10-29 18:00:00,82.3,80,0.2,0.14,146.0
2020-10-29 19:00:00,80.9,87,0.1,0.05,19.0
2020-10-29 20:00:00,79.0,90,0.1,0.02,0.0
2020-10-29 21:00:00,77.7,70,0.0,0.08,0.0
2020-10-29 22:00:00,76.2,64,0.0,0.09,0.0
2020-10-29 23:00:00,74.8,67,0.0,0.07,0.0
2020-10-30 00:00:00,73.3,71,0.0,0.06,0.0
2020-10-30 01:00:00,72.1,70,0.0,0.06,0.0
2020-10-30 02:00:00,70.7,57,0.0,0.08,0.0
2020-10-30 03:00:00,69.3,53,0.0,0.08,0.0
2020-10-30 04:00:00,67.6,52,0.0,0.08,0.0
2020-10-30 05:00:00,65.9,53,0.0,0.06,0.0
2020-10-30 06:00:00,64.3,55,0.0,0.06,0.0
2020-10-30 07:00:00,63.0,57,0.0,0.05,0.0
2020-10-30 08:00:00,62.0,65,0.0,0.04,2.0
2020-10-30 09:00:00,61.6,62,0.0,0.08,110.0
2020-10-30 10:00:00,62.5,58,0.0,0.17,316.0
2020-10-30 11:00:00,64.4,53,0.0,0.27,506.0
2020-10-30 12:00:00,66.8,49,0.0,0.37,651.0
2020-10-30 13:00:00,69.5,45,0.0,0.44,734.0
2020-10-30 14:00:00,72.0,42,0.0,0.47,750.0
2020-10-30 15:00:00,73.7,40,0.0,0.46,697.0
2020-10-30 16:00:00,74.7,41,0.0,0.39,580.0
2020-10-30 17:00:00,74.7,43,0.0,0.29,410.0
2020-10-30 18:00:00,73.6,49,0.0,0.15,208.0
2020-10-30 19:00:00,71.1,59,0.0,0.04,32.0
2020-10-30 20:00:00,68.0,70,0.0,0.01,0.0
2020-10-30 21:00:00,66.3,71,0.0,0.02,0.0
2020-10-30 22:00:00,65.0,75,0.0,0.02,0.0
2020-10-30 23:00:00,64.1,78,0.0,0.01,0.0
2020-10-31 00:00:00,63.4,81,0.0,0.01,0.0
2020-10-31 01:00:00,62.6,83,0.0,0.01,0.0
2020-10-31 02:00:00,61.9,85,0.0,0.0,0.0
2020-10-31 03:00:00,61.2,86,0.0,0.0,0.0
2020-10-31 04:00:00,60.7,85,0.0,0.0,0.0
2020-10-31 05:00:00,60.5,84,0.0,0.01,0.0
2020-10-31 06:00:00,60.4,84,0.0,0.0,0.0
2020-10-31 07:00:00,60.4,83,0.0,0.01,0.0
2020-10-31 08:00:00,56.8,85,0.0,0.02,1.0
2020-10-31 09:00:00,59.2,78,0.0,0.06,74.0
2020-10-31 10:00:00,61.8,72,0.0,0.15,226.0
2020-10-31 11:00:00,64.8,67,0.0,0.25,405.0
2020-10-31 12:00:00,67.9,63,0.0,0.35,538.0
2020-10-31 13:00:00,70.5,61,0.0,0.37,534.0
2020-10-31 14:00:00,73.2,58,0.0,0.45,649.0
2020-10-31 15:00:00,74.6,58,0.0,0.34,443.0
2020-10-31 16:00:00,74.7,63,0.0,0.2,205.0
2020-10-31 17:00:00,74.6,64,0.0,0.18,179.0
2020-10-31 18:00:00,74.2,70,0.0,0.13,136.0
2020-10-31 19:00:00,73.0,80,0.0,0.04,21.0
2020-10-31 20:00:00,73.1,85,0.0,0.02,0.0
2020-10-31 21:00:00,71.4,86,0.0,0.01,0.0
2020-10-31 22:00:00,70.3,87,0.0,0.01,0.0
2020-10-31 23:00:00,69.6,89,0.0,0.0,0.0
