datetime,soil_temperature,relative_humidity,precipitation,evapotranspiration,solar_radiation
2019-05-01 00:00:00,74.6,90,0.0,0.01,0.0
2019-05-01 01:00:00,73.2,95,0.0,0.0,0.0
2019-05-01 02:00:00,72.1,97,0.0,0.0,0.0
2019-05-01 03:00:00,71.2,98,0.0,0.0,0.0
2019-05-01 04:00:00,70.3,98,0.0,0.0,0.0
2019-05-01 05:00:00,69.7,98,0.0,0.0,0.0
2019-05-01 06:00:00,69.1,98,0.0,0.0,0.0
2019-05-01 07:00:00,68.5,98,0.0,0.0,1.0
2019-05-01 08:00:00,68.9,94,0.0,0.04,80.0
2019-05-01 09:00:00,71.0,80,0.0,0.17,265.0
2019-05-01 10:00:00,73.6,67,0.0,0.29,411.0
2019-05-01 11:00:00,77.0,55,0.0,0.47,647.0
2019-05-01 12:00:00,80.2,47,0.0,0.58,770.0
2019-05-01 13:00:00,82.7,43,0.0,0.63,802.0
2019-05-01 14:00:00,85.0,39,0.0,0.7,887.0
2019-05-01 15:00:00,86.5,38,0.0,0.66,811.0
2019-05-01 16:00:00,87.3,36,0.0,0.61,712.0
2019-05-01 17:00:00,87.0,37,0.0,0.48,494.0
2019-05-01 18:00:00,86.2,41,0.0,0.39,380.0
2019-05-01 19:00:00,84.7,43,0.0,0.28,246.0
2019-05-01 20:00:00,82.9,58,0.0,0.13,76.0
2019-05-01 21:00:00,80.5,63,0.0,0.11,0.0
2019-05-01 22:00:00,78.3,70,0.0,0.05,0.0
2019-05-01 23:00:00,76.2,81,0.0,0.03,0.0
2019-05-02 00:00:00,74.6,88,0.0,0.01,0.0
2019-05-02 01:00:00,73.2,93,0.0,0.0,0.0
2019-05-02 02:00:00,72.1,95,0.0,0.0,0.0
2019-05-02 03:00:00,71.2,96,0.0,0.0,0.0
2019-05-02 04:00:00,70.4,96,0.0,0.0,0.0
2019-05-02 05:00:00,69.9,96,0.0,0.0,0.0
2019-05-02 06:00:00,69.4,97,0.0,0.0,0.0
2019-05-02 07:00:00,69.1,96,0.0,0.0,1.0
2019-05-02 08:00:00,69.7,90,0.0,0.04,72.0
2019-05-02 09:00:00,71.6,80,0.0,0.15,216.0
2019-05-02 10:00:00,73.9,69,0.1,0.26,341.0
2019-05-02 11:00:00,76.6,63,0.1,0.37,478.0
2019-05-02 12:00:00,79.6,59,0.0,0.48,634.0
2019-05-02 13:00:00,81.7,57,0.0,0.47,594.0
2019-05-02 14:00:00,84.4,54,0.0,0.59,775.0
2019-05-02 15:00:00,82.9,78,2.1,0.36,552.0
2019-05-02 16:00:00,81.6,72,0.4,0.35,486.0
2019-05-02 17:00:00,80.9,69,0.0,0.27,329.0
2019-05-02 18:00:00,80.2,69,0.0,0.2,223.0
2019-05-02 19:00:00,79.3,71,0.4,0.14,128.0
2019-05-02 20:00:00,80.4,66,0.2,0.11,41.0
2019-05-02 21:00:00,78.5,77,0.0,0.06,0.0
2019-05-02 22:00:00,76.7,85,0.0,0.01,0.0
2019-05-02 23:00:00,75.1,92,0.0,0.0,0.0
2019-05-03 00:00:00,74.1,93,0.0,0.0,0.0
2019-05-03 01:00:00,73.4,92,0.0,0.0,0.0
2019-05-03 02:00:00,72.9,93,0.0,0.0,0.0
2019-05-03 03:00:00,72.5,92,0.0,0.0,0.0
2019-05-03 04:00:00,72.3,92,0.0,0.0,0.0
2019-05-03 05:00:00,72.2,93,0.0,0.0,0.0
2019-05-03 06:00:00,72.1,93,0.1,0.0,0.0
2019-05-03 07:00:00,72.1,93,0.2,0.01,0.0
2019-05-03 08:00:00,73.8,95,0.2,0.03,25.0
2019-05-03 09:00:00,74.8,82,0.0,0.15,245.0
2019-05-03 10:00:00,76.6,73,0.0,0.25,362.0
2019-05-03 11:00:00,79.1,64,0.2,0.38,535.0
2019-05-03 12:00:00,80.9,59,0.1,0.41,542.0
2019-05-03 13:00:00,83.7,52,0.0,0.61,814.0
2019-05-03 14:00:00,85.8,52,0.0,0.6,790.0
2019-05-03 15:00:00,87.5,49,0.0,0.6,778.0
2019-05-03 16:00:00,88.6,47,0.0,0.55,678.0
2019-05-03 17:00:00,88.1,70,1.6,0.3,416.0
2019-05-03 18:00:00,83.8,91,2.8,0.14,201.0
2019-05-03 19:00:00,81.1,92,0.0,0.1,152.0
2019-05-03 20:00:00,80.5,84,0.0,0.04,50.0
2019-05-03 21:00:00,78.6,85,0.0,0.03,0.0
2019-05-03 22:00:00,77.1,92,0.0,0.0,0.0
2019-05-03 23:00:00,75.7,93,0.0,0.0,0.0
2019-05-04 00:00:00,74.8,89,0.0,0.0,0.0
2019-05-04 01:00:00,74.1,91,0.0,0.0,0.0
2019-05-04 02:00:00,73.4,97,0.0,0.0,0.0
2019-05-04 03:00:00,73.0,95,0.0,0.0,0.0
2019-05-04 04:00:00,72.2,98,0.0,0.0,0.0
2019-05-04 05:00:00,71.9,99,0.0,0.0,0.0
2019-05-04 06:00:00,71.7,99,0.0,0.0,0.0
2019-05-04 07:00:00,71.7,99,0.0,0.0,1.0
2019-05-04 08:00:00,73.2,90,0.0,0.04,45.0
2019-05-04 09:00:00,74.6,77,0.0,0.17,223.0
2019-05-04 10:00:00,76.7,66,0.0,0.31,407.0
2019-05-04 11:00:00,79.3,57,0.0,0.42,547.0
2019-05-04 12:00:00,82.2,50,0.0,0.6,774.0
2019-05-04 13:00:00,84.7,46,0.0,0.64,790.0
2019-05-04 14:00:00,86.2,46,0.0,0.64,789.0
2019-05-04 15:00:00,87.0,48,0.2,0.61,745.0
2019-05-04 16:00:00,87.6,48,0.0,0.57,687.0
2019-05-04 17:00:00,87.3,53,0.1,0.46,515.0
2019-05-04 18:00:00,85.9,59,0.2,0.29,295.0
2019-05-04 19:00:00,84.2,65,0.0,0.18,179.0
2019-05-04 20:00:00,83.1,67,0.0,0.1,64.0
2019-05-04 21:00:00,81.1,73,0.0,0.04,1.0
2019-05-04 22:00:00,79.7,76,0.0,0.04,0.0
2019-05-04 23:00:00,78.6,82,0.0,0.03,0.0
2019-05-05 00:00:00,77.7,88,0.0,0.01,0.0
2019-05-05 01:00:00,76.8,91,0.0,0.01,0.0
2019-05-05 02:00:00,76.0,93,0.0,0.0,0.0
2019-05-05 03:00:00,75.5,92,0.0,0.01,0.0
2019-05-05 04:00:00,74.9,94,0.0,0.0,0.0
2019-05-05 05:00:00,74.6,94,0.0,0.0,0.0
2019-05-05 06:00:00,74.3,94,0.3,0.0,0.0
2019-05-05 07:00:00,73.9,94,0.6,0.01,1.0
2019-05-05 08:00:00,73.8,96,0.0,0.03,51.0
2019-05-05 09:00:00,73.3,94,0.1,0.05,57.0
2019-05-05 10:00:00,73.9,87,0.0,0.16,249.0
2019-05-05 11:00:00,75.1,82,1.1,0.26,386.0
2019-05-05 12:00:00,75.2,89,0.7,0.16,230.0
2019-05-05 13:00:00,75.1,93,1.7,0.16,261.0
2019-05-05 14:00:00,75.6,86,0.2,0.26,399.0
2019-05-05 15:00:00,77.0,79,0.5,0.34,521.0
2019-05-05 16:00:00,77.1,79,0.2,0.21,272.0
2019-05-05 17:00:00,78.6,62,0.0,0.39,506.0
2019-05-05 18:00:00,79.5,60,0.0,0.3,346.0
2019-05-05 19:00:00,79.3,65,0.2,0.2,213.0
2019-05-05 20:00:00,78.8,73,0.1,0.08,58.0
2019-05-05 21:00:00,77.0,80,0.0,0.02,1.0
2019-05-05 22:00:00,75.8,88,0.1,0.01,0.0
2019-05-05 23:00:00,75.0,90,0.0,0.01,0.0
2019-05-06 00:00:00,74.1,90,0.0,0.0,0.0
2019-05-06 01:00:00,73.0,94,0.0,0.0,0.0
2019-05-06 02:00:00,71.7,96,0.0,0.0,0.0
2019-05-06 03:00:00,71.0,96,0.0,0.0,0.0
2019-05-06 04:00:00,70.4,97,0.0,0.0,0.0
2019-05-06 05:00:00,69.9,98,0.0,0.0,0.0
2019-05-06 06:00:00,69.5,98,0.0,0.0,0.0
2019-05-06 07:00:00,69.2,98,0.0,0.0,1.0
2019-05-06 08:00:00,70.5,94,0.0,0.04,73.0
2019-05-06 09:00:00,70.9,85,0.0,0.13,212.0
2019-05-06 10:00:00,72.2,75,0.0,0.25,392.0
2019-05-06 11:00:00,75.4,58,0.0,0.47,688.0
2019-05-06 12:00:00,78.8,50,0.0,0.6,854.0
2019-05-06 13:00:00,81.7,44,0.0,0.68,932.0
2019-05-06 14:00:00,83.6,41,0.0,0.68,897.0
2019-05-06 15:00:00,84.8,39,0.0,0.65,843.0
2019-05-06 16:00:00,85.8,35,0.0,0.61,792.0
2019-05-06 17:00:00,86.3,33,0.0,0.52,666.0
2019-05-06 18:00:00,85.9,33,0.0,0.38,467.0
2019-05-06 19:00:00,84.7,40,0.0,0.2,266.0
2019-05-06 20:00:00,82.5,58,0.0,0.07,81.0
2019-05-06 21:00:00,79.1,53,0.0,0.07,1.0
2019-05-06 22:00:00,77.0,49,0.0,0.06,0.0
2019-05-06 23:00:00,74.8,63,0.0,0.03,0.0
2019-05-07 00:00:00,72.5,69,0.0,0.01,0.0
2019-05-07 01:00:00,70.6,77,0.0,0.0,0.0
2019-05-07 02:00:00,69.0,81,0.0,0.0,0.0
2019-05-07 03:00:00,67.5,78,0.0,0.01,0.0
2019-05-07 04:00:00,66.2,72,0.0,0.02,0.0
2019-05-07 05:00:00,65.2,75,0.0,0.01,0.0
2019-05-07 06:00:00,64.3,85,0.0,0.0,0.0
2019-05-07 07:00:00,63.8,90,0.0,0.0,2.0
2019-05-07 08:00:00,65.6,77,0.0,0.05,88.0
2019-05-07 09:00:00,68.8,72,0.0,0.17,282.0
2019-05-07 10:00:00,73.0,62,0.0,0.35,506.0
2019-05-07 11:00:00,77.3,48,0.0,0.5,680.0
2019-05-07 12:00:00,80.9,42,0.0,0.57,742.0
2019-05-07 13:00:00,83.9,37,0.0,0.65,849.0
2019-05-07 14:00:00,85.8,35,0.0,0.6,753.0
2019-05-07 15:00:00,87.4,34,0.0,0.63,788.0
2019-05-07 16:00:00,88.3,32,0.0,0.54,671.0
2019-05-07 17:00:00,88.6,31,0.0,0.44,542.0
2019-05-07 18:00:00,88.2,30,0.0,0.33,379.0
2019-05-07 19:00:00,86.6,46,0.0,0.29,225.0
2019-05-07 20:00:00,85.0,52,0.0,0.13,71.0
2019-05-07 21:00:00,82.4,57,0.0,0.1,1.0
2019-05-07 22:00:00,80.3,63,0.0,0.07,0.0
2019-05-07 23:00:00,78.4,70,0.0,0.04,0.0
2019-05-08 00:00:00,76.6,77,0.0,0.02,0.0
2019-05-08 01:00:00,74.8,84,0.0,0.01,0.0
2019-05-08 02:00:00,73.4,91,0.0,0.0,0.0
2019-05-08 03:00:00,72.2,95,0.0,0.0,0.0
2019-05-08 04:00:00,71.2,96,0.0,0.0,0.0
2019-05-08 05:00:00,70.4,96,0.0,0.0,0.0
2019-05-08 06:00:00,69.7,96,0.0,0.0,0.0
2019-05-08 07:00:00,69.1,97,0.0,0.0,2.0
2019-05-08 08:00:00,70.3,88,0.0,0.05,94.0
2019-05-08 09:00:00,72.5,72,0.0,0.2,291.0
2019-05-08 10:00:00,75.7,53,0.0,0.37,506.0
2019-05-08 11:00:00,79.3,42,0.0,0.53,698.0
2019-05-08 12:00:00,82.9,37,0.0,0.66,837.0
2019-05-08 13:00:00,85.6,36,0.0,0.71,888.0
2019-05-08 14:00:00,87.8,36,0.0,0.75,935.0
2019-05-08 15:00:00,89.4,34,0.0,0.72,878.0
2019-05-08 16:00:00,89.2,36,0.0,0.52,546.0
2019-05-08 17:00:00,88.4,36,0.0,0.41,383.0
2019-05-08 18:00:00,87.8,35,0.0,0.37,341.0
2019-05-08 19:00:00,86.7,43,0.0,0.3,244.0
2019-05-08 20:00:00,84.5,49,0.0,0.17,49.0
2019-05-08 21:00:00,82.1,58,0.0,0.1,1.0
2019-05-08 22:00:00,80.0,65,0.0,0.06,0.0
2019-05-08 23:00:00,78.1,71,0.0,0.05,0.0
2019-05-09 00:00:00,76.5,76,0.0,0.04,0.0
2019-05-09 01:00:00,75.0,80,0.0,0.02,0.0
2019-05-09 02:00:00,73.7,83,0.0,0.01,0.0
2019-05-09 03:00:00,72.6,87,0.0,0.0,0.0
2019-05-09 04:00:00,71.2,92,0.0,0.0,0.0
2019-05-09 05:00:00,70.3,94,0.0,0.0,0.0
2019-05-09 06:00:00,69.4,96,0.0,0.0,0.0
2019-05-09 07:00:00,68.9,96,0.0,0.0,2.0
2019-05-09 08:00:00,69.4,86,0.0,0.06,91.0
2019-05-09 09:00:00,72.1,73,0.0,0.19,286.0
2019-05-09 10:00:00,75.6,57,0.0,0.36,496.0
2019-05-09 11:00:00,79.5,45,0.0,0.52,684.0
2019-05-09 12:00:00,83.4,39,0.0,0.63,812.0
2019-05-09 13:00:00,87.0,35,0.0,0.72,917.0
2019-05-09 14:00:00,90.1,32,0.0,0.75,937.0
2019-05-09 15:00:00,91.9,31,0.0,0.67,808.0
2019-05-09 16:00:00,91.0,33,0.0,0.35,340.0
2019-05-09 17:00:00,90.5,34,0.0,0.3,286.0
2019-05-09 18:00:00,89.3,36,0.0,0.25,169.0
2019-05-09 19:00:00,88.3,41,0.0,0.25,159.0
2019-05-09 20:00:00,87.7,39,0.0,0.1,53.0
2019-05-09 21:00:00,85.9,41,0.0,0.14,0.0
2019-05-09 22:00:00,83.9,65,0.0,0.08,0.0
2019-05-09 23:00:00,82.0,72,0.0,0.03,0.0
2019-05-10 00:00:00,80.4,76,0.1,0.01,0.0
2019-05-10 01:00:00,79.1,78,0.0,0.0,0.0
2019-05-10 02:00:00,78.0,76,0.0,0.02,0.0
2019-05-10 03:00:00,76.7,81,0.0,0.01,0.0
2019-05-10 04:00:00,75.6,87,0.0,0.01,0.0
2019-05-10 05:00:00,74.4,91,0.0,0.0,0.0
2019-05-10 06:00:00,73.5,94,0.0,0.0,0.0
2019-05-10 07:00:00,72.7,95,0.0,0.0,2.0
2019-05-10 08:00:00,73.4,86,0.0,0.06,88.0
2019-05-10 09:00:00,75.3,72,0.0,0.17,231.0
2019-05-10 10:00:00,77.9,63,0.0,0.26,338.0
2019-05-10 11:00:00,81.7,52,0.0,0.43,583.0
2019-05-10 12:00:00,85.8,44,0.0,0.59,768.0
2019-05-10 13:00:00,89.5,38,0.0,0.63,803.0
2019-05-10 14:00:00,92.4,37,0.2,0.63,806.0
2019-05-10 15:00:00,94.5,36,0.0,0.6,745.0
2019-05-10 16:00:00,95.3,36,0.0,0.48,576.0
2019-05-10 17:00:00,94.5,46,0.1,0.36,365.0
2019-05-10 18:00:00,91.4,58,0.3,0.17,187.0
2019-05-10 19:00:00,88.6,65,0.1,0.11,119.0
2019-05-10 20:00:00,82.8,83,0.1,0.05,31.0
2019-05-10 21:00:00,80.5,86,0.0,0.03,1.0
2019-05-10 22:00:00,78.7,87,0.0,0.01,0.0
2019-05-10 23:00:00,77.5,87,0.1,0.01,0.0
2019-05-11 00:00:00,76.5,82,0.1,0.02,0.0
2019-05-11 01:00:00,75.6,77,0.0,0.02,0.0
2019-05-11 02:00:00,74.8,82,0.0,0.01,0.0
2019-05-11 03:00:00,73.8,86,0.0,0.01,0.0
2019-05-11 04:00:00,73.0,89,0.0,0.0,0.0
2019-05-11 05:00:00,72.2,93,0.0,0.0,0.0
2019-05-11 06:00:00,71.5,96,0.0,0.0,0.0
2019-05-11 07:00:00,70.9,97,0.0,0.0,3.0
2019-05-11 08:00:00,71.0,90,0.0,0.06,91.0
2019-05-11 09:00:00,73.1,75,0.0,0.17,233.0
2019-05-11 10:00:00,76.1,66,0.0,0.29,404.0
2019-05-11 11:00:00,79.9,51,0.0,0.46,616.0
2019-05-11 12:00:00,83.8,40,0.0,0.61,788.0
2019-05-11 13:00:00,87.5,34,0.0,0.71,889.0
2019-05-11 14:00:00,90.7,31,0.0,0.78,951.0
2019-05-11 15:00:00,92.9,31,0.0,0.76,908.0
2019-05-11 16:00:00,94.1,34,0.0,0.67,775.0
2019-05-11 17:00:00,93.6,47,0.2,0.47,530.0
2019-05-11 18:00:00,91.7,46,0.2,0.35,332.0
2019-05-11 19:00:00,89.4,55,0.0,0.22,192.0
2019-05-11 20:00:00,86.2,61,0.0,0.12,70.0
2019-05-11 21:00:00,83.9,75,0.0,0.06,1.0
2019-05-11 22:00:00,81.8,81,0.0,0.01,0.0
2019-05-11 23:00:00,79.9,85,0.0,0.0,0.0
2019-05-12 00:00:00,78.0,90,0.0,0.0,0.0
2019-05-12 01:00:00,76.4,95,0.0,0.0,0.0
2019-05-12 02:00:00,75.0,97,0.0,0.0,0.0
2019-05-12 03:00:00,74.0,98,0.0,0.0,0.0
2019-05-12 04:00:00,73.4,98,0.0,0.0,0.0
2019-05-12 05:00:00,73.0,99,0.0,0.0,0.0
2019-05-12 06:00:00,72.8,99,0.0,0.0,0.0
2019-05-12 07:00:00,72.9,98,0.0,0.0,2.0
2019-05-12 08:00:00,73.9,91,0.0,0.04,47.0
2019-05-12 09:00:00,75.5,83,0.1,0.14,196.0
2019-05-12 10:00:00,77.7,75,0.2,0.26,365.0
2019-05-12 11:00:00,80.5,66,0.1,0.43,586.0
2019-05-12 12:00:00,83.8,53,0.0,0.61,785.0
2019-05-12 13:00:00,86.8,47,0.0,0.7,861.0
2019-05-12 14:00:00,89.1,43,0.0,0.69,790.0
2019-05-12 15:00:00,90.1,42,0.0,0.62,682.0
2019-05-12 16:00:00,90.1,49,0.0,0.51,545.0
2019-05-12 17:00:00,88.3,59,0.2,0.32,305.0
2019-05-12 18:00:00,86.8,64,0.0,0.26,234.0
2019-05-12 19:00:00,85.1,75,0.1,0.15,131.0
2019-05-12 20:00:00,82.9,74,0.0,0.09,38.0
2019-05-12 21:00:00,81.1,79,0.0,0.05,1.0
2019-05-12 22:00:00,79.7,80,0.0,0.03,0.0
2019-05-12 23:00:00,78.5,81,0.0,0.02,0.0
2019-05-13 00:00:00,77.5,83,0.0,0.02,0.0
2019-05-13 01:00:00,76.8,85,0.0,0.01,0.0
2019-05-13 02:00:00,76.1,88,0.0,0.01,0.0
2019-05-13 03:00:00,75.5,90,0.0,0.0,0.0
2019-05-13 04:00:00,75.0,92,0.0,0.0,0.0
2019-05-13 05:00:00,74.8,94,0.0,0.0,0.0
2019-05-13 06:00:00,74.8,94,0.0,0.0,0.0
2019-05-13 07:00:00,74.1,99,2.1,0.01,1.0
2019-05-13 08:00:00,74.4,78,1.0,0.05,18.0
2019-05-13 09:00:00,75.6,75,0.1,0.12,138.0
2019-05-13 10:00:00,78.1,66,0.1,0.3,405.0
2019-05-13 11:00:00,80.2,60,0.0,0.35,435.0
2019-05-13 12:00:00,81.3,60,0.4,0.3,325.0
2019-05-13 13:00:00,81.4,69,0.8,0.35,461.0
2019-05-13 14:00:00,81.1,70,0.1,0.26,309.0
2019-05-13 15:00:00,82.1,63,0.1,0.38,485.0
2019-05-13 16:00:00,84.3,56,0.3,0.53,704.0
2019-05-13 17:00:00,82.2,88,4.4,0.21,331.0
2019-05-13 18:00:00,81.2,75,0.0,0.26,364.0
2019-05-13 19:00:00,80.6,74,0.0,0.17,222.0
2019-05-13 20:00:00,81.4,68,1.2,0.1,67.0
2019-05-13 21:00:00,79.3,78,0.5,0.05,1.0
2019-05-13 22:00:00,77.5,83,0.2,0.02,0.0
2019-05-13 23:00:00,76.2,89,0.0,0.0,0.0
2019-05-14 00:00:00,75.0,95,0.0,0.0,0.0
2019-05-14 01:00:00,74.0,97,0.0,0.0,0.0
2019-05-14 02:00:00,73.0,94,0.0,0.0,0.0
2019-05-14 03:00:00,71.9,80,0.0,0.01,0.0
2019-05-14 04:00:00,70.5,72,0.0,0.02,0.0
2019-05-14 05:00:00,69.1,70,0.0,0.03,0.0
2019-05-14 06:00:00,68.0,70,0.0,0.03,0.0
2019-05-14 07:00:00,66.9,71,0.0,0.03,4.0
2019-05-14 08:00:00,68.3,62,0.0,0.09,105.0
2019-05-14 09:00:00,69.6,53,0.0,0.21,290.0
2019-05-14 10:00:00,72.1,43,0.0,0.35,514.0
2019-05-14 11:00:00,75.0,38,0.0,0.49,710.0
2019-05-14 12:00:00,78.1,35,0.0,0.6,863.0
2019-05-14 13:00:00,80.9,31,0.0,0.68,960.0
2019-05-14 14:00:00,83.3,28,0.0,0.72,993.0
2019-05-14 15:00:00,85.0,26,0.0,0.71,960.0
2019-05-14 16:00:00,86.1,26,0.0,0.65,859.0
2019-05-14 17:00:00,86.3,25,0.0,0.53,678.0
2019-05-14 18:00:00,85.6,26,0.0,0.41,486.0
2019-05-14 19:00:00,84.1,29,0.0,0.28,281.0
2019-05-14 20:00:00,81.7,48,0.0,0.08,97.0
2019-05-14 21:00:00,77.9,51,0.0,0.05,2.0
2019-05-14 22:00:00,74.9,59,0.0,0.03,0.0
2019-05-14 23:00:00,72.7,58,0.0,0.04,0.0
2019-05-15 00:00:00,70.8,63,0.0,0.02,0.0
2019-05-15 01:00:00,69.4,60,0.0,0.02,0.0
2019-05-15 02:00:00,68.0,58,0.0,0.03,0.0
2019-05-15 03:00:00,66.7,59,0.0,0.04,0.0
2019-05-15 04:00:00,65.6,61,0.0,0.02,0.0
2019-05-15 05:00:00,64.1,66,0.0,0.01,0.0
2019-05-15 06:00:00,62.8,69,0.0,0.01,0.0
2019-05-15 07:00:00,61.8,68,0.0,0.02,4.0
2019-05-15 08:00:00,63.5,56,0.0,0.09,110.0
2019-05-15 09:00:00,66.4,47,0.0,0.2,314.0
2019-05-15 10:00:00,70.3,42,0.0,0.35,530.0
2019-05-15 11:00:00,74.7,37,0.0,0.49,727.0
2019-05-15 12:00:00,78.6,33,0.0,0.6,863.0
2019-05-15 13:00:00,82.1,31,0.0,0.67,946.0
2019-05-15 14:00:00,85.0,29,0.0,0.7,973.0
2019-05-15 15:00:00,87.2,27,0.0,0.68,944.0
2019-05-15 16:00:00,88.6,26,0.0,0.61,843.0
2019-05-15 17:00:00,89.0,25,0.0,0.53,697.0
2019-05-15 18:00:00,88.5,25,0.0,0.4,509.0
2019-05-15 19:00:00,87.1,25,0.0,0.26,283.0
2019-05-15 20:00:00,85.0,36,0.0,0.13,94.0
2019-05-15 21:00:00,82.2,44,0.0,0.08,2.0
2019-05-15 22:00:00,79.1,55,0.0,0.05,0.0
2019-05-15 23:00:00,76.8,65,0.0,0.06,0.0
2019-05-16 00:00:00,74.8,69,0.0,0.03,0.0
2019-05-16 01:00:00,73.0,73,0.0,0.02,0.0
2019-05-16 02:00:00,71.4,76,0.0,0.02,0.0
2019-05-16 03:00:00,69.8,79,0.0,0.01,0.0
2019-05-16 04:00:00,68.3,81,0.0,0.0,0.0
2019-05-16 05:00:00,66.9,87,0.0,0.0,0.0
2019-05-16 06:00:00,65.7,88,0.0,0.0,0.0
2019-05-16 07:00:00,64.7,85,0.0,0.01,4.0
2019-05-16 08:00:00,65.8,75,0.0,0.07,107.0
2019-05-16 09:00:00,69.2,62,0.0,0.2,304.0
2019-05-16 10:00:00,73.4,54,0.0,0.35,515.0
2019-05-16 11:00:00,78.0,43,0.0,0.48,694.0
2019-05-16 12:00:00,81.9,38,0.0,0.55,757.0
2019-05-16 13:00:00,85.5,33,0.0,0.66,874.0
2019-05-16 14:00:00,88.3,31,0.0,0.68,885.0
2019-05-16 15:00:00,90.2,30,0.0,0.64,822.0
2019-05-16 16:00:00,91.3,31,0.0,0.54,694.0
2019-05-16 17:00:00,91.5,31,0.0,0.45,548.0
2019-05-16 18:00:00,90.0,33,0.0,0.27,245.0
2019-05-16 19:00:00,88.4,34,0.0,0.18,166.0
2019-05-16 20:00:00,86.8,43,0.0,0.09,60.0
2019-05-16 21:00:00,83.4,54,0.0,0.06,2.0
2019-05-16 22:00:00,80.4,52,0.0,0.03,0.0
2019-05-16 23:00:00,78.0,56,0.0,0.03,0.0
2019-05-17 00:00:00,75.8,62,0.0,0.03,0.0
2019-05-17 01:00:00,73.9,70,0.0,0.01,0.0
2019-05-17 02:00:00,72.6,86,0.0,0.01,0.0
2019-05-17 03:00:00,71.7,87,0.0,0.01,0.0
2019-05-17 04:00:00,71.1,84,0.0,0.01,0.0
2019-05-17 05:00:00,70.4,82,0.0,0.01,0.0
2019-05-17 06:00:00,69.7,84,0.0,0.01,0.0
2019-05-17 07:00:00,69.1,84,0.0,0.02,4.0
2019-05-17 08:00:00,70.4,71,0.0,0.08,106.0
2019-05-17 09:00:00,73.1,63,0.0,0.21,298.0
2019-05-17 10:00:00,76.9,55,0.1,0.36,494.0
2019-05-17 11:00:00,81.2,47,0.0,0.5,673.0
2019-05-17 12:00:00,85.2,42,0.0,0.55,733.0
2019-05-17 13:00:00,88.2,41,0.0,0.55,702.0
2019-05-17 14:00:00,90.7,38,0.0,0.55,711.0
2019-05-17 15:00:00,92.5,38,0.1,0.51,654.0
2019-05-17 16:00:00,91.9,51,0.1,0.4,454.0
2019-05-17 17:00:00,90.1,48,0.0,0.32,352.0
2019-05-17 18:00:00,89.3,48,0.4,0.3,334.0
2019-05-17 19:00:00,87.5,51,0.0,0.22,188.0
2019-05-17 20:00:00,87.9,49,0.0,0.16,71.0
2019-05-17 21:00:00,85.6,55,0.0,0.09,2.0
2019-05-17 22:00:00,83.2,64,0.0,0.04,0.0
2019-05-17 23:00:00,81.0,72,0.0,0.01,0.0
2019-05-18 00:00:00,79.2,77,0.0,0.01,0.0
2019-05-18 01:00:00,77.2,86,0.0,0.0,0.0
2019-05-18 02:00:00,75.4,93,0.0,0.0,0.0
2019-05-18 03:00:00,74.0,96,0.0,0.0,0.0
2019-05-18 04:00:00,72.7,99,0.0,0.0,0.0
2019-05-18 05:00:00,71.6,98,0.0,0.0,0.0
2019-05-18 06:00:00,70.4,98,0.0,0.0,0.0
2019-05-18 07:00:00,69.4,100,0.0,0.0,4.0
2019-05-18 08:00:00,70.4,89,0.0,0.05,86.0
2019-05-18 09:00:00,73.4,73,0.0,0.2,304.0
2019-05-18 10:00:00,77.5,55,0.0,0.36,502.0
2019-05-18 11:00:00,82.0,44,0.0,0.49,651.0
2019-05-18 12:00:00,85.6,39,0.0,0.46,613.0
2019-05-18 13:00:00,89.5,35,0.2,0.6,804.0
2019-05-18 14:00:00,92.7,32,0.1,0.63,825.0
2019-05-18 15:00:00,94.8,29,0.0,0.6,737.0
2019-05-18 16:00:00,96.4,28,0.0,0.59,705.0
2019-05-18 17:00:00,96.0,29,0.0,0.42,422.0
2019-05-18 18:00:00,94.9,31,0.0,0.31,285.0
2019-05-18 19:00:00,93.6,33,0.0,0.21,214.0
2019-05-18 20:00:00,93.9,29,0.0,0.13,62.0
2019-05-18 21:00:00,91.2,39,0.1,0.13,2.0
2019-05-18 22:00:00,88.3,58,0.0,0.05,0.0
2019-05-18 23:00:00,85.6,60,0.1,0.06,0.0
2019-05-19 00:00:00,83.2,71,0.0,0.03,0.0
2019-05-19 01:00:00,80.9,78,0.0,0.01,0.0
2019-05-19 02:00:00,78.9,71,0.0,0.03,0.0
2019-05-19 03:00:00,77.1,59,0.0,0.05,0.0
2019-05-19 04:00:00,75.3,63,0.0,0.04,0.0
2019-05-19 05:00:00,73.2,70,0.0,0.01,0.0
2019-05-19 06:00:00,71.2,75,0.0,0.0,0.0
2019-05-19 07:00:00,69.7,79,0.0,0.02,5.0
2019-05-19 08:00:00,69.6,73,0.0,0.08,113.0
2019-05-19 09:00:00,72.1,62,0.0,0.22,313.0
2019-05-19 10:00:00,76.2,46,0.0,0.38,527.0
2019-05-19 11:00:00,81.1,36,0.0,0.52,719.0
2019-05-19 12:00:00,86.2,29,0.0,0.63,869.0
2019-05-19 13:00:00,91.0,23,0.0,0.72,964.0
2019-05-19 14:00:00,95.1,19,0.0,0.78,996.0
2019-05-19 15:00:00,98.2,17,0.0,0.78,962.0
2019-05-19 16:00:00,100.0,16,0.0,0.73,866.0
2019-05-19 17:00:00,100.5,17,0.0,0.64,713.0
2019-05-19 18:00:00,99.8,18,0.0,0.47,520.0
2019-05-19 19:00:00,98.1,28,0.0,0.36,306.0
2019-05-19 20:00:00,95.0,36,0.0,0.19,104.0
2019-05-19 21:00:00,91.0,51,0.0,0.1,3.0
2019-05-19 22:00:00,87.4,53,0.0,0.03,0.0
2019-05-19 23:00:00,84.5,54,0.0,0.07,0.0
2019-05-20 00:00:00,81.5,64,0.0,0.0,0.0
2019-05-20 01:00:00,78.9,64,0.0,0.03,0.0
2019-05-20 02:00:00,76.6,64,0.0,0.02,0.0
2019-05-20 03:00:00,74.6,70,0.0,0.01,0.0
2019-05-20 04:00:00,72.8,79,0.0,0.01,0.0
2019-05-20 05:00:00,71.0,84,0.0,0.0,0.0
2019-05-20 06:00:00,69.4,84,0.0,0.0,0.0
2019-05-20 07:00:00,68.3,80,0.0,0.01,5.0
2019-05-20 08:00:00,69.8,70,0.0,0.07,113.0
2019-05-20 09:00:00,73.0,64,0.0,0.21,310.0
2019-05-20 10:00:00,77.5,50,0.0,0.37,516.0
2019-05-20 11:00:00,82.5,41,0.0,0.53,705.0
2019-05-20 12:00:00,87.4,33,0.0,0.62,813.0
2019-05-20 13:00:00,92.0,29,0.0,0.69,893.0
2019-05-20 14:00:00,95.9,26,0.0,0.75,939.0
2019-05-20 15:00:00,98.3,24,0.0,0.71,836.0
2019-05-20 16:00:00,99.3,23,0.0,0.61,649.0
2019-05-20 17:00:00,99.8,22,0.0,0.55,578.0
2019-05-20 18:00:00,99.3,21,0.0,0.41,414.0
2019-05-20 19:00:00,97.9,21,0.0,0.21,182.0
2019-05-20 20:00:00,95.5,30,0.0,0.1,100.0
2019-05-20 21:00:00,92.7,35,0.0,0.13,3.0
2019-05-20 22:00:00,90.1,41,0.0,0.05,0.0
2019-05-20 23:00:00,87.4,41,0.0,0.04,0.0
2019-05-21 00:00:00,84.7,43,0.0,0.04,0.0
2019-05-21 01:00:00,82.0,40,0.0,0.01,0.0
2019-05-21 02:00:00,79.4,46,0.0,0.02,0.0
2019-05-21 03:00:00,77.3,53,0.0,0.03,0.0
2019-05-21 04:00:00,75.4,56,0.0,0.02,0.0
2019-05-21 05:00:00,73.7,56,0.0,0.03,0.0
2019-05-21 06:00:00,72.3,58,0.0,0.03,0.0
2019-05-21 07:00:00,71.2,60,0.0,0.04,5.0
2019-05-21 08:00:00,72.1,56,0.0,0.09,111.0
2019-05-21 09:00:00,75.2,44,0.0,0.23,302.0
2019-05-21 10:00:00,79.8,34,0.0,0.41,511.0
2019-05-21 11:00:00,84.9,31,0.0,0.54,703.0
2019-05-21 12:00:00,90.1,28,0.0,0.66,856.0
2019-05-21 13:00:00,94.9,24,0.0,0.75,930.0
2019-05-21 14:00:00,98.2,20,0.0,0.7,821.0
2019-05-21 15:00:00,100.5,20,0.0,0.66,735.0
2019-05-21 16:00:00,100.8,21,0.0,0.51,475.0
2019-05-21 17:00:00,100.0,29,0.0,0.48,367.0
2019-05-21 18:00:00,98.9,30,0.0,0.44,363.0
2019-05-21 19:00:00,97.6,30,0.0,0.31,240.0
2019-05-21 20:00:00,95.5,38,0.0,0.17,90.0
2019-05-21 21:00:00,92.9,44,0.0,0.14,3.0
2019-05-21 22:00:00,90.4,50,0.0,0.1,0.0
2019-05-21 23:00:00,88.0,54,0.0,0.06,0.0
2019-05-22 00:00:00,85.6,60,0.0,0.01,0.0
2019-05-22 01:00:00,83.5,61,0.0,0.04,0.0
2019-05-22 02:00:00,81.5,67,0.0,0.03,0.0
2019-05-22 03:00:00,79.7,76,0.0,0.01,0.0
2019-05-22 04:00:00,78.0,76,0.0,0.01,0.0
2019-05-22 05:00:00,76.6,83,0.0,0.0,0.0
2019-05-22 06:00:00,75.5,83,0.0,0.0,0.0
2019-05-22 07:00:00,74.8,82,0.0,0.02,5.0
2019-05-22 08:00:00,74.8,75,0.0,0.06,84.0
2019-05-22 09:00:00,76.5,71,0.0,0.11,120.0
2019-05-22 10:00:00,79.5,61,0.0,0.23,303.0
2019-05-22 11:00:00,83.8,46,0.0,0.42,527.0
2019-05-22 12:00:00,88.2,36,0.0,0.55,667.0
2019-05-22 13:00:00,92.3,32,0.0,0.67,797.0
2019-05-22 14:00:00,95.7,29,0.0,0.74,835.0
2019-05-22 15:00:00,97.3,30,0.0,0.63,641.0
2019-05-22 16:00:00,97.3,31,0.0,0.48,424.0
2019-05-22 17:00:00,97.1,29,0.0,0.38,326.0
2019-05-22 18:00:00,97.0,26,0.0,0.32,278.0
2019-05-22 19:00:00,96.5,28,0.0,0.42,261.0
2019-05-22 20:00:00,96.0,34,0.0,0.27,65.0
2019-05-22 21:00:00,92.8,39,0.0,0.2,4.0
2019-05-22 22:00:00,89.8,50,0.0,0.13,0.0
2019-05-22 23:00:00,87.0,61,0.0,0.08,0.0
2019-05-23 00:00:00,84.5,69,0.0,0.05,0.0
2019-05-23 01:00:00,82.2,75,0.0,0.03,0.0
2019-05-23 02:00:00,80.3,79,0.0,0.02,0.0
2019-05-23 03:00:00,78.6,83,0.0,0.01,0.0
2019-05-23 04:00:00,76.9,87,0.0,0.0,0.0
2019-05-23 05:00:00,75.4,90,0.0,0.0,0.0
2019-05-23 06:00:00,73.9,93,0.0,0.0,0.0
2019-05-23 07:00:00,72.9,93,0.0,0.0,6.0
2019-05-23 08:00:00,73.1,82,0.0,0.07,112.0
2019-05-23 09:00:00,76.1,68,0.0,0.21,302.0
2019-05-23 10:00:00,80.0,54,0.0,0.38,497.0
2019-05-23 11:00:00,83.8,46,0.0,0.46,565.0
2019-05-23 12:00:00,87.4,40,0.0,0.53,612.0
2019-05-23 13:00:00,91.5,33,0.0,0.72,840.0
2019-05-23 14:00:00,94.7,30,0.0,0.75,833.0
2019-05-23 15:00:00,97.3,27,0.0,0.76,822.0
2019-05-23 16:00:00,99.0,26,0.0,0.69,701.0
2019-05-23 17:00:00,99.1,29,0.0,0.58,516.0
2019-05-23 18:00:00,97.7,33,0.0,0.42,279.0
2019-05-23 19:00:00,96.0,37,0.0,0.35,217.0
2019-05-23 20:00:00,93.4,37,0.0,0.24,102.0
2019-05-23 21:00:00,90.2,43,0.0,0.15,4.0
2019-05-23 22:00:00,87.2,52,0.0,0.09,0.0
2019-05-23 23:00:00,84.4,61,0.0,0.06,0.0
2019-05-24 00:00:00,82.0,67,0.0,0.04,0.0
2019-05-24 01:00:00,79.7,73,0.0,0.03,0.0
2019-05-24 02:00:00,77.7,79,0.0,0.02,0.0
2019-05-24 03:00:00,75.9,83,0.0,0.01,0.0
2019-05-24 04:00:00,74.1,87,0.0,0.0,0.0
2019-05-24 05:00:00,72.2,92,0.0,0.0,0.0
2019-05-24 06:00:00,70.7,93,0.0,0.0,0.0
2019-05-24 07:00:00,69.5,95,0.0,0.0,6.0
2019-05-24 08:00:00,69.2,83,0.0,0.06,119.0
2019-05-24 09:00:00,72.6,68,0.0,0.2,317.0
2019-05-24 10:00:00,77.2,54,0.0,0.36,528.0
2019-05-24 11:00:00,82.5,41,0.0,0.51,717.0
2019-05-24 12:00:00,87.9,32,0.0,0.65,864.0
2019-05-24 13:00:00,92.9,26,0.0,0.75,957.0
2019-05-24 14:00:00,97.3,22,0.0,0.79,987.0
2019-05-24 15:00:00,100.8,19,0.0,0.77,952.0
2019-05-24 16:00:00,103.1,18,0.0,0.71,856.0
2019-05-24 17:00:00,104.2,18,0.0,0.6,706.0
2019-05-24 18:00:00,104.0,18,0.0,0.48,516.0
2019-05-24 19:00:00,102.7,19,0.0,0.35,306.0
2019-05-24 20:00:00,99.6,30,0.0,0.17,110.0
2019-05-24 21:00:00,95.6,34,0.0,0.11,5.0
2019-05-24 22:00:00,92.0,37,0.0,0.07,0.0
2019-05-24 23:00:00,89.0,40,0.0,0.09,0.0
2019-05-25 00:00:00,86.7,48,0.0,0.09,0.0
2019-05-25 01:00:00,84.8,55,0.0,0.07,0.0
2019-05-25 02:00:00,83.0,58,0.0,0.07,0.0
2019-05-25 03:00:00,81.4,61,0.0,0.06,0.0
2019-05-25 04:00:00,80.0,65,0.0,0.05,0.0
2019-05-25 05:00:00,78.5,71,0.0,0.03,0.0
2019-05-25 06:00:00,77.1,75,0.0,0.02,0.0
2019-05-25 07:00:00,75.7,77,0.0,0.02,6.0
2019-05-25 08:00:00,75.3,68,0.0,0.09,117.0
2019-05-25 09:00:00,78.2,55,0.0,0.22,309.0
2019-05-25 10:00:00,82.2,44,0.0,0.37,483.0
2019-05-25 11:00:00,87.0,36,0.0,0.51,669.0
2019-05-25 12:00:00,91.9,32,0.0,0.64,810.0
2019-05-25 13:00:00,96.2,29,0.0,0.75,903.0
2019-05-25 14:00:00,99.9,26,0.0,0.79,944.0
2019-05-25 15:00:00,102.6,24,0.0,0.73,858.0
2019-05-25 16:00:00,104.5,22,0.0,0.68,790.0
2019-05-25 17:00:00,105.2,22,0.0,0.56,615.0
2019-05-25 18:00:00,104.4,23,0.0,0.39,406.0
2019-05-25 19:00:00,102.8,25,0.0,0.35,232.0
2019-05-25 20:00:00,100.0,29,0.0,0.16,88.0
2019-05-25 21:00:00,97.1,35,0.0,0.14,4.0
2019-05-25 22:00:00,94.8,36,0.0,0.17,0.0
2019-05-25 23:00:00,92.4,42,0.0,0.15,0.0
2019-05-26 00:00:00,90.1,45,0.0,0.11,0.0
2019-05-26 01:00:00,88.0,50,0.0,0.08,0.0
2019-05-26 02:00:00,86.1,57,0.0,0.06,0.0
2019-05-26 03:00:00,84.4,62,0.0,0.05,0.0
2019-05-26 04:00:00,83.0,62,0.0,0.04,0.0
2019-05-26 05:00:00,82.0,61,0.0,0.04,0.0
2019-05-26 06:00:00,81.1,64,0.0,0.03,0.0
2019-05-26 07:00:00,79.9,66,0.0,0.04,5.0
2019-05-26 08:00:00,78.0,66,0.0,0.1,108.0
2019-05-26 09:00:00,80.2,60,0.0,0.23,277.0
2019-05-26 10:00:00,83.4,50,0.0,0.37,456.0
2019-05-26 11:00:00,87.5,40,0.0,0.52,651.0
2019-05-26 12:00:00,91.8,35,0.0,0.61,770.0
2019-05-26 13:00:00,95.8,31,0.0,0.65,841.0
2019-05-26 14:00:00,99.1,29,0.0,0.65,850.0
2019-05-26 15:00:00,101.8,26,0.0,0.63,812.0
2019-05-26 16:00:00,103.6,23,0.0,0.58,752.0
2019-05-26 17:00:00,104.3,22,0.0,0.5,587.0
2019-05-26 18:00:00,103.5,23,0.0,0.41,385.0
2019-05-26 19:00:00,102.0,24,0.0,0.3,249.0
2019-05-26 20:00:00,98.6,37,0.0,0.13,81.0
2019-05-26 21:00:00,95.5,53,0.0,0.13,5.0
2019-05-26 22:00:00,92.4,57,0.0,0.09,0.0
2019-05-26 23:00:00,89.7,62,0.0,0.06,0.0
2019-05-27 00:00:00,87.3,68,0.0,0.05,0.0
2019-05-27 01:00:00,85.2,74,0.0,0.03,0.0
2019-05-27 02:00:00,83.4,78,0.0,0.01,0.0
2019-05-27 03:00:00,82.0,82,0.0,0.01,0.0
2019-05-27 04:00:00,80.8,80,0.1,0.01,0.0
2019-05-27 05:00:00,80.1,78,0.0,0.03,0.0
2019-05-27 06:00:00,79.4,74,0.0,0.03,0.0
2019-05-27 07:00:00,79.2,71,0.0,0.04,6.0
2019-05-27 08:00:00,79.4,69,0.0,0.09,98.0
2019-05-27 09:00:00,82.1,55,0.0,0.24,284.0
2019-05-27 10:00:00,85.8,42,0.0,0.43,484.0
2019-05-27 11:00:00,90.0,37,0.0,0.59,677.0
2019-05-27 12:00:00,93.9,34,0.0,0.69,808.0
2019-05-27 13:00:00,96.9,32,0.1,0.67,784.0
2019-05-27 14:00:00,99.5,30,0.0,0.67,786.0
2019-05-27 15:00:00,101.4,28,0.0,0.65,745.0
2019-05-27 16:00:00,102.5,27,0.0,0.62,668.0
2019-05-27 17:00:00,102.8,28,0.0,0.55,554.0
2019-05-27 18:00:00,101.9,30,0.0,0.36,345.0
2019-05-27 19:00:00,100.0,36,0.0,0.29,184.0
2019-05-27 20:00:00,97.3,35,0.0,0.15,68.0
2019-05-27 21:00:00,94.8,50,0.0,0.15,4.0
2019-05-27 22:00:00,92.2,59,0.0,0.08,0.0
2019-05-27 23:00:00,90.0,67,0.0,0.06,0.0
2019-05-28 00:00:00,88.0,70,0.0,0.05,0.0
2019-05-28 01:00:00,86.3,76,0.0,0.03,0.0
2019-05-28 02:00:00,84.7,82,0.0,0.01,0.0
2019-05-28 03:00:00,83.2,87,0.0,0.0,0.0
2019-05-28 04:00:00,81.8,91,0.0,0.0,0.0
2019-05-28 05:00:00,80.4,93,0.0,0.0,0.0
2019-05-28 06:00:00,79.7,89,0.0,0.0,0.0
2019-05-28 07:00:00,79.3,84,0.0,0.02,6.0
2019-05-28 08:00:00,78.3,72,0.0,0.07,98.0
2019-05-28 09:00:00,81.1,60,0.0,0.23,289.0
2019-05-28 10:00:00,84.6,50,0.0,0.38,443.0
2019-05-28 11:00:00,88.2,43,0.0,0.48,550.0
2019-05-28 12:00:00,91.9,38,0.0,0.57,665.0
2019-05-28 13:00:00,95.6,33,0.0,0.66,800.0
2019-05-28 14:00:00,98.2,31,0.0,0.55,677.0
2019-05-28 15:00:00,100.6,29,0.0,0.55,697.0
2019-05-28 16:00:00,101.8,28,0.0,0.48,584.0
2019-05-28 17:00:00,102.1,30,0.0,0.45,509.0
2019-05-28 18:00:00,101.4,30,0.0,0.37,363.0
2019-05-28 19:00:00,99.1,40,0.1,0.29,200.0
2019-05-28 20:00:00,96.9,41,0.0,0.18,73.0
2019-05-28 21:00:00,93.9,46,0.0,0.1,5.0
2019-05-28 22:00:00,91.4,50,0.0,0.09,0.0
2019-05-28 23:00:00,89.2,54,0.0,0.08,0.0
2019-05-29 00:00:00,87.1,61,0.0,0.05,0.0
2019-05-29 01:00:00,85.5,66,0.0,0.03,0.0
2019-05-29 02:00:00,84.1,71,0.0,0.04,0.0
2019-05-29 03:00:00,82.9,71,0.0,0.03,0.0
2019-05-29 04:00:00,81.9,72,0.0,0.02,0.0
2019-05-29 05:00:00,81.1,74,0.0,0.02,0.0
2019-05-29 06:00:00,80.3,80,0.0,0.0,0.0
2019-05-29 07:00:00,79.7,76,0.0,0.04,5.0
2019-05-29 08:00:00,78.2,75,0.0,0.08,101.0
2019-05-29 09:00:00,80.8,62,0.0,0.22,279.0
2019-05-29 10:00:00,84.5,51,0.0,0.38,488.0
2019-05-29 11:00:00,88.6,43,0.0,0.53,688.0
2019-05-29 12:00:00,91.9,40,0.0,0.57,714.0
2019-05-29 13:00:00,95.1,34,0.0,0.68,809.0
2019-05-29 14:00:00,97.4,30,0.1,0.69,808.0
2019-05-29 15:00:00,99.5,27,0.0,0.72,816.0
2019-05-29 16:00:00,100.9,25,0.0,0.72,783.0
2019-05-29 17:00:00,101.6,21,0.0,0.64,647.0
2019-05-29 18:00:00,100.7,31,0.0,0.5,445.0
2019-05-29 19:00:00,98.4,43,0.0,0.34,264.0
2019-05-29 20:00:00,95.6,48,0.0,0.18,95.0
2019-05-29 21:00:00,92.8,52,0.0,0.13,6.0
2019-05-29 22:00:00,90.1,60,0.0,0.08,0.0
2019-05-29 23:00:00,87.6,73,0.0,0.03,0.0
2019-05-30 00:00:00,85.2,83,0.0,0.01,0.0
2019-05-30 01:00:00,82.9,90,0.0,0.0,0.0
2019-05-30 02:00:00,81.0,95,0.0,0.0,0.0
2019-05-30 03:00:00,79.4,98,0.0,0.0,0.0
2019-05-30 04:00:00,78.4,99,0.0,0.0,0.0
2019-05-30 05:00:00,77.6,100,0.0,0.0,0.0
2019-05-30 06:00:00,77.2,100,0.0,0.0,0.0
2019-05-30 07:00:00,76.8,99,0.0,0.0,5.0
2019-05-30 08:00:00,76.6,93,0.0,0.05,67.0
2019-05-30 09:00:00,78.8,79,0.0,0.18,266.0
2019-05-30 10:00:00,82.4,62,0.0,0.38,515.0
2019-05-30 11:00:00,86.5,48,0.0,0.56,707.0
2019-05-30 12:00:00,90.2,40,0.0,0.67,799.0
2019-05-30 13:00:00,93.6,35,0.0,0.73,855.0
2019-05-30 14:00:00,96.3,32,0.0,0.76,852.0
2019-05-30 15:00:00,98.2,30,0.0,0.77,823.0
2019-05-30 16:00:00,99.4,30,0.0,0.73,757.0
2019-05-30 17:00:00,99.4,33,0.0,0.63,624.0
2019-05-30 18:00:00,98.2,39,0.0,0.5,467.0
2019-05-30 19:00:00,96.4,44,0.0,0.35,299.0
2019-05-30 20:00:00,93.5,57,0.0,0.18,118.0
2019-05-30 21:00:00,90.1,65,0.0,0.09,6.0
2019-05-30 22:00:00,87.4,72,0.0,0.05,0.0
2019-05-30 23:00:00,85.1,76,0.0,0.04,0.0
2019-05-31 00:00:00,83.3,79,0.0,0.03,0.0
2019-05-31 01:00:00,81.8,82,0.0,0.02,0.0
2019-05-31 02:00:00,80.6,87,0.0,0.01,0.0
2019-05-31 03:00:00,79.5,93,0.0,0.0,0.0
2019-05-31 04:00:00,78.5,96,0.0,0.0,0.0
2019-05-31 05:00:00,77.8,97,0.0,0.0,0.0
2019-05-31 06:00:00,77.1,98,0.0,0.0,0.0
2019-05-31 07:00:00,76.6,98,0.0,0.0,7.0
2019-05-31 08:00:00,77.1,87,0.0,0.07,95.0
2019-05-31 09:00:00,79.6,71,0.0,0.21,285.0
2019-05-31 10:00:00,82.9,58,0.0,0.37,471.0
2019-05-31 11:00:00,86.0,52,0.1,0.47,571.0
2019-05-31 12:00:00,88.4,49,0.2,0.53,634.0
2019-05-31 13:00:00,90.1,53,0.1,0.53,628.0
2019-05-31 14:00:00,91.5,48,0.0,0.52,576.0
2019-05-31 15:00:00,93.3,43,0.0,0.6,674.0
2019-05-31 16:00:00,94.6,42,0.0,0.56,585.0
2019-05-31 17:00:00,94.7,48,0.0,0.49,516.0
2019-05-31 18:00:00,93.8,50,0.0,0.36,328.0
2019-05-31 19:00:00,91.9,57,0.2,0.26,222.0
2019-05-31 20:00:00,89.8,62,0.0,0.15,107.0
2019-05-31 21:00:00,87.5,68,0.0,0.08,6.0
2019-05-31 22:00:00,85.6,73,0.0,0.04,0.0
2019-05-31 23:00:00,83.9,79,0.0,0.03,0.0
2019-06-01 00:00:00,82.6,83,0.0,0.02,0.0
2019-06-01 01:00:00,81.4,86,0.0,0.01,0.0
2019-06-01 02:00:00,80.5,89,0.0,0.01,0.0
2019-06-01 03:00:00,79.7,91,0.0,0.0,0.0
2019-06-01 04:00:00,79.0,92,0.0,0.0,0.0
2019-06-01 05:00:00,78.4,92,0.0,0.0,0.0
2019-06-01 06:00:00,77.6,94,0.0,0.0,0.0
2019-06-01 07:00:00,77.0,95,0.0,0.01,7.0
2019-06-01 08:00:00,77.2,80,0.0,0.08,117.0
2019-06-01 09:00:00,79.9,59,0.0,0.24,312.0
2019-06-01 10:00:00,83.6,42,0.0,0.42,518.0
2019-06-01 11:00:00,87.6,36,0.0,0.55,697.0
2019-06-01 12:00:00,91.6,32,0.0,0.67,819.0
2019-06-01 13:00:00,94.7,27,0.0,0.72,840.0
2019-06-01 14:00:00,97.5,24,0.0,0.78,893.0
2019-06-01 15:00:00,99.4,22,0.0,0.75,819.0
2019-06-01 16:00:00,100.4,21,0.0,0.68,717.0
2019-06-01 17:00:00,100.1,32,0.0,0.58,527.0
2019-06-01 18:00:00,98.4,30,0.0,0.46,365.0
2019-06-01 19:00:00,96.1,51,0.0,0.3,231.0
2019-06-01 20:00:00,93.1,50,0.0,0.19,92.0
2019-06-01 21:00:00,90.3,58,0.0,0.11,6.0
2019-06-01 22:00:00,87.8,65,0.0,0.07,0.0
2019-06-01 23:00:00,85.6,72,0.0,0.04,0.0
2019-06-02 00:00:00,83.8,80,0.0,0.03,0.0
2019-06-02 01:00:00,82.3,85,0.0,0.01,0.0
2019-06-02 02:00:00,81.0,87,0.0,0.01,0.0
2019-06-02 03:00:00,79.9,89,0.0,0.0,0.0
2019-06-02 04:00:00,78.9,91,0.0,0.0,0.0
2019-06-02 05:00:00,78.1,94,0.0,0.0,0.0
2019-06-02 06:00:00,77.3,97,0.0,0.0,0.0
2019-06-02 07:00:00,76.8,98,0.0,0.0,7.0
2019-06-02 08:00:00,75.8,86,0.0,0.07,109.0
2019-06-02 09:00:00,78.6,71,0.0,0.21,293.0
2019-06-02 10:00:00,82.4,52,0.0,0.38,511.0
2019-06-02 11:00:00,86.8,38,0.0,0.54,692.0
2019-06-02 12:00:00,90.7,33,0.1,0.65,780.0
2019-06-02 13:00:00,93.7,31,0.0,0.74,849.0
2019-06-02 14:00:00,96.4,30,0.0,0.77,885.0
2019-06-02 15:00:00,98.0,30,0.0,0.69,771.0
2019-06-02 16:00:00,99.1,30,0.1,0.66,722.0
2019-06-02 17:00:00,97.3,43,0.2,0.47,457.0
2019-06-02 18:00:00,96.1,34,0.0,0.43,406.0
2019-06-02 19:00:00,94.4,46,0.0,0.3,213.0
2019-06-02 20:00:00,92.3,61,0.0,0.16,96.0
2019-06-02 21:00:00,89.6,70,0.0,0.07,7.0
2019-06-02 22:00:00,87.2,79,0.0,0.03,0.0
2019-06-02 23:00:00,85.2,84,0.0,0.01,0.0
2019-06-03 00:00:00,83.4,88,0.0,0.0,0.0
2019-06-03 01:00:00,81.9,93,0.0,0.0,0.0
2019-06-03 02:00:00,80.5,96,0.0,0.0,0.0
2019-06-03 03:00:00,79.4,98,0.0,0.0,0.0
2019-06-03 04:00:00,78.5,99,0.0,0.0,0.0
2019-06-03 05:00:00,77.8,99,0.0,0.0,0.0
2019-06-03 06:00:00,77.1,100,0.0,0.0,0.0
2019-06-03 07:00:00,76.6,100,0.0,0.0,6.0
2019-06-03 08:00:00,75.0,96,0.0,0.05,93.0
2019-06-03 09:00:00,77.6,78,0.0,0.17,248.0
2019-06-03 10:00:00,82.0,46,0.0,0.38,516.0
2019-06-03 11:00:00,86.8,33,0.0,0.55,706.0
2019-06-03 12:00:00,91.2,28,0.0,0.66,826.0
2019-06-03 13:00:00,95.3,24,0.0,0.73,918.0
2019-06-03 14:00:00,98.5,22,0.0,0.77,941.0
2019-06-03 15:00:00,101.0,20,0.0,0.77,930.0
2019-06-03 16:00:00,101.7,19,0.0,0.59,669.0
2019-06-03 17:00:00,101.7,18,0.0,0.42,506.0
2019-06-03 18:00:00,100.9,17,0.0,0.32,324.0
2019-06-03 19:00:00,99.4,19,0.0,0.22,161.0
2019-06-03 20:00:00,97.0,39,0.0,0.12,87.0
2019-06-03 21:00:00,93.5,37,0.0,0.13,8.0
2019-06-03 22:00:00,91.0,52,0.0,0.09,0.0
2019-06-03 23:00:00,88.5,65,0.0,0.05,0.0
2019-06-04 00:00:00,86.5,73,0.0,0.03,0.0
2019-06-04 01:00:00,84.6,79,0.0,0.02,0.0
2019-06-04 02:00:00,82.9,87,0.0,0.0,0.0
2019-06-04 03:00:00,81.6,91,0.0,0.0,0.0
2019-06-04 04:00:00,80.5,95,0.0,0.0,0.0
2019-06-04 05:00:00,79.6,98,0.0,0.0,0.0
2019-06-04 06:00:00,79.0,98,0.0,0.0,0.0
2019-06-04 07:00:00,78.5,98,0.0,0.0,8.0
2019-06-04 08:00:00,79.2,90,0.0,0.07,108.0
2019-06-04 09:00:00,81.7,72,0.0,0.2,271.0
2019-06-04 10:00:00,85.7,48,0.0,0.37,501.0
2019-06-04 11:00:00,90.3,35,0.0,0.51,671.0
2019-06-04 12:00:00,94.8,29,0.0,0.62,800.0
2019-06-04 13:00:00,98.1,29,0.0,0.6,757.0
2019-06-04 14:00:00,100.0,28,0.0,0.55,646.0
2019-06-04 15:00:00,100.5,30,0.0,0.52,494.0
2019-06-04 16:00:00,98.6,44,0.1,0.46,479.0
2019-06-04 17:00:00,98.3,39,0.1,0.49,495.0
2019-06-04 18:00:00,97.4,38,0.0,0.39,407.0
2019-06-04 19:00:00,95.9,45,0.0,0.28,235.0
2019-06-04 20:00:00,94.1,52,0.0,0.12,98.0
2019-06-04 21:00:00,91.4,57,0.0,0.1,6.0
2019-06-04 22:00:00,89.0,68,0.9,0.05,0.0
2019-06-04 23:00:00,85.5,89,1.6,0.0,0.0
2019-06-05 00:00:00,83.0,87,0.0,0.0,0.0
2019-06-05 01:00:00,81.4,87,0.0,0.0,0.0
2019-06-05 02:00:00,80.2,89,0.0,0.0,0.0
2019-06-05 03:00:00,79.1,90,0.0,0.0,0.0
2019-06-05 04:00:00,78.2,92,0.0,0.0,0.0
2019-06-05 05:00:00,77.5,92,0.0,0.0,0.0
2019-06-05 06:00:00,76.8,94,0.0,0.0,0.0
2019-06-05 07:00:00,76.4,94,0.0,0.01,8.0
2019-06-05 08:00:00,77.0,88,0.0,0.07,103.0
2019-06-05 09:00:00,78.8,76,0.0,0.2,286.0
2019-06-05 10:00:00,82.0,66,0.0,0.35,472.0
2019-06-05 11:00:00,86.3,50,0.0,0.52,667.0
2019-06-05 12:00:00,90.7,40,0.0,0.65,807.0
2019-06-05 13:00:00,94.4,35,0.0,0.69,840.0
2019-06-05 14:00:00,97.3,32,0.0,0.73,858.0
2019-06-05 15:00:00,98.7,33,0.0,0.65,734.0
2019-06-05 16:00:00,99.1,34,0.0,0.57,603.0
2019-06-05 17:00:00,98.0,45,0.0,0.45,470.0
2019-06-05 18:00:00,96.5,41,0.0,0.27,257.0
2019-06-05 19:00:00,95.1,42,0.0,0.19,138.0
2019-06-05 20:00:00,91.9,58,0.8,0.1,50.0
2019-06-05 21:00:00,89.5,62,0.0,0.05,5.0
2019-06-05 22:00:00,87.6,62,0.0,0.05,0.0
2019-06-05 23:00:00,86.0,67,0.0,0.05,0.0
2019-06-06 00:00:00,84.5,76,0.0,0.01,0.0
2019-06-06 01:00:00,83.2,76,0.0,0.01,0.0
2019-06-06 02:00:00,82.0,79,0.0,0.01,0.0
2019-06-06 03:00:00,81.0,84,0.0,0.01,0.0
2019-06-06 04:00:00,80.1,87,0.0,0.0,0.0
2019-06-06 05:00:00,79.3,90,0.0,0.0,0.0
2019-06-06 06:00:00,78.6,91,0.0,0.0,0.0
2019-06-06 07:00:00,78.2,92,0.0,0.01,4.0
2019-06-06 08:00:00,78.8,86,0.0,0.05,55.0
2019-06-06 09:00:00,80.8,71,0.0,0.2,250.0
2019-06-06 10:00:00,83.1,59,0.1,0.29,346.0
2019-06-06 11:00:00,84.6,56,0.1,0.3,291.0
2019-06-06 12:00:00,85.3,64,0.0,0.26,272.0
2019-06-06 13:00:00,86.5,57,0.0,0.31,330.0
2019-06-06 14:00:00,87.7,54,0.1,0.33,338.0
2019-06-06 15:00:00,87.5,59,0.7,0.28,269.0
2019-06-06 16:00:00,86.2,70,0.3,0.16,147.0
2019-06-06 17:00:00,85.5,73,0.7,0.19,213.0
2019-06-06 18:00:00,83.5,98,1.3,0.06,79.0
2019-06-06 19:00:00,82.3,95,0.2,0.06,67.0
2019-06-06 20:00:00,81.1,91,0.2,0.03,32.0
2019-06-06 21:00:00,80.2,97,0.2,0.01,2.0
2019-06-06 22:00:00,79.4,100,1.0,0.0,0.0
2019-06-06 23:00:00,78.8,99,0.1,0.0,0.0
2019-06-07 00:00:00,78.3,97,0.0,0.0,0.0
2019-06-07 01:00:00,77.9,99,0.1,0.0,0.0
2019-06-07 02:00:00,77.5,99,0.5,0.0,0.0
2019-06-07 03:00:00,77.3,99,0.3,0.0,0.0
2019-06-07 04:00:00,77.1,97,0.0,0.0,0.0
2019-06-07 05:00:00,76.8,98,0.0,0.0,0.0
2019-06-07 06:00:00,76.6,98,0.0,0.0,0.0
2019-06-07 07:00:00,76.4,99,2.1,0.0,6.0
2019-06-07 08:00:00,77.4,95,0.6,0.05,79.0
2019-06-07 09:00:00,78.1,85,0.9,0.14,201.0
2019-06-07 10:00:00,78.7,87,1.4,0.21,313.0
2019-06-07 11:00:00,80.3,77,0.1,0.35,480.0
2019-06-07 12:00:00,81.9,77,3.8,0.38,559.0
2019-06-07 13:00:00,82.2,78,0.2,0.37,521.0
2019-06-07 14:00:00,84.1,67,1.0,0.55,766.0
2019-06-07 15:00:00,84.0,75,0.3,0.39,536.0
2019-06-07 16:00:00,85.5,68,0.0,0.53,718.0
2019-06-07 17:00:00,86.3,64,0.0,0.44,556.0
2019-06-07 18:00:00,86.1,70,0.5,0.32,401.0
2019-06-07 19:00:00,84.8,75,0.1,0.19,219.0
2019-06-07 20:00:00,81.1,75,0.0,0.09,85.0
2019-06-07 21:00:00,80.2,81,0.0,0.04,5.0
2019-06-07 22:00:00,79.3,85,0.0,0.01,0.0
2019-06-07 23:00:00,78.6,88,0.0,0.0,0.0
2019-06-08 00:00:00,78.1,88,0.0,0.01,0.0
2019-06-08 01:00:00,77.7,86,0.0,0.02,0.0
2019-06-08 02:00:00,77.2,90,0.1,0.01,0.0
2019-06-08 03:00:00,76.6,93,0.0,0.0,0.0
2019-06-08 04:00:00,76.2,97,2.1,0.0,0.0
2019-06-08 05:00:00,75.7,98,4.6,0.0,0.0
2019-06-08 06:00:00,75.4,99,0.1,0.0,0.0
2019-06-08 07:00:00,75.3,99,0.2,0.01,4.0
2019-06-08 08:00:00,76.4,98,0.4,0.03,35.0
2019-06-08 09:00:00,76.7,94,0.0,0.09,139.0
2019-06-08 10:00:00,77.8,83,0.0,0.23,332.0
2019-06-08 11:00:00,78.9,81,0.4,0.27,374.0
2019-06-08 12:00:00,79.3,86,2.4,0.23,325.0
2019-06-08 13:00:00,80.2,82,0.3,0.33,471.0
2019-06-08 14:00:00,80.4,84,2.4,0.31,438.0
2019-06-08 15:00:00,80.1,90,2.4,0.21,304.0
2019-06-08 16:00:00,79.7,88,0.7,0.19,261.0
2019-06-08 17:00:00,79.3,89,1.0,0.16,217.0
2019-06-08 18:00:00,79.1,88,0.1,0.13,178.0
2019-06-08 19:00:00,78.5,92,1.4,0.09,122.0
2019-06-08 20:00:00,80.9,86,3.3,0.05,24.0
2019-06-08 21:00:00,79.2,98,0.7,0.01,5.0
2019-06-08 22:00:00,78.0,93,0.1,0.0,0.0
2019-06-08 23:00:00,77.2,96,1.6,0.0,0.0
2019-06-09 00:00:00,76.4,97,0.4,0.0,0.0
2019-06-09 01:00:00,75.8,98,0.0,0.0,0.0
2019-06-09 02:00:00,75.5,98,0.0,0.0,0.0
2019-06-09 03:00:00,75.1,97,0.0,0.0,0.0
2019-06-09 04:00:00,74.9,99,0.3,0.0,0.0
2019-06-09 05:00:00,74.8,99,0.7,0.0,0.0
2019-06-09 06:00:00,74.7,100,0.5,0.0,0.0
2019-06-09 07:00:00,74.7,99,0.3,0.01,3.0
2019-06-09 08:00:00,76.0,99,0.4,0.03,46.0
2019-06-09 09:00:00,75.8,92,0.1,0.09,138.0
2019-06-09 10:00:00,76.6,86,0.0,0.2,300.0
2019-06-09 11:00:00,78.2,76,0.1,0.33,461.0
2019-06-09 12:00:00,79.1,86,2.7,0.36,584.0
2019-06-09 13:00:00,78.4,89,0.2,0.13,160.0
2019-06-09 14:00:00,79.0,85,0.6,0.27,410.0
2019-06-09 15:00:00,79.3,85,0.6,0.26,379.0
2019-06-09 16:00:00,79.8,88,0.3,0.26,399.0
2019-06-09 17:00:00,79.6,89,0.4,0.17,246.0
2019-06-09 18:00:00,78.7,96,5.7,0.12,193.0
2019-06-09 19:00:00,77.3,96,3.2,0.04,32.0
2019-06-09 20:00:00,76.4,94,0.3,0.03,23.0
2019-06-09 21:00:00,76.0,97,0.1,0.01,8.0
2019-06-09 22:00:00,75.6,98,0.5,0.0,0.0
2019-06-09 23:00:00,75.3,98,0.1,0.0,0.0
2019-06-10 00:00:00,75.1,98,0.1,0.0,0.0
2019-06-10 01:00:00,74.9,98,0.1,0.0,0.0
2019-06-10 02:00:00,74.8,98,0.4,0.0,0.0
2019-06-10 03:00:00,74.5,98,0.0,0.0,0.0
2019-06-10 04:00:00,74.3,99,0.0,0.0,0.0
2019-06-10 05:00:00,74.1,99,0.0,0.0,0.0
2019-06-10 06:00:00,73.9,99,0.0,0.0,0.0
2019-06-10 07:00:00,73.9,98,0.0,0.0,6.0
2019-06-10 08:00:00,73.9,96,0.0,0.05,80.0
2019-06-10 09:00:00,74.9,89,0.0,0.16,254.0
2019-06-10 10:00:00,76.5,82,0.1,0.3,448.0
2019-06-10 11:00:00,78.2,74,0.1,0.37,508.0
2019-06-10 12:00:00,79.5,75,0.2,0.39,537.0
2019-06-10 13:00:00,80.3,75,0.5,0.33,430.0
2019-06-10 14:00:00,79.7,87,3.2,0.32,473.0
2019-06-10 15:00:00,80.6,81,0.1,0.44,626.0
2019-06-10 16:00:00,81.8,80,0.7,0.46,693.0
2019-06-10 17:00:00,81.3,78,0.3,0.33,453.0
2019-06-10 18:00:00,81.3,75,0.0,0.31,421.0
2019-06-10 19:00:00,80.8,78,0.1,0.19,246.0
2019-06-10 20:00:00,80.1,84,0.4,0.08,104.0
2019-06-10 21:00:00,78.7,89,0.0,0.02,9.0
2019-06-10 22:00:00,77.6,92,0.0,0.0,0.0
2019-06-10 23:00:00,76.8,94,0.0,0.0,0.0
2019-06-11 00:00:00,76.3,96,0.0,0.0,0.0
2019-06-11 01:00:00,75.8,97,0.0,0.0,0.0
2019-06-11 02:00:00,75.5,97,0.2,0.0,0.0
2019-06-11 03:00:00,75.3,97,0.1,0.0,0.0
2019-06-11 04:00:00,75.0,98,0.0,0.0,0.0
2019-06-11 05:00:00,74.8,98,0.0,0.0,0.0
2019-06-11 06:00:00,74.5,98,0.0,0.0,0.0
2019-06-11 07:00:00,74.3,98,0.0,0.0,6.0
2019-06-11 08:00:00,75.5,94,0.2,0.05,73.0
2019-06-11 09:00:00,76.4,88,0.2,0.17,260.0
2019-06-11 10:00:00,77.6,81,0.0,0.21,299.0
2019-06-11 11:00:00,79.3,74,0.2,0.36,500.0
2019-06-11 12:00:00,81.0,72,0.3,0.45,622.0
2019-06-11 13:00:00,82.2,72,0.0,0.47,637.0
2019-06-11 14:00:00,83.8,71,0.0,0.54,727.0
2019-06-11 15:00:00,84.7,62,0.0,0.56,749.0
2019-06-11 16:00:00,84.2,75,1.4,0.42,599.0
2019-06-11 17:00:00,82.1,82,0.5,0.21,289.0
2019-06-11 18:00:00,81.5,85,2.5,0.23,331.0
2019-06-11 19:00:00,79.9,88,0.4,0.11,158.0
2019-06-11 20:00:00,81.0,94,0.0,0.05,74.0
2019-06-11 21:00:00,79.1,100,0.6,0.01,5.0
2019-06-11 22:00:00,78.0,99,0.0,0.0,0.0
2019-06-11 23:00:00,77.2,97,0.0,0.0,0.0
2019-06-12 00:00:00,76.4,96,0.0,0.0,0.0
2019-06-12 01:00:00,75.7,97,0.0,0.0,0.0
2019-06-12 02:00:00,75.1,98,0.0,0.0,0.0
2019-06-12 03:00:00,74.8,98,0.0,0.0,0.0
2019-06-12 04:00:00,74.6,98,0.2,0.0,0.0
2019-06-12 05:00:00,74.4,99,1.2,0.0,0.0
2019-06-12 06:00:00,74.0,99,1.3,0.0,0.0
2019-06-12 07:00:00,73.9,99,0.5,0.01,1.0
2019-06-12 08:00:00,75.2,99,0.4,0.02,15.0
2019-06-12 09:00:00,74.8,100,2.1,0.03,31.0
2019-06-12 10:00:00,74.5,99,2.1,0.02,18.0
2019-06-12 11:00:00,74.9,99,0.9,0.09,122.0
2019-06-12 12:00:00,75.5,91,0.2,0.14,187.0
2019-06-12 13:00:00,77.8,87,0.3,0.4,583.0
2019-06-12 14:00:00,78.0,89,5.6,0.32,522.0
2019-06-12 15:00:00,78.3,86,0.7,0.29,447.0
2019-06-12 16:00:00,77.8,90,0.9,0.22,321.0
2019-06-12 17:00:00,77.9,93,2.9,0.28,464.0
2019-06-12 18:00:00,77.4,93,2.0,0.14,213.0
2019-06-12 19:00:00,77.0,93,0.1,0.14,227.0
2019-06-12 20:00:00,76.6,96,0.2,0.06,95.0
2019-06-12 21:00:00,76.1,97,0.0,0.01,10.0
2019-06-12 22:00:00,75.6,96,0.0,0.0,0.0
2019-06-12 23:00:00,75.2,97,0.0,0.0,0.0
2019-06-13 00:00:00,74.9,97,0.0,0.0,0.0
2019-06-13 01:00:00,74.8,97,0.0,0.0,0.0
2019-06-13 02:00:00,74.6,97,0.0,0.0,0.0
2019-06-13 03:00:00,74.4,97,0.0,0.0,0.0
2019-06-13 04:00:00,74.3,96,0.0,0.0,0.0
2019-06-13 05:00:00,74.3,96,0.0,0.0,0.0
2019-06-13 06:00:00,74.2,97,0.0,0.0,0.0
2019-06-13 07:00:00,74.0,93,0.5,0.02,5.0
2019-06-13 08:00:00,75.2,95,0.6,0.03,31.0
2019-06-13 09:00:00,75.6,88,0.4,0.14,211.0
2019-06-13 10:00:00,76.6,84,0.0,0.26,381.0
2019-06-13 11:00:00,78.2,78,0.1,0.37,537.0
2019-06-13 12:00:00,79.4,75,0.0,0.37,509.0
2019-06-13 13:00:00,80.8,71,0.0,0.45,605.0
2019-06-13 14:00:00,81.2,69,0.0,0.37,481.0
2019-06-13 15:00:00,81.3,73,0.4,0.29,366.0
2019-06-13 16:00:00,80.4,84,0.6,0.27,383.0
2019-06-13 17:00:00,81.1,76,0.0,0.32,440.0
2019-06-13 18:00:00,81.3,69,0.1,0.26,344.0
2019-06-13 19:00:00,80.9,80,0.0,0.13,174.0
2019-06-13 20:00:00,79.3,74,0.0,0.08,85.0
2019-06-13 21:00:00,77.3,80,0.0,0.03,9.0
2019-06-13 22:00:00,75.7,79,0.0,0.0,0.0
2019-06-13 23:00:00,74.4,87,0.0,0.0,0.0
2019-06-14 00:00:00,73.6,91,0.0,0.0,0.0
2019-06-14 01:00:00,73.0,93,0.0,0.0,0.0
2019-06-14 02:00:00,72.3,95,0.0,0.0,0.0
2019-06-14 03:00:00,71.8,96,0.0,0.0,0.0
2019-06-14 04:00:00,71.2,95,0.0,0.0,0.0
2019-06-14 05:00:00,71.0,95,0.0,0.0,0.0
2019-06-14 06:00:00,70.7,96,0.0,0.0,0.0
2019-06-14 07:00:00,70.4,93,0.0,0.01,8.0
2019-06-14 08:00:00,72.7,77,0.0,0.09,123.0
2019-06-14 09:00:00,73.6,64,0.0,0.22,301.0
2019-06-14 10:00:00,75.1,56,0.0,0.36,508.0
2019-06-14 11:00:00,77.0,49,0.0,0.51,701.0
2019-06-14 12:00:00,79.0,44,0.0,0.62,850.0
2019-06-14 13:00:00,80.8,42,0.0,0.7,943.0
2019-06-14 14:00:00,82.5,40,0.0,0.73,977.0
2019-06-14 15:00:00,83.8,39,0.0,0.71,947.0
2019-06-14 16:00:00,84.6,38,0.0,0.65,861.0
2019-06-14 17:00:00,84.9,38,0.0,0.55,725.0
2019-06-14 18:00:00,84.7,37,0.0,0.39,519.0
2019-06-14 19:00:00,83.5,49,0.0,0.29,282.0
2019-06-14 20:00:00,81.5,59,0.0,0.16,114.0
2019-06-14 21:00:00,79.5,60,0.0,0.09,10.0
2019-06-14 22:00:00,77.9,65,0.0,0.06,0.0
2019-06-14 23:00:00,76.5,69,0.0,0.04,0.0
2019-06-15 00:00:00,75.2,74,0.0,0.02,0.0
2019-06-15 01:00:00,73.9,78,0.0,0.02,0.0
2019-06-15 02:00:00,73.0,82,0.0,0.01,0.0
2019-06-15 03:00:00,72.0,87,0.0,0.0,0.0
2019-06-15 04:00:00,71.2,89,0.0,0.0,0.0
2019-06-15 05:00:00,70.6,92,0.0,0.0,0.0
2019-06-15 06:00:00,70.3,92,0.0,0.0,0.0
2019-06-15 07:00:00,70.3,91,0.0,0.01,8.0
2019-06-15 08:00:00,72.9,85,0.0,0.07,110.0
2019-06-15 09:00:00,74.4,77,0.0,0.2,291.0
2019-06-15 10:00:00,76.6,70,0.0,0.33,462.0
2019-06-15 11:00:00,78.8,62,0.2,0.47,647.0
2019-06-15 12:00:00,80.5,58,0.2,0.51,676.0
2019-06-15 13:00:00,82.0,55,0.3,0.57,761.0
2019-06-15 14:00:00,82.9,57,0.4,0.57,762.0
2019-06-15 15:00:00,83.5,57,0.1,0.5,648.0
2019-06-15 16:00:00,83.7,61,0.1,0.44,579.0
2019-06-15 17:00:00,83.6,65,0.1,0.43,574.0
2019-06-15 18:00:00,83.3,67,0.1,0.33,426.0
2019-06-15 19:00:00,82.3,72,0.2,0.18,227.0
2019-06-15 20:00:00,82.1,71,0.0,0.09,87.0
2019-06-15 21:00:00,80.7,74,0.0,0.07,9.0
2019-06-15 22:00:00,79.3,80,0.1,0.03,0.0
2019-06-15 23:00:00,78.2,86,0.0,0.01,0.0
2019-06-16 00:00:00,77.2,89,0.0,0.0,0.0
2019-06-16 01:00:00,76.4,92,0.0,0.0,0.0
2019-06-16 02:00:00,75.7,94,0.0,0.0,0.0
2019-06-16 03:00:00,75.2,96,0.0,0.0,0.0
2019-06-16 04:00:00,74.8,97,0.0,0.0,0.0
2019-06-16 05:00:00,74.3,98,0.0,0.0,0.0
2019-06-16 06:00:00,73.9,98,0.0,0.0,0.0
2019-06-16 07:00:00,73.4,98,0.0,0.0,8.0
2019-06-16 08:00:00,75.5,92,0.0,0.07,114.0
2019-06-16 09:00:00,77.1,84,0.0,0.19,281.0
2019-06-16 10:00:00,79.3,79,0.0,0.31,443.0
2019-06-16 11:00:00,81.8,73,0.1,0.45,616.0
2019-06-16 12:00:00,83.9,63,0.2,0.54,728.0
2019-06-16 13:00:00,85.3,60,0.3,0.53,702.0
2019-06-16 14:00:00,84.7,78,1.9,0.46,663.0
2019-06-16 15:00:00,84.7,78,0.1,0.41,557.0
2019-06-16 16:00:00,84.4,69,0.5,0.45,606.0
2019-06-16 17:00:00,84.5,68,0.0,0.34,448.0
2019-06-16 18:00:00,84.5,69,0.1,0.32,420.0
2019-06-16 19:00:00,83.5,74,0.0,0.19,262.0
2019-06-16 20:00:00,83.5,79,0.0,0.09,106.0
2019-06-16 21:00:00,81.3,83,0.1,0.03,7.0
2019-06-16 22:00:00,79.5,89,0.0,0.0,0.0
2019-06-16 23:00:00,78.2,93,0.0,0.0,0.0
2019-06-17 00:00:00,77.1,95,0.0,0.0,0.0
2019-06-17 01:00:00,76.4,96,0.0,0.0,0.0
2019-06-17 02:00:00,75.7,97,0.0,0.0,0.0
2019-06-17 03:00:00,75.2,97,0.0,0.0,0.0
2019-06-17 04:00:00,74.8,98,0.0,0.0,0.0
2019-06-17 05:00:00,74.1,99,0.0,0.0,0.0
2019-06-17 06:00:00,73.5,99,0.0,0.0,0.0
2019-06-17 07:00:00,73.2,99,0.0,0.0,7.0
2019-06-17 08:00:00,74.6,92,0.0,0.07,112.0
2019-06-17 09:00:00,76.3,81,0.0,0.2,292.0
2019-06-17 10:00:00,78.6,68,0.1,0.33,464.0
2019-06-17 11:00:00,81.4,59,0.0,0.49,667.0
2019-06-17 12:00:00,83.8,53,0.0,0.56,740.0
2019-06-17 13:00:00,85.6,52,0.0,0.55,706.0
2019-06-17 14:00:00,86.6,55,0.1,0.58,746.0
2019-06-17 15:00:00,87.1,59,0.0,0.54,700.0
2019-06-17 16:00:00,87.7,58,0.0,0.52,664.0
2019-06-17 17:00:00,86.3,84,2.5,0.34,536.0
2019-06-17 18:00:00,83.1,85,0.7,0.22,316.0
2019-06-17 19:00:00,81.8,80,0.2,0.17,227.0
2019-06-17 20:00:00,80.4,85,0.2,0.07,90.0
2019-06-17 21:00:00,79.3,91,0.0,0.01,10.0
2019-06-17 22:00:00,78.1,94,0.0,0.0,0.0
2019-06-17 23:00:00,77.3,96,0.0,0.0,0.0
2019-06-18 00:00:00,76.6,97,0.0,0.0,0.0
2019-06-18 01:00:00,76.0,97,0.0,0.0,0.0
2019-06-18 02:00:00,75.2,99,0.0,0.0,0.0
2019-06-18 03:00:00,74.8,99,0.0,0.0,0.0
2019-06-18 04:00:00,74.4,99,0.0,0.0,0.0
2019-06-18 05:00:00,74.0,99,0.0,0.0,0.0
2019-06-18 06:00:00,73.6,100,0.0,0.0,0.0
2019-06-18 07:00:00,73.6,100,0.0,0.0,7.0
2019-06-18 08:00:00,75.3,93,0.0,0.05,75.0
2019-06-18 09:00:00,76.4,87,0.1,0.11,154.0
2019-06-18 10:00:00,77.6,84,0.1,0.17,229.0
2019-06-18 11:00:00,80.5,71,0.1,0.41,564.0
2019-06-18 12:00:00,83.0,68,0.2,0.51,691.0
2019-06-18 13:00:00,84.9,64,0.1,0.52,685.0
2019-06-18 14:00:00,86.3,65,0.5,0.52,686.0
2019-06-18 15:00:00,84.7,69,1.4,0.41,543.0
2019-06-18 16:00:00,84.2,76,1.9,0.47,665.0
2019-06-18 17:00:00,83.9,68,0.1,0.35,446.0
2019-06-18 18:00:00,84.0,63,0.2,0.33,394.0
2019-06-18 19:00:00,83.1,66,0.3,0.2,217.0
2019-06-18 20:00:00,83.2,87,0.0,0.07,94.0
2019-06-18 21:00:00,81.1,88,0.0,0.02,8.0
2019-06-18 22:00:00,79.6,85,0.0,0.01,0.0
2019-06-18 23:00:00,78.5,90,0.0,0.01,0.0
2019-06-19 00:00:00,77.7,94,0.0,0.0,0.0
2019-06-19 01:00:00,77.1,95,0.0,0.0,0.0
2019-06-19 02:00:00,76.6,97,0.0,0.0,0.0
2019-06-19 03:00:00,76.4,97,0.0,0.0,0.0
2019-06-19 04:00:00,76.2,98,0.0,0.0,0.0
2019-06-19 05:00:00,76.0,98,0.0,0.0,0.0
2019-06-19 06:00:00,75.8,96,0.0,0.0,0.0
2019-06-19 07:00:00,75.8,94,0.0,0.02,4.0
2019-06-19 08:00:00,77.2,92,0.0,0.05,63.0
2019-06-19 09:00:00,78.4,82,0.0,0.18,251.0
2019-06-19 10:00:00,79.9,79,0.1,0.27,372.0
2019-06-19 11:00:00,79.7,88,3.2,0.26,389.0
2019-06-19 12:00:00,80.9,77,0.4,0.41,589.0
2019-06-19 13:00:00,80.6,83,2.8,0.33,509.0
2019-06-19 14:00:00,79.9,86,1.0,0.26,395.0
2019-06-19 15:00:00,80.3,82,0.2,0.32,473.0
2019-06-19 16:00:00,81.6,82,0.1,0.41,605.0
2019-06-19 17:00:00,82.0,79,0.1,0.29,391.0
2019-06-19 18:00:00,82.1,75,0.2,0.29,379.0
2019-06-19 19:00:00,81.8,78,0.0,0.2,250.0
2019-06-19 20:00:00,80.2,84,0.0,0.09,104.0
2019-06-19 21:00:00,79.4,87,0.0,0.03,9.0
2019-06-19 22:00:00,78.8,89,0.0,0.02,0.0
2019-06-19 23:00:00,78.3,92,0.0,0.01,0.0
2019-06-20 00:00:00,77.9,93,0.0,0.01,0.0
2019-06-20 01:00:00,77.6,92,0.0,0.01,0.0
2019-06-20 02:00:00,77.5,93,0.0,0.01,0.0
2019-06-20 03:00:00,77.3,92,0.0,0.01,0.0
2019-06-20 04:00:00,77.1,93,0.0,0.01,0.0
2019-06-20 05:00:00,76.9,93,0.0,0.01,0.0
2019-06-20 06:00:00,76.7,93,0.0,0.0,0.0
2019-06-20 07:00:00,76.7,92,0.1,0.02,4.0
2019-06-20 08:00:00,78.7,96,0.1,0.04,58.0
2019-06-20 09:00:00,78.7,90,0.0,0.15,238.0
2019-06-20 10:00:00,80.0,83,0.4,0.29,455.0
2019-06-20 11:00:00,80.0,83,0.4,0.25,346.0
2019-06-20 12:00:00,81.8,76,0.1,0.45,671.0
2019-06-20 13:00:00,83.2,71,0.1,0.52,728.0
2019-06-20 14:00:00,84.2,68,0.1,0.49,632.0
2019-06-20 15:00:00,85.0,66,0.1,0.49,634.0
2019-06-20 16:00:00,85.7,63,0.1,0.52,654.0
2019-06-20 17:00:00,85.9,64,0.1,0.46,560.0
2019-06-20 18:00:00,85.5,66,0.0,0.34,374.0
2019-06-20 19:00:00,84.8,69,0.0,0.24,251.0
2019-06-20 20:00:00,83.9,81,0.0,0.11,117.0
2019-06-20 21:00:00,82.5,83,0.0,0.05,10.0
2019-06-20 22:00:00,81.4,85,0.0,0.02,0.0
2019-06-20 23:00:00,80.7,87,0.0,0.02,0.0
2019-06-21 00:00:00,80.2,88,0.0,0.02,0.0
2019-06-21 01:00:00,79.7,89,0.0,0.01,0.0
2019-06-21 02:00:00,79.3,90,0.0,0.01,0.0
2019-06-21 03:00:00,79.0,90,0.0,0.01,0.0
2019-06-21 04:00:00,78.7,91,0.0,0.01,0.0
2019-06-21 05:00:00,78.5,93,0.0,0.0,0.0
2019-06-21 06:00:00,78.4,93,0.0,0.0,0.0
2019-06-21 07:00:00,78.2,93,0.0,0.01,6.0
2019-06-21 08:00:00,80.0,97,0.0,0.06,100.0
2019-06-21 09:00:00,79.9,87,0.0,0.17,248.0
2019-06-21 10:00:00,80.7,82,0.0,0.22,297.0
2019-06-21 11:00:00,82.7,76,0.0,0.4,549.0
2019-06-21 12:00:00,84.7,71,0.0,0.47,619.0
2019-06-21 13:00:00,86.5,69,0.1,0.52,673.0
2019-06-21 14:00:00,88.3,65,0.1,0.61,784.0
2019-06-21 15:00:00,89.3,62,0.0,0.58,715.0
2019-06-21 16:00:00,89.7,56,0.1,0.54,640.0
2019-06-21 17:00:00,89.2,59,0.2,0.43,490.0
2019-06-21 18:00:00,88.4,61,0.2,0.34,363.0
2019-06-21 19:00:00,87.1,67,0.0,0.21,195.0
2019-06-21 20:00:00,86.6,76,0.0,0.11,72.0
2019-06-21 21:00:00,85.1,81,0.0,0.05,10.0
2019-06-21 22:00:00,83.9,84,0.0,0.02,0.0
2019-06-21 23:00:00,82.9,85,0.0,0.02,0.0
2019-06-22 00:00:00,82.2,87,0.0,0.02,0.0
2019-06-22 01:00:00,81.6,90,0.0,0.01,0.0
2019-06-22 02:00:00,81.0,91,0.1,0.0,0.0
2019-06-22 03:00:00,80.4,93,0.0,0.0,0.0
2019-06-22 04:00:00,80.0,94,0.0,0.0,0.0
2019-06-22 05:00:00,79.4,96,0.0,0.0,0.0
2019-06-22 06:00:00,79.0,97,0.0,0.0,0.0
2019-06-22 07:00:00,78.7,96,0.0,0.01,5.0
2019-06-22 08:00:00,80.2,92,0.0,0.06,80.0
2019-06-22 09:00:00,80.3,88,1.4,0.16,243.0
2019-06-22 10:00:00,81.7,77,0.1,0.31,415.0
2019-06-22 11:00:00,81.1,93,5.0,0.27,465.0
2019-06-22 12:00:00,79.7,85,0.1,0.23,332.0
2019-06-22 13:00:00,81.0,76,0.0,0.34,456.0
2019-06-22 14:00:00,82.9,71,0.0,0.43,565.0
2019-06-22 15:00:00,85.8,54,0.1,0.7,888.0
2019-06-22 16:00:00,86.8,52,0.0,0.53,610.0
2019-06-22 17:00:00,87.4,53,0.0,0.46,529.0
2019-06-22 18:00:00,87.4,55,0.0,0.39,449.0
2019-06-22 19:00:00,86.8,58,0.0,0.26,281.0
2019-06-22 20:00:00,86.7,94,0.0,0.08,128.0
2019-06-22 21:00:00,84.2,81,0.0,0.06,5.0
2019-06-22 22:00:00,82.5,86,0.0,0.02,0.0
2019-06-22 23:00:00,81.3,90,0.0,0.01,0.0
2019-06-23 00:00:00,80.6,93,0.0,0.0,0.0
2019-06-23 01:00:00,80.2,95,0.0,0.0,0.0
2019-06-23 02:00:00,79.7,95,0.0,0.0,0.0
2019-06-23 03:00:00,79.3,94,0.0,0.0,0.0
2019-06-23 04:00:00,78.6,94,0.0,0.0,0.0
2019-06-23 05:00:00,78.0,95,0.0,0.0,0.0
2019-06-23 06:00:00,77.5,97,0.0,0.0,0.0
2019-06-23 07:00:00,77.1,98,0.0,0.0,7.0
2019-06-23 08:00:00,77.0,87,0.0,0.07,112.0
2019-06-23 09:00:00,79.0,76,0.0,0.2,284.0
2019-06-23 10:00:00,81.6,65,0.0,0.36,484.0
2019-06-23 11:00:00,84.4,60,0.0,0.5,653.0
2019-06-23 12:00:00,87.2,54,0.0,0.63,816.0
2019-06-23 13:00:00,89.7,48,0.0,0.7,890.0
2019-06-23 14:00:00,91.7,44,0.0,0.72,887.0
2019-06-23 15:00:00,92.9,41,0.0,0.69,820.0
2019-06-23 16:00:00,93.7,38,0.0,0.63,732.0
2019-06-23 17:00:00,93.9,35,0.0,0.55,624.0
2019-06-23 18:00:00,93.7,34,0.0,0.45,488.0
2019-06-23 19:00:00,92.7,37,0.0,0.32,300.0
2019-06-23 20:00:00,90.0,54,0.0,0.15,115.0
2019-06-23 21:00:00,87.7,62,0.0,0.07,12.0
2019-06-23 22:00:00,85.6,71,0.0,0.01,0.0
2019-06-23 23:00:00,83.8,72,0.0,0.0,0.0
2019-06-24 00:00:00,82.2,74,0.0,0.0,0.0
2019-06-24 01:00:00,81.0,86,0.0,0.0,0.0
2019-06-24 02:00:00,80.1,88,0.0,0.0,0.0
2019-06-24 03:00:00,79.4,91,0.0,0.0,0.0
2019-06-24 04:00:00,78.9,96,0.0,0.0,0.0
2019-06-24 05:00:00,78.4,99,0.0,0.0,0.0
2019-06-24 06:00:00,77.9,99,0.0,0.0,0.0
2019-06-24 07:00:00,77.7,99,0.0,0.0,6.0
2019-06-24 08:00:00,78.4,90,0.0,0.06,79.0
2019-06-24 09:00:00,80.1,81,0.0,0.16,221.0
2019-06-24 10:00:00,82.6,68,0.0,0.34,455.0
2019-06-24 11:00:00,85.6,56,0.0,0.52,676.0
2019-06-24 12:00:00,88.5,48,0.0,0.66,827.0
2019-06-24 13:00:00,91.1,43,0.0,0.76,921.0
2019-06-24 14:00:00,93.3,38,0.0,0.8,941.0
2019-06-24 15:00:00,94.8,35,0.0,0.8,910.0
2019-06-24 16:00:00,95.5,36,0.0,0.75,821.0
2019-06-24 17:00:00,95.1,43,0.0,0.57,607.0
2019-06-24 18:00:00,94.0,48,0.0,0.43,420.0
2019-06-24 19:00:00,92.7,55,0.0,0.32,297.0
2019-06-24 20:00:00,90.6,65,0.0,0.16,123.0
2019-06-24 21:00:00,88.3,73,0.0,0.07,12.0
2019-06-24 22:00:00,86.4,78,0.0,0.04,0.0
2019-06-24 23:00:00,84.8,81,0.0,0.03,0.0
2019-06-25 00:00:00,83.6,84,0.0,0.02,0.0
2019-06-25 01:00:00,82.4,87,0.0,0.01,0.0
2019-06-25 02:00:00,81.5,90,0.0,0.0,0.0
2019-06-25 03:00:00,80.7,93,0.0,0.0,0.0
2019-06-25 04:00:00,80.1,96,0.0,0.0,0.0
2019-06-25 05:00:00,79.6,98,0.0,0.0,0.0
2019-06-25 06:00:00,79.2,98,0.0,0.0,0.0
2019-06-25 07:00:00,78.9,96,0.0,0.0,7.0
2019-06-25 08:00:00,79.6,88,0.0,0.08,112.0
2019-06-25 09:00:00,81.3,77,0.0,0.2,262.0
2019-06-25 10:00:00,83.8,67,0.0,0.36,467.0
2019-06-25 11:00:00,86.7,57,0.0,0.52,656.0
2019-06-25 12:00:00,89.7,50,0.0,0.64,780.0
2019-06-25 13:00:00,92.1,44,0.0,0.69,821.0
2019-06-25 14:00:00,94.4,41,0.0,0.75,873.0
2019-06-25 15:00:00,96.1,39,0.0,0.76,865.0
2019-06-25 16:00:00,97.2,34,0.0,0.71,766.0
2019-06-25 17:00:00,97.3,33,0.0,0.59,593.0
2019-06-25 18:00:00,96.9,34,0.0,0.47,432.0
2019-06-25 19:00:00,95.5,46,0.0,0.33,278.0
2019-06-25 20:00:00,92.4,47,0.0,0.16,98.0
2019-06-25 21:00:00,90.0,55,0.0,0.08,12.0
2019-06-25 22:00:00,87.9,64,0.0,0.06,0.0
2019-06-25 23:00:00,86.4,73,0.0,0.04,0.0
2019-06-26 00:00:00,84.9,79,0.0,0.02,0.0
2019-06-26 01:00:00,83.7,84,0.0,0.01,0.0
2019-06-26 02:00:00,82.4,88,0.0,0.0,0.0
2019-06-26 03:00:00,81.1,91,0.0,0.0,0.0
2019-06-26 04:00:00,80.0,93,0.0,0.0,0.0
2019-06-26 05:00:00,78.9,93,0.0,0.0,0.0
2019-06-26 06:00:00,78.0,87,0.0,0.0,0.0
2019-06-26 07:00:00,77.3,81,0.0,0.02,7.0
2019-06-26 08:00:00,79.0,68,0.0,0.1,113.0
2019-06-26 09:00:00,81.3,56,0.0,0.25,301.0
2019-06-26 10:00:00,84.6,48,0.0,0.41,505.0
2019-06-26 11:00:00,88.0,43,0.0,0.57,690.0
2019-06-26 12:00:00,91.2,40,0.0,0.68,829.0
2019-06-26 13:00:00,94.1,34,0.0,0.76,909.0
2019-06-26 14:00:00,96.4,31,0.0,0.81,941.0
2019-06-26 15:00:00,98.2,29,0.0,0.8,908.0
2019-06-26 16:00:00,98.5,28,0.0,0.65,671.0
2019-06-26 17:00:00,98.7,29,0.0,0.64,658.0
2019-06-26 18:00:00,98.1,30,0.0,0.49,467.0
2019-06-26 19:00:00,96.8,30,0.0,0.37,297.0
2019-06-26 20:00:00,93.8,41,0.0,0.19,109.0
2019-06-26 21:00:00,91.0,46,0.0,0.09,13.0
2019-06-26 22:00:00,88.3,50,0.0,0.06,0.0
2019-06-26 23:00:00,85.8,52,0.0,0.05,0.0
2019-06-27 00:00:00,83.8,55,0.0,0.03,0.0
2019-06-27 01:00:00,82.0,56,0.0,0.05,0.0
2019-06-27 02:00:00,80.7,58,0.0,0.05,0.0
2019-06-27 03:00:00,79.5,61,0.0,0.04,0.0
2019-06-27 04:00:00,78.6,62,0.0,0.04,0.0
2019-06-27 05:00:00,78.0,64,0.0,0.04,0.0
2019-06-27 06:00:00,77.3,65,0.0,0.03,0.0
2019-06-27 07:00:00,76.6,67,0.0,0.04,6.0
2019-06-27 08:00:00,76.7,67,0.0,0.08,98.0
2019-06-27 09:00:00,79.1,60,0.0,0.2,271.0
2019-06-27 10:00:00,82.5,52,0.0,0.36,475.0
2019-06-27 11:00:00,86.2,43,0.0,0.51,658.0
2019-06-27 12:00:00,89.1,39,0.0,0.54,673.0
2019-06-27 13:00:00,91.9,34,0.0,0.66,816.0
2019-06-27 14:00:00,94.5,31,0.0,0.73,881.0
2019-06-27 15:00:00,95.6,34,0.0,0.71,813.0
2019-06-27 16:00:00,95.5,38,0.0,0.6,688.0
2019-06-27 17:00:00,94.7,39,0.0,0.45,478.0
2019-06-27 18:00:00,93.9,41,0.0,0.36,390.0
2019-06-27 19:00:00,92.6,40,0.0,0.23,211.0
2019-06-27 20:00:00,89.2,50,0.0,0.14,96.0
2019-06-27 21:00:00,87.4,53,0.0,0.08,10.0
2019-06-27 22:00:00,86.0,57,0.0,0.09,0.0
2019-06-27 23:00:00,84.5,67,0.0,0.04,0.0
2019-06-28 00:00:00,83.1,73,0.0,0.03,0.0
2019-06-28 01:00:00,81.7,79,0.0,0.01,0.0
2019-06-28 02:00:00,80.3,84,0.0,0.01,0.0
2019-06-28 03:00:00,79.2,88,0.0,0.0,0.0
2019-06-28 04:00:00,78.2,91,0.0,0.0,0.0
2019-06-28 05:00:00,77.4,94,0.0,0.0,0.0
2019-06-28 06:00:00,76.6,95,0.0,0.0,0.0
2019-06-28 07:00:00,76.1,94,0.0,0.01,6.0
2019-06-28 08:00:00,76.9,87,0.0,0.07,109.0
2019-06-28 09:00:00,79.4,74,0.0,0.21,294.0
2019-06-28 10:00:00,82.7,58,0.1,0.38,490.0
2019-06-28 11:00:00,85.9,51,0.0,0.48,606.0
2019-06-28 12:00:00,89.1,45,0.0,0.6,732.0
2019-06-28 13:00:00,91.7,41,0.0,0.64,773.0
2019-06-28 14:00:00,94.1,37,0.0,0.68,810.0
2019-06-28 15:00:00,95.7,36,0.0,0.64,747.0
2019-06-28 16:00:00,97.0,34,0.0,0.63,719.0
2019-06-28 17:00:00,96.9,35,0.0,0.52,524.0
2019-06-28 18:00:00,96.0,39,0.0,0.43,410.0
2019-06-28 19:00:00,94.4,45,0.0,0.33,277.0
2019-06-28 20:00:00,93.0,56,0.0,0.17,109.0
2019-06-28 21:00:00,89.8,60,0.0,0.1,11.0
2019-06-28 22:00:00,87.5,65,0.0,0.06,0.0
2019-06-28 23:00:00,85.7,69,0.0,0.05,0.0
2019-06-29 00:00:00,83.7,76,0.8,0.0,0.0
2019-06-29 01:00:00,81.8,84,0.0,0.0,0.0
2019-06-29 02:00:00,80.2,89,0.0,0.0,0.0
2019-06-29 03:00:00,79.0,90,0.0,0.0,0.0
2019-06-29 04:00:00,77.9,90,0.0,0.0,0.0
2019-06-29 05:00:00,77.0,91,0.0,0.0,0.0
2019-06-29 06:00:00,76.5,94,0.0,0.0,0.0
2019-06-29 07:00:00,76.1,96,0.0,0.0,6.0
2019-06-29 08:00:00,77.2,87,0.0,0.07,102.0
2019-06-29 09:00:00,79.0,76,0.0,0.17,206.0
2019-06-29 10:00:00,81.4,68,0.1,0.28,366.0
2019-06-29 11:00:00,84.7,60,0.1,0.43,577.0
2019-06-29 12:00:00,87.8,54,0.0,0.49,631.0
2019-06-29 13:00:00,90.6,51,0.0,0.57,723.0
2019-06-29 14:00:00,93.0,44,0.0,0.57,716.0
2019-06-29 15:00:00,91.6,79,1.9,0.45,652.0
2019-06-29 16:00:00,88.3,78,2.6,0.32,438.0
2019-06-29 17:00:00,84.9,82,1.6,0.26,352.0
2019-06-29 18:00:00,83.7,83,0.3,0.17,224.0
2019-06-29 19:00:00,81.4,88,4.0,0.07,83.0
2019-06-29 20:00:00,88.1,99,0.2,0.05,66.0
2019-06-29 21:00:00,82.9,99,0.9,0.01,3.0
2019-06-29 22:00:00,79.9,100,0.8,0.0,0.0
2019-06-29 23:00:00,78.2,99,0.4,0.0,0.0
2019-06-30 00:00:00,77.2,99,0.0,0.0,0.0
2019-06-30 01:00:00,76.6,99,0.0,0.0,0.0
2019-06-30 02:00:00,76.0,99,0.0,0.0,0.0
2019-06-30 03:00:00,75.6,100,0.0,0.0,0.0
2019-06-30 04:00:00,75.1,100,0.0,0.0,0.0
2019-06-30 05:00:00,74.7,99,0.0,0.0,0.0
2019-06-30 06:00:00,73.9,100,0.0,0.0,0.0
2019-06-30 07:00:00,73.5,100,0.0,0.0,5.0
2019-06-30 08:00:00,73.9,96,0.0,0.05,92.0
2019-06-30 09:00:00,75.7,87,0.0,0.17,255.0
2019-06-30 10:00:00,78.7,79,0.0,0.3,435.0
2019-06-30 11:00:00,82.2,65,0.0,0.4,553.0
2019-06-30 12:00:00,85.6,56,0.1,0.52,688.0
2019-06-30 13:00:00,88.7,50,0.0,0.6,776.0
2019-06-30 14:00:00,91.3,46,0.0,0.64,804.0
2019-06-30 15:00:00,93.4,43,0.0,0.65,803.0
2019-06-30 16:00:00,94.9,41,0.0,0.63,753.0
2019-06-30 17:00:00,95.5,42,0.0,0.56,635.0
2019-06-30 18:00:00,94.2,48,0.0,0.35,351.0
2019-06-30 19:00:00,91.5,66,0.5,0.21,228.0
2019-06-30 20:00:00,89.2,60,0.0,0.13,96.0
2019-06-30 21:00:00,87.0,67,0.0,0.06,11.0
2019-06-30 22:00:00,85.3,71,0.0,0.04,0.0
2019-06-30 23:00:00,83.8,77,0.0,0.02,0.0
2019-07-01 00:00:00,82.5,81,0.0,0.01,0.0
2019-07-01 01:00:00,81.4,85,0.0,0.01,0.0
2019-07-01 02:00:00,80.6,87,0.0,0.01,0.0
2019-07-01 03:00:00,79.9,89,0.0,0.0,0.0
2019-07-01 04:00:00,79.3,91,0.0,0.0,0.0
2019-07-01 05:00:00,78.8,93,0.0,0.0,0.0
2019-07-01 06:00:00,78.4,94,0.0,0.0,0.0
2019-07-01 07:00:00,77.9,92,0.0,0.01,5.0
2019-07-01 08:00:00,78.3,82,0.0,0.08,103.0
2019-07-01 09:00:00,80.5,70,0.0,0.22,288.0
2019-07-01 10:00:00,83.6,61,0.0,0.38,484.0
2019-07-01 11:00:00,87.1,51,0.0,0.54,668.0
2019-07-01 12:00:00,90.2,46,0.0,0.64,768.0
2019-07-01 13:00:00,93.0,43,0.0,0.7,832.0
2019-07-01 14:00:00,95.5,41,0.0,0.76,887.0
2019-07-01 15:00:00,97.0,40,0.0,0.71,820.0
2019-07-01 16:00:00,97.9,37,0.0,0.65,731.0
2019-07-01 17:00:00,97.4,40,0.0,0.48,492.0
2019-07-01 18:00:00,96.4,50,0.1,0.43,445.0
2019-07-01 19:00:00,94.9,48,0.0,0.3,274.0
2019-07-01 20:00:00,91.0,56,0.0,0.18,100.0
2019-07-01 21:00:00,89.2,69,0.0,0.08,10.0
2019-07-01 22:00:00,87.4,74,0.0,0.04,0.0
2019-07-01 23:00:00,85.9,79,0.0,0.03,0.0
2019-07-02 00:00:00,84.7,82,0.0,0.02,0.0
2019-07-02 01:00:00,83.8,80,0.0,0.03,0.0
2019-07-02 02:00:00,82.9,79,0.0,0.03,0.0
2019-07-02 03:00:00,82.1,80,0.0,0.03,0.0
2019-07-02 04:00:00,81.4,82,0.0,0.02,0.0
2019-07-02 05:00:00,80.7,84,0.0,0.01,0.0
2019-07-02 06:00:00,80.1,86,0.0,0.01,0.0
2019-07-02 07:00:00,79.5,86,0.0,0.02,5.0
2019-07-02 08:00:00,80.7,79,0.0,0.09,102.0
2019-07-02 09:00:00,82.8,68,0.0,0.21,262.0
2019-07-02 10:00:00,85.8,58,0.0,0.36,444.0
2019-07-02 11:00:00,89.6,49,0.0,0.54,654.0
2019-07-02 12:00:00,93.2,44,0.0,0.65,775.0
2019-07-02 13:00:00,96.3,41,0.0,0.69,822.0
2019-07-02 14:00:00,98.5,39,0.0,0.68,790.0
2019-07-02 15:00:00,100.0,37,0.0,0.64,725.0
2019-07-02 16:00:00,100.9,37,0.0,0.57,651.0
2019-07-02 17:00:00,98.3,64,2.4,0.42,518.0
2019-07-02 18:00:00,93.9,69,0.4,0.24,283.0
2019-07-02 19:00:00,91.2,69,0.0,0.16,151.0
2019-07-02 20:00:00,94.6,59,0.0,0.12,85.0
2019-07-02 21:00:00,92.3,65,0.0,0.07,10.0
2019-07-02 22:00:00,90.3,71,0.0,0.03,0.0
2019-07-02 23:00:00,88.7,73,0.0,0.03,0.0
2019-07-03 00:00:00,87.4,77,0.0,0.02,0.0
2019-07-03 01:00:00,86.2,80,0.0,0.02,0.0
2019-07-03 02:00:00,85.3,80,0.0,0.02,0.0
2019-07-03 03:00:00,84.4,80,0.0,0.02,0.0
2019-07-03 04:00:00,83.5,80,0.0,0.02,0.0
2019-07-03 05:00:00,82.7,79,0.0,0.02,0.0
2019-07-03 06:00:00,82.0,78,0.0,0.02,0.0
2019-07-03 07:00:00,81.5,78,0.0,0.03,5.0
2019-07-03 08:00:00,80.0,67,0.0,0.09,89.0
2019-07-03 09:00:00,82.5,57,0.0,0.24,280.0
2019-07-03 10:00:00,86.1,49,0.0,0.39,485.0
2019-07-03 11:00:00,90.2,42,0.0,0.54,669.0
2019-07-03 12:00:00,94.3,37,0.0,0.63,794.0
2019-07-03 13:00:00,97.4,34,0.0,0.65,800.0
2019-07-03 14:00:00,100.0,33,0.0,0.66,787.0
2019-07-03 15:00:00,101.9,32,0.0,0.69,785.0
2019-07-03 16:00:00,102.6,31,0.0,0.57,637.0
2019-07-03 17:00:00,101.1,54,0.4,0.5,605.0
2019-07-03 18:00:00,98.7,52,0.6,0.31,326.0
2019-07-03 19:00:00,95.5,61,0.0,0.16,184.0
2019-07-03 20:00:00,94.9,47,0.0,0.12,74.0
2019-07-03 21:00:00,92.1,54,0.0,0.06,8.0
2019-07-03 22:00:00,89.8,59,0.0,0.04,0.0
2019-07-03 23:00:00,88.0,66,0.0,0.03,0.0
2019-07-04 00:00:00,86.5,72,0.0,0.02,0.0
2019-07-04 01:00:00,84.9,78,0.0,0.0,0.0
2019-07-04 02:00:00,83.7,80,0.0,0.0,0.0
2019-07-04 03:00:00,82.4,85,0.0,0.0,0.0
2019-07-04 04:00:00,81.4,88,0.0,0.0,0.0
2019-07-04 05:00:00,80.5,89,0.0,0.0,0.0
2019-07-04 06:00:00,79.8,91,0.0,0.0,0.0
2019-07-04 07:00:00,79.3,90,0.0,0.0,5.0
2019-07-04 08:00:00,79.0,78,0.0,0.07,101.0
2019-07-04 09:00:00,81.9,65,0.0,0.19,279.0
2019-07-04 10:00:00,85.5,55,0.0,0.34,457.0
2019-07-04 11:00:00,89.2,50,0.0,0.47,614.0
2019-07-04 12:00:00,92.9,45,0.0,0.59,772.0
2019-07-04 13:00:00,96.3,41,0.0,0.66,840.0
2019-07-04 14:00:00,99.1,38,0.0,0.7,871.0
2019-07-04 15:00:00,100.5,37,0.2,0.62,734.0
2019-07-04 16:00:00,97.6,72,2.2,0.4,518.0
2019-07-04 17:00:00,91.0,81,1.1,0.22,292.0
2019-07-04 18:00:00,87.5,83,0.7,0.2,267.0
2019-07-04 19:00:00,85.3,87,1.1,0.14,191.0
2019-07-04 20:00:00,88.1,100,0.0,0.05,81.0
2019-07-04 21:00:00,83.8,99,2.5,0.01,1.0
2019-07-04 22:00:00,81.7,99,2.0,0.0,0.0
2019-07-04 23:00:00,80.7,100,1.0,0.0,0.0
2019-07-05 00:00:00,80.2,100,1.1,0.0,0.0
2019-07-05 01:00:00,79.8,100,0.6,0.0,0.0
2019-07-05 02:00:00,79.3,99,0.9,0.0,0.0
2019-07-05 03:00:00,78.9,100,0.3,0.0,0.0
2019-07-05 04:00:00,78.5,99,0.8,0.0,0.0
2019-07-05 05:00:00,78.3,99,0.2,0.0,0.0
2019-07-05 06:00:00,78.0,99,0.0,0.0,0.0
2019-07-05 07:00:00,77.8,99,0.0,0.0,4.0
2019-07-05 08:00:00,76.5,97,0.0,0.04,67.0
2019-07-05 09:00:00,77.9,92,0.0,0.13,189.0
2019-07-05 10:00:00,79.9,83,0.0,0.24,332.0
2019-07-05 11:00:00,83.0,73,0.2,0.36,483.0
2019-07-05 12:00:00,85.1,73,0.2,0.34,444.0
2019-07-05 13:00:00,86.7,69,0.2,0.39,503.0
2019-07-05 14:00:00,85.6,78,1.5,0.32,422.0
2019-07-05 15:00:00,84.7,80,0.6,0.23,286.0
2019-07-05 16:00:00,83.6,81,0.2,0.16,181.0
2019-07-05 17:00:00,83.8,77,0.0,0.22,267.0
2019-07-05 18:00:00,84.0,75,0.0,0.2,235.0
2019-07-05 19:00:00,84.3,75,0.0,0.17,208.0
2019-07-05 20:00:00,84.6,74,0.0,0.07,61.0
2019-07-05 21:00:00,83.1,79,0.0,0.04,4.0
2019-07-05 22:00:00,82.1,81,0.0,0.01,0.0
2019-07-05 23:00:00,81.2,85,0.0,0.0,0.0
2019-07-06 00:00:00,80.5,89,0.0,0.0,0.0
2019-07-06 01:00:00,79.9,90,0.0,0.0,0.0
2019-07-06 02:00:00,79.3,91,0.0,0.0,0.0
2019-07-06 03:00:00,78.6,94,0.0,0.0,0.0
2019-07-06 04:00:00,78.2,96,0.0,0.0,0.0
2019-07-06 05:00:00,77.9,96,0.0,0.0,0.0
2019-07-06 06:00:00,77.6,98,0.0,0.0,0.0
2019-07-06 07:00:00,77.5,99,0.0,0.0,4.0
2019-07-06 08:00:00,76.4,94,0.0,0.05,71.0
2019-07-06 09:00:00,77.9,90,0.0,0.1,136.0
2019-07-06 10:00:00,79.7,84,0.3,0.18,248.0
2019-07-06 11:00:00,80.6,92,3.3,0.17,234.0
2019-07-06 12:00:00,80.0,88,3.4,0.21,295.0
2019-07-06 13:00:00,79.3,91,0.9,0.18,264.0
2019-07-06 14:00:00,79.6,90,1.7,0.27,398.0
2019-07-06 15:00:00,79.3,91,1.4,0.18,257.0
2019-07-06 16:00:00,79.3,89,1.7,0.21,290.0
2019-07-06 17:00:00,78.8,94,0.8,0.08,100.0
2019-07-06 18:00:00,78.7,93,1.1,0.11,150.0
2019-07-06 19:00:00,78.6,96,0.2,0.06,72.0
2019-07-06 20:00:00,82.3,84,0.3,0.05,48.0
2019-07-06 21:00:00,81.0,90,0.1,0.02,5.0
2019-07-06 22:00:00,79.8,92,0.1,0.0,0.0
2019-07-06 23:00:00,79.0,93,0.0,0.0,0.0
2019-07-07 00:00:00,78.3,95,0.0,0.0,0.0
2019-07-07 01:00:00,77.6,97,0.0,0.0,0.0
2019-07-07 02:00:00,77.4,98,0.0,0.0,0.0
2019-07-07 03:00:00,77.1,98,0.0,0.0,0.0
2019-07-07 04:00:00,76.9,99,0.0,0.0,0.0
2019-07-07 05:00:00,76.7,99,0.0,0.0,0.0
2019-07-07 06:00:00,76.6,99,0.0,0.0,0.0
2019-07-07 07:00:00,76.6,99,0.0,0.01,2.0
2019-07-07 08:00:00,75.9,95,0.0,0.04,69.0
2019-07-07 09:00:00,77.9,86,0.0,0.16,244.0
2019-07-07 10:00:00,80.1,77,0.0,0.28,387.0
2019-07-07 11:00:00,82.1,70,0.0,0.36,469.0
2019-07-07 12:00:00,85.1,60,0.0,0.61,802.0
2019-07-07 13:00:00,87.6,57,0.0,0.69,878.0
2019-07-07 14:00:00,89.2,55,0.5,0.63,791.0
2019-07-07 15:00:00,88.4,70,5.1,0.51,678.0
2019-07-07 16:00:00,86.7,75,0.3,0.44,596.0
2019-07-07 17:00:00,85.7,75,0.5,0.34,442.0
2019-07-07 18:00:00,85.3,75,0.1,0.27,340.0
2019-07-07 19:00:00,84.5,77,0.0,0.15,174.0
2019-07-07 20:00:00,82.9,80,0.0,0.08,60.0
2019-07-07 21:00:00,82.0,85,0.0,0.03,9.0
2019-07-07 22:00:00,81.2,87,0.0,0.01,0.0
2019-07-07 23:00:00,80.7,90,0.0,0.0,0.0
2019-07-08 00:00:00,80.1,93,0.0,0.0,0.0
2019-07-08 01:00:00,79.6,95,0.0,0.0,0.0
2019-07-08 02:00:00,79.2,97,0.0,0.0,0.0
2019-07-08 03:00:00,78.8,99,0.0,0.0,0.0
2019-07-08 04:00:00,78.6,99,0.0,0.0,0.0
2019-07-08 05:00:00,78.4,99,0.0,0.0,0.0
2019-07-08 06:00:00,78.4,99,0.0,0.0,0.0
2019-07-08 07:00:00,78.4,98,0.0,0.01,2.0
2019-07-08 08:00:00,76.6,88,0.0,0.06,79.0
2019-07-08 09:00:00,78.4,77,0.0,0.19,270.0
2019-07-08 10:00:00,80.8,67,0.0,0.36,482.0
2019-07-08 11:00:00,83.1,60,0.0,0.49,650.0
2019-07-08 12:00:00,85.5,56,0.0,0.6,787.0
2019-07-08 13:00:00,87.7,51,0.0,0.71,906.0
2019-07-08 14:00:00,89.1,49,0.0,0.64,794.0
2019-07-08 15:00:00,89.6,49,0.0,0.56,668.0
2019-07-08 16:00:00,90.1,48,0.0,0.56,677.0
2019-07-08 17:00:00,90.4,48,0.0,0.51,608.0
2019-07-08 18:00:00,89.9,55,0.0,0.39,447.0
2019-07-08 19:00:00,88.3,66,0.1,0.24,267.0
2019-07-08 20:00:00,85.8,69,0.0,0.11,107.0
2019-07-08 21:00:00,84.3,75,0.0,0.04,10.0
2019-07-08 22:00:00,83.0,81,0.0,0.01,0.0
2019-07-08 23:00:00,82.0,86,0.0,0.0,0.0
2019-07-09 00:00:00,81.0,91,0.0,0.0,0.0
2019-07-09 01:00:00,80.2,94,0.0,0.0,0.0
2019-07-09 02:00:00,79.3,96,0.0,0.0,0.0
2019-07-09 03:00:00,78.7,97,0.0,0.0,0.0
2019-07-09 04:00:00,78.2,97,0.0,0.0,0.0
2019-07-09 05:00:00,77.7,97,0.0,0.0,0.0
2019-07-09 06:00:00,77.4,98,0.0,0.0,0.0
2019-07-09 07:00:00,77.1,98,0.0,0.0,4.0
2019-07-09 08:00:00,78.3,91,0.0,0.06,94.0
2019-07-09 09:00:00,80.1,81,0.0,0.19,266.0
2019-07-09 10:00:00,82.6,69,0.0,0.36,478.0
2019-07-09 11:00:00,85.0,60,0.0,0.48,618.0
2019-07-09 12:00:00,87.4,54,0.0,0.59,739.0
2019-07-09 13:00:00,89.5,52,0.0,0.66,815.0
2019-07-09 14:00:00,91.0,51,0.0,0.65,798.0
2019-07-09 15:00:00,90.5,77,1.9,0.55,811.0
2019-07-09 16:00:00,87.6,79,0.5,0.33,454.0
2019-07-09 17:00:00,87.0,77,0.1,0.36,496.0
2019-07-09 18:00:00,85.9,79,0.5,0.21,274.0
2019-07-09 19:00:00,84.6,94,0.3,0.09,119.0
2019-07-09 20:00:00,85.6,95,0.1,0.04,51.0
2019-07-09 21:00:00,83.8,99,0.0,0.01,8.0
2019-07-09 22:00:00,82.3,96,0.0,0.0,0.0
2019-07-09 23:00:00,81.2,97,0.0,0.0,0.0
2019-07-10 00:00:00,80.4,97,0.0,0.0,0.0
2019-07-10 01:00:00,79.7,96,0.0,0.0,0.0
2019-07-10 02:00:00,79.3,98,0.0,0.0,0.0
2019-07-10 03:00:00,78.8,98,0.0,0.0,0.0
2019-07-10 04:00:00,78.4,98,0.0,0.0,0.0
2019-07-10 05:00:00,78.0,99,0.0,0.0,0.0
2019-07-10 06:00:00,77.7,99,0.0,0.0,0.0
2019-07-10 07:00:00,77.5,98,0.0,0.0,3.0
2019-07-10 08:00:00,78.8,91,0.0,0.05,65.0
2019-07-10 09:00:00,79.9,79,0.0,0.16,210.0
2019-07-10 10:00:00,81.8,70,0.2,0.31,411.0
2019-07-10 11:00:00,83.4,71,0.3,0.38,498.0
2019-07-10 12:00:00,83.7,71,1.5,0.4,529.0
2019-07-10 13:00:00,83.6,80,5.0,0.45,648.0
2019-07-10 14:00:00,83.8,72,0.1,0.39,510.0
2019-07-10 15:00:00,84.5,70,0.2,0.36,454.0
2019-07-10 16:00:00,86.1,63,0.1,0.5,640.0
2019-07-10 17:00:00,84.8,81,3.6,0.38,537.0
2019-07-10 18:00:00,83.9,78,0.0,0.22,281.0
2019-07-10 19:00:00,83.5,80,0.0,0.14,179.0
2019-07-10 20:00:00,84.7,84,0.0,0.08,99.0
2019-07-10 21:00:00,82.7,89,0.0,0.02,9.0
2019-07-10 22:00:00,81.2,89,0.0,0.0,0.0
2019-07-10 23:00:00,80.2,91,0.0,0.0,0.0
2019-07-11 00:00:00,79.3,93,0.0,0.0,0.0
2019-07-11 01:00:00,78.5,94,0.0,0.0,0.0
2019-07-11 02:00:00,78.0,95,0.0,0.0,0.0
2019-07-11 03:00:00,77.5,96,0.0,0.0,0.0
2019-07-11 04:00:00,77.0,97,0.0,0.0,0.0
2019-07-11 05:00:00,76.6,97,0.0,0.0,0.0
2019-07-11 06:00:00,76.4,98,0.0,0.0,0.0
2019-07-11 07:00:00,76.2,98,0.0,0.0,3.0
2019-07-11 08:00:00,77.5,88,0.0,0.06,89.0
2019-07-11 09:00:00,79.1,80,0.0,0.18,253.0
2019-07-11 10:00:00,81.4,68,0.0,0.35,465.0
2019-07-11 11:00:00,83.7,60,0.1,0.48,611.0
2019-07-11 12:00:00,85.6,58,0.2,0.57,728.0
2019-07-11 13:00:00,87.5,59,0.0,0.62,794.0
2019-07-11 14:00:00,87.4,69,1.3,0.55,768.0
2019-07-11 15:00:00,87.7,60,0.0,0.51,652.0
2019-07-11 16:00:00,88.5,55,0.0,0.51,617.0
2019-07-11 17:00:00,88.3,65,1.0,0.44,560.0
2019-07-11 18:00:00,84.6,84,2.0,0.21,285.0
2019-07-11 19:00:00,83.1,82,0.0,0.17,222.0
2019-07-11 20:00:00,83.0,80,0.0,0.1,120.0
2019-07-11 21:00:00,81.6,85,0.2,0.03,9.0
2019-07-11 22:00:00,80.4,88,0.1,0.0,0.0
2019-07-11 23:00:00,79.5,93,0.0,0.0,0.0
2019-07-12 00:00:00,78.8,94,0.0,0.0,0.0
2019-07-12 01:00:00,78.3,94,0.0,0.0,0.0
2019-07-12 02:00:00,77.8,96,0.0,0.0,0.0
2019-07-12 03:00:00,77.3,97,0.0,0.0,0.0
2019-07-12 04:00:00,76.9,97,0.0,0.0,0.0
2019-07-12 05:00:00,76.6,98,0.0,0.0,0.0
2019-07-12 06:00:00,76.3,98,0.0,0.0,0.0
2019-07-12 07:00:00,76.1,97,0.0,0.0,3.0
2019-07-12 08:00:00,74.6,90,0.0,0.06,87.0
2019-07-12 09:00:00,77.0,78,0.0,0.2,271.0
2019-07-12 10:00:00,79.6,72,0.1,0.3,407.0
2019-07-12 11:00:00,82.4,65,0.0,0.44,587.0
2019-07-12 12:00:00,85.1,61,0.0,0.55,721.0
2019-07-12 13:00:00,87.4,54,0.0,0.64,814.0
2019-07-12 14:00:00,87.2,73,5.2,0.53,726.0
2019-07-12 15:00:00,84.5,86,11.1,0.45,698.0
2019-07-12 16:00:00,82.0,92,0.8,0.14,195.0
2019-07-12 17:00:00,81.9,83,0.2,0.27,370.0
2019-07-12 18:00:00,82.0,78,0.0,0.23,303.0
2019-07-12 19:00:00,82.0,82,1.5,0.18,234.0
2019-07-12 20:00:00,81.3,99,0.8,0.04,69.0
2019-07-12 21:00:00,79.3,99,0.7,0.01,2.0
2019-07-12 22:00:00,78.1,99,0.7,0.0,0.0
2019-07-12 23:00:00,77.2,99,0.4,0.0,0.0
2019-07-13 00:00:00,76.6,99,0.4,0.0,0.0
2019-07-13 01:00:00,76.1,97,0.2,0.0,0.0
2019-07-13 02:00:00,75.8,98,0.0,0.0,0.0
2019-07-13 03:00:00,75.5,98,0.0,0.0,0.0
2019-07-13 04:00:00,75.2,98,0.0,0.0,0.0
2019-07-13 05:00:00,75.2,97,0.0,0.0,0.0
2019-07-13 06:00:00,75.1,97,0.0,0.0,0.0
2019-07-13 07:00:00,75.0,96,0.0,0.01,1.0
2019-07-13 08:00:00,74.4,97,0.0,0.02,19.0
2019-07-13 09:00:00,75.8,93,0.0,0.08,118.0
2019-07-13 10:00:00,77.2,90,0.0,0.12,159.0
2019-07-13 11:00:00,78.5,86,0.0,0.17,225.0
2019-07-13 12:00:00,80.5,77,0.0,0.3,387.0
2019-07-13 13:00:00,82.2,71,0.0,0.32,409.0
2019-07-13 14:00:00,84.7,57,0.0,0.55,721.0
2019-07-13 15:00:00,86.4,50,0.0,0.55,703.0
2019-07-13 16:00:00,87.4,46,0.0,0.52,641.0
2019-07-13 17:00:00,87.6,47,0.0,0.42,495.0
2019-07-13 18:00:00,87.6,48,0.0,0.36,439.0
2019-07-13 19:00:00,87.1,49,0.0,0.2,246.0
2019-07-13 20:00:00,84.3,71,0.0,0.09,116.0
2019-07-13 21:00:00,82.1,79,0.0,0.02,10.0
2019-07-13 22:00:00,80.4,85,0.0,0.0,0.0
2019-07-13 23:00:00,79.1,81,0.0,0.0,0.0
2019-07-14 00:00:00,77.9,79,0.0,0.01,0.0
2019-07-14 01:00:00,76.9,81,0.0,0.0,0.0
2019-07-14 02:00:00,75.9,84,0.0,0.0,0.0
2019-07-14 03:00:00,75.3,83,0.0,0.0,0.0
2019-07-14 04:00:00,74.8,85,0.0,0.0,0.0
2019-07-14 05:00:00,74.3,91,0.0,0.0,0.0
2019-07-14 06:00:00,74.0,92,0.0,0.0,0.0
2019-07-14 07:00:00,73.9,93,0.0,0.0,3.0
2019-07-14 08:00:00,75.7,89,0.0,0.06,92.0
2019-07-14 09:00:00,77.9,82,0.0,0.19,272.0
2019-07-14 10:00:00,80.6,70,0.0,0.33,446.0
2019-07-14 11:00:00,82.9,62,0.1,0.4,529.0
2019-07-14 12:00:00,85.2,56,0.0,0.51,670.0
2019-07-14 13:00:00,87.0,50,0.0,0.56,716.0
2019-07-14 14:00:00,88.9,46,0.0,0.68,858.0
2019-07-14 15:00:00,90.1,46,0.0,0.64,802.0
2019-07-14 16:00:00,90.7,47,0.0,0.57,693.0
2019-07-14 17:00:00,90.7,48,0.0,0.48,577.0
2019-07-14 18:00:00,90.0,46,0.0,0.33,384.0
2019-07-14 19:00:00,89.1,49,0.0,0.23,253.0
2019-07-14 20:00:00,87.8,62,0.0,0.1,100.0
2019-07-14 21:00:00,85.5,68,0.0,0.04,9.0
2019-07-14 22:00:00,83.6,73,0.0,0.02,0.0
2019-07-14 23:00:00,82.1,79,0.0,0.01,0.0
2019-07-15 00:00:00,80.8,85,0.0,0.01,0.0
2019-07-15 01:00:00,79.7,86,0.0,0.01,0.0
2019-07-15 02:00:00,78.8,78,0.0,0.0,0.0
2019-07-15 03:00:00,78.0,85,0.0,0.0,0.0
2019-07-15 04:00:00,77.3,89,0.0,0.0,0.0
2019-07-15 05:00:00,76.7,91,0.0,0.0,0.0
2019-07-15 06:00:00,76.3,92,0.0,0.0,0.0
2019-07-15 07:00:00,75.9,92,0.0,0.0,3.0
2019-07-15 08:00:00,77.0,85,0.0,0.05,92.0
2019-07-15 09:00:00,79.3,71,0.0,0.18,270.0
2019-07-15 10:00:00,82.2,61,0.0,0.35,473.0
2019-07-15 11:00:00,85.2,53,0.0,0.49,662.0
2019-07-15 12:00:00,87.8,48,0.0,0.56,732.0
2019-07-15 13:00:00,89.8,44,0.0,0.62,787.0
2019-07-15 14:00:00,91.4,41,0.0,0.66,816.0
2019-07-15 15:00:00,92.8,38,0.0,0.68,834.0
2019-07-15 16:00:00,93.6,38,0.0,0.62,748.0
2019-07-15 17:00:00,93.7,39,0.0,0.54,623.0
2019-07-15 18:00:00,93.1,41,0.0,0.42,452.0
2019-07-15 19:00:00,91.9,43,0.0,0.27,278.0
2019-07-15 20:00:00,89.7,59,0.0,0.11,116.0
2019-07-15 21:00:00,87.4,62,0.0,0.04,10.0
2019-07-15 22:00:00,85.6,72,0.0,0.02,0.0
2019-07-15 23:00:00,84.2,78,0.0,0.02,0.0
2019-07-16 00:00:00,82.9,87,0.0,0.0,0.0
2019-07-16 01:00:00,81.7,89,0.0,0.0,0.0
2019-07-16 02:00:00,80.7,94,0.0,0.0,0.0
2019-07-16 03:00:00,80.1,94,0.0,0.0,0.0
2019-07-16 04:00:00,79.6,96,0.0,0.0,0.0
2019-07-16 05:00:00,79.2,97,0.0,0.0,0.0
2019-07-16 06:00:00,78.7,97,0.0,0.0,0.0
2019-07-16 07:00:00,78.2,97,0.0,0.0,2.0
2019-07-16 08:00:00,78.0,85,0.0,0.05,87.0
2019-07-16 09:00:00,80.4,70,0.0,0.19,270.0
2019-07-16 10:00:00,83.4,61,0.0,0.35,470.0
2019-07-16 11:00:00,86.4,54,0.1,0.49,644.0
2019-07-16 12:00:00,88.3,51,0.0,0.5,631.0
2019-07-16 13:00:00,90.2,48,0.0,0.56,705.0
2019-07-16 14:00:00,91.9,46,0.0,0.62,778.0
2019-07-16 15:00:00,93.2,45,0.0,0.59,726.0
2019-07-16 16:00:00,93.7,44,0.0,0.53,619.0
2019-07-16 17:00:00,93.6,46,0.0,0.45,517.0
2019-07-16 18:00:00,92.9,50,0.0,0.31,377.0
2019-07-16 19:00:00,91.4,56,0.0,0.2,221.0
2019-07-16 20:00:00,89.2,73,0.0,0.1,96.0
2019-07-16 21:00:00,86.6,75,0.0,0.03,9.0
2019-07-16 22:00:00,85.0,71,0.0,0.04,0.0
2019-07-16 23:00:00,84.1,75,0.0,0.03,0.0
2019-07-17 00:00:00,83.2,82,0.0,0.01,0.0
2019-07-17 01:00:00,82.3,86,0.0,0.0,0.0
2019-07-17 02:00:00,81.5,86,0.0,0.0,0.0
2019-07-17 03:00:00,80.6,89,0.0,0.0,0.0
2019-07-17 04:00:00,79.9,88,0.0,0.0,0.0
2019-07-17 05:00:00,79.3,89,0.0,0.0,0.0
2019-07-17 06:00:00,78.9,91,0.0,0.0,0.0
2019-07-17 07:00:00,78.4,92,0.0,0.01,2.0
2019-07-17 08:00:00,78.8,86,0.0,0.06,86.0
2019-07-17 09:00:00,81.1,75,0.0,0.19,258.0
2019-07-17 10:00:00,84.1,60,0.0,0.35,451.0
2019-07-17 11:00:00,87.3,54,0.0,0.5,635.0
2019-07-17 12:00:00,90.1,50,0.0,0.59,734.0
2019-07-17 13:00:00,92.7,44,0.0,0.67,817.0
2019-07-17 14:00:00,94.2,48,0.8,0.62,753.0
2019-07-17 15:00:00,90.9,79,5.8,0.5,712.0
2019-07-17 16:00:00,88.8,79,0.0,0.24,308.0
2019-07-17 17:00:00,88.7,71,4.5,0.34,434.0
2019-07-17 18:00:00,87.4,71,0.0,0.25,303.0
2019-07-17 19:00:00,86.6,77,0.0,0.13,150.0
2019-07-17 20:00:00,86.5,81,0.0,0.06,65.0
2019-07-17 21:00:00,84.9,82,0.0,0.03,3.0
2019-07-17 22:00:00,83.7,80,0.0,0.02,0.0
2019-07-17 23:00:00,82.7,86,0.0,0.02,0.0
2019-07-18 00:00:00,82.0,93,0.0,0.0,0.0
2019-07-18 01:00:00,81.2,96,0.0,0.0,0.0
2019-07-18 02:00:00,80.5,97,0.0,0.0,0.0
2019-07-18 03:00:00,79.9,97,0.0,0.0,0.0
2019-07-18 04:00:00,79.3,97,0.0,0.0,0.0
2019-07-18 05:00:00,78.6,98,0.0,0.0,0.0
2019-07-18 06:00:00,78.1,99,0.0,0.0,0.0
2019-07-18 07:00:00,77.8,99,0.0,0.0,2.0
2019-07-18 08:00:00,76.7,93,0.0,0.05,73.0
2019-07-18 09:00:00,79.3,82,0.0,0.19,264.0
2019-07-18 10:00:00,82.0,70,0.0,0.32,418.0
2019-07-18 11:00:00,84.7,63,0.1,0.45,589.0
2019-07-18 12:00:00,87.0,58,0.0,0.52,659.0
2019-07-18 13:00:00,89.1,56,0.0,0.58,720.0
2019-07-18 14:00:00,90.4,62,0.4,0.55,686.0
2019-07-18 15:00:00,88.4,70,1.4,0.45,590.0
2019-07-18 16:00:00,88.4,61,0.3,0.46,574.0
2019-07-18 17:00:00,87.9,60,0.0,0.32,344.0
2019-07-18 18:00:00,87.4,62,0.0,0.27,278.0
2019-07-18 19:00:00,86.6,66,0.0,0.17,157.0
2019-07-18 20:00:00,85.8,69,0.0,0.1,76.0
2019-07-18 21:00:00,84.5,75,0.0,0.05,7.0
2019-07-18 22:00:00,83.4,79,0.0,0.02,0.0
2019-07-18 23:00:00,82.6,84,0.0,0.01,0.0
2019-07-19 00:00:00,81.7,88,0.0,0.0,0.0
2019-07-19 01:00:00,80.8,93,0.0,0.0,0.0
2019-07-19 02:00:00,80.1,96,0.0,0.0,0.0
2019-07-19 03:00:00,79.4,98,0.0,0.0,0.0
2019-07-19 04:00:00,78.8,99,0.0,0.0,0.0
2019-07-19 05:00:00,78.4,98,0.0,0.0,0.0
2019-07-19 06:00:00,78.2,98,0.0,0.0,0.0
2019-07-19 07:00:00,78.1,99,0.0,0.0,2.0
2019-07-19 08:00:00,77.5,90,0.0,0.05,73.0
2019-07-19 09:00:00,79.5,80,0.0,0.13,177.0
2019-07-19 10:00:00,82.1,70,0.1,0.28,373.0
2019-07-19 11:00:00,84.9,61,0.1,0.47,604.0
2019-07-19 12:00:00,87.2,58,0.0,0.54,668.0
2019-07-19 13:00:00,87.6,62,0.5,0.44,537.0
2019-07-19 14:00:00,85.4,78,2.7,0.22,272.0
2019-07-19 15:00:00,83.9,79,1.3,0.2,243.0
2019-07-19 16:00:00,83.6,76,0.0,0.25,306.0
2019-07-19 17:00:00,83.8,73,0.1,0.24,297.0
2019-07-19 18:00:00,84.0,73,0.0,0.18,226.0
2019-07-19 19:00:00,83.9,72,0.0,0.15,179.0
2019-07-19 20:00:00,84.3,78,0.0,0.07,66.0
2019-07-19 21:00:00,82.8,80,0.0,0.03,4.0
2019-07-19 22:00:00,81.4,80,0.0,0.0,0.0
2019-07-19 23:00:00,80.2,89,0.0,0.0,0.0
2019-07-20 00:00:00,79.3,86,0.0,0.0,0.0
2019-07-20 01:00:00,78.3,94,0.0,0.0,0.0
2019-07-20 02:00:00,77.5,95,0.0,0.0,0.0
2019-07-20 03:00:00,76.6,98,0.0,0.0,0.0
2019-07-20 04:00:00,76.0,98,0.0,0.0,0.0
2019-07-20 05:00:00,75.6,97,0.0,0.0,0.0
2019-07-20 06:00:00,75.1,98,0.0,0.0,0.0
2019-07-20 07:00:00,74.8,97,0.0,0.0,2.0
2019-07-20 08:00:00,74.3,89,0.0,0.05,86.0
2019-07-20 09:00:00,76.6,78,0.0,0.18,269.0
2019-07-20 10:00:00,79.4,69,0.0,0.33,471.0
2019-07-20 11:00:00,82.3,62,0.0,0.48,654.0
2019-07-20 12:00:00,84.9,56,0.0,0.6,788.0
2019-07-20 13:00:00,87.2,52,0.0,0.65,836.0
2019-07-20 14:00:00,88.1,57,0.5,0.54,688.0
2019-07-20 15:00:00,84.9,87,8.8,0.27,416.0
2019-07-20 16:00:00,82.0,91,0.3,0.18,251.0
2019-07-20 17:00:00,81.8,83,0.1,0.26,356.0
2019-07-20 18:00:00,82.0,79,0.0,0.22,292.0
2019-07-20 19:00:00,82.0,77,0.0,0.18,240.0
2019-07-20 20:00:00,85.8,81,0.0,0.08,108.0
2019-07-20 21:00:00,83.9,70,0.0,0.06,4.0
2019-07-20 22:00:00,82.5,75,0.0,0.01,0.0
2019-07-20 23:00:00,81.2,73,0.0,0.0,0.0
2019-07-21 00:00:00,80.2,81,0.0,0.0,0.0
2019-07-21 01:00:00,79.3,79,0.0,0.0,0.0
2019-07-21 02:00:00,78.6,88,0.0,0.0,0.0
2019-07-21 03:00:00,77.9,97,0.0,0.0,0.0
2019-07-21 04:00:00,77.5,100,0.0,0.0,0.0
2019-07-21 05:00:00,77.3,100,0.0,0.0,0.0
2019-07-21 06:00:00,77.3,100,0.0,0.0,0.0
2019-07-21 07:00:00,77.2,99,0.0,0.0,1.0
2019-07-21 08:00:00,76.6,93,0.0,0.03,41.0
2019-07-21 09:00:00,78.4,82,0.0,0.17,254.0
2019-07-21 10:00:00,80.9,72,0.0,0.32,452.0
2019-07-21 11:00:00,83.6,61,0.0,0.48,648.0
2019-07-21 12:00:00,86.3,53,0.0,0.58,768.0
2019-07-21 13:00:00,88.5,49,0.0,0.64,817.0
2019-07-21 14:00:00,90.7,47,0.0,0.7,896.0
2019-07-21 15:00:00,92.2,42,0.0,0.69,857.0
2019-07-21 16:00:00,88.8,72,2.4,0.44,593.0
2019-07-21 17:00:00,87.7,68,1.2,0.36,464.0
2019-07-21 18:00:00,86.7,65,0.0,0.26,313.0
2019-07-21 19:00:00,86.3,65,0.0,0.2,255.0
2019-07-21 20:00:00,82.9,82,0.0,0.09,112.0
2019-07-21 21:00:00,81.4,86,0.0,0.01,7.0
2019-07-21 22:00:00,80.2,91,0.0,0.0,0.0
2019-07-21 23:00:00,79.2,95,0.0,0.0,0.0
2019-07-22 00:00:00,78.3,95,0.0,0.0,0.0
2019-07-22 01:00:00,77.7,95,0.0,0.0,0.0
2019-07-22 02:00:00,77.3,97,0.0,0.0,0.0
2019-07-22 03:00:00,76.8,98,0.0,0.0,0.0
2019-07-22 04:00:00,76.4,99,0.0,0.0,0.0
2019-07-22 05:00:00,75.9,99,0.0,0.0,0.0
2019-07-22 06:00:00,75.4,100,0.0,0.0,0.0
2019-07-22 07:00:00,74.9,100,0.0,0.0,1.0
2019-07-22 08:00:00,73.9,96,0.0,0.04,79.0
2019-07-22 09:00:00,75.9,88,0.0,0.15,240.0
2019-07-22 10:00:00,78.5,79,0.0,0.28,411.0
2019-07-22 11:00:00,81.5,64,0.0,0.44,605.0
2019-07-22 12:00:00,84.3,55,0.0,0.58,773.0
2019-07-22 13:00:00,86.9,51,0.0,0.66,858.0
2019-07-22 14:00:00,88.9,45,0.0,0.69,874.0
2019-07-22 15:00:00,88.7,68,0.8,0.58,816.0
2019-07-22 16:00:00,88.5,63,0.5,0.56,737.0
2019-07-22 17:00:00,86.6,67,1.1,0.42,559.0
2019-07-22 18:00:00,85.3,67,1.1,0.31,393.0
2019-07-22 19:00:00,84.4,63,0.0,0.23,263.0
2019-07-22 20:00:00,85.5,72,0.0,0.09,113.0
2019-07-22 21:00:00,83.5,70,0.0,0.03,9.0
2019-07-22 22:00:00,82.0,75,0.0,0.02,0.0
2019-07-22 23:00:00,80.7,81,0.0,0.01,0.0
2019-07-23 00:00:00,79.9,86,0.0,0.01,0.0
2019-07-23 01:00:00,79.2,90,0.0,0.0,0.0
2019-07-23 02:00:00,78.4,92,0.0,0.0,0.0
2019-07-23 03:00:00,77.6,94,0.0,0.0,0.0
2019-07-23 04:00:00,77.0,95,0.0,0.0,0.0
2019-07-23 05:00:00,76.5,96,0.0,0.0,0.0
2019-07-23 06:00:00,76.0,97,0.0,0.0,0.0
2019-07-23 07:00:00,75.6,98,0.0,0.0,1.0
2019-07-23 08:00:00,75.7,90,0.0,0.05,78.0
2019-07-23 09:00:00,77.9,77,0.0,0.18,255.0
2019-07-23 10:00:00,80.3,71,0.1,0.3,403.0
2019-07-23 11:00:00,82.7,65,0.2,0.44,578.0
2019-07-23 12:00:00,85.0,59,0.1,0.55,712.0
2019-07-23 13:00:00,87.2,54,0.1,0.65,822.0
2019-07-23 14:00:00,88.7,51,0.0,0.65,805.0
2019-07-23 15:00:00,89.1,60,0.3,0.56,717.0
2019-07-23 16:00:00,89.2,53,0.1,0.54,651.0
2019-07-23 17:00:00,88.9,60,0.9,0.48,598.0
2019-07-23 18:00:00,85.6,76,1.2,0.28,381.0
2019-07-23 19:00:00,84.0,76,0.0,0.21,252.0
2019-07-23 20:00:00,84.5,66,0.4,0.12,94.0
2019-07-23 21:00:00,83.0,73,0.0,0.05,8.0
2019-07-23 22:00:00,81.9,79,0.0,0.02,0.0
2019-07-23 23:00:00,80.9,83,0.0,0.01,0.0
2019-07-24 00:00:00,80.1,86,0.0,0.01,0.0
2019-07-24 01:00:00,79.4,87,0.1,0.01,0.0
2019-07-24 02:00:00,78.7,89,0.5,0.0,0.0
2019-07-24 03:00:00,77.5,97,2.4,0.0,0.0
2019-07-24 04:00:00,76.5,99,0.8,0.0,0.0
2019-07-24 05:00:00,75.8,100,2.6,0.0,0.0
2019-07-24 06:00:00,75.5,100,1.3,0.0,0.0
2019-07-24 07:00:00,75.2,100,0.4,0.0,1.0
2019-07-24 08:00:00,76.7,97,0.5,0.02,27.0
2019-07-24 09:00:00,77.2,90,0.0,0.1,144.0
2019-07-24 10:00:00,78.6,79,0.0,0.25,363.0
2019-07-24 11:00:00,80.4,74,0.1,0.33,445.0
2019-07-24 12:00:00,80.9,83,4.0,0.25,350.0
2019-07-24 13:00:00,79.8,87,2.6,0.24,342.0
2019-07-24 14:00:00,80.1,81,2.7,0.33,484.0
2019-07-24 15:00:00,79.7,82,0.2,0.3,435.0
2019-07-24 16:00:00,80.2,75,0.1,0.3,400.0
2019-07-24 17:00:00,80.8,74,0.1,0.24,321.0
2019-07-24 18:00:00,80.6,77,0.0,0.14,165.0
2019-07-24 19:00:00,80.4,78,0.0,0.11,134.0
2019-07-24 20:00:00,78.5,94,0.0,0.05,73.0
2019-07-24 21:00:00,77.0,96,0.0,0.0,6.0
2019-07-24 22:00:00,75.8,98,0.0,0.0,0.0
2019-07-24 23:00:00,75.1,97,0.0,0.0,0.0
2019-07-25 00:00:00,74.6,98,0.0,0.0,0.0
2019-07-25 01:00:00,74.2,98,0.0,0.0,0.0
2019-07-25 02:00:00,73.9,98,0.0,0.0,0.0
2019-07-25 03:00:00,73.6,98,0.0,0.0,0.0
2019-07-25 04:00:00,72.8,99,0.0,0.0,0.0
2019-07-25 05:00:00,72.1,100,0.0,0.0,0.0
2019-07-25 06:00:00,71.7,100,0.0,0.0,0.0
2019-07-25 07:00:00,71.6,100,0.0,0.0,1.0
2019-07-25 08:00:00,72.2,96,0.0,0.04,67.0
2019-07-25 09:00:00,73.9,92,0.1,0.14,224.0
2019-07-25 10:00:00,76.0,80,0.0,0.29,434.0
2019-07-25 11:00:00,78.0,71,0.2,0.39,550.0
2019-07-25 12:00:00,79.7,62,0.1,0.45,605.0
2019-07-25 13:00:00,81.1,62,0.3,0.45,598.0
2019-07-25 14:00:00,81.5,69,0.4,0.44,602.0
2019-07-25 15:00:00,83.0,60,0.1,0.56,753.0
2019-07-25 16:00:00,83.8,61,0.3,0.51,680.0
2019-07-25 17:00:00,84.0,65,0.2,0.42,559.0
2019-07-25 18:00:00,83.1,67,0.3,0.28,368.0
2019-07-25 19:00:00,81.8,69,0.2,0.17,189.0
2019-07-25 20:00:00,80.8,76,0.0,0.09,90.0
2019-07-25 21:00:00,79.2,84,0.0,0.03,8.0
2019-07-25 22:00:00,77.7,90,0.0,0.0,0.0
2019-07-25 23:00:00,76.7,89,0.0,0.0,0.0
2019-07-26 00:00:00,75.7,91,0.0,0.0,0.0
2019-07-26 01:00:00,74.9,92,0.0,0.0,0.0
2019-07-26 02:00:00,73.9,95,0.0,0.0,0.0
2019-07-26 03:00:00,73.0,96,0.0,0.0,0.0
2019-07-26 04:00:00,72.6,97,0.0,0.0,0.0
2019-07-26 05:00:00,72.3,98,0.0,0.0,0.0
2019-07-26 06:00:00,72.1,97,0.0,0.0,0.0
2019-07-26 07:00:00,72.0,95,0.0,0.0,1.0
2019-07-26 08:00:00,72.6,87,0.0,0.04,47.0
2019-07-26 09:00:00,73.9,78,0.0,0.12,146.0
2019-07-26 10:00:00,75.7,72,0.0,0.2,262.0
2019-07-26 11:00:00,77.5,67,0.0,0.26,326.0
2019-07-26 12:00:00,78.9,62,0.0,0.29,342.0
2019-07-26 13:00:00,79.9,61,0.0,0.27,314.0
2019-07-26 14:00:00,81.1,60,0.1,0.34,419.0
2019-07-26 15:00:00,81.5,62,0.1,0.28,341.0
2019-07-26 16:00:00,81.8,64,0.1,0.29,348.0
2019-07-26 17:00:00,81.8,66,0.1,0.29,364.0
2019-07-26 18:00:00,80.9,73,0.1,0.17,173.0
2019-07-26 19:00:00,80.3,74,0.1,0.17,211.0
2019-07-26 20:00:00,79.7,76,0.0,0.09,104.0
2019-07-26 21:00:00,78.3,84,0.1,0.02,6.0
2019-07-26 22:00:00,77.0,88,0.0,0.0,0.0
2019-07-26 23:00:00,76.1,89,0.0,0.0,0.0
2019-07-27 00:00:00,75.5,91,0.0,0.0,0.0
2019-07-27 01:00:00,75.0,91,0.0,0.0,0.0
2019-07-27 02:00:00,74.5,93,0.0,0.0,0.0
2019-07-27 03:00:00,73.9,95,0.0,0.0,0.0
2019-07-27 04:00:00,73.5,96,0.0,0.0,0.0
2019-07-27 05:00:00,73.0,96,0.0,0.0,0.0
2019-07-27 06:00:00,72.7,97,0.0,0.0,0.0
2019-07-27 07:00:00,72.5,95,0.0,0.0,1.0
2019-07-27 08:00:00,73.1,92,0.0,0.04,68.0
2019-07-27 09:00:00,74.2,86,0.2,0.14,208.0
2019-07-27 10:00:00,75.8,77,0.1,0.28,414.0
2019-07-27 11:00:00,77.9,73,0.0,0.37,524.0
2019-07-27 12:00:00,80.4,68,0.0,0.5,696.0
2019-07-27 13:00:00,82.7,60,0.1,0.56,739.0
2019-07-27 14:00:00,82.0,73,2.2,0.43,592.0
2019-07-27 15:00:00,83.3,62,0.1,0.55,728.0
2019-07-27 16:00:00,84.6,57,0.2,0.56,726.0
2019-07-27 17:00:00,84.1,68,0.2,0.41,563.0
2019-07-27 18:00:00,83.5,73,0.4,0.3,408.0
2019-07-27 19:00:00,82.0,78,0.1,0.15,190.0
2019-07-27 20:00:00,82.8,71,0.0,0.11,83.0
2019-07-27 21:00:00,81.1,80,0.0,0.05,6.0
2019-07-27 22:00:00,79.6,84,0.0,0.02,0.0
2019-07-27 23:00:00,78.4,87,0.0,0.0,0.0
2019-07-28 00:00:00,77.3,91,0.0,0.0,0.0
2019-07-28 01:00:00,76.4,92,0.0,0.0,0.0
2019-07-28 02:00:00,75.7,93,0.0,0.0,0.0
2019-07-28 03:00:00,75.2,92,0.0,0.0,0.0
2019-07-28 04:00:00,75.1,90,0.0,0.0,0.0
2019-07-28 05:00:00,74.8,90,0.1,0.0,0.0
2019-07-28 06:00:00,74.6,91,0.0,0.0,0.0
2019-07-28 07:00:00,74.4,92,0.0,0.02,0.0
2019-07-28 08:00:00,75.5,93,0.0,0.03,44.0
2019-07-28 09:00:00,75.2,92,0.0,0.08,104.0
2019-07-28 10:00:00,76.6,83,0.0,0.23,347.0
2019-07-28 11:00:00,78.6,72,0.0,0.36,495.0
2019-07-28 12:00:00,80.8,63,0.0,0.43,559.0
2019-07-28 13:00:00,83.5,56,0.0,0.58,753.0
2019-07-28 14:00:00,85.6,52,0.0,0.63,802.0
2019-07-28 15:00:00,86.3,66,1.3,0.53,748.0
2019-07-28 16:00:00,84.7,65,0.4,0.42,545.0
2019-07-28 17:00:00,83.8,61,0.7,0.42,542.0
2019-07-28 18:00:00,83.8,61,0.0,0.35,438.0
2019-07-28 19:00:00,83.3,63,0.1,0.23,252.0
2019-07-28 20:00:00,82.3,67,0.0,0.11,100.0
2019-07-28 21:00:00,80.8,75,0.0,0.05,6.0
2019-07-28 22:00:00,79.3,80,0.0,0.02,0.0
2019-07-28 23:00:00,78.0,85,0.0,0.01,0.0
2019-07-29 00:00:00,76.8,89,0.0,0.0,0.0
2019-07-29 01:00:00,75.7,95,0.0,0.0,0.0
2019-07-29 02:00:00,74.8,95,0.0,0.0,0.0
2019-07-29 03:00:00,74.0,95,0.0,0.0,0.0
2019-07-29 04:00:00,73.5,94,0.0,0.0,0.0
2019-07-29 05:00:00,73.1,93,0.0,0.0,0.0
2019-07-29 06:00:00,72.7,93,0.0,0.0,0.0
2019-07-29 07:00:00,72.2,91,0.0,0.0,1.0
2019-07-29 08:00:00,73.1,82,0.0,0.05,72.0
2019-07-29 09:00:00,75.0,71,0.0,0.18,249.0
2019-07-29 10:00:00,77.8,63,0.0,0.34,465.0
2019-07-29 11:00:00,80.8,46,0.0,0.49,629.0
2019-07-29 12:00:00,83.9,34,0.0,0.65,810.0
2019-07-29 13:00:00,86.6,31,0.0,0.73,911.0
2019-07-29 14:00:00,89.0,30,0.0,0.76,952.0
2019-07-29 15:00:00,90.9,29,0.0,0.74,939.0
2019-07-29 16:00:00,91.9,27,0.0,0.63,778.0
2019-07-29 17:00:00,91.2,30,0.0,0.43,408.0
2019-07-29 18:00:00,90.3,35,0.0,0.4,329.0
2019-07-29 19:00:00,89.2,35,0.0,0.28,203.0
2019-07-29 20:00:00,87.6,46,0.0,0.12,82.0
2019-07-29 21:00:00,84.7,50,0.0,0.08,7.0
2019-07-29 22:00:00,82.9,64,0.0,0.07,0.0
2019-07-29 23:00:00,81.1,73,0.0,0.03,0.0
2019-07-30 00:00:00,79.3,79,0.0,0.01,0.0
2019-07-30 01:00:00,77.6,87,0.0,0.0,0.0
2019-07-30 02:00:00,76.2,90,0.0,0.0,0.0
2019-07-30 03:00:00,74.9,93,0.0,0.0,0.0
2019-07-30 04:00:00,73.9,94,0.0,0.0,0.0
2019-07-30 05:00:00,72.9,93,0.0,0.0,0.0
2019-07-30 06:00:00,72.0,98,0.0,0.0,0.0
2019-07-30 07:00:00,71.4,98,0.0,0.01,0.0
2019-07-30 08:00:00,72.6,88,0.0,0.04,75.0
2019-07-30 09:00:00,75.2,74,0.0,0.17,261.0
2019-07-30 10:00:00,78.8,55,0.0,0.33,467.0
2019-07-30 11:00:00,82.9,43,0.0,0.5,660.0
2019-07-30 12:00:00,86.5,35,0.0,0.65,816.0
2019-07-30 13:00:00,89.8,32,0.0,0.74,909.0
2019-07-30 14:00:00,92.4,29,0.0,0.75,916.0
2019-07-30 15:00:00,92.9,30,0.0,0.54,583.0
2019-07-30 16:00:00,93.1,30,0.0,0.47,493.0
2019-07-30 17:00:00,93.7,29,0.0,0.45,533.0
2019-07-30 18:00:00,93.7,29,0.1,0.37,407.0
2019-07-30 19:00:00,92.3,34,0.0,0.25,182.0
2019-07-30 20:00:00,91.0,49,0.0,0.11,107.0
2019-07-30 21:00:00,87.7,39,0.0,0.03,6.0
2019-07-30 22:00:00,84.8,53,0.0,0.04,0.0
2019-07-30 23:00:00,83.2,60,0.0,0.08,0.0
2019-07-31 00:00:00,81.9,76,0.0,0.03,0.0
2019-07-31 01:00:00,80.7,83,0.0,0.01,0.0
2019-07-31 02:00:00,79.3,88,0.0,0.0,0.0
2019-07-31 03:00:00,78.1,94,0.0,0.0,0.0
2019-07-31 04:00:00,77.0,96,0.0,0.0,0.0
2019-07-31 05:00:00,75.9,97,0.0,0.0,0.0
2019-07-31 06:00:00,75.1,98,0.0,0.0,0.0
2019-07-31 07:00:00,74.4,99,0.0,0.01,0.0
2019-07-31 08:00:00,76.2,89,0.0,0.04,68.0
2019-07-31 09:00:00,78.7,75,0.0,0.17,243.0
2019-07-31 10:00:00,82.5,61,0.0,0.33,449.0
2019-07-31 11:00:00,86.5,48,0.0,0.47,609.0
2019-07-31 12:00:00,90.2,41,0.0,0.59,732.0
2019-07-31 13:00:00,93.2,38,0.0,0.61,721.0
2019-07-31 14:00:00,95.4,36,0.0,0.65,735.0
2019-07-31 15:00:00,97.0,36,0.0,0.63,708.0
2019-07-31 16:00:00,98.2,34,0.0,0.59,670.0
2019-07-31 17:00:00,97.6,37,0.0,0.45,427.0
2019-07-31 18:00:00,94.6,54,0.3,0.27,253.0
2019-07-31 19:00:00,92.1,58,0.0,0.19,164.0
2019-07-31 20:00:00,90.6,57,0.0,0.14,83.0
2019-07-31 21:00:00,88.3,70,0.1,0.07,3.0
2019-07-31 22:00:00,86.2,77,0.0,0.04,0.0
2019-07-31 23:00:00,84.7,78,0.0,0.03,0.0
2019-08-01 00:00:00,83.4,80,0.0,0.01,0.0
2019-08-01 01:00:00,82.4,81,0.0,0.01,0.0
2019-08-01 02:00:00,81.6,83,0.0,0.0,0.0
2019-08-01 03:00:00,80.5,87,0.0,0.0,0.0
2019-08-01 04:00:00,79.6,92,0.0,0.0,0.0
2019-08-01 05:00:00,78.8,94,0.0,0.0,0.0
2019-08-01 06:00:00,77.9,96,0.0,0.0,0.0
2019-08-01 07:00:00,77.4,97,0.0,0.01,0.0
2019-08-01 08:00:00,76.5,86,0.0,0.04,50.0
2019-08-01 09:00:00,78.4,81,0.3,0.1,142.0
2019-08-01 10:00:00,81.1,73,0.0,0.23,318.0
2019-08-01 11:00:00,84.2,64,0.3,0.36,480.0
2019-08-01 12:00:00,85.8,59,0.0,0.27,324.0
2019-08-01 13:00:00,87.3,62,0.1,0.3,354.0
2019-08-01 14:00:00,87.5,67,1.0,0.41,518.0
2019-08-01 15:00:00,88.8,62,0.1,0.47,596.0
2019-08-01 16:00:00,88.5,64,0.1,0.29,336.0
2019-08-01 17:00:00,88.1,68,0.3,0.29,345.0
2019-08-01 18:00:00,87.5,66,0.0,0.27,319.0
2019-08-01 19:00:00,86.6,68,0.3,0.22,259.0
2019-08-01 20:00:00,89.2,62,0.0,0.13,95.0
2019-08-01 21:00:00,86.5,71,0.0,0.04,5.0
2019-08-01 22:00:00,84.4,78,0.0,0.02,0.0
2019-08-01 23:00:00,82.6,82,0.0,0.01,0.0
2019-08-02 00:00:00,81.1,87,0.0,0.0,0.0
2019-08-02 01:00:00,79.6,90,0.0,0.0,0.0
2019-08-02 02:00:00,78.5,93,0.0,0.0,0.0
2019-08-02 03:00:00,77.9,94,0.1,0.0,0.0
2019-08-02 04:00:00,77.4,95,0.2,0.0,0.0
2019-08-02 05:00:00,76.9,96,0.0,0.0,0.0
2019-08-02 06:00:00,76.3,98,0.0,0.0,0.0
2019-08-02 07:00:00,75.8,99,0.0,0.01,0.0
2019-08-02 08:00:00,76.2,92,0.0,0.04,61.0
2019-08-02 09:00:00,77.6,83,0.2,0.13,171.0
2019-08-02 10:00:00,80.4,66,0.0,0.32,424.0
2019-08-02 11:00:00,83.7,56,0.1,0.45,586.0
2019-08-02 12:00:00,86.1,56,0.2,0.49,612.0
2019-08-02 13:00:00,85.3,81,2.5,0.34,508.0
2019-08-02 14:00:00,84.6,74,0.6,0.41,569.0
2019-08-02 15:00:00,85.3,65,0.2,0.46,607.0
2019-08-02 16:00:00,87.0,57,0.0,0.52,666.0
2019-08-02 17:00:00,88.3,57,0.0,0.48,593.0
2019-08-02 18:00:00,88.1,62,0.1,0.34,403.0
2019-08-02 19:00:00,86.8,65,0.2,0.2,213.0
2019-08-02 20:00:00,83.6,81,0.1,0.08,80.0
2019-08-02 21:00:00,81.7,85,0.0,0.02,4.0
2019-08-02 22:00:00,80.4,86,0.0,0.01,0.0
2019-08-02 23:00:00,79.3,88,0.0,0.0,0.0
2019-08-03 00:00:00,78.5,90,0.0,0.0,0.0
2019-08-03 01:00:00,77.5,96,0.0,0.0,0.0
2019-08-03 02:00:00,76.6,98,0.0,0.0,0.0
2019-08-03 03:00:00,75.8,98,0.0,0.0,0.0
2019-08-03 04:00:00,75.2,100,0.0,0.0,0.0
2019-08-03 05:00:00,74.8,100,0.0,0.0,0.0
2019-08-03 06:00:00,74.6,100,0.0,0.0,0.0
2019-08-03 07:00:00,74.4,100,0.0,0.01,0.0
2019-08-03 08:00:00,75.7,94,0.0,0.03,56.0
2019-08-03 09:00:00,77.1,82,0.0,0.13,194.0
2019-08-03 10:00:00,79.5,72,0.1,0.29,403.0
2019-08-03 11:00:00,82.0,65,0.1,0.36,481.0
2019-08-03 12:00:00,84.6,58,0.0,0.43,569.0
2019-08-03 13:00:00,87.4,52,0.0,0.54,695.0
2019-08-03 14:00:00,90.1,48,0.0,0.63,813.0
2019-08-03 15:00:00,92.0,47,0.0,0.57,723.0
2019-08-03 16:00:00,92.4,46,0.0,0.4,468.0
2019-08-03 17:00:00,90.1,75,1.5,0.2,264.0
2019-08-03 18:00:00,87.5,70,0.4,0.24,288.0
2019-08-03 19:00:00,86.0,70,0.2,0.19,238.0
2019-08-03 20:00:00,90.3,52,0.1,0.11,94.0
2019-08-03 21:00:00,87.6,62,0.1,0.07,4.0
2019-08-03 22:00:00,85.5,69,0.1,0.04,0.0
2019-08-03 23:00:00,83.5,76,0.0,0.01,0.0
2019-08-04 00:00:00,81.9,81,0.0,0.0,0.0
2019-08-04 01:00:00,80.4,88,0.0,0.0,0.0
2019-08-04 02:00:00,79.3,85,0.0,0.0,0.0
2019-08-04 03:00:00,78.3,93,0.0,0.0,0.0
2019-08-04 04:00:00,77.5,94,0.0,0.0,0.0
2019-08-04 05:00:00,76.8,95,0.0,0.0,0.0
2019-08-04 06:00:00,76.3,96,0.0,0.0,0.0
2019-08-04 07:00:00,75.8,96,0.0,0.01,0.0
2019-08-04 08:00:00,76.1,86,0.0,0.05,61.0
2019-08-04 09:00:00,78.3,73,0.0,0.17,225.0
2019-08-04 10:00:00,81.3,59,0.0,0.33,416.0
2019-08-04 11:00:00,84.5,50,0.0,0.48,594.0
2019-08-04 12:00:00,87.4,45,0.0,0.58,712.0
2019-08-04 13:00:00,89.9,44,0.1,0.65,790.0
2019-08-04 14:00:00,91.9,43,0.0,0.65,779.0
2019-08-04 15:00:00,93.4,42,0.0,0.65,763.0
2019-08-04 16:00:00,94.6,41,0.0,0.62,726.0
2019-08-04 17:00:00,95.1,42,0.0,0.5,586.0
2019-08-04 18:00:00,94.6,48,0.4,0.39,413.0
2019-08-04 19:00:00,90.1,82,1.0,0.15,215.0
2019-08-04 20:00:00,90.2,45,1.4,0.14,79.0
2019-08-04 21:00:00,88.1,59,0.1,0.04,4.0
2019-08-04 22:00:00,86.2,67,0.1,0.04,0.0
2019-08-04 23:00:00,84.5,83,0.2,0.02,0.0
2019-08-05 00:00:00,83.2,85,0.0,0.02,0.0
2019-08-05 01:00:00,82.2,86,0.0,0.01,0.0
2019-08-05 02:00:00,81.1,90,0.0,0.0,0.0
2019-08-05 03:00:00,80.2,92,0.0,0.0,0.0
2019-08-05 04:00:00,79.3,93,0.0,0.0,0.0
2019-08-05 05:00:00,78.5,94,0.0,0.0,0.0
2019-08-05 06:00:00,77.9,94,0.0,0.0,0.0
2019-08-05 07:00:00,77.3,94,0.0,0.02,0.0
2019-08-05 08:00:00,77.5,85,0.0,0.05,64.0
2019-08-05 09:00:00,79.8,72,0.0,0.18,245.0
2019-08-05 10:00:00,83.1,57,0.0,0.35,443.0
2019-08-05 11:00:00,86.6,48,0.0,0.48,583.0
2019-08-05 12:00:00,89.7,46,0.0,0.55,635.0
2019-08-05 13:00:00,90.8,54,0.5,0.55,695.0
2019-08-05 14:00:00,91.8,49,0.0,0.52,583.0
2019-08-05 15:00:00,91.1,60,0.4,0.44,524.0
2019-08-05 16:00:00,91.4,51,0.0,0.47,533.0
2019-08-05 17:00:00,91.9,53,0.0,0.45,523.0
2019-08-05 18:00:00,90.5,60,0.2,0.27,283.0
2019-08-05 19:00:00,89.1,62,0.0,0.19,161.0
2019-08-05 20:00:00,90.0,56,0.0,0.12,45.0
2019-08-05 21:00:00,87.8,62,0.0,0.06,3.0
2019-08-05 22:00:00,85.9,67,0.0,0.05,0.0
2019-08-05 23:00:00,84.3,74,0.0,0.03,0.0
2019-08-06 00:00:00,82.9,80,0.1,0.02,0.0
2019-08-06 01:00:00,81.4,84,0.0,0.01,0.0
2019-08-06 02:00:00,80.2,88,0.0,0.0,0.0
2019-08-06 03:00:00,79.3,87,0.0,0.01,0.0
2019-08-06 04:00:00,78.6,89,0.0,0.0,0.0
2019-08-06 05:00:00,78.0,93,0.0,0.0,0.0
2019-08-06 06:00:00,77.5,95,0.0,0.0,0.0
2019-08-06 07:00:00,77.0,96,0.0,0.01,0.0
2019-08-06 08:00:00,77.6,94,0.0,0.03,57.0
2019-08-06 09:00:00,78.9,82,0.0,0.14,201.0
2019-08-06 10:00:00,81.3,67,0.0,0.29,381.0
2019-08-06 11:00:00,84.6,53,0.0,0.46,582.0
2019-08-06 12:00:00,87.6,48,0.2,0.55,666.0
2019-08-06 13:00:00,90.1,47,0.2,0.61,733.0
2019-08-06 14:00:00,92.5,45,0.0,0.64,762.0
2019-08-06 15:00:00,94.4,46,0.0,0.62,733.0
2019-08-06 16:00:00,95.2,49,0.2,0.54,651.0
2019-08-06 17:00:00,95.4,50,0.0,0.45,514.0
2019-08-06 18:00:00,94.7,50,0.0,0.34,365.0
2019-08-06 19:00:00,92.8,59,0.5,0.22,210.0
2019-08-06 20:00:00,89.2,62,1.1,0.12,72.0
2019-08-06 21:00:00,87.0,70,0.0,0.05,3.0
2019-08-06 22:00:00,85.3,74,0.0,0.02,0.0
2019-08-06 23:00:00,82.7,88,2.6,0.0,0.0
2019-08-07 00:00:00,80.2,92,0.0,0.0,0.0
2019-08-07 01:00:00,78.8,93,0.0,0.0,0.0
2019-08-07 02:00:00,78.1,94,0.0,0.0,0.0
2019-08-07 03:00:00,77.5,96,0.0,0.0,0.0
2019-08-07 04:00:00,77.3,97,0.0,0.0,0.0
2019-08-07 05:00:00,76.9,97,0.0,0.0,0.0
2019-08-07 06:00:00,76.6,98,0.0,0.0,0.0
2019-08-07 07:00:00,76.4,98,0.0,0.01,0.0
2019-08-07 08:00:00,77.9,94,0.0,0.03,56.0
2019-08-07 09:00:00,79.2,83,0.0,0.13,193.0
2019-08-07 10:00:00,81.7,73,0.0,0.28,373.0
2019-08-07 11:00:00,84.8,59,0.1,0.43,539.0
2019-08-07 12:00:00,87.9,53,0.0,0.47,578.0
2019-08-07 13:00:00,90.8,49,0.0,0.53,643.0
2019-08-07 14:00:00,93.9,45,0.0,0.67,798.0
2019-08-07 15:00:00,95.9,47,0.1,0.64,769.0
2019-08-07 16:00:00,95.9,49,0.4,0.55,637.0
2019-08-07 17:00:00,92.6,66,1.0,0.35,435.0
2019-08-07 18:00:00,90.1,72,0.1,0.15,163.0
2019-08-07 19:00:00,88.3,70,0.0,0.12,118.0
2019-08-07 20:00:00,86.1,73,0.0,0.07,68.0
2019-08-07 21:00:00,84.6,78,0.0,0.04,2.0
2019-08-07 22:00:00,83.5,81,0.0,0.02,0.0
2019-08-07 23:00:00,82.6,85,0.0,0.01,0.0
2019-08-08 00:00:00,81.8,89,0.0,0.01,0.0
2019-08-08 01:00:00,81.1,93,0.0,0.0,0.0
2019-08-08 02:00:00,80.4,96,0.0,0.0,0.0
2019-08-08 03:00:00,79.9,97,0.0,0.0,0.0
2019-08-08 04:00:00,79.4,98,0.0,0.0,0.0
2019-08-08 05:00:00,78.9,97,0.0,0.0,0.0
2019-08-08 06:00:00,78.4,98,0.0,0.0,0.0
2019-08-08 07:00:00,78.0,98,0.0,0.01,0.0
2019-08-08 08:00:00,77.1,94,0.0,0.04,60.0
2019-08-08 09:00:00,79.3,82,0.0,0.15,196.0
2019-08-08 10:00:00,82.3,69,0.0,0.32,408.0
2019-08-08 11:00:00,85.8,57,0.0,0.47,592.0
2019-08-08 12:00:00,89.1,50,0.0,0.56,677.0
2019-08-08 13:00:00,91.9,46,0.0,0.6,693.0
2019-08-08 14:00:00,94.2,42,0.0,0.65,752.0
2019-08-08 15:00:00,95.3,45,0.0,0.59,647.0
2019-08-08 16:00:00,92.7,75,4.2,0.43,587.0
2019-08-08 17:00:00,90.1,72,0.2,0.28,348.0
2019-08-08 18:00:00,89.8,56,0.0,0.26,265.0
2019-08-08 19:00:00,89.2,58,0.1,0.22,189.0
2019-08-08 20:00:00,89.1,69,0.1,0.11,81.0
2019-08-08 21:00:00,87.3,76,0.0,0.04,3.0
2019-08-08 22:00:00,85.7,79,0.0,0.02,0.0
2019-08-08 23:00:00,84.5,84,0.0,0.02,0.0
2019-08-09 00:00:00,83.5,89,0.0,0.01,0.0
2019-08-09 01:00:00,82.7,92,0.0,0.0,0.0
2019-08-09 02:00:00,82.0,94,0.0,0.0,0.0
2019-08-09 03:00:00,81.3,94,0.0,0.0,0.0
2019-08-09 04:00:00,80.9,95,0.0,0.0,0.0
2019-08-09 05:00:00,80.3,97,0.0,0.0,0.0
2019-08-09 06:00:00,79.9,97,0.0,0.0,0.0
2019-08-09 07:00:00,79.6,98,0.0,0.01,0.0
2019-08-09 08:00:00,79.3,93,0.0,0.04,51.0
2019-08-09 09:00:00,80.8,80,0.0,0.14,181.0
2019-08-09 10:00:00,83.5,72,0.0,0.3,404.0
2019-08-09 11:00:00,86.7,61,0.0,0.47,598.0
2019-08-09 12:00:00,89.8,54,0.1,0.57,702.0
2019-08-09 13:00:00,92.1,51,0.1,0.62,743.0
2019-08-09 14:00:00,93.8,47,0.0,0.6,690.0
2019-08-09 15:00:00,95.4,45,0.0,0.62,712.0
2019-08-09 16:00:00,96.2,43,0.0,0.55,609.0
2019-08-09 17:00:00,93.8,81,1.6,0.3,401.0
2019-08-09 18:00:00,91.1,74,0.1,0.33,413.0
2019-08-09 19:00:00,89.6,72,0.0,0.21,233.0
2019-08-09 20:00:00,92.1,66,0.0,0.12,81.0
2019-08-09 21:00:00,90.1,75,0.0,0.06,2.0
2019-08-09 22:00:00,88.4,79,0.0,0.04,0.0
2019-08-09 23:00:00,87.0,79,0.0,0.03,0.0
2019-08-10 00:00:00,85.8,81,0.0,0.03,0.0
2019-08-10 01:00:00,84.8,86,0.0,0.02,0.0
2019-08-10 02:00:00,84.0,89,0.0,0.01,0.0
2019-08-10 03:00:00,83.4,91,0.0,0.0,0.0
2019-08-10 04:00:00,82.7,93,0.0,0.0,0.0
2019-08-10 05:00:00,82.0,95,0.0,0.0,0.0
2019-08-10 06:00:00,81.4,97,0.0,0.0,0.0
2019-08-10 07:00:00,81.0,97,0.0,0.01,0.0
2019-08-10 08:00:00,80.6,92,0.0,0.04,56.0
2019-08-10 09:00:00,82.6,79,0.0,0.17,222.0
2019-08-10 10:00:00,85.7,64,0.0,0.34,430.0
2019-08-10 11:00:00,89.2,54,0.1,0.49,599.0
2019-08-10 12:00:00,92.8,47,0.0,0.62,742.0
2019-08-10 13:00:00,96.0,43,0.0,0.68,788.0
2019-08-10 14:00:00,98.4,40,0.0,0.69,773.0
2019-08-10 15:00:00,100.0,39,0.0,0.67,727.0
2019-08-10 16:00:00,99.1,59,1.7,0.49,549.0
2019-08-10 17:00:00,95.0,74,5.2,0.33,416.0
2019-08-10 18:00:00,92.8,54,0.0,0.33,330.0
2019-08-10 19:00:00,91.3,61,0.0,0.25,209.0
2019-08-10 20:00:00,85.9,68,0.0,0.12,61.0
2019-08-10 21:00:00,85.5,76,0.0,0.06,2.0
2019-08-10 22:00:00,84.8,81,0.0,0.02,0.0
2019-08-10 23:00:00,84.1,88,0.0,0.0,0.0
2019-08-11 00:00:00,83.4,90,0.0,0.0,0.0
2019-08-11 01:00:00,82.7,91,0.0,0.0,0.0
2019-08-11 02:00:00,82.1,93,0.0,0.0,0.0
2019-08-11 03:00:00,81.7,95,0.0,0.0,0.0
2019-08-11 04:00:00,81.1,96,0.0,0.0,0.0
2019-08-11 05:00:00,80.6,97,0.0,0.0,0.0
2019-08-11 06:00:00,80.2,98,0.0,0.0,0.0
2019-08-11 07:00:00,79.9,99,0.0,0.0,0.0
2019-08-11 08:00:00,78.8,96,0.0,0.03,55.0
2019-08-11 09:00:00,80.7,86,0.0,0.15,218.0
2019-08-11 10:00:00,83.6,73,0.0,0.31,416.0
2019-08-11 11:00:00,86.8,60,0.0,0.47,606.0
2019-08-11 12:00:00,90.1,52,0.1,0.59,741.0
2019-08-11 13:00:00,92.8,49,0.0,0.64,796.0
2019-08-11 14:00:00,95.0,46,0.0,0.63,767.0
2019-08-11 15:00:00,96.7,44,0.0,0.65,788.0
2019-08-11 16:00:00,96.3,61,0.6,0.53,637.0
2019-08-11 17:00:00,94.6,62,0.1,0.4,466.0
2019-08-11 18:00:00,93.2,62,0.1,0.3,323.0
2019-08-11 19:00:00,91.4,69,0.5,0.17,197.0
2019-08-11 20:00:00,90.6,71,8.4,0.06,46.0
2019-08-11 21:00:00,88.2,82,2.6,0.05,1.0
2019-08-11 22:00:00,84.1,93,2.8,0.0,0.0
2019-08-11 23:00:00,81.9,96,0.1,0.0,0.0
2019-08-12 00:00:00,80.6,98,0.0,0.0,0.0
2019-08-12 01:00:00,79.8,97,0.0,0.0,0.0
2019-08-12 02:00:00,79.3,97,0.0,0.0,0.0
2019-08-12 03:00:00,78.9,99,0.0,0.0,0.0
2019-08-12 04:00:00,78.5,100,0.0,0.0,0.0
2019-08-12 05:00:00,78.2,100,0.0,0.0,0.0
2019-08-12 06:00:00,77.9,100,0.0,0.0,0.0
2019-08-12 07:00:00,77.7,100,0.0,0.0,0.0
2019-08-12 08:00:00,78.5,100,0.0,0.02,53.0
2019-08-12 09:00:00,79.0,93,0.1,0.08,117.0
2019-08-12 10:00:00,80.0,87,0.0,0.17,242.0
2019-08-12 11:00:00,82.7,76,0.0,0.36,489.0
2019-08-12 12:00:00,86.5,65,0.1,0.52,672.0
2019-08-12 13:00:00,89.5,59,0.1,0.51,636.0
2019-08-12 14:00:00,91.9,54,0.1,0.57,704.0
2019-08-12 15:00:00,93.0,61,0.4,0.46,569.0
2019-08-12 16:00:00,89.9,79,4.9,0.3,390.0
2019-08-12 17:00:00,89.5,69,0.2,0.38,499.0
2019-08-12 18:00:00,89.1,72,0.2,0.28,364.0
2019-08-12 19:00:00,87.5,79,0.1,0.11,127.0
2019-08-12 20:00:00,86.6,75,0.0,0.06,55.0
2019-08-12 21:00:00,85.3,84,0.3,0.04,1.0
2019-08-12 22:00:00,83.7,93,0.1,0.0,0.0
2019-08-12 23:00:00,82.6,91,0.0,0.0,0.0
2019-08-13 00:00:00,81.7,95,0.0,0.0,0.0
2019-08-13 01:00:00,81.0,96,0.0,0.0,0.0
2019-08-13 02:00:00,80.3,98,0.0,0.0,0.0
2019-08-13 03:00:00,79.8,98,0.0,0.0,0.0
2019-08-13 04:00:00,79.3,98,0.0,0.0,0.0
2019-08-13 05:00:00,78.9,99,0.0,0.0,0.0
2019-08-13 06:00:00,78.6,99,0.0,0.0,0.0
2019-08-13 07:00:00,78.4,99,0.0,0.0,0.0
2019-08-13 08:00:00,78.2,95,0.0,0.03,49.0
2019-08-13 09:00:00,80.3,86,0.0,0.15,224.0
2019-08-13 10:00:00,83.0,78,0.0,0.31,418.0
2019-08-13 11:00:00,85.6,73,0.0,0.43,575.0
2019-08-13 12:00:00,87.9,68,0.1,0.51,653.0
2019-08-13 13:00:00,89.4,56,0.0,0.53,645.0
2019-08-13 14:00:00,90.3,49,0.0,0.42,503.0
2019-08-13 15:00:00,90.5,68,0.0,0.45,556.0
2019-08-13 16:00:00,91.1,63,0.0,0.52,667.0
2019-08-13 17:00:00,91.4,64,0.1,0.45,559.0
2019-08-13 18:00:00,90.6,67,0.2,0.31,386.0
2019-08-13 19:00:00,88.8,79,1.2,0.15,192.0
2019-08-13 20:00:00,88.0,70,0.0,0.08,67.0
2019-08-13 21:00:00,86.5,78,0.1,0.03,1.0
2019-08-13 22:00:00,85.0,83,0.3,0.01,0.0
2019-08-13 23:00:00,83.8,88,0.0,0.0,0.0
2019-08-14 00:00:00,82.8,90,0.0,0.0,0.0
2019-08-14 01:00:00,82.0,92,0.0,0.0,0.0
2019-08-14 02:00:00,81.5,96,0.0,0.0,0.0
2019-08-14 03:00:00,81.1,98,0.0,0.0,0.0
2019-08-14 04:00:00,80.8,98,0.0,0.0,0.0
2019-08-14 05:00:00,80.3,99,0.0,0.0,0.0
2019-08-14 06:00:00,79.9,99,0.0,0.0,0.0
2019-08-14 07:00:00,79.7,99,0.0,0.0,0.0
2019-08-14 08:00:00,79.8,93,0.0,0.03,53.0
2019-08-14 09:00:00,81.8,84,0.0,0.15,210.0
2019-08-14 10:00:00,84.4,69,0.0,0.31,420.0
2019-08-14 11:00:00,87.2,58,0.0,0.47,606.0
2019-08-14 12:00:00,89.9,53,0.0,0.59,738.0
2019-08-14 13:00:00,91.9,53,0.1,0.66,812.0
2019-08-14 14:00:00,91.0,83,2.7,0.47,693.0
2019-08-14 15:00:00,90.5,63,0.1,0.58,736.0
2019-08-14 16:00:00,90.8,66,1.2,0.5,630.0
2019-08-14 17:00:00,88.7,69,2.8,0.44,568.0
2019-08-14 18:00:00,87.5,70,0.4,0.29,354.0
2019-08-14 19:00:00,86.5,72,0.0,0.16,161.0
2019-08-14 20:00:00,86.9,88,0.0,0.04,58.0
2019-08-14 21:00:00,83.7,98,4.2,0.01,0.0
2019-08-14 22:00:00,81.7,99,0.2,0.0,0.0
2019-08-14 23:00:00,80.6,99,0.6,0.0,0.0
2019-08-15 00:00:00,80.0,97,0.2,0.0,0.0
2019-08-15 01:00:00,79.4,98,0.0,0.0,0.0
2019-08-15 02:00:00,79.1,98,0.0,0.0,0.0
2019-08-15 03:00:00,78.9,98,0.0,0.0,0.0
2019-08-15 04:00:00,78.8,99,0.0,0.0,0.0
2019-08-15 05:00:00,78.7,99,0.0,0.0,0.0
2019-08-15 06:00:00,78.6,99,0.0,0.0,0.0
2019-08-15 07:00:00,78.5,99,0.0,0.0,0.0
2019-08-15 08:00:00,78.4,94,0.0,0.03,38.0
2019-08-15 09:00:00,79.5,85,0.0,0.13,173.0
2019-08-15 10:00:00,81.2,78,0.0,0.26,349.0
2019-08-15 11:00:00,83.0,74,0.3,0.34,455.0
2019-08-15 12:00:00,82.0,90,2.5,0.2,285.0
2019-08-15 13:00:00,82.0,84,0.2,0.25,348.0
2019-08-15 14:00:00,83.8,75,0.1,0.46,632.0
2019-08-15 15:00:00,85.1,74,0.1,0.39,509.0
2019-08-15 16:00:00,86.1,75,0.1,0.38,496.0
2019-08-15 17:00:00,86.2,75,0.0,0.28,360.0
2019-08-15 18:00:00,86.0,73,0.0,0.22,251.0
2019-08-15 19:00:00,85.1,76,0.2,0.13,118.0
2019-08-15 20:00:00,85.0,76,0.0,0.07,26.0
2019-08-15 21:00:00,83.8,81,0.0,0.05,0.0
2019-08-15 22:00:00,82.6,87,0.0,0.01,0.0
2019-08-15 23:00:00,81.8,89,0.0,0.01,0.0
2019-08-16 00:00:00,81.1,90,0.0,0.01,0.0
2019-08-16 01:00:00,80.5,93,0.0,0.0,0.0
2019-08-16 02:00:00,79.9,95,0.1,0.0,0.0
2019-08-16 03:00:00,79.3,97,0.0,0.0,0.0
2019-08-16 04:00:00,78.7,97,0.4,0.0,0.0
2019-08-16 05:00:00,78.2,98,0.2,0.0,0.0
2019-08-16 06:00:00,77.7,98,0.0,0.0,0.0
2019-08-16 07:00:00,77.5,99,0.0,0.0,0.0
2019-08-16 08:00:00,79.1,91,0.0,0.04,37.0
2019-08-16 09:00:00,79.8,82,0.0,0.13,168.0
2019-08-16 10:00:00,80.8,78,0.1,0.19,236.0
2019-08-16 11:00:00,81.8,81,0.1,0.23,294.0
2019-08-16 12:00:00,83.2,76,0.0,0.29,382.0
2019-08-16 13:00:00,85.2,72,0.0,0.4,522.0
2019-08-16 14:00:00,86.2,72,1.9,0.38,491.0
2019-08-16 15:00:00,84.0,88,12.5,0.3,439.0
2019-08-16 16:00:00,82.7,90,0.7,0.16,204.0
2019-08-16 17:00:00,81.8,92,2.5,0.17,236.0
2019-08-16 18:00:00,81.5,87,0.2,0.16,209.0
2019-08-16 19:00:00,81.2,88,0.1,0.11,135.0
2019-08-16 20:00:00,80.2,93,0.1,0.03,33.0
2019-08-16 21:00:00,79.5,91,0.0,0.02,0.0
2019-08-16 22:00:00,79.1,93,0.1,0.0,0.0
2019-08-16 23:00:00,78.6,92,0.0,0.0,0.0
2019-08-17 00:00:00,78.2,94,0.0,0.0,0.0
2019-08-17 01:00:00,77.9,96,0.0,0.0,0.0
2019-08-17 02:00:00,77.7,97,0.0,0.0,0.0
2019-08-17 03:00:00,77.5,98,0.0,0.0,0.0
2019-08-17 04:00:00,77.3,99,0.0,0.0,0.0
2019-08-17 05:00:00,77.3,98,0.1,0.0,0.0
2019-08-17 06:00:00,77.0,97,0.7,0.0,0.0
2019-08-17 07:00:00,76.5,100,1.6,0.0,0.0
2019-08-17 08:00:00,76.6,96,2.9,0.02,21.0
2019-08-17 09:00:00,77.4,89,0.1,0.09,122.0
2019-08-17 10:00:00,77.6,93,0.8,0.07,91.0
2019-08-17 11:00:00,77.6,99,2.0,0.09,121.0
2019-08-17 12:00:00,77.9,99,7.7,0.12,191.0
2019-08-17 13:00:00,78.1,99,5.7,0.14,231.0
2019-08-17 14:00:00,78.7,88,2.3,0.26,408.0
2019-08-17 15:00:00,78.3,92,2.4,0.15,214.0
2019-08-17 16:00:00,78.7,90,0.7,0.22,345.0
2019-08-17 17:00:00,79.3,88,0.2,0.26,421.0
2019-08-17 18:00:00,79.5,84,0.1,0.21,306.0
2019-08-17 19:00:00,79.5,84,0.0,0.14,191.0
2019-08-17 20:00:00,76.8,97,0.0,0.04,64.0
2019-08-17 21:00:00,76.5,98,0.0,0.01,0.0
2019-08-17 22:00:00,76.4,98,0.0,0.0,0.0
2019-08-17 23:00:00,76.1,99,0.0,0.0,0.0
2019-08-18 00:00:00,75.9,99,0.0,0.0,0.0
2019-08-18 01:00:00,75.8,98,0.0,0.0,0.0
2019-08-18 02:00:00,75.7,99,0.1,0.0,0.0
2019-08-18 03:00:00,75.5,99,0.2,0.0,0.0
2019-08-18 04:00:00,75.4,98,0.0,0.0,0.0
2019-08-18 05:00:00,75.3,98,0.0,0.0,0.0
2019-08-18 06:00:00,75.2,98,0.0,0.0,0.0
2019-08-18 07:00:00,75.1,98,0.0,0.0,0.0
2019-08-18 08:00:00,74.8,97,0.0,0.02,22.0
2019-08-18 09:00:00,75.2,92,0.0,0.09,127.0
2019-08-18 10:00:00,76.0,89,0.0,0.14,203.0
2019-08-18 11:00:00,77.3,82,0.1,0.23,315.0
2019-08-18 12:00:00,78.4,72,0.0,0.32,413.0
2019-08-18 13:00:00,78.9,70,0.0,0.31,407.0
2019-08-18 14:00:00,80.0,72,0.3,0.41,576.0
2019-08-18 15:00:00,79.9,82,0.6,0.27,383.0
2019-08-18 16:00:00,78.9,90,2.7,0.22,332.0
2019-08-18 17:00:00,77.7,99,0.7,0.06,87.0
2019-08-18 18:00:00,77.4,95,0.8,0.1,142.0
2019-08-18 19:00:00,77.0,95,0.3,0.07,111.0
2019-08-18 20:00:00,76.0,99,0.6,0.03,47.0
2019-08-18 21:00:00,75.1,98,2.3,0.01,0.0
2019-08-18 22:00:00,74.5,99,0.9,0.0,0.0
2019-08-18 23:00:00,74.3,97,0.1,0.0,0.0
2019-08-19 00:00:00,74.3,97,0.0,0.0,0.0
2019-08-19 01:00:00,74.4,99,0.3,0.0,0.0
2019-08-19 02:00:00,74.1,99,1.9,0.0,0.0
2019-08-19 03:00:00,73.9,99,2.2,0.0,0.0
2019-08-19 04:00:00,73.5,99,2.8,0.0,0.0
2019-08-19 05:00:00,73.4,99,5.1,0.0,0.0
2019-08-19 06:00:00,73.3,100,1.9,0.0,0.0
2019-08-19 07:00:00,73.4,99,1.3,0.0,0.0
2019-08-19 08:00:00,74.1,99,0.5,0.02,17.0
2019-08-19 09:00:00,74.5,99,1.1,0.04,55.0
2019-08-19 10:00:00,74.6,99,1.2,0.05,64.0
2019-08-19 11:00:00,74.5,99,1.1,0.05,75.0
2019-08-19 12:00:00,74.8,99,0.9,0.11,180.0
2019-08-19 13:00:00,75.0,98,0.8,0.13,204.0
2019-08-19 14:00:00,76.3,92,0.5,0.22,335.0
2019-08-19 15:00:00,77.5,90,1.1,0.25,367.0
2019-08-19 16:00:00,77.8,92,2.4,0.23,352.0
2019-08-19 17:00:00,77.4,92,1.3,0.12,158.0
2019-08-19 18:00:00,77.2,90,0.1,0.11,141.0
2019-08-19 19:00:00,77.1,90,0.2,0.09,114.0
2019-08-19 20:00:00,77.3,91,0.0,0.03,29.0
2019-08-19 21:00:00,76.6,94,0.0,0.02,0.0
2019-08-19 22:00:00,76.1,95,0.0,0.0,0.0
2019-08-19 23:00:00,75.7,93,0.0,0.0,0.0
2019-08-20 00:00:00,75.4,95,0.1,0.0,0.0
2019-08-20 01:00:00,74.9,97,0.0,0.0,0.0
2019-08-20 02:00:00,74.6,98,0.0,0.0,0.0
2019-08-20 03:00:00,74.4,98,0.0,0.0,0.0
2019-08-20 04:00:00,74.1,98,0.0,0.0,0.0
2019-08-20 05:00:00,73.4,98,0.0,0.0,0.0
2019-08-20 06:00:00,73.0,99,0.0,0.0,0.0
2019-08-20 07:00:00,73.2,99,0.0,0.0,0.0
2019-08-20 08:00:00,74.4,98,0.0,0.02,35.0
2019-08-20 09:00:00,74.9,96,0.0,0.05,70.0
2019-08-20 10:00:00,76.0,93,0.0,0.12,164.0
2019-08-20 11:00:00,77.8,83,0.0,0.26,358.0
2019-08-20 12:00:00,80.4,71,0.0,0.5,692.0
2019-08-20 13:00:00,82.7,67,0.1,0.62,846.0
2019-08-20 14:00:00,84.0,64,0.0,0.57,751.0
2019-08-20 15:00:00,84.9,63,0.0,0.54,706.0
2019-08-20 16:00:00,84.9,64,0.0,0.4,522.0
2019-08-20 17:00:00,84.7,69,0.0,0.34,461.0
2019-08-20 18:00:00,84.0,72,0.0,0.23,293.0
2019-08-20 19:00:00,83.0,79,0.0,0.14,176.0
2019-08-20 20:00:00,82.4,85,0.0,0.05,53.0
2019-08-20 21:00:00,81.0,87,0.0,0.03,0.0
2019-08-20 22:00:00,79.8,91,0.0,0.0,0.0
2019-08-20 23:00:00,78.8,93,0.0,0.0,0.0
2019-08-21 00:00:00,78.2,95,0.0,0.0,0.0
2019-08-21 01:00:00,77.5,97,0.0,0.0,0.0
2019-08-21 02:00:00,77.0,98,0.0,0.0,0.0
2019-08-21 03:00:00,76.6,98,0.0,0.0,0.0
2019-08-21 04:00:00,76.3,97,0.0,0.0,0.0
2019-08-21 05:00:00,75.9,98,0.0,0.0,0.0
2019-08-21 06:00:00,75.6,96,0.0,0.0,0.0
2019-08-21 07:00:00,75.1,99,0.0,0.0,0.0
2019-08-21 08:00:00,76.5,95,0.0,0.02,45.0
2019-08-21 09:00:00,77.6,89,0.0,0.12,183.0
2019-08-21 10:00:00,79.6,80,0.0,0.29,412.0
2019-08-21 11:00:00,81.8,71,0.2,0.42,578.0
2019-08-21 12:00:00,83.6,67,0.2,0.5,665.0
2019-08-21 13:00:00,85.1,64,0.1,0.56,734.0
2019-08-21 14:00:00,86.0,59,0.1,0.53,685.0
2019-08-21 15:00:00,86.9,58,0.0,0.56,731.0
2019-08-21 16:00:00,87.3,57,0.1,0.48,635.0
2019-08-21 17:00:00,87.1,60,0.0,0.37,487.0
2019-08-21 18:00:00,85.9,70,0.0,0.23,288.0
2019-08-21 19:00:00,84.5,82,0.0,0.12,149.0
2019-08-21 20:00:00,84.8,59,0.0,0.05,46.0
2019-08-21 21:00:00,82.9,80,0.0,0.03,0.0
2019-08-21 22:00:00,81.6,81,0.0,0.0,0.0
2019-08-21 23:00:00,80.5,80,0.0,0.01,0.0
2019-08-22 00:00:00,79.6,85,0.0,0.0,0.0
2019-08-22 01:00:00,78.7,91,0.0,0.0,0.0
2019-08-22 02:00:00,78.1,90,0.0,0.0,0.0
2019-08-22 03:00:00,77.6,91,0.0,0.0,0.0
2019-08-22 04:00:00,77.3,94,0.0,0.0,0.0
2019-08-22 05:00:00,76.9,96,0.0,0.0,0.0
2019-08-22 06:00:00,76.6,97,0.0,0.0,0.0
2019-08-22 07:00:00,76.1,96,0.0,0.0,0.0
2019-08-22 08:00:00,77.1,94,0.0,0.02,45.0
2019-08-22 09:00:00,78.5,88,0.0,0.13,190.0
2019-08-22 10:00:00,80.5,81,0.1,0.28,397.0
2019-08-22 11:00:00,82.8,77,0.1,0.41,564.0
2019-08-22 12:00:00,84.9,71,0.0,0.53,712.0
2019-08-22 13:00:00,86.6,68,0.1,0.58,758.0
2019-08-22 14:00:00,87.9,64,0.1,0.59,762.0
2019-08-22 15:00:00,88.6,63,0.0,0.54,699.0
2019-08-22 16:00:00,89.0,62,0.0,0.5,654.0
2019-08-22 17:00:00,87.8,72,0.4,0.33,421.0
2019-08-22 18:00:00,86.8,75,0.0,0.24,318.0
2019-08-22 19:00:00,85.8,81,0.0,0.13,162.0
2019-08-22 20:00:00,86.3,65,0.5,0.07,45.0
2019-08-22 21:00:00,84.4,66,0.0,0.06,0.0
2019-08-22 22:00:00,82.9,71,0.0,0.03,0.0
2019-08-22 23:00:00,81.7,78,0.0,0.01,0.0
2019-08-23 00:00:00,80.6,83,0.0,0.0,0.0
2019-08-23 01:00:00,79.9,83,0.0,0.0,0.0
2019-08-23 02:00:00,79.2,87,0.0,0.0,0.0
2019-08-23 03:00:00,78.5,91,0.0,0.0,0.0
2019-08-23 04:00:00,77.9,94,0.0,0.0,0.0
2019-08-23 05:00:00,77.5,95,0.0,0.0,0.0
2019-08-23 06:00:00,77.0,96,0.0,0.0,0.0
2019-08-23 07:00:00,76.6,98,0.0,0.0,0.0
2019-08-23 08:00:00,77.4,94,0.0,0.02,44.0
2019-08-23 09:00:00,78.9,86,0.0,0.14,218.0
2019-08-23 10:00:00,81.2,77,0.1,0.3,421.0
2019-08-23 11:00:00,83.4,70,0.3,0.4,553.0
2019-08-23 12:00:00,85.1,68,0.0,0.45,592.0
2019-08-23 13:00:00,86.6,64,0.0,0.53,702.0
2019-08-23 14:00:00,88.1,59,0.0,0.61,791.0
2019-08-23 15:00:00,89.2,58,0.2,0.61,793.0
2019-08-23 16:00:00,89.4,59,0.0,0.47,607.0
2019-08-23 17:00:00,89.4,58,0.0,0.39,493.0
2019-08-23 18:00:00,88.5,74,0.7,0.27,356.0
2019-08-23 19:00:00,87.4,76,0.0,0.14,195.0
2019-08-23 20:00:00,87.1,79,0.2,0.04,52.0
2019-08-23 21:00:00,85.0,85,0.0,0.03,0.0
2019-08-23 22:00:00,83.3,77,0.0,0.0,0.0
2019-08-23 23:00:00,82.0,84,0.0,0.0,0.0
2019-08-24 00:00:00,80.9,85,0.0,0.0,0.0
2019-08-24 01:00:00,80.1,82,0.0,0.01,0.0
2019-08-24 02:00:00,79.4,85,0.0,0.01,0.0
2019-08-24 03:00:00,78.8,90,0.0,0.0,0.0
2019-08-24 04:00:00,78.1,95,0.0,0.0,0.0
2019-08-24 05:00:00,77.5,97,0.0,0.0,0.0
2019-08-24 06:00:00,76.9,98,0.0,0.0,0.0
2019-08-24 07:00:00,76.5,98,0.0,0.0,0.0
2019-08-24 08:00:00,77.4,94,0.0,0.02,41.0
2019-08-24 09:00:00,78.6,87,0.0,0.11,161.0
2019-08-24 10:00:00,81.0,73,0.0,0.28,396.0
2019-08-24 11:00:00,83.7,65,0.0,0.45,614.0
2019-08-24 12:00:00,85.7,60,0.0,0.52,680.0
2019-08-24 13:00:00,87.8,53,0.0,0.62,800.0
2019-08-24 14:00:00,89.4,49,0.0,0.66,829.0
2019-08-24 15:00:00,90.8,45,0.0,0.66,829.0
2019-08-24 16:00:00,91.7,44,0.0,0.62,761.0
2019-08-24 17:00:00,91.7,44,0.0,0.5,593.0
2019-08-24 18:00:00,90.9,50,0.0,0.36,394.0
2019-08-24 19:00:00,89.2,62,0.0,0.2,197.0
2019-08-24 20:00:00,88.0,66,0.0,0.06,46.0
2019-08-24 21:00:00,85.2,86,2.9,0.01,0.0
2019-08-24 22:00:00,82.0,95,1.3,0.0,0.0
2019-08-24 23:00:00,80.2,97,1.7,0.0,0.0
2019-08-25 00:00:00,79.0,100,0.2,0.0,0.0
2019-08-25 01:00:00,78.2,100,0.7,0.0,0.0
2019-08-25 02:00:00,77.6,100,0.8,0.0,0.0
2019-08-25 03:00:00,77.3,100,0.7,0.0,0.0
2019-08-25 04:00:00,77.0,100,0.7,0.0,0.0
2019-08-25 05:00:00,76.8,99,0.5,0.0,0.0
2019-08-25 06:00:00,76.7,100,0.3,0.0,0.0
2019-08-25 07:00:00,76.7,99,0.2,0.0,0.0
2019-08-25 08:00:00,78.5,94,0.1,0.02,18.0
2019-08-25 09:00:00,79.4,86,0.0,0.13,176.0
2019-08-25 10:00:00,80.9,83,0.2,0.24,349.0
2019-08-25 11:00:00,82.7,77,0.1,0.34,472.0
2019-08-25 12:00:00,84.8,70,0.0,0.49,662.0
2019-08-25 13:00:00,86.8,65,0.1,0.57,767.0
2019-08-25 14:00:00,88.1,63,0.1,0.56,732.0
2019-08-25 15:00:00,89.0,62,0.0,0.53,678.0
2019-08-25 16:00:00,89.3,61,0.0,0.46,571.0
2019-08-25 17:00:00,88.3,67,0.7,0.3,366.0
2019-08-25 18:00:00,85.9,87,2.7,0.19,260.0
2019-08-25 19:00:00,83.3,93,0.5,0.07,91.0
2019-08-25 20:00:00,81.5,82,0.1,0.06,32.0
2019-08-25 21:00:00,80.2,87,0.0,0.01,0.0
2019-08-25 22:00:00,79.2,89,0.0,0.01,0.0
2019-08-25 23:00:00,78.5,91,0.0,0.0,0.0
2019-08-26 00:00:00,77.9,93,0.0,0.0,0.0
2019-08-26 01:00:00,77.5,92,0.0,0.0,0.0
2019-08-26 02:00:00,77.1,90,0.0,0.0,0.0
2019-08-26 03:00:00,76.6,91,0.0,0.0,0.0
2019-08-26 04:00:00,76.2,92,0.0,0.0,0.0
2019-08-26 05:00:00,75.8,94,0.0,0.0,0.0
2019-08-26 06:00:00,75.4,94,0.0,0.0,0.0
2019-08-26 07:00:00,75.1,96,0.0,0.0,0.0
2019-08-26 08:00:00,75.7,92,0.0,0.02,41.0
2019-08-26 09:00:00,76.9,83,0.0,0.15,211.0
2019-08-26 10:00:00,78.8,72,0.0,0.28,391.0
2019-08-26 11:00:00,80.8,66,0.0,0.35,459.0
2019-08-26 12:00:00,82.6,65,0.0,0.39,502.0
2019-08-26 13:00:00,84.7,63,0.1,0.56,737.0
2019-08-26 14:00:00,86.5,59,0.0,0.57,748.0
2019-08-26 15:00:00,87.5,59,0.1,0.54,701.0
2019-08-26 16:00:00,88.4,58,0.0,0.51,667.0
2019-08-26 17:00:00,88.4,63,0.1,0.38,499.0
2019-08-26 18:00:00,87.3,75,0.9,0.21,277.0
2019-08-26 19:00:00,83.7,95,4.8,0.08,117.0
2019-08-26 20:00:00,81.9,96,0.4,0.02,24.0
2019-08-26 21:00:00,79.7,97,2.5,0.0,0.0
2019-08-26 22:00:00,78.4,97,0.2,0.0,0.0
2019-08-26 23:00:00,77.5,97,0.0,0.0,0.0
2019-08-27 00:00:00,77.1,98,0.0,0.0,0.0
2019-08-27 01:00:00,76.7,98,0.0,0.0,0.0
2019-08-27 02:00:00,76.1,99,0.0,0.0,0.0
2019-08-27 03:00:00,75.8,99,0.0,0.0,0.0
2019-08-27 04:00:00,75.7,98,0.0,0.0,0.0
2019-08-27 05:00:00,75.4,98,0.0,0.0,0.0
2019-08-27 06:00:00,75.1,99,0.0,0.0,0.0
2019-08-27 07:00:00,74.8,99,0.0,0.0,0.0
2019-08-27 08:00:00,75.6,97,0.0,0.02,37.0
2019-08-27 09:00:00,76.8,90,0.0,0.11,171.0
2019-08-27 10:00:00,79.0,84,0.0,0.25,361.0
2019-08-27 11:00:00,82.0,78,0.0,0.4,556.0
2019-08-27 12:00:00,84.7,66,0.1,0.55,735.0
2019-08-27 13:00:00,86.2,60,0.1,0.51,657.0
2019-08-27 14:00:00,86.5,71,0.8,0.5,694.0
2019-08-27 15:00:00,86.6,69,0.2,0.53,716.0
2019-08-27 16:00:00,86.5,73,0.5,0.45,622.0
2019-08-27 17:00:00,85.3,79,0.3,0.27,357.0
2019-08-27 18:00:00,84.0,82,0.2,0.19,248.0
2019-08-27 19:00:00,83.0,84,0.0,0.12,160.0
2019-08-27 20:00:00,79.9,93,0.0,0.03,37.0
2019-08-27 21:00:00,78.9,96,0.0,0.0,0.0
2019-08-27 22:00:00,78.2,97,0.0,0.0,0.0
2019-08-27 23:00:00,77.7,97,0.0,0.0,0.0
2019-08-28 00:00:00,77.4,97,0.0,0.0,0.0
2019-08-28 01:00:00,77.0,97,0.0,0.0,0.0
2019-08-28 02:00:00,76.7,98,0.0,0.0,0.0
2019-08-28 03:00:00,76.6,97,0.0,0.0,0.0
2019-08-28 04:00:00,76.3,97,0.0,0.0,0.0
2019-08-28 05:00:00,75.8,98,0.0,0.0,0.0
2019-08-28 06:00:00,75.5,98,0.0,0.0,0.0
2019-08-28 07:00:00,75.2,98,0.0,0.0,0.0
2019-08-28 08:00:00,75.2,97,0.0,0.02,37.0
2019-08-28 09:00:00,76.5,86,0.0,0.14,210.0
2019-08-28 10:00:00,78.3,77,0.0,0.28,400.0
2019-08-28 11:00:00,80.4,70,0.1,0.41,568.0
2019-08-28 12:00:00,82.2,65,0.3,0.49,657.0
2019-08-28 13:00:00,83.8,63,0.3,0.56,738.0
2019-08-28 14:00:00,85.3,61,0.0,0.58,746.0
2019-08-28 15:00:00,86.5,59,0.0,0.6,769.0
2019-08-28 16:00:00,87.2,57,0.0,0.55,696.0
2019-08-28 17:00:00,87.2,57,0.0,0.44,526.0
2019-08-28 18:00:00,86.7,58,0.0,0.31,361.0
2019-08-28 19:00:00,85.7,66,0.0,0.16,176.0
2019-08-28 20:00:00,84.4,78,0.0,0.05,44.0
2019-08-28 21:00:00,82.4,70,0.0,0.04,0.0
2019-08-28 22:00:00,81.5,65,0.0,0.08,0.0
2019-08-28 23:00:00,80.8,70,0.0,0.05,0.0
2019-08-29 00:00:00,80.1,73,0.0,0.04,0.0
2019-08-29 01:00:00,79.3,76,0.0,0.03,0.0
2019-08-29 02:00:00,78.7,79,0.0,0.02,0.0
2019-08-29 03:00:00,78.2,81,0.0,0.02,0.0
2019-08-29 04:00:00,77.5,83,0.0,0.01,0.0
2019-08-29 05:00:00,76.6,86,0.0,0.01,0.0
2019-08-29 06:00:00,75.9,88,0.0,0.0,0.0
2019-08-29 07:00:00,75.3,90,0.0,0.0,0.0
2019-08-29 08:00:00,74.8,89,0.0,0.03,42.0
2019-08-29 09:00:00,76.4,80,0.0,0.15,221.0
2019-08-29 10:00:00,78.8,72,0.0,0.31,433.0
2019-08-29 11:00:00,81.5,65,0.0,0.46,627.0
2019-08-29 12:00:00,84.0,58,0.0,0.58,766.0
2019-08-29 13:00:00,86.3,51,0.0,0.67,867.0
2019-08-29 14:00:00,87.9,46,0.0,0.68,848.0
2019-08-29 15:00:00,88.9,42,0.0,0.62,752.0
2019-08-29 16:00:00,89.5,39,0.0,0.59,692.0
2019-08-29 17:00:00,89.5,39,0.0,0.48,548.0
2019-08-29 18:00:00,89.2,43,0.0,0.32,379.0
2019-08-29 19:00:00,88.2,50,0.0,0.21,212.0
2019-08-29 20:00:00,86.5,56,0.0,0.07,47.0
2019-08-29 21:00:00,84.0,63,0.0,0.05,0.0
2019-08-29 22:00:00,82.4,71,0.0,0.03,0.0
2019-08-29 23:00:00,81.0,76,0.0,0.01,0.0
2019-08-30 00:00:00,79.7,80,0.0,0.01,0.0
2019-08-30 01:00:00,78.8,83,0.0,0.01,0.0
2019-08-30 02:00:00,78.1,89,0.0,0.0,0.0
2019-08-30 03:00:00,77.3,94,0.0,0.0,0.0
2019-08-30 04:00:00,76.6,96,0.0,0.0,0.0
2019-08-30 05:00:00,76.0,97,0.0,0.0,0.0
2019-08-30 06:00:00,75.6,98,0.0,0.0,0.0
2019-08-30 07:00:00,75.1,98,0.0,0.0,0.0
2019-08-30 08:00:00,75.8,96,0.0,0.02,42.0
2019-08-30 09:00:00,77.0,85,0.0,0.14,228.0
2019-08-30 10:00:00,79.0,65,0.0,0.32,449.0
2019-08-30 11:00:00,81.4,49,0.0,0.5,635.0
2019-08-30 12:00:00,83.8,45,0.0,0.61,770.0
2019-08-30 13:00:00,85.9,47,0.0,0.67,838.0
2019-08-30 14:00:00,87.5,52,0.2,0.66,829.0
2019-08-30 15:00:00,86.6,68,0.5,0.45,598.0
2019-08-30 16:00:00,85.7,69,0.3,0.36,448.0
2019-08-30 17:00:00,85.5,68,0.1,0.32,388.0
2019-08-30 18:00:00,85.0,73,0.5,0.27,341.0
2019-08-30 19:00:00,83.3,79,0.3,0.14,153.0
2019-08-30 20:00:00,83.8,80,0.1,0.05,35.0
2019-08-30 21:00:00,82.4,83,0.0,0.02,0.0
2019-08-30 22:00:00,81.4,86,0.0,0.01,0.0
2019-08-30 23:00:00,80.5,90,0.0,0.01,0.0
2019-08-31 00:00:00,79.7,92,0.0,0.0,0.0
2019-08-31 01:00:00,79.0,92,0.0,0.0,0.0
2019-08-31 02:00:00,78.5,93,0.0,0.0,0.0
2019-08-31 03:00:00,78.1,95,0.0,0.0,0.0
2019-08-31 04:00:00,77.8,96,0.0,0.0,0.0
2019-08-31 05:00:00,77.5,98,0.0,0.0,0.0
2019-08-31 06:00:00,77.2,98,0.0,0.0,0.0
2019-08-31 07:00:00,77.0,97,0.0,0.0,0.0
2019-08-31 08:00:00,78.1,95,0.0,0.02,25.0
2019-08-31 09:00:00,78.9,89,0.0,0.09,118.0
2019-08-31 10:00:00,80.2,81,0.0,0.21,285.0
2019-08-31 11:00:00,82.0,72,0.0,0.33,433.0
2019-08-31 12:00:00,83.8,71,0.0,0.43,584.0
2019-08-31 13:00:00,85.5,67,0.0,0.51,678.0
2019-08-31 14:00:00,86.6,63,0.0,0.5,633.0
2019-08-31 15:00:00,86.7,68,0.4,0.37,450.0
2019-08-31 16:00:00,83.6,89,6.8,0.21,292.0
2019-08-31 17:00:00,82.0,90,0.5,0.14,178.0
2019-08-31 18:00:00,81.3,84,0.1,0.14,176.0
2019-08-31 19:00:00,81.0,84,0.0,0.11,126.0
2019-08-31 20:00:00,82.7,78,0.0,0.06,32.0
2019-08-31 21:00:00,81.5,82,0.6,0.02,0.0
2019-08-31 22:00:00,80.1,90,0.1,0.01,0.0
2019-08-31 23:00:00,78.9,94,0.0,0.0,0.0
2019-09-01 00:00:00,78.2,96,0.0,0.0,0.0
2019-09-01 01:00:00,77.6,98,0.0,0.0,0.0
2019-09-01 02:00:00,77.2,99,0.0,0.0,0.0
2019-09-01 03:00:00,76.8,99,0.0,0.0,0.0
2019-09-01 04:00:00,76.6,99,0.0,0.0,0.0
2019-09-01 05:00:00,76.5,99,0.0,0.0,0.0
2019-09-01 06:00:00,76.4,99,0.0,0.0,0.0
2019-09-01 07:00:00,76.5,99,0.0,0.0,0.0
2019-09-01 08:00:00,78.5,96,0.0,0.02,19.0
2019-09-01 09:00:00,79.1,90,0.1,0.1,143.0
2019-09-01 10:00:00,80.4,85,0.1,0.23,329.0
2019-09-01 11:00:00,82.1,80,0.1,0.33,456.0
2019-09-01 12:00:00,83.3,78,0.4,0.35,473.0
2019-09-01 13:00:00,84.9,66,0.5,0.49,636.0
2019-09-01 14:00:00,84.5,73,1.0,0.41,554.0
2019-09-01 15:00:00,85.6,63,0.0,0.52,683.0
2019-09-01 16:00:00,85.6,79,2.4,0.38,557.0
2019-09-01 17:00:00,84.0,79,0.3,0.29,401.0
2019-09-01 18:00:00,83.2,79,0.0,0.2,254.0
2019-09-01 19:00:00,82.7,80,0.0,0.13,146.0
2019-09-01 20:00:00,81.8,77,0.3,0.06,28.0
2019-09-01 21:00:00,81.1,79,0.0,0.04,0.0
2019-09-01 22:00:00,80.5,83,0.0,0.03,0.0
2019-09-01 23:00:00,80.0,89,0.0,0.01,0.0
2019-09-02 00:00:00,79.3,92,0.0,0.01,0.0
2019-09-02 01:00:00,78.9,93,0.0,0.0,0.0
2019-09-02 02:00:00,78.5,94,0.0,0.0,0.0
2019-09-02 03:00:00,78.4,92,0.0,0.0,0.0
2019-09-02 04:00:00,78.1,94,0.0,0.0,0.0
2019-09-02 05:00:00,78.0,92,0.0,0.0,0.0
2019-09-02 06:00:00,78.0,92,0.0,0.0,0.0
2019-09-02 07:00:00,77.9,92,0.0,0.0,0.0
2019-09-02 08:00:00,78.4,89,0.0,0.04,15.0
2019-09-02 09:00:00,78.8,85,0.1,0.09,82.0
2019-09-02 10:00:00,79.9,79,0.1,0.21,260.0
2019-09-02 11:00:00,81.4,74,0.1,0.31,399.0
2019-09-02 12:00:00,82.9,69,0.1,0.38,476.0
2019-09-02 13:00:00,83.7,73,0.8,0.44,616.0
2019-09-02 14:00:00,84.1,78,0.9,0.45,657.0
2019-09-02 15:00:00,85.2,64,0.1,0.52,671.0
2019-09-02 16:00:00,85.5,77,1.0,0.44,641.0
2019-09-02 17:00:00,84.7,77,0.4,0.33,470.0
2019-09-02 18:00:00,83.8,79,0.1,0.22,292.0
2019-09-02 19:00:00,83.1,83,0.0,0.13,178.0
2019-09-02 20:00:00,84.7,70,0.0,0.08,35.0
2019-09-02 21:00:00,83.1,77,0.1,0.06,0.0
2019-09-02 22:00:00,81.5,84,0.1,0.02,0.0
2019-09-02 23:00:00,80.2,87,0.0,0.01,0.0
2019-09-03 00:00:00,79.3,91,0.0,0.01,0.0
2019-09-03 01:00:00,78.7,93,0.0,0.0,0.0
2019-09-03 02:00:00,78.2,95,0.0,0.0,0.0
2019-09-03 03:00:00,77.8,96,0.0,0.0,0.0
2019-09-03 04:00:00,77.4,97,0.0,0.0,0.0
2019-09-03 05:00:00,77.0,97,0.0,0.0,0.0
2019-09-03 06:00:00,76.6,97,0.0,0.0,0.0
2019-09-03 07:00:00,76.5,97,0.0,0.0,0.0
2019-09-03 08:00:00,76.6,91,0.0,0.03,17.0
2019-09-03 09:00:00,77.5,89,0.5,0.08,92.0
2019-09-03 10:00:00,78.4,87,0.9,0.16,225.0
2019-09-03 11:00:00,79.6,85,0.2,0.24,339.0
2019-09-03 12:00:00,81.3,78,0.2,0.37,516.0
2019-09-03 13:00:00,83.7,68,0.2,0.51,685.0
2019-09-03 14:00:00,85.7,57,0.1,0.6,763.0
2019-09-03 15:00:00,87.2,53,0.1,0.59,703.0
2019-09-03 16:00:00,85.6,69,0.9,0.34,432.0
2019-09-03 17:00:00,85.8,61,0.1,0.42,514.0
2019-09-03 18:00:00,85.5,64,0.1,0.29,326.0
2019-09-03 19:00:00,84.7,68,0.0,0.18,186.0
2019-09-03 20:00:00,85.0,65,0.0,0.08,36.0
2019-09-03 21:00:00,83.7,66,0.0,0.07,0.0
2019-09-03 22:00:00,82.6,70,0.0,0.07,0.0
2019-09-03 23:00:00,81.8,74,0.0,0.06,0.0
2019-09-04 00:00:00,81.1,76,0.0,0.05,0.0
2019-09-04 01:00:00,80.5,75,0.0,0.05,0.0
2019-09-04 02:00:00,80.1,76,0.0,0.05,0.0
2019-09-04 03:00:00,79.6,77,0.0,0.05,0.0
2019-09-04 04:00:00,79.3,78,0.0,0.04,0.0
2019-09-04 05:00:00,79.0,79,0.0,0.04,0.0
2019-09-04 06:00:00,78.7,79,0.0,0.04,0.0
2019-09-04 07:00:00,78.4,80,0.0,0.04,0.0
2019-09-04 08:00:00,77.0,82,0.0,0.06,25.0
2019-09-04 09:00:00,78.1,78,0.0,0.12,80.0
2019-09-04 10:00:00,79.9,70,0.0,0.27,309.0
2019-09-04 11:00:00,82.0,62,0.1,0.4,460.0
2019-09-04 12:00:00,83.8,57,0.3,0.51,608.0
2019-09-04 13:00:00,85.2,57,0.1,0.52,604.0
2019-09-04 14:00:00,86.8,54,0.0,0.58,674.0
2019-09-04 15:00:00,88.1,54,0.0,0.59,687.0
2019-09-04 16:00:00,89.2,47,0.0,0.63,694.0
2019-09-04 17:00:00,89.5,48,0.1,0.52,520.0
2019-09-04 18:00:00,89.2,47,0.0,0.4,330.0
2019-09-04 19:00:00,88.3,51,0.1,0.25,138.0
2019-09-04 20:00:00,85.9,56,0.0,0.16,19.0
2019-09-04 21:00:00,84.8,54,0.0,0.15,0.0
2019-09-04 22:00:00,84.2,53,0.0,0.15,0.0
2019-09-04 23:00:00,83.6,54,0.0,0.12,0.0
2019-09-05 00:00:00,82.9,56,0.0,0.12,0.0
2019-09-05 01:00:00,82.2,59,0.0,0.1,0.0
2019-09-05 02:00:00,81.3,60,0.0,0.1,0.0
2019-09-05 03:00:00,80.8,59,0.0,0.11,0.0
2019-09-05 04:00:00,80.5,57,0.0,0.12,0.0
2019-09-05 05:00:00,80.2,59,0.0,0.1,0.0
2019-09-05 06:00:00,79.9,62,0.0,0.09,0.0
2019-09-05 07:00:00,79.4,64,0.0,0.09,0.0
2019-09-05 08:00:00,78.7,70,0.0,0.07,33.0
2019-09-05 09:00:00,79.7,67,0.0,0.17,179.0
2019-09-05 10:00:00,81.9,59,0.0,0.34,417.0
2019-09-05 11:00:00,84.6,53,0.0,0.5,611.0
2019-09-05 12:00:00,87.4,48,0.0,0.63,768.0
2019-09-05 13:00:00,89.8,44,0.0,0.73,869.0
2019-09-05 14:00:00,91.8,42,0.0,0.77,877.0
2019-09-05 15:00:00,92.9,39,0.0,0.72,781.0
2019-09-05 16:00:00,93.9,35,0.0,0.73,775.0
2019-09-05 17:00:00,94.3,33,0.0,0.63,617.0
2019-09-05 18:00:00,93.8,36,0.0,0.47,428.0
2019-09-05 19:00:00,92.7,40,0.0,0.29,212.0
2019-09-05 20:00:00,90.5,62,0.0,0.11,36.0
2019-09-05 21:00:00,88.5,68,0.0,0.06,0.0
2019-09-05 22:00:00,86.9,74,0.0,0.04,0.0
2019-09-05 23:00:00,85.6,76,0.0,0.03,0.0
2019-09-06 00:00:00,84.6,69,0.0,0.05,0.0
2019-09-06 01:00:00,83.4,67,0.0,0.04,0.0
2019-09-06 02:00:00,82.4,68,0.0,0.04,0.0
2019-09-06 03:00:00,81.4,70,0.0,0.04,0.0
2019-09-06 04:00:00,80.4,73,0.0,0.03,0.0
2019-09-06 05:00:00,79.2,74,0.0,0.03,0.0
2019-09-06 06:00:00,78.0,74,0.0,0.03,0.0
2019-09-06 07:00:00,76.7,75,0.0,0.03,0.0
2019-09-06 08:00:00,75.1,69,0.0,0.05,36.0
2019-09-06 09:00:00,76.7,58,0.0,0.16,216.0
2019-09-06 10:00:00,79.5,52,0.0,0.32,433.0
2019-09-06 11:00:00,82.9,50,0.0,0.47,628.0
2019-09-06 12:00:00,86.3,47,0.0,0.6,785.0
2019-09-06 13:00:00,89.2,42,0.0,0.7,885.0
2019-09-06 14:00:00,91.5,39,0.0,0.72,906.0
2019-09-06 15:00:00,93.2,36,0.0,0.7,869.0
2019-09-06 16:00:00,94.1,35,0.0,0.64,777.0
2019-09-06 17:00:00,94.2,35,0.0,0.52,623.0
2019-09-06 18:00:00,93.5,36,0.0,0.37,422.0
2019-09-06 19:00:00,91.9,40,0.0,0.22,210.0
2019-09-06 20:00:00,90.0,58,0.0,0.07,35.0
2019-09-06 21:00:00,86.7,57,0.0,0.04,0.0
2019-09-06 22:00:00,84.5,55,0.0,0.08,0.0
2019-09-06 23:00:00,82.9,70,0.0,0.04,0.0
2019-09-07 00:00:00,81.4,75,0.0,0.03,0.0
2019-09-07 01:00:00,80.0,77,0.0,0.02,0.0
2019-09-07 02:00:00,78.5,74,0.0,0.01,0.0
2019-09-07 03:00:00,77.0,78,0.0,0.01,0.0
2019-09-07 04:00:00,75.7,79,0.0,0.01,0.0
2019-09-07 05:00:00,74.7,78,0.0,0.01,0.0
2019-09-07 06:00:00,73.7,77,0.0,0.01,0.0
2019-09-07 07:00:00,72.9,78,0.0,0.01,0.0
2019-09-07 08:00:00,71.2,75,0.0,0.03,35.0
2019-09-07 09:00:00,74.0,61,0.0,0.14,212.0
2019-09-07 10:00:00,78.2,50,0.0,0.3,429.0
2019-09-07 11:00:00,82.7,42,0.0,0.46,626.0
2019-09-07 12:00:00,86.8,36,0.0,0.6,783.0
2019-09-07 13:00:00,90.4,34,0.0,0.69,883.0
2019-09-07 14:00:00,93.2,32,0.0,0.74,919.0
2019-09-07 15:00:00,95.1,31,0.0,0.73,884.0
2019-09-07 16:00:00,96.2,31,0.0,0.65,783.0
2019-09-07 17:00:00,96.4,32,0.0,0.53,625.0
2019-09-07 18:00:00,95.7,34,0.0,0.39,427.0
2019-09-07 19:00:00,93.8,44,0.0,0.18,211.0
2019-09-07 20:00:00,91.3,55,0.0,0.08,34.0
2019-09-07 21:00:00,87.8,46,0.0,0.05,0.0
2019-09-07 22:00:00,85.5,58,0.0,0.08,0.0
2019-09-07 23:00:00,83.7,72,0.0,0.04,0.0
2019-09-08 00:00:00,82.0,78,0.0,0.02,0.0
2019-09-08 01:00:00,80.5,78,0.0,0.01,0.0
2019-09-08 02:00:00,79.3,78,0.0,0.02,0.0
2019-09-08 03:00:00,78.2,84,0.0,0.0,0.0
2019-09-08 04:00:00,77.1,91,0.0,0.0,0.0
2019-09-08 05:00:00,76.2,94,0.0,0.0,0.0
2019-09-08 06:00:00,75.6,94,0.0,0.0,0.0
2019-09-08 07:00:00,75.1,94,0.0,0.0,0.0
2019-09-08 08:00:00,73.9,92,0.0,0.02,32.0
2019-09-08 09:00:00,76.7,79,0.0,0.14,206.0
2019-09-08 10:00:00,80.7,62,0.0,0.31,419.0
2019-09-08 11:00:00,85.1,51,0.0,0.48,615.0
2019-09-08 12:00:00,89.3,44,0.0,0.62,770.0
2019-09-08 13:00:00,92.9,40,0.0,0.69,856.0
2019-09-08 14:00:00,95.7,36,0.0,0.72,871.0
2019-09-08 15:00:00,97.7,34,0.0,0.68,821.0
2019-09-08 16:00:00,98.5,33,0.0,0.58,667.0
2019-09-08 17:00:00,98.6,34,0.0,0.48,536.0
2019-09-08 18:00:00,97.7,37,0.0,0.35,353.0
2019-09-08 19:00:00,95.9,48,0.0,0.22,178.0
2019-09-08 20:00:00,94.0,57,0.0,0.06,28.0
2019-09-08 21:00:00,91.2,60,0.0,0.08,0.0
2019-09-08 22:00:00,88.9,64,0.0,0.06,0.0
2019-09-08 23:00:00,87.0,68,0.0,0.04,0.0
2019-09-09 00:00:00,85.2,74,0.0,0.02,0.0
2019-09-09 01:00:00,83.6,81,0.0,0.01,0.0
2019-09-09 02:00:00,82.0,84,0.0,0.01,0.0
2019-09-09 03:00:00,80.8,87,0.0,0.0,0.0
2019-09-09 04:00:00,79.5,93,0.0,0.0,0.0
2019-09-09 05:00:00,78.4,89,0.0,0.0,0.0
2019-09-09 06:00:00,77.3,91,0.0,0.0,0.0
2019-09-09 07:00:00,76.3,92,0.0,0.0,0.0
2019-09-09 08:00:00,75.7,91,0.0,0.02,32.0
2019-09-09 09:00:00,78.0,79,0.0,0.11,168.0
2019-09-09 10:00:00,81.7,60,0.0,0.27,371.0
2019-09-09 11:00:00,86.1,48,0.0,0.46,610.0
2019-09-09 12:00:00,90.3,40,0.0,0.6,767.0
2019-09-09 13:00:00,94.2,34,0.0,0.69,871.0
2019-09-09 14:00:00,97.3,30,0.0,0.71,895.0
2019-09-09 15:00:00,99.2,28,0.0,0.63,779.0
2019-09-09 16:00:00,100.3,28,0.0,0.56,681.0
2019-09-09 17:00:00,100.5,27,0.0,0.46,564.0
2019-09-09 18:00:00,99.7,31,0.0,0.29,359.0
2019-09-09 19:00:00,97.9,46,0.0,0.16,165.0
2019-09-09 20:00:00,94.5,44,0.0,0.07,24.0
2019-09-09 21:00:00,91.1,55,0.0,0.05,0.0
2019-09-09 22:00:00,88.2,55,0.0,0.02,0.0
2019-09-09 23:00:00,86.2,50,0.0,0.09,0.0
2019-09-10 00:00:00,85.1,65,0.0,0.07,0.0
2019-09-10 01:00:00,83.9,78,0.0,0.03,0.0
2019-09-10 02:00:00,82.8,84,0.0,0.01,0.0
2019-09-10 03:00:00,81.7,88,0.0,0.0,0.0
2019-09-10 04:00:00,80.6,92,0.0,0.0,0.0
2019-09-10 05:00:00,79.6,95,0.0,0.0,0.0
2019-09-10 06:00:00,78.8,97,0.0,0.0,0.0
2019-09-10 07:00:00,78.1,98,0.0,0.0,0.0
2019-09-10 08:00:00,76.3,94,0.0,0.01,30.0
2019-09-10 09:00:00,78.6,82,0.0,0.13,195.0
2019-09-10 10:00:00,82.3,67,0.0,0.29,408.0
2019-09-10 11:00:00,86.6,49,0.0,0.46,605.0
2019-09-10 12:00:00,90.7,39,0.0,0.62,753.0
2019-09-10 13:00:00,93.8,33,0.0,0.67,786.0
2019-09-10 14:00:00,96.4,31,0.0,0.73,834.0
2019-09-10 15:00:00,98.2,31,0.0,0.72,813.0
2019-09-10 16:00:00,99.1,32,0.0,0.64,696.0
2019-09-10 17:00:00,98.8,33,0.0,0.53,538.0
2019-09-10 18:00:00,97.7,35,0.0,0.4,360.0
2019-09-10 19:00:00,95.6,42,0.0,0.27,173.0
2019-09-10 20:00:00,93.9,45,0.0,0.14,24.0
2019-09-10 21:00:00,91.4,53,0.0,0.08,0.0
2019-09-10 22:00:00,89.2,63,0.0,0.07,0.0
2019-09-10 23:00:00,87.3,73,0.0,0.05,0.0
2019-09-11 00:00:00,85.4,81,0.0,0.02,0.0
2019-09-11 01:00:00,83.7,89,0.0,0.0,0.0
2019-09-11 02:00:00,82.0,94,0.0,0.0,0.0
2019-09-11 03:00:00,80.8,97,0.0,0.0,0.0
2019-09-11 04:00:00,79.8,99,0.0,0.0,0.0
2019-09-11 05:00:00,79.0,99,0.0,0.0,0.0
2019-09-11 06:00:00,78.5,100,0.0,0.0,0.0
2019-09-11 07:00:00,78.4,99,0.0,0.0,0.0
2019-09-11 08:00:00,77.9,94,0.0,0.02,20.0
2019-09-11 09:00:00,79.4,82,0.0,0.11,153.0
2019-09-11 10:00:00,82.1,68,0.0,0.28,365.0
2019-09-11 11:00:00,85.1,59,0.1,0.41,516.0
2019-09-11 12:00:00,88.1,52,0.0,0.52,633.0
2019-09-11 13:00:00,91.1,45,0.0,0.62,739.0
2019-09-11 14:00:00,93.7,42,0.0,0.66,761.0
2019-09-11 15:00:00,95.6,39,0.0,0.67,746.0
2019-09-11 16:00:00,96.5,39,0.0,0.59,621.0
2019-09-11 17:00:00,96.6,37,0.0,0.52,505.0
2019-09-11 18:00:00,95.5,39,0.0,0.37,332.0
2019-09-11 19:00:00,93.7,42,0.0,0.24,155.0
2019-09-11 20:00:00,91.9,47,0.0,0.15,23.0
2019-09-11 21:00:00,89.5,55,0.0,0.1,0.0
2019-09-11 22:00:00,87.4,63,0.0,0.06,0.0
2019-09-11 23:00:00,85.5,70,0.0,0.04,0.0
2019-09-12 00:00:00,83.8,77,0.0,0.02,0.0
2019-09-12 01:00:00,82.4,83,0.0,0.01,0.0
2019-09-12 02:00:00,81.1,87,0.0,0.0,0.0
2019-09-12 03:00:00,80.1,90,0.0,0.0,0.0
2019-09-12 04:00:00,79.0,92,0.0,0.0,0.0
2019-09-12 05:00:00,78.1,95,0.0,0.0,0.0
2019-09-12 06:00:00,77.3,96,0.0,0.0,0.0
2019-09-12 07:00:00,76.6,97,0.0,0.0,0.0
2019-09-12 08:00:00,75.7,94,0.0,0.02,28.0
2019-09-12 09:00:00,77.5,82,0.0,0.14,195.0
2019-09-12 10:00:00,80.6,67,0.0,0.31,405.0
2019-09-12 11:00:00,84.0,55,0.0,0.45,557.0
2019-09-12 12:00:00,87.5,48,0.0,0.57,683.0
2019-09-12 13:00:00,89.3,51,0.2,0.54,635.0
2019-09-12 14:00:00,91.0,46,0.0,0.54,600.0
2019-09-12 15:00:00,92.9,43,0.0,0.62,699.0
2019-09-12 16:00:00,94.1,41,0.0,0.58,628.0
2019-09-12 17:00:00,94.5,41,0.0,0.5,507.0
2019-09-12 18:00:00,93.8,44,0.0,0.38,354.0
2019-09-12 19:00:00,92.1,50,0.0,0.23,154.0
2019-09-12 20:00:00,90.6,58,0.0,0.1,20.0
2019-09-12 21:00:00,88.4,62,0.0,0.07,0.0
2019-09-12 22:00:00,86.7,66,0.0,0.05,0.0
2019-09-12 23:00:00,85.2,70,0.0,0.05,0.0
2019-09-13 00:00:00,83.8,77,0.0,0.03,0.0
2019-09-13 01:00:00,82.6,83,0.0,0.02,0.0
2019-09-13 02:00:00,81.4,87,0.0,0.01,0.0
2019-09-13 03:00:00,80.1,91,0.0,0.0,0.0
2019-09-13 04:00:00,78.9,95,0.0,0.0,0.0
2019-09-13 05:00:00,77.9,96,0.0,0.0,0.0
2019-09-13 06:00:00,77.0,97,0.0,0.0,0.0
2019-09-13 07:00:00,76.5,97,0.0,0.0,0.0
2019-09-13 08:00:00,75.1,95,0.0,0.01,27.0
2019-09-13 09:00:00,76.8,84,0.0,0.12,159.0
2019-09-13 10:00:00,79.5,71,0.0,0.26,331.0
2019-09-13 11:00:00,82.7,62,0.1,0.4,502.0
2019-09-13 12:00:00,85.7,55,0.1,0.51,622.0
2019-09-13 13:00:00,88.4,51,0.0,0.56,670.0
2019-09-13 14:00:00,89.9,51,0.0,0.48,518.0
2019-09-13 15:00:00,91.6,46,0.0,0.55,601.0
2019-09-13 16:00:00,92.3,41,0.0,0.49,472.0
2019-09-13 17:00:00,92.8,41,0.0,0.46,423.0
2019-09-13 18:00:00,92.4,43,0.0,0.38,314.0
2019-09-13 19:00:00,91.0,50,0.0,0.24,152.0
2019-09-13 20:00:00,89.1,59,0.0,0.11,18.0
2019-09-13 21:00:00,86.9,62,0.0,0.1,0.0
2019-09-13 22:00:00,85.2,67,0.0,0.08,0.0
2019-09-13 23:00:00,83.7,72,0.0,0.05,0.0
2019-09-14 00:00:00,82.3,75,0.0,0.03,0.0
2019-09-14 01:00:00,81.1,78,0.0,0.02,0.0
2019-09-14 02:00:00,80.2,78,0.0,0.03,0.0
2019-09-14 03:00:00,79.5,80,0.0,0.02,0.0
2019-09-14 04:00:00,78.9,82,0.0,0.02,0.0
2019-09-14 05:00:00,78.4,84,0.0,0.02,0.0
2019-09-14 06:00:00,78.0,84,0.0,0.02,0.0
2019-09-14 07:00:00,77.6,86,0.0,0.02,0.0
2019-09-14 08:00:00,75.8,87,0.0,0.03,25.0
2019-09-14 09:00:00,77.5,78,0.0,0.13,156.0
2019-09-14 10:00:00,79.9,68,0.1,0.29,350.0
2019-09-14 11:00:00,82.6,60,0.0,0.41,474.0
2019-09-14 12:00:00,85.6,53,0.0,0.55,668.0
2019-09-14 13:00:00,88.2,47,0.0,0.59,659.0
2019-09-14 14:00:00,90.9,42,0.0,0.7,774.0
2019-09-14 15:00:00,92.8,40,0.0,0.69,752.0
2019-09-14 16:00:00,93.9,41,0.0,0.65,674.0
2019-09-14 17:00:00,93.6,45,0.0,0.5,491.0
2019-09-14 18:00:00,92.6,48,0.0,0.37,331.0
2019-09-14 19:00:00,90.9,53,0.0,0.24,166.0
2019-09-14 20:00:00,89.3,59,0.0,0.11,17.0
2019-09-14 21:00:00,87.1,62,0.0,0.08,0.0
2019-09-14 22:00:00,85.4,67,0.0,0.08,0.0
2019-09-14 23:00:00,84.0,72,0.0,0.06,0.0
2019-09-15 00:00:00,82.8,77,0.0,0.05,0.0
2019-09-15 01:00:00,81.8,79,0.0,0.04,0.0
2019-09-15 02:00:00,80.9,83,0.0,0.02,0.0
2019-09-15 03:00:00,80.2,85,0.0,0.02,0.0
2019-09-15 04:00:00,79.4,88,0.0,0.01,0.0
2019-09-15 05:00:00,78.8,88,0.0,0.01,0.0
2019-09-15 06:00:00,78.4,89,0.0,0.01,0.0
2019-09-15 07:00:00,78.0,91,0.0,0.01,0.0
2019-09-15 08:00:00,77.6,91,0.0,0.03,17.0
2019-09-15 09:00:00,78.7,80,0.1,0.14,144.0
2019-09-15 10:00:00,80.2,75,0.1,0.2,221.0
2019-09-15 11:00:00,82.0,67,0.2,0.32,369.0
2019-09-15 12:00:00,84.6,60,0.1,0.45,527.0
2019-09-15 13:00:00,87.6,53,0.1,0.6,716.0
2019-09-15 14:00:00,90.3,48,0.0,0.65,747.0
2019-09-15 15:00:00,92.3,45,0.0,0.62,687.0
2019-09-15 16:00:00,93.4,45,0.0,0.56,587.0
2019-09-15 17:00:00,93.4,47,0.1,0.44,424.0
2019-09-15 18:00:00,92.3,52,0.2,0.33,293.0
2019-09-15 19:00:00,90.8,54,0.0,0.21,126.0
2019-09-15 20:00:00,87.8,63,0.0,0.09,15.0
2019-09-15 21:00:00,86.1,68,0.0,0.04,0.0
2019-09-15 22:00:00,84.7,71,0.0,0.03,0.0
2019-09-15 23:00:00,83.2,75,0.0,0.02,0.0
2019-09-16 00:00:00,81.8,78,0.0,0.02,0.0
2019-09-16 01:00:00,80.5,81,0.0,0.02,0.0
2019-09-16 02:00:00,79.6,83,0.0,0.01,0.0
2019-09-16 03:00:00,78.8,87,0.0,0.01,0.0
2019-09-16 04:00:00,78.0,88,0.0,0.0,0.0
2019-09-16 05:00:00,77.4,88,0.0,0.01,0.0
2019-09-16 06:00:00,76.8,89,0.0,0.0,0.0
2019-09-16 07:00:00,76.3,90,0.0,0.0,0.0
2019-09-16 08:00:00,75.5,87,0.0,0.02,26.0
2019-09-16 09:00:00,77.4,76,0.0,0.14,188.0
2019-09-16 10:00:00,80.3,64,0.0,0.3,399.0
2019-09-16 11:00:00,83.9,50,0.0,0.48,595.0
2019-09-16 12:00:00,87.5,41,0.0,0.62,749.0
2019-09-16 13:00:00,91.0,35,0.0,0.71,842.0
2019-09-16 14:00:00,93.7,33,0.0,0.75,875.0
2019-09-16 15:00:00,95.8,31,0.0,0.72,807.0
2019-09-16 16:00:00,96.8,29,0.0,0.6,642.0
2019-09-16 17:00:00,97.0,29,0.0,0.5,482.0
2019-09-16 18:00:00,96.0,34,0.0,0.4,282.0
2019-09-16 19:00:00,94.1,37,0.0,0.23,131.0
2019-09-16 20:00:00,92.1,48,0.0,0.08,16.0
2019-09-16 21:00:00,89.5,52,0.0,0.07,0.0
2019-09-16 22:00:00,87.0,58,0.0,0.03,0.0
2019-09-16 23:00:00,84.6,62,0.0,0.03,0.0
2019-09-17 00:00:00,82.3,58,0.0,0.01,0.0
2019-09-17 01:00:00,80.6,68,0.0,0.03,0.0
2019-09-17 02:00:00,79.3,70,0.0,0.02,0.0
2019-09-17 03:00:00,78.1,70,0.0,0.02,0.0
2019-09-17 04:00:00,77.1,73,0.0,0.02,0.0
2019-09-17 05:00:00,76.1,78,0.0,0.01,0.0
2019-09-17 06:00:00,75.0,80,0.0,0.01,0.0
2019-09-17 07:00:00,74.0,81,0.0,0.01,0.0
2019-09-17 08:00:00,71.7,70,0.0,0.04,25.0
2019-09-17 09:00:00,74.5,58,0.0,0.14,188.0
2019-09-17 10:00:00,78.7,49,0.0,0.3,402.0
2019-09-17 11:00:00,83.5,43,0.0,0.46,597.0
2019-09-17 12:00:00,88.1,35,0.0,0.62,753.0
2019-09-17 13:00:00,91.4,31,0.1,0.63,729.0
2019-09-17 14:00:00,94.3,29,0.0,0.67,788.0
2019-09-17 15:00:00,96.1,28,0.0,0.59,666.0
2019-09-17 16:00:00,97.3,28,0.0,0.55,616.0
2019-09-17 17:00:00,97.3,28,0.0,0.41,440.0
2019-09-17 18:00:00,96.4,29,0.0,0.28,275.0
2019-09-17 19:00:00,94.9,32,0.0,0.17,117.0
2019-09-17 20:00:00,92.8,32,0.0,0.0,13.0
2019-09-17 21:00:00,89.7,41,0.0,0.06,0.0
2019-09-17 22:00:00,87.8,44,0.0,0.11,0.0
2019-09-17 23:00:00,86.1,49,0.0,0.04,0.0
2019-09-18 00:00:00,84.2,53,0.0,0.04,0.0
2019-09-18 01:00:00,82.5,57,0.0,0.03,0.0
2019-09-18 02:00:00,81.0,64,0.0,0.02,0.0
2019-09-18 03:00:00,79.8,64,0.0,0.03,0.0
2019-09-18 04:00:00,78.6,65,0.0,0.02,0.0
2019-09-18 05:00:00,77.7,66,0.0,0.04,0.0
2019-09-18 06:00:00,77.1,66,0.0,0.04,0.0
2019-09-18 07:00:00,76.6,67,0.0,0.03,0.0
2019-09-18 08:00:00,75.6,63,0.0,0.06,24.0
2019-09-18 09:00:00,77.7,57,0.0,0.16,187.0
2019-09-18 10:00:00,81.1,55,0.0,0.3,376.0
2019-09-18 11:00:00,85.2,48,0.0,0.47,593.0
2019-09-18 12:00:00,89.2,41,0.0,0.61,748.0
2019-09-18 13:00:00,92.9,37,0.0,0.68,842.0
2019-09-18 14:00:00,96.0,34,0.0,0.68,822.0
2019-09-18 15:00:00,94.7,58,0.6,0.46,547.0
2019-09-18 16:00:00,92.0,62,1.0,0.35,433.0
2019-09-18 17:00:00,90.8,64,0.0,0.35,425.0
2019-09-18 18:00:00,87.5,80,2.5,0.2,267.0
2019-09-18 19:00:00,84.3,79,0.0,0.11,124.0
2019-09-18 20:00:00,89.3,63,0.8,0.1,10.0
2019-09-18 21:00:00,87.2,69,0.0,0.07,0.0
2019-09-18 22:00:00,85.3,74,0.0,0.06,0.0
2019-09-18 23:00:00,83.6,78,0.0,0.04,0.0
2019-09-19 00:00:00,82.1,80,0.1,0.03,0.0
2019-09-19 01:00:00,80.7,80,0.1,0.03,0.0
2019-09-19 02:00:00,79.5,77,0.0,0.04,0.0
2019-09-19 03:00:00,78.6,75,0.0,0.04,0.0
2019-09-19 04:00:00,77.7,75,0.0,0.03,0.0
2019-09-19 05:00:00,77.0,74,0.0,0.02,0.0
2019-09-19 06:00:00,76.4,75,0.0,0.02,0.0
2019-09-19 07:00:00,75.8,76,0.0,0.02,0.0
2019-09-19 08:00:00,75.9,70,0.0,0.05,20.0
2019-09-19 09:00:00,77.0,66,0.0,0.13,128.0
2019-09-19 10:00:00,78.5,60,0.0,0.24,241.0
2019-09-19 11:00:00,80.1,54,0.0,0.3,313.0
2019-09-19 12:00:00,83.5,44,0.0,0.56,700.0
2019-09-19 13:00:00,86.5,39,0.0,0.64,796.0
2019-09-19 14:00:00,88.2,40,0.0,0.61,700.0
2019-09-19 15:00:00,87.9,43,0.0,0.43,416.0
2019-09-19 16:00:00,89.1,35,0.0,0.56,631.0
2019-09-19 17:00:00,88.9,39,0.0,0.42,388.0
2019-09-19 18:00:00,87.8,41,0.0,0.33,244.0
2019-09-19 19:00:00,86.0,56,0.0,0.2,140.0
2019-09-19 20:00:00,84.0,59,0.0,0.1,12.0
2019-09-19 21:00:00,82.1,61,0.0,0.09,0.0
2019-09-19 22:00:00,80.5,65,0.0,0.08,0.0
2019-09-19 23:00:00,79.1,67,0.0,0.07,0.0
2019-09-20 00:00:00,78.0,69,0.0,0.06,0.0
2019-09-20 01:00:00,77.1,72,0.0,0.06,0.0
2019-09-20 02:00:00,76.3,75,0.0,0.05,0.0
2019-09-20 03:00:00,75.6,77,0.0,0.03,0.0
2019-09-20 04:00:00,74.9,80,0.0,0.02,0.0
2019-09-20 05:00:00,74.5,81,0.0,0.02,0.0
2019-09-20 06:00:00,74.0,81,0.0,0.02,0.0
2019-09-20 07:00:00,73.5,81,0.0,0.02,0.0
2019-09-20 08:00:00,70.8,83,0.0,0.03,21.0
2019-09-20 09:00:00,72.2,75,0.0,0.12,154.0
2019-09-20 10:00:00,74.9,66,0.0,0.26,350.0
2019-09-20 11:00:00,78.6,55,0.0,0.44,575.0
2019-09-20 12:00:00,81.9,46,0.0,0.53,649.0
2019-09-20 13:00:00,84.7,40,0.0,0.61,718.0
2019-09-20 14:00:00,87.1,38,0.0,0.63,724.0
2019-09-20 15:00:00,87.9,37,0.0,0.5,486.0
2019-09-20 16:00:00,88.8,33,0.0,0.51,504.0
2019-09-20 17:00:00,89.7,30,0.0,0.52,536.0
2019-09-20 18:00:00,89.2,40,0.0,0.38,335.0
2019-09-20 19:00:00,87.4,49,0.0,0.22,126.0
2019-09-20 20:00:00,85.3,58,0.0,0.08,12.0
2019-09-20 21:00:00,83.3,63,0.0,0.08,0.0
2019-09-20 22:00:00,81.5,72,0.0,0.05,0.0
2019-09-20 23:00:00,79.9,78,0.0,0.03,0.0
2019-09-21 00:00:00,78.5,81,0.0,0.01,0.0
2019-09-21 01:00:00,77.3,86,0.0,0.0,0.0
2019-09-21 02:00:00,76.1,86,0.0,0.01,0.0
2019-09-21 03:00:00,75.2,88,0.0,0.0,0.0
2019-09-21 04:00:00,74.3,89,0.0,0.0,0.0
2019-09-21 05:00:00,73.8,89,0.0,0.0,0.0
2019-09-21 06:00:00,73.3,89,0.0,0.0,0.0
2019-09-21 07:00:00,72.6,90,0.0,0.0,0.0
2019-09-21 08:00:00,70.3,83,0.0,0.03,23.0
2019-09-21 09:00:00,72.4,66,0.0,0.14,174.0
2019-09-21 10:00:00,74.6,63,0.0,0.18,176.0
2019-09-21 11:00:00,76.7,63,0.0,0.23,246.0
2019-09-21 12:00:00,79.7,55,0.2,0.44,538.0
2019-09-21 13:00:00,81.7,51,0.0,0.41,434.0
2019-09-21 14:00:00,83.8,42,0.0,0.47,491.0
2019-09-21 15:00:00,85.1,39,0.0,0.43,398.0
2019-09-21 16:00:00,86.5,37,0.0,0.49,496.0
2019-09-21 17:00:00,87.2,37,0.0,0.46,444.0
2019-09-21 18:00:00,87.0,37,0.0,0.37,345.0
2019-09-21 19:00:00,85.6,40,0.0,0.23,151.0
2019-09-21 20:00:00,84.2,54,0.0,0.12,10.0
2019-09-21 21:00:00,82.2,57,0.0,0.08,0.0
2019-09-21 22:00:00,80.6,60,0.0,0.06,0.0
2019-09-21 23:00:00,79.1,63,0.0,0.05,0.0
2019-09-22 00:00:00,77.5,65,0.0,0.05,0.0
2019-09-22 01:00:00,76.1,70,0.0,0.03,0.0
2019-09-22 02:00:00,74.7,76,0.0,0.02,0.0
2019-09-22 03:00:00,73.7,81,0.0,0.01,0.0
2019-09-22 04:00:00,73.0,82,0.0,0.01,0.0
2019-09-22 05:00:00,72.5,83,0.0,0.01,0.0
2019-09-22 06:00:00,71.7,86,0.0,0.0,0.0
2019-09-22 07:00:00,70.6,89,0.0,0.0,0.0
2019-09-22 08:00:00,69.2,82,0.0,0.02,21.0
2019-09-22 09:00:00,71.3,71,0.0,0.11,135.0
2019-09-22 10:00:00,73.9,63,0.0,0.19,227.0
2019-09-22 11:00:00,76.8,55,0.0,0.29,358.0
2019-09-22 12:00:00,80.2,45,0.0,0.47,560.0
2019-09-22 13:00:00,83.5,42,0.0,0.54,649.0
2019-09-22 14:00:00,86.3,39,0.0,0.62,760.0
2019-09-22 15:00:00,88.6,36,0.0,0.62,761.0
2019-09-22 16:00:00,90.2,36,0.0,0.59,702.0
2019-09-22 17:00:00,90.7,38,0.0,0.49,557.0
2019-09-22 18:00:00,89.9,39,0.0,0.37,359.0
2019-09-22 19:00:00,88.1,41,0.0,0.22,147.0
2019-09-22 20:00:00,85.6,54,0.0,0.07,10.0
2019-09-22 21:00:00,83.5,62,0.0,0.06,0.0
2019-09-22 22:00:00,81.7,69,0.0,0.04,0.0
2019-09-22 23:00:00,80.0,74,0.0,0.03,0.0
2019-09-23 00:00:00,78.6,77,0.0,0.02,0.0
2019-09-23 01:00:00,77.2,79,0.0,0.01,0.0
2019-09-23 02:00:00,75.7,85,0.0,0.0,0.0
2019-09-23 03:00:00,74.3,88,0.0,0.0,0.0
2019-09-23 04:00:00,73.2,91,0.0,0.0,0.0
2019-09-23 05:00:00,72.3,94,0.0,0.0,0.0
2019-09-23 06:00:00,71.6,96,0.0,0.0,0.0
2019-09-23 07:00:00,71.0,98,0.0,0.0,0.0
2019-09-23 08:00:00,67.5,98,0.0,0.0,21.0
2019-09-23 09:00:00,70.2,85,0.0,0.1,185.0
2019-09-23 10:00:00,74.1,68,0.0,0.27,402.0
2019-09-23 11:00:00,78.4,51,0.0,0.44,600.0
2019-09-23 12:00:00,82.0,46,0.0,0.53,693.0
2019-09-23 13:00:00,84.9,41,0.0,0.59,750.0
2019-09-23 14:00:00,87.6,37,0.0,0.63,800.0
2019-09-23 15:00:00,89.6,35,0.0,0.62,767.0
2019-09-23 16:00:00,91.0,33,0.0,0.58,714.0
2019-09-23 17:00:00,91.3,32,0.0,0.46,557.0
2019-09-23 18:00:00,90.7,33,0.0,0.31,361.0
2019-09-23 19:00:00,88.8,45,0.0,0.13,147.0
2019-09-23 20:00:00,86.3,55,0.0,0.04,9.0
2019-09-23 21:00:00,83.1,51,0.0,0.06,0.0
2019-09-23 22:00:00,80.7,56,0.0,0.04,0.0
2019-09-23 23:00:00,78.4,59,0.0,0.03,0.0
2019-09-24 00:00:00,77.0,67,0.0,0.05,0.0
2019-09-24 01:00:00,75.8,73,0.0,0.02,0.0
2019-09-24 02:00:00,74.3,79,0.0,0.0,0.0
2019-09-24 03:00:00,73.0,81,0.0,0.01,0.0
2019-09-24 04:00:00,71.8,86,0.0,0.0,0.0
2019-09-24 05:00:00,70.6,87,0.0,0.0,0.0
2019-09-24 06:00:00,69.8,87,0.0,0.0,0.0
2019-09-24 07:00:00,69.0,91,0.0,0.0,0.0
2019-09-24 08:00:00,66.6,82,0.0,0.02,21.0
2019-09-24 09:00:00,69.4,73,0.0,0.12,185.0
2019-09-24 10:00:00,73.8,59,0.0,0.28,400.0
2019-09-24 11:00:00,78.7,41,0.0,0.45,596.0
2019-09-24 12:00:00,83.4,35,0.0,0.58,749.0
2019-09-24 13:00:00,87.6,33,0.0,0.64,842.0
2019-09-24 14:00:00,91.0,31,0.0,0.66,868.0
2019-09-24 15:00:00,93.6,30,0.0,0.62,834.0
2019-09-24 16:00:00,94.9,27,0.0,0.54,659.0
2019-09-24 17:00:00,95.0,28,0.0,0.45,509.0
2019-09-24 18:00:00,94.3,30,0.0,0.35,355.0
2019-09-24 19:00:00,92.1,30,0.0,0.11,142.0
2019-09-24 20:00:00,89.7,46,0.0,0.03,7.0
2019-09-24 21:00:00,87.0,48,0.0,0.11,0.0
2019-09-24 22:00:00,84.8,64,0.0,0.05,0.0
2019-09-24 23:00:00,82.9,72,0.0,0.03,0.0
2019-09-25 00:00:00,81.2,76,0.0,0.03,0.0
2019-09-25 01:00:00,80.0,77,0.0,0.02,0.0
2019-09-25 02:00:00,78.9,77,0.0,0.02,0.0
2019-09-25 03:00:00,77.8,78,0.0,0.02,0.0
2019-09-25 04:00:00,77.0,80,0.0,0.02,0.0
2019-09-25 05:00:00,76.5,82,0.0,0.01,0.0
2019-09-25 06:00:00,76.0,87,0.0,0.01,0.0
2019-09-25 07:00:00,75.7,90,0.0,0.0,0.0
2019-09-25 08:00:00,73.4,90,0.0,0.02,18.0
2019-09-25 09:00:00,75.4,85,0.0,0.08,100.0
2019-09-25 10:00:00,78.0,76,0.0,0.19,246.0
2019-09-25 11:00:00,81.5,63,0.0,0.35,450.0
2019-09-25 12:00:00,85.2,53,0.0,0.46,575.0
2019-09-25 13:00:00,88.4,48,0.1,0.52,637.0
2019-09-25 14:00:00,90.9,45,0.0,0.54,652.0
2019-09-25 15:00:00,92.8,43,0.0,0.52,631.0
2019-09-25 16:00:00,94.1,41,0.0,0.5,604.0
2019-09-25 17:00:00,94.8,40,0.0,0.43,514.0
2019-09-25 18:00:00,94.2,42,0.0,0.3,311.0
2019-09-25 19:00:00,92.7,44,0.0,0.15,122.0
2019-09-25 20:00:00,90.5,56,0.0,0.09,6.0
2019-09-25 21:00:00,88.3,70,0.0,0.06,0.0
2019-09-25 22:00:00,86.5,80,0.0,0.03,0.0
2019-09-25 23:00:00,84.8,86,0.0,0.01,0.0
2019-09-26 00:00:00,83.3,91,0.0,0.0,0.0
2019-09-26 01:00:00,82.0,95,0.0,0.0,0.0
2019-09-26 02:00:00,81.1,98,0.0,0.0,0.0
2019-09-26 03:00:00,80.2,98,0.0,0.0,0.0
2019-09-26 04:00:00,79.5,99,0.0,0.0,0.0
2019-09-26 05:00:00,79.0,98,0.0,0.0,0.0
2019-09-26 06:00:00,78.5,99,0.0,0.0,0.0
2019-09-26 07:00:00,78.1,99,0.0,0.0,0.0
2019-09-26 08:00:00,76.5,98,0.0,0.0,18.0
2019-09-26 09:00:00,78.2,84,0.0,0.12,156.0
2019-09-26 10:00:00,80.4,75,0.0,0.21,275.0
2019-09-26 11:00:00,83.8,64,0.0,0.4,519.0
2019-09-26 12:00:00,87.4,53,0.1,0.53,673.0
2019-09-26 13:00:00,90.3,44,0.0,0.54,658.0
2019-09-26 14:00:00,92.7,39,0.0,0.53,637.0
2019-09-26 15:00:00,94.1,38,0.0,0.46,566.0
2019-09-26 16:00:00,95.6,35,0.0,0.47,616.0
2019-09-26 17:00:00,96.3,34,0.0,0.36,493.0
2019-09-26 18:00:00,95.6,36,0.0,0.23,298.0
2019-09-26 19:00:00,93.9,40,0.0,0.17,118.0
2019-09-26 20:00:00,91.3,72,0.0,0.06,5.0
2019-09-26 21:00:00,88.9,76,0.0,0.03,0.0
2019-09-26 22:00:00,86.9,86,0.0,0.01,0.0
2019-09-26 23:00:00,85.3,91,0.0,0.0,0.0
2019-09-27 00:00:00,83.9,93,0.0,0.0,0.0
2019-09-27 01:00:00,82.7,97,0.0,0.0,0.0
2019-09-27 02:00:00,81.7,98,0.0,0.0,0.0
2019-09-27 03:00:00,80.9,98,0.0,0.0,0.0
2019-09-27 04:00:00,80.2,99,0.0,0.0,0.0
2019-09-27 05:00:00,79.5,99,0.0,0.0,0.0
2019-09-27 06:00:00,79.1,99,0.0,0.0,0.0
2019-09-27 07:00:00,78.6,100,0.0,0.0,0.0
2019-09-27 08:00:00,77.7,99,0.0,0.01,13.0
2019-09-27 09:00:00,79.0,89,0.0,0.08,106.0
2019-09-27 10:00:00,81.3,74,0.0,0.22,287.0
2019-09-27 11:00:00,84.7,62,0.0,0.39,503.0
2019-09-27 12:00:00,88.3,54,0.0,0.51,656.0
2019-09-27 13:00:00,91.7,50,0.0,0.58,738.0
2019-09-27 14:00:00,94.3,48,0.0,0.58,728.0
2019-09-27 15:00:00,95.6,47,0.0,0.49,600.0
2019-09-27 16:00:00,95.5,49,0.1,0.4,436.0
2019-09-27 17:00:00,94.3,47,0.0,0.28,302.0
2019-09-27 18:00:00,93.0,48,0.0,0.19,172.0
2019-09-27 19:00:00,91.2,56,0.0,0.12,90.0
2019-09-27 20:00:00,90.5,60,0.0,0.08,3.0
2019-09-27 21:00:00,88.5,64,0.0,0.03,0.0
2019-09-27 22:00:00,86.5,73,0.0,0.0,0.0
2019-09-27 23:00:00,85.0,68,0.0,0.05,0.0
2019-09-28 00:00:00,83.8,64,0.0,0.06,0.0
2019-09-28 01:00:00,82.6,65,0.0,0.06,0.0
2019-09-28 02:00:00,81.3,70,0.0,0.04,0.0
2019-09-28 03:00:00,80.2,76,0.0,0.03,0.0
2019-09-28 04:00:00,79.1,81,0.0,0.01,0.0
2019-09-28 05:00:00,78.1,87,0.0,0.0,0.0
2019-09-28 06:00:00,77.0,92,0.0,0.0,0.0
2019-09-28 07:00:00,76.0,96,0.0,0.0,0.0
2019-09-28 08:00:00,73.0,94,0.0,0.01,17.0
2019-09-28 09:00:00,75.1,83,0.0,0.11,169.0
2019-09-28 10:00:00,78.5,67,0.0,0.27,376.0
2019-09-28 11:00:00,82.6,52,0.0,0.42,570.0
2019-09-28 12:00:00,86.6,41,0.0,0.53,717.0
2019-09-28 13:00:00,90.2,36,0.0,0.61,789.0
2019-09-28 14:00:00,92.9,32,0.0,0.63,784.0
2019-09-28 15:00:00,95.0,30,0.0,0.64,742.0
2019-09-28 16:00:00,96.0,35,0.0,0.61,647.0
2019-09-28 17:00:00,95.5,35,0.0,0.5,472.0
2019-09-28 18:00:00,94.3,36,0.0,0.32,257.0
2019-09-28 19:00:00,92.5,47,0.0,0.22,120.0
2019-09-28 20:00:00,89.6,55,0.0,0.1,4.0
2019-09-28 21:00:00,87.4,63,0.0,0.08,0.0
2019-09-28 22:00:00,85.5,68,0.0,0.07,0.0
2019-09-28 23:00:00,83.7,73,0.0,0.04,0.0
2019-09-29 00:00:00,82.0,78,0.0,0.02,0.0
2019-09-29 01:00:00,80.5,84,0.0,0.01,0.0
2019-09-29 02:00:00,79.1,89,0.0,0.0,0.0
2019-09-29 03:00:00,77.6,94,0.0,0.0,0.0
2019-09-29 04:00:00,76.4,96,0.0,0.0,0.0
2019-09-29 05:00:00,75.3,97,0.0,0.0,0.0
2019-09-29 06:00:00,74.6,98,0.0,0.0,0.0
2019-09-29 07:00:00,73.9,98,0.0,0.0,0.0
2019-09-29 08:00:00,71.7,96,0.0,0.0,15.0
2019-09-29 09:00:00,73.7,82,0.0,0.08,114.0
2019-09-29 10:00:00,76.8,68,0.0,0.23,320.0
2019-09-29 11:00:00,80.8,55,0.0,0.43,558.0
2019-09-29 12:00:00,84.0,49,0.0,0.47,558.0
2019-09-29 13:00:00,85.7,47,0.0,0.39,395.0
2019-09-29 14:00:00,87.8,43,0.0,0.44,465.0
2019-09-29 15:00:00,90.0,38,0.0,0.47,502.0
2019-09-29 16:00:00,91.3,40,0.0,0.48,461.0
2019-09-29 17:00:00,91.3,44,0.0,0.37,349.0
2019-09-29 18:00:00,91.0,46,0.0,0.3,264.0
2019-09-29 19:00:00,89.6,49,0.0,0.17,95.0
2019-09-29 20:00:00,88.5,55,0.0,0.1,3.0
2019-09-29 21:00:00,86.5,61,0.0,0.07,0.0
2019-09-29 22:00:00,84.8,68,0.0,0.06,0.0
2019-09-29 23:00:00,83.3,75,0.0,0.04,0.0
2019-09-30 00:00:00,82.0,81,0.0,0.02,0.0
2019-09-30 01:00:00,80.7,87,0.0,0.01,0.0
2019-09-30 02:00:00,79.4,92,0.0,0.0,0.0
2019-09-30 03:00:00,78.3,96,0.0,0.0,0.0
2019-09-30 04:00:00,77.3,97,0.0,0.0,0.0
2019-09-30 05:00:00,76.5,98,0.0,0.0,0.0
2019-09-30 06:00:00,75.7,99,0.0,0.0,0.0
2019-09-30 07:00:00,75.1,100,0.0,0.0,0.0
2019-09-30 08:00:00,74.0,100,0.0,0.0,15.0
2019-09-30 09:00:00,75.5,93,0.0,0.06,97.0
2019-09-30 10:00:00,77.8,80,0.0,0.18,236.0
2019-09-30 11:00:00,81.0,67,0.0,0.34,453.0
2019-09-30 12:00:00,84.7,54,0.0,0.51,656.0
2019-09-30 13:00:00,88.4,47,0.0,0.62,770.0
2019-09-30 14:00:00,91.3,43,0.0,0.64,762.0
2019-09-30 15:00:00,93.5,40,0.0,0.62,717.0
2019-09-30 16:00:00,94.6,39,0.0,0.56,612.0
2019-09-30 17:00:00,94.6,38,0.0,0.46,457.0
2019-09-30 18:00:00,93.8,38,0.0,0.33,255.0
2019-09-30 19:00:00,92.3,40,0.0,0.2,104.0
2019-09-30 20:00:00,90.1,49,0.0,0.09,3.0
2019-09-30 21:00:00,87.8,54,0.0,0.08,0.0
2019-09-30 22:00:00,85.8,60,0.0,0.06,0.0
2019-09-30 23:00:00,84.2,65,0.0,0.05,0.0
2019-10-01 00:00:00,82.8,69,0.0,0.04,0.0
2019-10-01 01:00:00,81.5,74,0.0,0.03,0.0
2019-10-01 02:00:00,80.3,82,0.0,0.01,0.0
2019-10-01 03:00:00,79.2,90,0.0,0.0,0.0
2019-10-01 04:00:00,78.3,96,0.0,0.0,0.0
2019-10-01 05:00:00,77.5,99,0.0,0.0,0.0
2019-10-01 06:00:00,77.2,99,0.0,0.0,0.0
2019-10-01 07:00:00,76.9,99,0.0,0.0,0.0
2019-10-01 08:00:00,76.3,98,0.0,0.0,13.0
2019-10-01 09:00:00,77.7,84,0.0,0.11,154.0
2019-10-01 10:00:00,80.2,71,0.1,0.25,320.0
2019-10-01 11:00:00,82.9,61,0.1,0.38,467.0
2019-10-01 12:00:00,85.6,55,0.1,0.48,578.0
2019-10-01 13:00:00,88.0,53,0.1,0.54,643.0
2019-10-01 14:00:00,89.8,50,0.0,0.56,647.0
2019-10-01 15:00:00,91.3,47,0.0,0.56,636.0
2019-10-01 16:00:00,92.2,44,0.0,0.54,572.0
2019-10-01 17:00:00,92.2,46,0.0,0.45,444.0
2019-10-01 18:00:00,91.2,50,0.0,0.31,264.0
2019-10-01 19:00:00,89.4,54,0.0,0.18,101.0
2019-10-01 20:00:00,86.6,58,0.0,0.11,2.0
2019-10-01 21:00:00,84.9,66,0.0,0.07,0.0
2019-10-01 22:00:00,83.4,74,0.0,0.04,0.0
2019-10-01 23:00:00,82.0,81,0.0,0.02,0.0
2019-10-02 00:00:00,80.6,86,0.0,0.01,0.0
2019-10-02 01:00:00,79.3,90,0.0,0.0,0.0
2019-10-02 02:00:00,78.2,95,0.0,0.0,0.0
2019-10-02 03:00:00,77.2,97,0.0,0.0,0.0
2019-10-02 04:00:00,76.4,98,0.0,0.0,0.0
2019-10-02 05:00:00,75.7,98,0.0,0.0,0.0
2019-10-02 06:00:00,75.1,98,0.0,0.0,0.0
2019-10-02 07:00:00,74.7,99,0.0,0.0,0.0
2019-10-02 08:00:00,72.8,99,0.0,0.0,14.0
2019-10-02 09:00:00,74.6,87,0.0,0.1,156.0
2019-10-02 10:00:00,77.7,71,0.0,0.26,359.0
2019-10-02 11:00:00,80.8,59,0.1,0.38,483.0
2019-10-02 12:00:00,83.6,54,0.0,0.45,544.0
2019-10-02 13:00:00,85.9,51,0.1,0.5,596.0
2019-10-02 14:00:00,87.7,48,0.3,0.54,638.0
2019-10-02 15:00:00,88.9,47,0.4,0.54,625.0
2019-10-02 16:00:00,89.2,47,0.4,0.47,528.0
2019-10-02 17:00:00,89.2,47,0.2,0.4,432.0
2019-10-02 18:00:00,88.4,49,0.1,0.28,260.0
2019-10-02 19:00:00,87.2,52,0.0,0.14,90.0
2019-10-02 20:00:00,87.9,53,0.0,0.09,2.0
2019-10-02 21:00:00,85.8,59,0.0,0.07,0.0
2019-10-02 22:00:00,83.9,66,0.0,0.05,0.0
2019-10-02 23:00:00,82.2,73,0.0,0.03,0.0
2019-10-03 00:00:00,80.5,81,0.0,0.01,0.0
2019-10-03 01:00:00,78.9,86,0.0,0.0,0.0
2019-10-03 02:00:00,77.4,93,0.0,0.0,0.0
2019-10-03 03:00:00,76.0,96,0.0,0.0,0.0
2019-10-03 04:00:00,74.8,97,0.0,0.0,0.0
2019-10-03 05:00:00,73.8,98,0.0,0.0,0.0
2019-10-03 06:00:00,72.9,100,0.0,0.0,0.0
2019-10-03 07:00:00,72.2,100,0.0,0.0,0.0
2019-10-03 08:00:00,70.2,100,0.0,0.0,14.0
2019-10-03 09:00:00,72.1,95,0.0,0.06,104.0
2019-10-03 10:00:00,75.6,76,0.0,0.22,320.0
2019-10-03 11:00:00,79.5,63,0.0,0.38,514.0
2019-10-03 12:00:00,83.0,56,0.0,0.45,585.0
2019-10-03 13:00:00,86.5,49,0.0,0.57,729.0
2019-10-03 14:00:00,89.8,42,0.0,0.63,798.0
2019-10-03 15:00:00,92.1,38,0.0,0.63,766.0
2019-10-03 16:00:00,93.6,36,0.0,0.57,659.0
2019-10-03 17:00:00,93.8,36,0.0,0.46,495.0
2019-10-03 18:00:00,93.1,37,0.0,0.31,295.0
2019-10-03 19:00:00,91.3,42,0.0,0.16,101.0
2019-10-03 20:00:00,89.0,52,0.0,0.07,2.0
2019-10-03 21:00:00,86.5,55,0.0,0.08,0.0
2019-10-03 22:00:00,84.3,62,0.0,0.05,0.0
2019-10-03 23:00:00,82.2,69,0.0,0.03,0.0
2019-10-04 00:00:00,80.2,73,0.0,0.02,0.0
2019-10-04 01:00:00,78.2,77,0.0,0.01,0.0
2019-10-04 02:00:00,76.3,84,0.0,0.0,0.0
2019-10-04 03:00:00,74.7,89,0.0,0.0,0.0
2019-10-04 04:00:00,73.2,93,0.0,0.0,0.0
2019-10-04 05:00:00,72.0,94,0.0,0.0,0.0
2019-10-04 06:00:00,70.8,92,0.0,0.0,0.0
2019-10-04 07:00:00,69.7,94,0.0,0.0,0.0
2019-10-04 08:00:00,67.0,97,0.0,0.0,14.0
2019-10-04 09:00:00,69.7,83,0.0,0.09,164.0
2019-10-04 10:00:00,73.9,67,0.0,0.25,375.0
2019-10-04 11:00:00,78.5,52,0.0,0.4,569.0
2019-10-04 12:00:00,83.2,43,0.0,0.52,720.0
2019-10-04 13:00:00,87.4,36,0.0,0.61,811.0
2019-10-04 14:00:00,90.8,31,0.0,0.65,835.0
2019-10-04 15:00:00,93.4,29,0.0,0.63,789.0
2019-10-04 16:00:00,94.9,27,0.0,0.54,679.0
2019-10-04 17:00:00,95.4,26,0.0,0.42,513.0
2019-10-04 18:00:00,94.6,27,0.0,0.29,308.0
2019-10-04 19:00:00,92.1,35,0.0,0.12,102.0
2019-10-04 20:00:00,89.6,46,0.0,0.07,1.0
2019-10-04 21:00:00,86.2,54,0.0,0.05,0.0
2019-10-04 22:00:00,83.3,59,0.0,0.04,0.0
2019-10-04 23:00:00,80.9,60,0.0,0.03,0.0
2019-10-05 00:00:00,79.1,57,0.0,0.04,0.0
2019-10-05 01:00:00,77.7,66,0.0,0.03,0.0
2019-10-05 02:00:00,76.4,84,0.0,0.0,0.0
2019-10-05 03:00:00,75.1,95,0.0,0.0,0.0
2019-10-05 04:00:00,73.9,98,0.0,0.0,0.0
2019-10-05 05:00:00,72.8,99,0.0,0.0,0.0
2019-10-05 06:00:00,72.1,100,0.0,0.0,0.0
2019-10-05 07:00:00,72.4,100,0.0,0.0,0.0
2019-10-05 08:00:00,71.4,100,0.0,0.01,6.0
2019-10-05 09:00:00,73.1,90,0.0,0.06,84.0
2019-10-05 10:00:00,75.9,77,0.0,0.19,267.0
2019-10-05 11:00:00,79.7,61,0.0,0.39,523.0
2019-10-05 12:00:00,83.3,52,0.0,0.49,614.0
2019-10-05 13:00:00,86.2,48,0.0,0.52,616.0
2019-10-05 14:00:00,88.3,45,0.0,0.52,594.0
2019-10-05 15:00:00,90.7,40,0.0,0.61,722.0
2019-10-05 16:00:00,91.8,38,0.0,0.5,535.0
2019-10-05 17:00:00,91.8,41,0.1,0.41,396.0
2019-10-05 18:00:00,90.5,46,0.1,0.31,235.0
2019-10-05 19:00:00,88.5,53,0.0,0.18,85.0
2019-10-05 20:00:00,87.7,61,0.0,0.1,1.0
2019-10-05 21:00:00,85.6,63,0.0,0.09,0.0
2019-10-05 22:00:00,83.8,71,0.0,0.07,0.0
2019-10-05 23:00:00,82.1,81,0.0,0.04,0.0
2019-10-06 00:00:00,80.6,87,0.0,0.02,0.0
2019-10-06 01:00:00,79.3,89,0.0,0.01,0.0
2019-10-06 02:00:00,78.3,89,0.0,0.02,0.0
2019-10-06 03:00:00,77.5,89,0.0,0.01,0.0
2019-10-06 04:00:00,76.9,89,0.2,0.01,0.0
2019-10-06 05:00:00,76.3,90,0.1,0.01,0.0
2019-10-06 06:00:00,76.0,89,0.0,0.01,0.0
2019-10-06 07:00:00,75.7,90,0.0,0.01,0.0
2019-10-06 08:00:00,75.6,91,0.0,0.02,8.0
2019-10-06 09:00:00,76.4,81,0.1,0.1,117.0
2019-10-06 10:00:00,78.2,71,0.1,0.22,261.0
2019-10-06 11:00:00,80.6,59,0.1,0.37,434.0
2019-10-06 12:00:00,83.6,52,0.0,0.49,581.0
2019-10-06 13:00:00,86.3,46,0.0,0.57,654.0
2019-10-06 14:00:00,88.8,41,0.0,0.61,679.0
2019-10-06 15:00:00,90.3,42,0.0,0.59,651.0
2019-10-06 16:00:00,90.9,43,0.0,0.5,499.0
2019-10-06 17:00:00,90.5,44,0.0,0.41,386.0
2019-10-06 18:00:00,89.5,50,0.0,0.32,265.0
2019-10-06 19:00:00,87.7,52,0.0,0.19,81.0
2019-10-06 20:00:00,85.8,57,0.0,0.11,1.0
2019-10-06 21:00:00,84.2,70,0.0,0.08,0.0
2019-10-06 22:00:00,82.4,79,0.0,0.04,0.0
2019-10-06 23:00:00,80.8,81,0.0,0.03,0.0
2019-10-07 00:00:00,79.5,81,0.0,0.03,0.0
2019-10-07 01:00:00,78.4,83,0.0,0.02,0.0
2019-10-07 02:00:00,77.6,84,0.0,0.02,0.0
2019-10-07 03:00:00,76.8,86,0.0,0.01,0.0
2019-10-07 04:00:00,76.2,88,0.0,0.01,0.0
2019-10-07 05:00:00,75.7,88,0.0,0.01,0.0
2019-10-07 06:00:00,75.3,89,0.0,0.0,0.0
2019-10-07 07:00:00,74.8,90,0.0,0.0,0.0
2019-10-07 08:00:00,74.9,87,0.0,0.02,8.0
2019-10-07 09:00:00,75.9,78,0.1,0.1,123.0
2019-10-07 10:00:00,77.9,71,0.0,0.22,269.0
2019-10-07 11:00:00,80.3,66,0.0,0.32,406.0
2019-10-07 12:00:00,82.6,64,0.0,0.37,462.0
2019-10-07 13:00:00,82.7,67,1.0,0.34,431.0
2019-10-07 14:00:00,82.3,73,0.1,0.25,303.0
2019-10-07 15:00:00,82.3,71,0.2,0.25,283.0
2019-10-07 16:00:00,81.1,83,1.4,0.16,203.0
2019-10-07 17:00:00,79.1,89,0.7,0.12,172.0
2019-10-07 18:00:00,77.0,99,1.2,0.04,50.0
2019-10-07 19:00:00,75.5,99,1.5,0.02,16.0
2019-10-07 20:00:00,75.4,98,1.2,0.01,0.0
2019-10-07 21:00:00,74.4,99,0.8,0.0,0.0
2019-10-07 22:00:00,73.9,99,0.2,0.0,0.0
2019-10-07 23:00:00,73.6,98,0.0,0.0,0.0
2019-10-08 00:00:00,73.3,99,0.0,0.0,0.0
2019-10-08 01:00:00,73.2,99,0.0,0.0,0.0
2019-10-08 02:00:00,73.0,99,0.0,0.0,0.0
2019-10-08 03:00:00,72.9,99,0.0,0.0,0.0
2019-10-08 04:00:00,72.6,99,0.0,0.0,0.0
2019-10-08 05:00:00,72.3,99,0.0,0.0,0.0
2019-10-08 06:00:00,72.1,99,0.0,0.0,0.0
2019-10-08 07:00:00,72.1,99,0.0,0.0,0.0
2019-10-08 08:00:00,72.2,98,0.0,0.01,5.0
2019-10-08 09:00:00,72.6,95,0.0,0.05,90.0
2019-10-08 10:00:00,73.5,89,0.0,0.13,196.0
2019-10-08 11:00:00,75.0,81,0.0,0.23,328.0
2019-10-08 12:00:00,76.7,72,0.0,0.31,426.0
2019-10-08 13:00:00,78.8,62,0.0,0.4,515.0
2019-10-08 14:00:00,80.8,56,0.0,0.47,602.0
2019-10-08 15:00:00,82.2,57,0.0,0.48,627.0
2019-10-08 16:00:00,83.2,57,0.1,0.46,611.0
2019-10-08 17:00:00,83.0,64,0.1,0.32,412.0
2019-10-08 18:00:00,82.1,69,0.2,0.19,224.0
2019-10-08 19:00:00,80.5,78,0.0,0.08,69.0
2019-10-08 20:00:00,79.7,84,0.0,0.03,0.0
2019-10-08 21:00:00,78.3,85,0.0,0.01,0.0
2019-10-08 22:00:00,77.3,89,0.0,0.0,0.0
2019-10-08 23:00:00,76.3,92,0.0,0.0,0.0
2019-10-09 00:00:00,75.4,94,0.0,0.0,0.0
2019-10-09 01:00:00,74.6,94,0.0,0.0,0.0
2019-10-09 02:00:00,73.9,95,0.0,0.0,0.0
2019-10-09 03:00:00,73.4,96,0.0,0.0,0.0
2019-10-09 04:00:00,73.0,97,0.0,0.0,0.0
2019-10-09 05:00:00,72.8,98,0.0,0.0,0.0
2019-10-09 06:00:00,72.7,98,0.0,0.0,0.0
2019-10-09 07:00:00,72.5,96,0.0,0.0,0.0
2019-10-09 08:00:00,72.9,92,0.0,0.01,9.0
2019-10-09 09:00:00,73.1,83,0.0,0.09,120.0
2019-10-09 10:00:00,74.3,77,0.0,0.19,275.0
2019-10-09 11:00:00,76.1,70,0.0,0.32,456.0
2019-10-09 12:00:00,77.7,64,0.0,0.37,484.0
2019-10-09 13:00:00,79.4,58,0.0,0.44,576.0
2019-10-09 14:00:00,81.2,54,0.0,0.54,711.0
2019-10-09 15:00:00,82.6,50,0.0,0.55,710.0
2019-10-09 16:00:00,83.3,48,0.0,0.49,621.0
2019-10-09 17:00:00,83.0,49,0.0,0.37,426.0
2019-10-09 18:00:00,82.2,51,0.0,0.25,259.0
2019-10-09 19:00:00,80.6,57,0.0,0.11,77.0
2019-10-09 20:00:00,77.9,75,0.0,0.06,0.0
2019-10-09 21:00:00,76.2,79,0.0,0.02,0.0
2019-10-09 22:00:00,74.8,81,0.0,0.02,0.0
2019-10-09 23:00:00,73.6,84,0.0,0.01,0.0
2019-10-10 00:00:00,72.7,87,0.0,0.01,0.0
2019-10-10 01:00:00,72.0,88,0.0,0.01,0.0
2019-10-10 02:00:00,71.3,90,0.0,0.0,0.0
2019-10-10 03:00:00,70.9,92,0.0,0.0,0.0
2019-10-10 04:00:00,70.3,92,0.0,0.0,0.0
2019-10-10 05:00:00,70.0,93,0.0,0.0,0.0
2019-10-10 06:00:00,69.6,93,0.0,0.0,0.0
2019-10-10 07:00:00,69.4,92,0.0,0.0,0.0
2019-10-10 08:00:00,67.8,90,0.0,0.01,10.0
2019-10-10 09:00:00,69.4,82,0.0,0.09,147.0
2019-10-10 10:00:00,71.6,75,0.0,0.22,353.0
2019-10-10 11:00:00,74.4,68,0.0,0.36,544.0
2019-10-10 12:00:00,77.2,58,0.0,0.48,677.0
2019-10-10 13:00:00,79.5,53,0.0,0.53,716.0
2019-10-10 14:00:00,81.5,49,0.0,0.57,755.0
2019-10-10 15:00:00,82.9,46,0.0,0.56,726.0
2019-10-10 16:00:00,83.6,45,0.0,0.5,621.0
2019-10-10 17:00:00,83.5,44,0.0,0.4,469.0
2019-10-10 18:00:00,82.6,47,0.0,0.27,272.0
2019-10-10 19:00:00,80.8,54,0.0,0.13,79.0
2019-10-10 20:00:00,79.2,64,0.0,0.09,0.0
2019-10-10 21:00:00,77.4,72,0.0,0.05,0.0
2019-10-10 22:00:00,75.7,80,0.0,0.03,0.0
2019-10-10 23:00:00,74.2,86,0.0,0.01,0.0
2019-10-11 00:00:00,72.9,89,0.0,0.0,0.0
2019-10-11 01:00:00,71.6,92,0.0,0.0,0.0
2019-10-11 02:00:00,70.6,92,0.0,0.0,0.0
2019-10-11 03:00:00,69.9,92,0.0,0.0,0.0
2019-10-11 04:00:00,69.2,92,0.0,0.0,0.0
2019-10-11 05:00:00,68.6,92,0.0,0.0,0.0
2019-10-11 06:00:00,68.1,94,0.0,0.0,0.0
2019-10-11 07:00:00,67.6,94,0.0,0.0,0.0
2019-10-11 08:00:00,65.3,94,0.0,0.0,10.0
2019-10-11 09:00:00,66.9,84,0.0,0.08,151.0
2019-10-11 10:00:00,69.5,73,0.0,0.22,363.0
2019-10-11 11:00:00,72.7,63,0.0,0.37,557.0
2019-10-11 12:00:00,75.7,50,0.0,0.49,707.0
2019-10-11 13:00:00,78.5,40,0.0,0.57,790.0
2019-10-11 14:00:00,80.8,36,0.0,0.59,812.0
2019-10-11 15:00:00,82.3,34,0.0,0.57,772.0
2019-10-11 16:00:00,83.0,33,0.0,0.49,659.0
2019-10-11 17:00:00,82.9,33,0.0,0.37,491.0
2019-10-11 18:00:00,82.0,38,0.0,0.22,286.0
2019-10-11 19:00:00,79.4,46,0.0,0.1,80.0
2019-10-11 20:00:00,77.2,59,0.0,0.08,0.0
2019-10-11 21:00:00,75.4,69,0.0,0.04,0.0
2019-10-11 22:00:00,74.0,77,0.0,0.03,0.0
2019-10-11 23:00:00,72.9,82,0.0,0.02,0.0
2019-10-12 00:00:00,71.8,88,0.0,0.0,0.0
2019-10-12 01:00:00,70.9,93,0.0,0.0,0.0
2019-10-12 02:00:00,70.0,96,0.0,0.0,0.0
2019-10-12 03:00:00,69.1,97,0.0,0.0,0.0
2019-10-12 04:00:00,68.2,99,0.0,0.0,0.0
2019-10-12 05:00:00,67.0,100,0.0,0.0,0.0
2019-10-12 06:00:00,66.4,100,0.0,0.0,0.0
2019-10-12 07:00:00,65.7,100,0.0,0.0,0.0
2019-10-12 08:00:00,61.4,99,0.0,0.0,7.0
2019-10-12 09:00:00,64.0,95,0.0,0.06,111.0
2019-10-12 10:00:00,67.7,81,0.0,0.19,319.0
2019-10-12 11:00:00,72.1,53,0.0,0.36,549.0
2019-10-12 12:00:00,76.1,43,0.0,0.47,691.0
2019-10-12 13:00:00,79.2,41,0.0,0.53,749.0
2019-10-12 14:00:00,81.8,39,0.0,0.56,795.0
2019-10-12 15:00:00,83.6,38,0.0,0.53,736.0
2019-10-12 16:00:00,84.6,38,0.0,0.46,630.0
2019-10-12 17:00:00,84.6,38,0.0,0.34,460.0
2019-10-12 18:00:00,83.8,43,0.0,0.19,268.0
2019-10-12 19:00:00,81.3,57,0.0,0.07,72.0
2019-10-12 20:00:00,79.8,58,0.0,0.06,0.0
2019-10-12 21:00:00,77.5,64,0.0,0.05,0.0
2019-10-12 22:00:00,76.2,78,0.0,0.02,0.0
2019-10-12 23:00:00,74.9,85,0.0,0.01,0.0
2019-10-13 00:00:00,73.9,89,0.0,0.0,0.0
2019-10-13 01:00:00,73.0,91,0.0,0.0,0.0
2019-10-13 02:00:00,72.4,93,0.0,0.0,0.0
2019-10-13 03:00:00,71.9,94,0.0,0.0,0.0
2019-10-13 04:00:00,71.3,95,0.0,0.0,0.0
2019-10-13 05:00:00,70.8,95,0.0,0.0,0.0
2019-10-13 06:00:00,70.3,95,0.0,0.0,0.0
2019-10-13 07:00:00,69.8,95,0.0,0.0,0.0
2019-10-13 08:00:00,66.2,95,0.0,0.0,8.0
2019-10-13 09:00:00,68.5,85,0.0,0.08,139.0
2019-10-13 10:00:00,71.8,70,0.0,0.23,341.0
2019-10-13 11:00:00,75.6,58,0.0,0.38,529.0
2019-10-13 12:00:00,79.3,50,0.0,0.49,673.0
2019-10-13 13:00:00,82.3,45,0.0,0.52,687.0
2019-10-13 14:00:00,84.2,42,0.0,0.45,574.0
2019-10-13 15:00:00,85.6,39,0.0,0.4,523.0
2019-10-13 16:00:00,86.5,38,0.0,0.31,422.0
2019-10-13 17:00:00,86.9,37,0.0,0.25,364.0
2019-10-13 18:00:00,85.9,43,0.0,0.14,142.0
2019-10-13 19:00:00,84.0,53,0.0,0.09,38.0
2019-10-13 20:00:00,82.6,67,0.0,0.04,0.0
2019-10-13 21:00:00,80.7,73,0.0,0.02,0.0
2019-10-13 22:00:00,78.9,77,0.0,0.01,0.0
2019-10-13 23:00:00,77.4,81,0.0,0.0,0.0
2019-10-14 00:00:00,75.9,82,0.0,0.0,0.0
2019-10-14 01:00:00,74.8,87,0.0,0.0,0.0
2019-10-14 02:00:00,73.8,88,0.0,0.0,0.0
2019-10-14 03:00:00,73.0,83,0.0,0.0,0.0
2019-10-14 04:00:00,72.3,85,0.0,0.0,0.0
2019-10-14 05:00:00,71.6,89,0.0,0.0,0.0
2019-10-14 06:00:00,70.8,92,0.0,0.0,0.0
2019-10-14 07:00:00,70.1,92,0.0,0.0,0.0
2019-10-14 08:00:00,67.6,91,0.0,0.0,7.0
2019-10-14 09:00:00,69.8,78,0.0,0.08,134.0
2019-10-14 10:00:00,73.4,66,0.0,0.22,336.0
2019-10-14 11:00:00,77.4,58,0.0,0.35,511.0
2019-10-14 12:00:00,81.1,52,0.0,0.45,632.0
2019-10-14 13:00:00,84.4,47,0.0,0.51,684.0
2019-10-14 14:00:00,86.8,45,0.0,0.52,677.0
2019-10-14 15:00:00,88.4,45,0.0,0.49,627.0
2019-10-14 16:00:00,89.1,45,0.0,0.4,504.0
2019-10-14 17:00:00,89.0,45,0.0,0.32,390.0
2019-10-14 18:00:00,88.0,49,0.0,0.19,220.0
2019-10-14 19:00:00,85.9,57,0.0,0.08,53.0
2019-10-14 20:00:00,85.0,56,0.0,0.07,0.0
2019-10-14 21:00:00,83.2,68,0.0,0.0,0.0
2019-10-14 22:00:00,81.5,66,0.0,0.01,0.0
2019-10-14 23:00:00,80.2,68,0.0,0.01,0.0
2019-10-15 00:00:00,78.9,77,0.0,0.0,0.0
2019-10-15 01:00:00,77.8,75,0.0,0.0,0.0
2019-10-15 02:00:00,76.8,80,0.0,0.0,0.0
2019-10-15 03:00:00,75.7,87,0.0,0.0,0.0
2019-10-15 04:00:00,74.9,87,0.0,0.0,0.0
2019-10-15 05:00:00,74.5,87,0.1,0.0,0.0
2019-10-15 06:00:00,74.0,87,0.5,0.0,0.0
2019-10-15 07:00:00,73.4,90,0.1,0.0,0.0
2019-10-15 08:00:00,74.0,83,0.0,0.02,3.0
2019-10-15 09:00:00,74.7,78,0.0,0.05,65.0
2019-10-15 10:00:00,77.1,66,0.0,0.18,279.0
2019-10-15 11:00:00,80.1,60,0.0,0.3,423.0
2019-10-15 12:00:00,83.1,55,0.0,0.41,561.0
2019-10-15 13:00:00,85.6,52,0.1,0.41,556.0
2019-10-15 14:00:00,85.9,53,0.0,0.26,310.0
2019-10-15 15:00:00,86.2,54,0.1,0.26,309.0
2019-10-15 16:00:00,86.5,57,0.2,0.29,363.0
2019-10-15 17:00:00,85.3,70,0.5,0.16,191.0
2019-10-15 18:00:00,82.0,94,1.7,0.04,47.0
2019-10-15 19:00:00,78.9,99,0.9,0.02,8.0
2019-10-15 20:00:00,80.0,100,0.9,0.0,0.0
2019-10-15 21:00:00,77.8,99,1.7,0.0,0.0
2019-10-15 22:00:00,76.6,100,0.7,0.0,0.0
2019-10-15 23:00:00,75.8,99,0.5,0.0,0.0
2019-10-16 00:00:00,75.2,99,0.6,0.0,0.0
2019-10-16 01:00:00,74.5,99,0.5,0.0,0.0
2019-10-16 02:00:00,74.0,99,0.4,0.0,0.0
2019-10-16 03:00:00,73.8,99,0.3,0.0,0.0
2019-10-16 04:00:00,73.6,99,0.5,0.0,0.0
2019-10-16 05:00:00,73.7,97,0.4,0.0,0.0
2019-10-16 06:00:00,73.8,97,0.1,0.0,0.0
2019-10-16 07:00:00,73.9,97,0.1,0.0,0.0
2019-10-16 08:00:00,74.8,98,0.2,0.01,3.0
2019-10-16 09:00:00,75.2,94,0.2,0.04,42.0
2019-10-16 10:00:00,75.7,96,3.4,0.07,99.0
2019-10-16 11:00:00,75.8,95,3.0,0.1,163.0
2019-10-16 12:00:00,76.6,91,0.7,0.2,307.0
2019-10-16 13:00:00,78.4,82,0.2,0.38,581.0
2019-10-16 14:00:00,80.2,74,0.1,0.41,579.0
2019-10-16 15:00:00,81.5,70,0.0,0.43,587.0
2019-10-16 16:00:00,82.3,64,0.1,0.4,515.0
2019-10-16 17:00:00,82.0,57,0.0,0.26,246.0
2019-10-16 18:00:00,81.1,62,0.0,0.16,114.0
2019-10-16 19:00:00,79.8,67,0.0,0.08,53.0
2019-10-16 20:00:00,80.0,77,0.0,0.03,0.0
2019-10-16 21:00:00,78.0,80,0.0,0.01,0.0
2019-10-16 22:00:00,76.5,83,0.0,0.01,0.0
2019-10-16 23:00:00,75.3,84,0.0,0.01,0.0
2019-10-17 00:00:00,74.4,84,0.0,0.01,0.0
2019-10-17 01:00:00,73.4,84,0.0,0.01,0.0
2019-10-17 02:00:00,72.6,81,0.0,0.02,0.0
2019-10-17 03:00:00,71.4,78,0.0,0.03,0.0
2019-10-17 04:00:00,70.1,72,0.0,0.03,0.0
2019-10-17 05:00:00,68.6,70,0.0,0.03,0.0
2019-10-17 06:00:00,67.1,71,0.0,0.02,0.0
2019-10-17 07:00:00,65.7,73,0.0,0.02,0.0
2019-10-17 08:00:00,64.0,73,0.0,0.02,6.0
2019-10-17 09:00:00,64.3,65,0.0,0.08,116.0
2019-10-17 10:00:00,65.8,55,0.0,0.19,326.0
2019-10-17 11:00:00,68.1,46,0.0,0.32,517.0
2019-10-17 12:00:00,70.4,40,0.0,0.4,628.0
2019-10-17 13:00:00,72.5,35,0.0,0.44,657.0
2019-10-17 14:00:00,74.4,32,0.0,0.46,668.0
2019-10-17 15:00:00,75.8,30,0.0,0.47,671.0
2019-10-17 16:00:00,76.4,30,0.0,0.38,528.0
2019-10-17 17:00:00,76.2,30,0.0,0.28,371.0
2019-10-17 18:00:00,75.3,39,0.0,0.15,203.0
2019-10-17 19:00:00,72.7,49,0.0,0.07,47.0
2019-10-17 20:00:00,69.4,59,0.0,0.03,0.0
2019-10-17 21:00:00,67.6,57,0.0,0.02,0.0
2019-10-17 22:00:00,66.2,62,0.0,0.02,0.0
2019-10-17 23:00:00,65.2,65,0.0,0.01,0.0
2019-10-18 00:00:00,64.3,72,0.0,0.01,0.0
2019-10-18 01:00:00,63.6,74,0.0,0.01,0.0
2019-10-18 02:00:00,63.1,71,0.0,0.01,0.0
2019-10-18 03:00:00,62.3,71,0.0,0.01,0.0
2019-10-18 04:00:00,62.2,69,0.0,0.01,0.0
2019-10-18 05:00:00,61.9,76,0.0,0.0,0.0
2019-10-18 06:00:00,61.9,70,0.0,0.01,0.0
2019-10-18 07:00:00,62.0,70,0.0,0.02,0.0
2019-10-18 08:00:00,61.6,67,0.0,0.04,2.0
2019-10-18 09:00:00,62.2,68,0.0,0.05,16.0
2019-10-18 10:00:00,63.3,60,0.0,0.1,100.0
2019-10-18 11:00:00,64.3,58,0.0,0.11,107.0
2019-10-18 12:00:00,65.5,54,0.0,0.13,167.0
2019-10-18 13:00:00,67.2,51,0.0,0.22,301.0
2019-10-18 14:00:00,69.2,46,0.0,0.32,448.0
2019-10-18 15:00:00,70.3,43,0.0,0.29,380.0
2019-10-18 16:00:00,70.9,41,0.0,0.25,281.0
2019-10-18 17:00:00,70.7,42,0.0,0.17,136.0
2019-10-18 18:00:00,70.2,47,0.0,0.12,80.0
2019-10-18 19:00:00,69.3,50,0.0,0.1,14.0
2019-10-18 20:00:00,67.1,60,0.1,0.05,0.0
2019-10-18 21:00:00,66.2,72,0.2,0.04,0.0
2019-10-18 22:00:00,65.4,83,0.9,0.02,0.0
2019-10-18 23:00:00,64.2,97,1.2,0.0,0.0
2019-10-19 00:00:00,63.6,93,0.5,0.0,0.0
2019-10-19 01:00:00,63.2,98,0.7,0.0,0.0
2019-10-19 02:00:00,63.3,98,0.9,0.0,0.0
2019-10-19 03:00:00,64.0,99,1.7,0.0,0.0
2019-10-19 04:00:00,65.2,99,0.6,0.0,0.0
2019-10-19 05:00:00,66.2,99,2.9,0.0,0.0
2019-10-19 06:00:00,67.0,99,5.1,0.0,0.0
2019-10-19 07:00:00,67.6,99,4.3,0.0,0.0
2019-10-19 08:00:00,68.7,99,12.5,0.01,1.0
2019-10-19 09:00:00,68.6,97,0.4,0.03,31.0
2019-10-19 10:00:00,69.4,95,0.1,0.08,137.0
2019-10-19 11:00:00,70.3,93,0.1,0.11,186.0
2019-10-19 12:00:00,72.1,83,0.1,0.24,383.0
2019-10-19 13:00:00,72.8,84,0.3,0.17,231.0
2019-10-19 14:00:00,73.8,81,0.1,0.24,340.0
2019-10-19 15:00:00,75.0,78,0.1,0.31,449.0
2019-10-19 16:00:00,75.1,86,0.3,0.15,200.0
2019-10-19 17:00:00,75.4,88,0.5,0.15,208.0
2019-10-19 18:00:00,75.1,89,0.3,0.1,135.0
2019-10-19 19:00:00,74.6,93,0.2,0.03,35.0
2019-10-19 20:00:00,75.1,99,0.0,0.0,0.0
2019-10-19 21:00:00,74.1,97,1.1,0.0,0.0
2019-10-19 22:00:00,73.5,96,0.0,0.0,0.0
2019-10-19 23:00:00,73.0,94,0.0,0.01,0.0
2019-10-20 00:00:00,72.6,94,0.0,0.0,0.0
2019-10-20 01:00:00,72.1,93,0.0,0.01,0.0
2019-10-20 02:00:00,71.3,94,0.0,0.0,0.0
2019-10-20 03:00:00,70.7,95,0.0,0.0,0.0
2019-10-20 04:00:00,70.3,94,0.0,0.0,0.0
2019-10-20 05:00:00,69.9,92,0.0,0.0,0.0
2019-10-20 06:00:00,69.4,93,0.0,0.0,0.0
2019-10-20 07:00:00,69.0,92,0.0,0.0,0.0
2019-10-20 08:00:00,69.0,92,0.0,0.02,3.0
2019-10-20 09:00:00,68.6,86,0.0,0.07,106.0
2019-10-20 10:00:00,69.3,79,0.0,0.16,280.0
2019-10-20 11:00:00,70.8,70,0.0,0.29,456.0
2019-10-20 12:00:00,72.8,68,0.0,0.4,643.0
2019-10-20 13:00:00,74.7,66,0.0,0.48,746.0
2019-10-20 14:00:00,76.2,63,0.0,0.5,765.0
2019-10-20 15:00:00,77.3,62,0.0,0.48,717.0
2019-10-20 16:00:00,77.8,61,0.0,0.41,605.0
2019-10-20 17:00:00,77.8,62,0.0,0.29,439.0
2019-10-20 18:00:00,77.0,71,0.0,0.15,239.0
2019-10-20 19:00:00,74.8,79,0.0,0.03,52.0
2019-10-20 20:00:00,73.5,90,0.0,0.0,0.0
2019-10-20 21:00:00,71.3,89,0.0,0.0,0.0
2019-10-20 22:00:00,69.7,90,0.0,0.0,0.0
2019-10-20 23:00:00,68.5,95,0.0,0.0,0.0
2019-10-21 00:00:00,67.7,96,0.0,0.0,0.0
2019-10-21 01:00:00,66.9,97,0.0,0.0,0.0
2019-10-21 02:00:00,66.3,97,0.0,0.0,0.0
2019-10-21 03:00:00,65.9,96,0.0,0.0,0.0
2019-10-21 04:00:00,65.7,96,0.0,0.0,0.0
2019-10-21 05:00:00,65.4,96,0.0,0.0,0.0
2019-10-21 06:00:00,65.3,96,0.0,0.0,0.0
2019-10-21 07:00:00,65.1,96,0.0,0.0,0.0
2019-10-21 08:00:00,63.2,97,0.0,0.0,5.0
2019-10-21 09:00:00,65.0,90,0.0,0.06,123.0
2019-10-21 10:00:00,67.7,82,0.0,0.19,325.0
2019-10-21 11:00:00,70.7,75,0.0,0.31,477.0
2019-10-21 12:00:00,72.9,71,0.0,0.32,462.0
2019-10-21 13:00:00,75.2,67,0.0,0.43,609.0
2019-10-21 14:00:00,75.7,72,0.1,0.25,332.0
2019-10-21 15:00:00,77.0,71,0.0,0.37,520.0
2019-10-21 16:00:00,77.3,73,0.1,0.26,345.0
2019-10-21 17:00:00,76.5,82,0.8,0.11,137.0
2019-10-21 18:00:00,76.6,92,0.6,0.09,127.0
2019-10-21 19:00:00,75.5,96,0.2,0.02,27.0
2019-10-21 20:00:00,76.2,97,0.2,0.0,0.0
2019-10-21 21:00:00,74.8,96,0.0,0.0,0.0
2019-10-21 22:00:00,73.9,99,0.0,0.0,0.0
2019-10-21 23:00:00,73.4,98,0.0,0.0,0.0
2019-10-22 00:00:00,73.2,97,0.0,0.0,0.0
2019-10-22 01:00:00,73.2,99,0.0,0.0,0.0
2019-10-22 02:00:00,73.5,99,0.0,0.0,0.0
2019-10-22 03:00:00,73.8,99,0.0,0.0,0.0
2019-10-22 04:00:00,74.1,99,0.3,0.0,0.0
2019-10-22 05:00:00,74.3,99,0.0,0.0,0.0
2019-10-22 06:00:00,74.4,99,0.0,0.0,0.0
2019-10-22 07:00:00,74.4,98,0.1,0.0,0.0
2019-10-22 08:00:00,74.5,99,1.0,0.01,2.0
2019-10-22 09:00:00,74.8,96,0.0,0.06,105.0
2019-10-22 10:00:00,75.6,92,0.0,0.13,196.0
2019-10-22 11:00:00,76.2,89,0.3,0.17,251.0
2019-10-22 12:00:00,76.8,87,1.0,0.19,280.0
2019-10-22 13:00:00,76.8,92,2.6,0.18,308.0
2019-10-22 14:00:00,76.6,91,0.4,0.21,331.0
2019-10-22 15:00:00,77.0,86,0.2,0.25,369.0
2019-10-22 16:00:00,77.2,88,0.7,0.2,315.0
2019-10-22 17:00:00,76.1,89,0.2,0.12,162.0
2019-10-22 18:00:00,75.6,81,0.0,0.13,201.0
2019-10-22 19:00:00,74.3,83,0.0,0.03,43.0
2019-10-22 20:00:00,74.7,73,0.0,0.04,0.0
2019-10-22 21:00:00,73.0,64,0.0,0.06,0.0
2019-10-22 22:00:00,71.2,56,0.0,0.07,0.0
2019-10-22 23:00:00,69.7,60,0.0,0.06,0.0
2019-10-23 00:00:00,68.5,60,0.0,0.06,0.0
2019-10-23 01:00:00,67.4,61,0.0,0.05,0.0
2019-10-23 02:00:00,66.1,60,0.0,0.04,0.0
2019-10-23 03:00:00,64.9,59,0.0,0.05,0.0
2019-10-23 04:00:00,64.0,60,0.0,0.04,0.0
2019-10-23 05:00:00,63.1,60,0.0,0.04,0.0
2019-10-23 06:00:00,62.2,61,0.0,0.04,0.0
2019-10-23 07:00:00,61.5,62,0.0,0.04,0.0
2019-10-23 08:00:00,59.0,61,0.0,0.05,4.0
2019-10-23 09:00:00,60.3,63,0.0,0.09,131.0
2019-10-23 10:00:00,62.2,56,0.0,0.2,338.0
2019-10-23 11:00:00,64.4,52,0.0,0.3,523.0
2019-10-23 12:00:00,66.7,48,0.0,0.4,672.0
2019-10-23 13:00:00,68.8,44,0.0,0.47,757.0
2019-10-23 14:00:00,70.5,41,0.0,0.5,784.0
2019-10-23 15:00:00,71.6,39,0.0,0.45,692.0
2019-10-23 16:00:00,72.0,40,0.0,0.37,551.0
2019-10-23 17:00:00,71.9,43,0.0,0.28,414.0
2019-10-23 18:00:00,71.0,54,0.0,0.15,228.0
2019-10-23 19:00:00,68.3,66,0.0,0.04,48.0
2019-10-23 20:00:00,65.9,69,0.0,0.02,0.0
2019-10-23 21:00:00,64.4,67,0.0,0.03,0.0
2019-10-23 22:00:00,63.5,67,0.0,0.03,0.0
2019-10-23 23:00:00,63.2,71,0.0,0.02,0.0
2019-10-24 00:00:00,62.8,74,0.0,0.02,0.0
2019-10-24 01:00:00,62.3,75,0.0,0.02,0.0
2019-10-24 02:00:00,62.0,76,0.0,0.02,0.0
2019-10-24 03:00:00,61.9,77,0.0,0.01,0.0
2019-10-24 04:00:00,62.0,78,0.0,0.01,0.0
2019-10-24 05:00:00,62.2,77,0.0,0.02,0.0
2019-10-24 06:00:00,62.9,73,0.0,0.02,0.0
2019-10-24 07:00:00,63.4,73,0.0,0.03,0.0
2019-10-24 08:00:00,62.0,76,0.0,0.05,1.0
2019-10-24 09:00:00,63.5,79,0.0,0.06,47.0
2019-10-24 10:00:00,65.0,79,0.0,0.1,122.0
2019-10-24 11:00:00,67.3,75,0.0,0.21,313.0
2019-10-24 12:00:00,69.4,73,0.0,0.28,418.0
2019-10-24 13:00:00,72.1,68,0.0,0.44,656.0
2019-10-24 14:00:00,74.3,63,0.0,0.46,649.0
2019-10-24 15:00:00,74.9,68,0.1,0.29,368.0
2019-10-24 16:00:00,75.6,66,0.0,0.32,412.0
2019-10-24 17:00:00,75.7,67,0.0,0.26,330.0
2019-10-24 18:00:00,75.0,71,0.0,0.13,123.0
2019-10-24 19:00:00,74.1,73,0.0,0.08,19.0
2019-10-24 20:00:00,75.0,81,0.0,0.03,0.0
2019-10-24 21:00:00,73.5,84,0.0,0.02,0.0
2019-10-24 22:00:00,72.5,86,0.0,0.01,0.0
2019-10-24 23:00:00,71.7,89,0.0,0.01,0.0
2019-10-25 00:00:00,71.2,91,0.0,0.0,0.0
2019-10-25 01:00:00,70.7,91,0.0,0.0,0.0
2019-10-25 02:00:00,70.4,91,0.0,0.0,0.0
2019-10-25 03:00:00,70.3,91,0.0,0.0,0.0
2019-10-25 04:00:00,70.1,93,0.0,0.0,0.0
2019-10-25 05:00:00,69.9,94,0.0,0.0,0.0
2019-10-25 06:00:00,69.8,95,0.0,0.0,0.0
2019-10-25 07:00:00,69.8,95,0.0,0.0,0.0
2019-10-25 08:00:00,69.5,97,0.0,0.0,3.0
2019-10-25 09:00:00,70.7,92,0.0,0.06,103.0
2019-10-25 10:00:00,72.7,81,0.0,0.19,280.0
2019-10-25 11:00:00,74.8,74,0.0,0.29,406.0
2019-10-25 12:00:00,76.9,69,0.0,0.41,582.0
2019-10-25 13:00:00,78.4,69,0.0,0.42,567.0
2019-10-25 14:00:00,79.6,70,0.2,0.43,586.0
2019-10-25 15:00:00,79.9,68,0.1,0.38,500.0
2019-10-25 16:00:00,79.7,64,0.1,0.31,369.0
2019-10-25 17:00:00,79.3,65,0.1,0.24,279.0
2019-10-25 18:00:00,78.6,69,0.0,0.15,160.0
2019-10-25 19:00:00,77.5,72,0.0,0.08,30.0
2019-10-25 20:00:00,77.9,75,0.0,0.05,0.0
2019-10-25 21:00:00,76.6,78,0.0,0.04,0.0
2019-10-25 22:00:00,75.5,80,0.0,0.03,0.0
2019-10-25 23:00:00,74.8,82,0.0,0.03,0.0
2019-10-26 00:00:00,74.2,83,0.0,0.03,0.0
2019-10-26 01:00:00,73.8,84,0.0,0.02,0.0
2019-10-26 02:00:00,73.5,86,0.0,0.02,0.0
2019-10-26 03:00:00,73.2,87,0.0,0.01,0.0
2019-10-26 04:00:00,73.0,88,0.0,0.01,0.0
2019-10-26 05:00:00,72.9,88,0.0,0.01,0.0
2019-10-26 06:00:00,72.8,88,0.0,0.0,0.0
2019-10-26 07:00:00,72.5,91,0.0,0.0,0.0
2019-10-26 08:00:00,73.0,89,0.0,0.01,3.0
2019-10-26 09:00:00,73.5,86,0.0,0.06,92.0
2019-10-26 10:00:00,74.8,81,0.0,0.18,253.0
2019-10-26 11:00:00,76.4,72,0.0,0.28,372.0
2019-10-26 12:00:00,78.2,65,0.2,0.4,539.0
2019-10-26 13:00:00,79.7,67,0.1,0.42,564.0
2019-10-26 14:00:00,80.3,72,0.4,0.39,542.0
2019-10-26 15:00:00,80.5,75,0.1,0.35,483.0
2019-10-26 16:00:00,79.9,84,1.4,0.28,427.0
2019-10-26 17:00:00,79.5,80,0.1,0.21,294.0
2019-10-26 18:00:00,78.3,93,2.8,0.09,148.0
2019-10-26 19:00:00,76.7,96,2.0,0.02,14.0
2019-10-26 20:00:00,77.7,97,0.6,0.0,0.0
2019-10-26 21:00:00,76.5,97,0.0,0.0,0.0
2019-10-26 22:00:00,75.7,98,0.0,0.0,0.0
2019-10-26 23:00:00,75.1,98,0.0,0.0,0.0
2019-10-27 00:00:00,74.8,99,0.0,0.0,0.0
2019-10-27 01:00:00,74.7,99,0.0,0.0,0.0
2019-10-27 02:00:00,74.5,99,0.0,0.0,0.0
2019-10-27 03:00:00,74.6,99,0.0,0.0,0.0
2019-10-27 04:00:00,74.7,98,0.0,0.0,0.0
2019-10-27 05:00:00,74.7,98,0.0,0.0,0.0
2019-10-27 06:00:00,74.6,98,0.0,0.0,0.0
2019-10-27 07:00:00,74.5,98,0.0,0.0,0.0
2019-10-27 08:00:00,75.6,100,0.0,0.01,1.0
2019-10-27 09:00:00,74.9,99,0.9,0.02,29.0
2019-10-27 10:00:00,74.8,99,0.4,0.04,53.0
2019-10-27 11:00:00,75.4,94,0.1,0.12,180.0
2019-10-27 12:00:00,75.8,88,0.1,0.16,234.0
2019-10-27 13:00:00,76.4,85,0.0,0.18,245.0
2019-10-27 14:00:00,77.7,76,0.0,0.32,446.0
2019-10-27 15:00:00,78.6,72,0.1,0.27,355.0
2019-10-27 16:00:00,78.4,76,0.0,0.15,167.0
2019-10-27 17:00:00,78.7,73,0.0,0.17,216.0
2019-10-27 18:00:00,78.7,76,0.0,0.12,175.0
2019-10-27 19:00:00,77.5,82,0.0,0.03,33.0
2019-10-27 20:00:00,78.6,79,0.0,0.02,0.0
2019-10-27 21:00:00,76.9,81,0.0,0.01,0.0
2019-10-27 22:00:00,75.6,85,0.0,0.0,0.0
2019-10-27 23:00:00,74.5,89,0.0,0.0,0.0
2019-10-28 00:00:00,73.6,92,0.0,0.0,0.0
2019-10-28 01:00:00,72.7,96,0.0,0.0,0.0
2019-10-28 02:00:00,72.0,98,0.0,0.0,0.0
2019-10-28 03:00:00,71.3,98,0.0,0.0,0.0
2019-10-28 04:00:00,70.8,97,0.0,0.0,0.0
2019-10-28 05:00:00,70.4,96,0.0,0.0,0.0
2019-10-28 06:00:00,70.1,96,0.0,0.0,0.0
2019-10-28 07:00:00,69.7,95,0.0,0.0,0.0
2019-10-28 08:00:00,69.9,93,0.0,0.0,2.0
2019-10-28 09:00:00,70.4,83,0.0,0.05,95.0
2019-10-28 10:00:00,72.3,75,0.0,0.17,285.0
2019-10-28 11:00:00,74.8,70,0.0,0.3,456.0
2019-10-28 12:00:00,77.2,68,0.0,0.37,538.0
2019-10-28 13:00:00,79.3,66,0.0,0.45,632.0
2019-10-28 14:00:00,81.1,62,0.0,0.48,661.0
2019-10-28 15:00:00,81.4,64,0.0,0.34,445.0
2019-10-28 16:00:00,81.2,65,0.0,0.23,292.0
2019-10-28 17:00:00,81.0,65,0.0,0.16,224.0
2019-10-28 18:00:00,80.4,77,0.1,0.1,142.0
2019-10-28 19:00:00,79.0,84,0.0,0.03,18.0
2019-10-28 20:00:00,79.5,84,0.1,0.0,0.0
2019-10-28 21:00:00,78.1,82,0.0,0.0,0.0
2019-10-28 22:00:00,76.9,82,0.0,0.0,0.0
2019-10-28 23:00:00,75.8,92,0.0,0.0,0.0
2019-10-29 00:00:00,74.9,94,0.0,0.0,0.0
2019-10-29 01:00:00,74.3,98,0.0,0.0,0.0
2019-10-29 02:00:00,73.8,99,0.0,0.0,0.0
2019-10-29 03:00:00,73.5,98,0.0,0.0,0.0
2019-10-29 04:00:00,73.2,99,0.0,0.0,0.0
2019-10-29 05:00:00,72.6,100,0.0,0.0,0.0
2019-10-29 06:00:00,72.5,100,0.0,0.0,0.0
2019-10-29 07:00:00,72.4,100,0.0,0.0,0.0
2019-10-29 08:00:00,73.7,99,0.0,0.0,2.0
2019-10-29 09:00:00,74.4,99,0.0,0.03,51.0
2019-10-29 10:00:00,75.1,97,5.0,0.08,114.0
2019-10-29 11:00:00,75.6,97,0.4,0.08,102.0
2019-10-29 12:00:00,76.2,95,4.0,0.12,172.0
2019-10-29 13:00:00,76.3,93,6.9,0.13,185.0
2019-10-29 14:00:00,76.1,95,1.8,0.13,180.0
2019-10-29 15:00:00,76.3,90,0.1,0.15,209.0
2019-10-29 16:00:00,76.7,88,0.0,0.17,234.0
2019-10-29 17:00:00,77.0,87,0.4,0.13,179.0
2019-10-29 18:00:00,76.7,92,0.0,0.07,101.0
2019-10-29 19:00:00,76.0,96,0.0,0.01,15.0
2019-10-29 20:00:00,76.8,96,0.7,0.0,0.0
2019-10-29 21:00:00,75.3,99,0.1,0.0,0.0
2019-10-29 22:00:00,74.5,99,0.0,0.0,0.0
2019-10-29 23:00:00,73.9,100,0.0,0.0,0.0
2019-10-30 00:00:00,73.4,100,0.0,0.0,0.0
2019-10-30 01:00:00,73.2,100,0.0,0.0,0.0
2019-10-30 02:00:00,73.1,99,0.0,0.0,0.0
2019-10-30 03:00:00,73.1,98,0.0,0.0,0.0
2019-10-30 04:00:00,73.1,99,0.0,0.0,0.0
2019-10-30 05:00:00,73.1,99,0.0,0.0,0.0
2019-10-30 06:00:00,73.2,99,0.0,0.0,0.0
2019-10-30 07:00:00,73.3,99,0.0,0.0,0.0
2019-10-30 08:00:00,74.6,99,0.0,0.0,1.0
2019-10-30 09:00:00,74.7,97,0.0,0.03,41.0
2019-10-30 10:00:00,75.4,91,0.0,0.11,156.0
2019-10-30 11:00:00,76.4,84,0.0,0.2,280.0
2019-10-30 12:00:00,77.8,76,0.0,0.28,387.0
2019-10-30 13:00:00,79.4,69,0.0,0.39,535.0
2019-10-30 14:00:00,80.3,67,0.0,0.32,414.0
2019-10-30 15:00:00,81.0,63,0.0,0.3,370.0
2019-10-30 16:00:00,81.4,63,0.0,0.27,335.0
2019-10-30 17:00:00,81.5,68,0.0,0.21,267.0
2019-10-30 18:00:00,81.1,79,0.0,0.1,150.0
2019-10-30 19:00:00,79.4,90,0.3,0.02,22.0
2019-10-30 20:00:00,80.1,91,0.1,0.0,0.0
2019-10-30 21:00:00,78.2,92,0.0,0.0,0.0
2019-10-30 22:00:00,76.7,94,0.0,0.0,0.0
2019-10-30 23:00:00,75.6,97,0.0,0.0,0.0
2019-10-31 00:00:00,74.6,97,0.0,0.0,0.0
2019-10-31 01:00:00,73.9,98,0.0,0.0,0.0
2019-10-31 02:00:00,73.8,96,0.0,0.0,0.0
2019-10-31 03:00:00,73.1,98,0.0,0.0,0.0
2019-10-31 04:00:00,73.0,97,0.0,0.0,0.0
2019-10-31 05:00:00,73.0,97,0.0,0.0,0.0
2019-10-31 06:00:00,73.0,98,0.0,0.0,0.0
2019-10-31 07:00:00,73.0,98,0.0,0.0,0.0
2019-10-31 08:00:00,73.5,98,0.0,0.0,1.0
2019-10-31 09:00:00,74.1,94,0.0,0.05,91.0
2019-10-31 10:00:00,75.6,84,0.0,0.18,268.0
2019-10-31 11:00:00,77.4,80,0.0,0.27,389.0
2019-10-31 12:00:00,79.2,75,0.2,0.36,508.0
2019-10-31 13:00:00,80.5,67,0.1,0.42,559.0
2019-10-31 14:00:00,81.7,60,0.1,0.47,602.0
2019-10-31 15:00:00,82.4,59,0.1,0.47,579.0
2019-10-31 16:00:00,82.5,67,0.0,0.35,444.0
2019-10-31 17:00:00,82.0,71,0.1,0.25,290.0
2019-10-31 18:00:00,80.6,83,0.2,0.12,140.0
2019-10-31 19:00:00,79.1,88,0.0,0.03,23.0
2019-10-31 20:00:00,80.0,97,0.0,0.0,0.0
2019-10-31 21:00:00,77.8,96,0.0,0.0,0.0
2019-10-31 22:00:00,74.5,89,0.1,0.02,0.0
2019-10-31 23:00:00,71.3,83,0.0,0.03,0.0
