datetime,soil_temperature,relative_humidity,precipitation,evapotranspiration,solar_radiation
2019-05-01 00:00:00,68.8,85,0.0,0.0,0.0
2019-05-01 01:00:00,67.7,89,0.0,0.0,0.0
2019-05-01 02:00:00,67.3,84,0.0,0.0,0.0
2019-05-01 03:00:00,67.0,82,0.0,0.01,0.0
2019-05-01 04:00:00,67.0,89,0.0,0.0,0.0
2019-05-01 05:00:00,66.9,94,0.0,0.0,0.0
2019-05-01 06:00:00,66.9,95,0.0,0.0,0.0
2019-05-01 07:00:00,68.9,92,0.0,0.03,59.0
2019-05-01 08:00:00,70.3,85,0.0,0.14,237.0
2019-05-01 09:00:00,72.1,72,0.0,0.3,440.0
2019-05-01 10:00:00,74.5,68,0.0,0.41,598.0
2019-05-01 11:00:00,76.6,60,0.1,0.5,687.0
2019-05-01 12:00:00,78.2,54,0.0,0.52,697.0
2019-05-01 13:00:00,79.8,49,0.0,0.59,776.0
2019-05-01 14:00:00,81.2,46,0.0,0.62,814.0
2019-05-01 15:00:00,82.0,44,0.0,0.54,698.0
2019-05-01 16:00:00,82.1,44,0.0,0.48,620.0
2019-05-01 17:00:00,82.0,45,0.0,0.36,468.0
2019-05-01 18:00:00,81.1,55,0.0,0.21,253.0
2019-05-01 19:00:00,79.3,59,0.0,0.09,90.0
2019-05-01 20:00:00,77.2,65,0.0,0.03,2.0
2019-05-01 21:00:00,75.5,77,0.0,0.02,0.0
2019-05-01 22:00:00,74.2,85,0.0,0.0,0.0
2019-05-01 23:00:00,73.0,93,0.0,0.0,0.0
2019-05-02 00:00:00,71.8,93,0.0,0.0,0.0
2019-05-02 01:00:00,71.1,78,0.0,0.03,0.0
2019-05-02 02:00:00,70.6,78,0.0,0.01,0.0
2019-05-02 03:00:00,70.0,84,0.0,0.0,0.0
2019-05-02 04:00:00,69.0,92,0.0,0.0,0.0
2019-05-02 05:00:00,68.4,94,0.0,0.0,0.0
2019-05-02 06:00:00,67.8,95,0.0,0.0,0.0
2019-05-02 07:00:00,68.8,94,0.0,0.03,57.0
2019-05-02 08:00:00,70.0,81,0.0,0.15,245.0
2019-05-02 09:00:00,71.9,76,0.0,0.28,442.0
2019-05-02 10:00:00,74.2,65,0.0,0.44,653.0
2019-05-02 11:00:00,76.6,57,0.0,0.54,753.0
2019-05-02 12:00:00,78.5,56,0.2,0.57,794.0
2019-05-02 13:00:00,80.2,56,0.0,0.58,787.0
2019-05-02 14:00:00,81.7,55,0.0,0.59,795.0
2019-05-02 15:00:00,82.0,56,0.0,0.46,590.0
2019-05-02 16:00:00,82.0,58,0.1,0.4,533.0
2019-05-02 17:00:00,81.3,62,0.0,0.26,326.0
2019-05-02 18:00:00,80.3,68,0.0,0.17,220.0
2019-05-02 19:00:00,78.8,70,0.0,0.08,77.0
2019-05-02 20:00:00,77.1,61,0.0,0.07,3.0
2019-05-02 21:00:00,75.7,63,0.0,0.05,0.0
2019-05-02 22:00:00,74.3,72,0.0,0.02,0.0
2019-05-02 23:00:00,73.0,76,0.0,0.01,0.0
2019-05-03 00:00:00,71.9,81,0.0,0.0,0.0
2019-05-03 01:00:00,70.9,85,0.0,0.0,0.0
2019-05-03 02:00:00,70.1,88,0.0,0.0,0.0
2019-05-03 03:00:00,69.4,92,0.0,0.0,0.0
2019-05-03 04:00:00,68.9,92,0.0,0.0,0.0
2019-05-03 05:00:00,68.5,94,0.0,0.0,0.0
2019-05-03 06:00:00,68.2,95,0.0,0.01,0.0
2019-05-03 07:00:00,69.7,93,0.0,0.03,45.0
2019-05-03 08:00:00,71.0,85,0.0,0.12,193.0
2019-05-03 09:00:00,72.4,78,0.0,0.19,266.0
2019-05-03 10:00:00,74.2,72,0.1,0.28,401.0
2019-05-03 11:00:00,75.8,70,0.2,0.31,428.0
2019-05-03 12:00:00,78.0,64,0.3,0.51,717.0
2019-05-03 13:00:00,79.7,64,0.1,0.52,714.0
2019-05-03 14:00:00,81.4,63,0.0,0.57,789.0
2019-05-03 15:00:00,82.6,64,0.1,0.52,721.0
2019-05-03 16:00:00,82.9,63,0.1,0.42,579.0
2019-05-03 17:00:00,81.6,74,2.3,0.27,384.0
2019-05-03 18:00:00,80.2,75,0.0,0.17,229.0
2019-05-03 19:00:00,80.2,78,0.0,0.06,72.0
2019-05-03 20:00:00,78.4,79,0.0,0.03,3.0
2019-05-03 21:00:00,76.8,82,0.0,0.02,0.0
2019-05-03 22:00:00,75.7,84,0.0,0.02,0.0
2019-05-03 23:00:00,74.8,93,0.0,0.0,0.0
2019-05-04 00:00:00,73.8,97,0.0,0.0,0.0
2019-05-04 01:00:00,72.8,98,0.0,0.0,0.0
2019-05-04 02:00:00,72.1,99,0.0,0.0,0.0
2019-05-04 03:00:00,71.6,99,0.0,0.0,0.0
2019-05-04 04:00:00,71.2,99,0.0,0.0,0.0
2019-05-04 05:00:00,71.0,99,0.0,0.0,0.0
2019-05-04 06:00:00,71.0,99,0.0,0.01,0.0
2019-05-04 07:00:00,73.5,94,0.0,0.03,35.0
2019-05-04 08:00:00,73.9,87,0.1,0.09,130.0
2019-05-04 09:00:00,75.0,83,0.3,0.22,328.0
2019-05-04 10:00:00,76.1,81,0.0,0.26,363.0
2019-05-04 11:00:00,77.7,68,0.0,0.41,569.0
2019-05-04 12:00:00,79.6,61,0.2,0.54,741.0
2019-05-04 13:00:00,80.8,56,0.0,0.53,679.0
2019-05-04 14:00:00,81.3,68,0.4,0.47,681.0
2019-05-04 15:00:00,81.3,68,0.1,0.41,566.0
2019-05-04 16:00:00,80.2,81,1.4,0.26,371.0
2019-05-04 17:00:00,78.7,89,1.6,0.13,176.0
2019-05-04 18:00:00,77.1,98,2.2,0.05,74.0
2019-05-04 19:00:00,75.5,97,0.4,0.02,10.0
2019-05-04 20:00:00,74.5,96,0.2,0.02,0.0
2019-05-04 21:00:00,73.7,98,0.0,0.0,0.0
2019-05-04 22:00:00,73.1,98,0.1,0.0,0.0
2019-05-04 23:00:00,72.9,97,0.1,0.0,0.0
2019-05-05 00:00:00,72.6,97,0.0,0.0,0.0
2019-05-05 01:00:00,72.3,97,0.0,0.0,0.0
2019-05-05 02:00:00,72.1,97,0.1,0.0,0.0
2019-05-05 03:00:00,71.9,97,0.2,0.0,0.0
2019-05-05 04:00:00,71.6,98,0.7,0.0,0.0
2019-05-05 05:00:00,71.4,98,0.3,0.0,0.0
2019-05-05 06:00:00,71.2,99,0.6,0.01,0.0
2019-05-05 07:00:00,72.5,96,0.2,0.02,31.0
2019-05-05 08:00:00,72.2,93,0.3,0.08,120.0
2019-05-05 09:00:00,72.8,90,0.1,0.19,307.0
2019-05-05 10:00:00,72.6,93,1.0,0.12,195.0
2019-05-05 11:00:00,73.7,82,0.1,0.34,533.0
2019-05-05 12:00:00,76.1,65,0.0,0.58,874.0
2019-05-05 13:00:00,78.0,59,0.0,0.61,889.0
2019-05-05 14:00:00,79.4,57,0.0,0.61,860.0
2019-05-05 15:00:00,80.2,54,0.0,0.55,751.0
2019-05-05 16:00:00,80.4,52,0.0,0.49,640.0
2019-05-05 17:00:00,80.0,55,0.0,0.35,422.0
2019-05-05 18:00:00,79.2,60,0.0,0.23,288.0
2019-05-05 19:00:00,77.6,66,0.0,0.1,95.0
2019-05-05 20:00:00,75.7,71,0.0,0.04,4.0
2019-05-05 21:00:00,74.2,74,0.0,0.03,0.0
2019-05-05 22:00:00,72.8,78,0.0,0.01,0.0
2019-05-05 23:00:00,71.6,82,0.0,0.01,0.0
2019-05-06 00:00:00,70.5,83,0.0,0.0,0.0
2019-05-06 01:00:00,69.6,87,0.0,0.0,0.0
2019-05-06 02:00:00,68.8,88,0.0,0.0,0.0
2019-05-06 03:00:00,68.3,87,0.0,0.0,0.0
2019-05-06 04:00:00,67.9,86,0.0,0.0,0.0
2019-05-06 05:00:00,67.4,88,0.0,0.0,0.0
2019-05-06 06:00:00,66.7,90,0.0,0.02,0.0
2019-05-06 07:00:00,67.7,85,0.0,0.04,72.0
2019-05-06 08:00:00,68.7,77,0.0,0.15,265.0
2019-05-06 09:00:00,70.6,69,0.0,0.3,483.0
2019-05-06 10:00:00,72.9,60,0.0,0.44,683.0
2019-05-06 11:00:00,75.3,55,0.0,0.57,845.0
2019-05-06 12:00:00,77.6,51,0.0,0.65,952.0
2019-05-06 13:00:00,79.6,48,0.0,0.7,993.0
2019-05-06 14:00:00,81.0,45,0.0,0.69,967.0
2019-05-06 15:00:00,81.8,44,0.0,0.62,878.0
2019-05-06 16:00:00,82.0,44,0.0,0.52,731.0
2019-05-06 17:00:00,81.4,45,0.0,0.39,540.0
2019-05-06 18:00:00,80.2,56,0.0,0.23,323.0
2019-05-06 19:00:00,78.7,74,0.0,0.08,117.0
2019-05-06 20:00:00,75.9,67,0.0,0.02,4.0
2019-05-06 21:00:00,73.8,77,0.0,0.01,0.0
2019-05-06 22:00:00,72.0,78,0.0,0.01,0.0
2019-05-06 23:00:00,70.5,78,0.0,0.0,0.0
2019-05-07 00:00:00,69.4,87,0.0,0.0,0.0
2019-05-07 01:00:00,68.4,90,0.0,0.0,0.0
2019-05-07 02:00:00,67.5,94,0.0,0.0,0.0
2019-05-07 03:00:00,66.7,93,0.0,0.0,0.0
2019-05-07 04:00:00,65.9,94,0.0,0.0,0.0
2019-05-07 05:00:00,65.3,91,0.0,0.0,0.0
2019-05-07 06:00:00,64.6,92,0.0,0.01,0.0
2019-05-07 07:00:00,66.2,93,0.0,0.03,73.0
2019-05-07 08:00:00,68.2,81,0.0,0.16,265.0
2019-05-07 09:00:00,71.0,70,0.0,0.31,480.0
2019-05-07 10:00:00,73.9,57,0.0,0.47,679.0
2019-05-07 11:00:00,76.7,46,0.0,0.6,839.0
2019-05-07 12:00:00,79.2,44,0.0,0.68,942.0
2019-05-07 13:00:00,81.1,41,0.0,0.72,980.0
2019-05-07 14:00:00,82.6,40,0.0,0.7,960.0
2019-05-07 15:00:00,83.5,39,0.0,0.64,872.0
2019-05-07 16:00:00,83.8,39,0.0,0.53,727.0
2019-05-07 17:00:00,83.3,40,0.0,0.4,537.0
2019-05-07 18:00:00,82.2,51,0.0,0.24,324.0
2019-05-07 19:00:00,80.0,66,0.0,0.1,118.0
2019-05-07 20:00:00,77.1,65,0.0,0.04,5.0
2019-05-07 21:00:00,74.8,73,0.0,0.02,0.0
2019-05-07 22:00:00,73.2,72,0.0,0.04,0.0
2019-05-07 23:00:00,72.0,85,0.0,0.0,0.0
2019-05-08 00:00:00,70.8,92,0.0,0.0,0.0
2019-05-08 01:00:00,69.8,87,0.0,0.0,0.0
2019-05-08 02:00:00,68.8,93,0.0,0.0,0.0
2019-05-08 03:00:00,68.2,95,0.0,0.0,0.0
2019-05-08 04:00:00,67.6,94,0.0,0.0,0.0
2019-05-08 05:00:00,67.4,95,0.0,0.0,0.0
2019-05-08 06:00:00,67.0,94,0.0,0.02,0.0
2019-05-08 07:00:00,68.1,90,0.0,0.05,73.0
2019-05-08 08:00:00,70.1,82,0.0,0.16,258.0
2019-05-08 09:00:00,72.6,73,0.0,0.32,466.0
2019-05-08 10:00:00,75.3,64,0.1,0.46,648.0
2019-05-08 11:00:00,77.1,59,0.0,0.46,601.0
2019-05-08 12:00:00,78.9,53,0.0,0.53,668.0
2019-05-08 13:00:00,80.7,46,0.0,0.63,794.0
2019-05-08 14:00:00,82.3,44,0.0,0.65,816.0
2019-05-08 15:00:00,82.9,45,0.0,0.55,678.0
2019-05-08 16:00:00,83.3,45,0.0,0.47,570.0
2019-05-08 17:00:00,82.1,53,0.0,0.23,242.0
2019-05-08 18:00:00,81.1,57,0.0,0.19,215.0
2019-05-08 19:00:00,80.1,85,0.0,0.06,82.0
2019-05-08 20:00:00,78.1,83,0.1,0.01,4.0
2019-05-08 21:00:00,76.6,89,0.0,0.0,0.0
2019-05-08 22:00:00,75.0,91,0.0,0.0,0.0
2019-05-08 23:00:00,73.9,88,0.0,0.0,0.0
2019-05-09 00:00:00,73.0,89,0.0,0.0,0.0
2019-05-09 01:00:00,72.3,94,0.0,0.0,0.0
2019-05-09 02:00:00,71.7,95,0.0,0.0,0.0
2019-05-09 03:00:00,71.2,94,0.0,0.0,0.0
2019-05-09 04:00:00,70.9,88,0.0,0.01,0.0
2019-05-09 05:00:00,70.5,84,0.0,0.02,0.0
2019-05-09 06:00:00,70.3,86,0.0,0.03,0.0
2019-05-09 07:00:00,70.5,84,0.0,0.05,60.0
2019-05-09 08:00:00,71.9,77,0.0,0.16,239.0
2019-05-09 09:00:00,73.9,68,0.0,0.3,425.0
2019-05-09 10:00:00,76.3,59,0.0,0.45,626.0
2019-05-09 11:00:00,78.9,51,0.2,0.59,795.0
2019-05-09 12:00:00,80.8,48,0.3,0.6,762.0
2019-05-09 13:00:00,82.0,50,0.7,0.59,756.0
2019-05-09 14:00:00,82.2,56,0.7,0.5,632.0
2019-05-09 15:00:00,82.2,61,0.3,0.4,516.0
2019-05-09 16:00:00,82.2,70,0.8,0.34,454.0
2019-05-09 17:00:00,80.9,81,0.9,0.19,269.0
2019-05-09 18:00:00,80.2,92,0.3,0.13,191.0
2019-05-09 19:00:00,80.4,83,0.2,0.06,80.0
2019-05-09 20:00:00,78.6,83,1.0,0.03,3.0
2019-05-09 21:00:00,76.9,88,0.3,0.01,0.0
2019-05-09 22:00:00,75.6,93,0.2,0.0,0.0
2019-05-09 23:00:00,74.6,93,0.0,0.0,0.0
2019-05-10 00:00:00,73.8,95,0.0,0.0,0.0
2019-05-10 01:00:00,73.1,96,0.0,0.0,0.0
2019-05-10 02:00:00,72.6,98,0.0,0.0,0.0
2019-05-10 03:00:00,72.1,98,0.0,0.0,0.0
2019-05-10 04:00:00,71.8,99,0.0,0.0,0.0
2019-05-10 05:00:00,71.2,99,0.0,0.0,0.0
2019-05-10 06:00:00,71.1,99,0.0,0.01,0.0
2019-05-10 07:00:00,69.3,94,0.0,0.03,39.0
2019-05-10 08:00:00,70.7,86,0.0,0.13,200.0
2019-05-10 09:00:00,72.8,78,0.0,0.24,364.0
2019-05-10 10:00:00,75.1,70,0.0,0.32,443.0
2019-05-10 11:00:00,77.0,65,0.1,0.34,445.0
2019-05-10 12:00:00,78.8,63,0.0,0.37,483.0
2019-05-10 13:00:00,81.8,60,0.0,0.63,858.0
2019-05-10 14:00:00,83.8,59,0.1,0.59,801.0
2019-05-10 15:00:00,84.4,61,0.4,0.42,561.0
2019-05-10 16:00:00,82.4,92,7.7,0.22,345.0
2019-05-10 17:00:00,81.0,87,0.8,0.22,319.0
2019-05-10 18:00:00,80.1,84,0.1,0.18,266.0
2019-05-10 19:00:00,78.1,94,0.0,0.05,99.0
2019-05-10 20:00:00,76.6,98,0.0,0.0,5.0
2019-05-10 21:00:00,75.3,98,0.0,0.0,0.0
2019-05-10 22:00:00,74.3,97,0.0,0.0,0.0
2019-05-10 23:00:00,73.7,98,0.0,0.0,0.0
2019-05-11 00:00:00,73.1,98,0.0,0.0,0.0
2019-05-11 01:00:00,72.6,98,0.0,0.0,0.0
2019-05-11 02:00:00,72.1,99,0.0,0.0,0.0
2019-05-11 03:00:00,71.3,99,0.0,0.0,0.0
2019-05-11 04:00:00,71.1,98,0.0,0.0,0.0
2019-05-11 05:00:00,70.8,98,0.0,0.0,0.0
2019-05-11 06:00:00,70.7,98,0.0,0.01,0.0
2019-05-11 07:00:00,70.8,95,0.0,0.03,58.0
2019-05-11 08:00:00,71.8,88,0.0,0.13,209.0
2019-05-11 09:00:00,73.6,75,0.0,0.28,403.0
2019-05-11 10:00:00,75.9,67,0.0,0.41,559.0
2019-05-11 11:00:00,77.7,61,0.0,0.43,544.0
2019-05-11 12:00:00,79.4,59,0.2,0.49,625.0
2019-05-11 13:00:00,79.5,77,3.7,0.37,528.0
2019-05-11 14:00:00,79.3,76,0.8,0.32,433.0
2019-05-11 15:00:00,79.9,65,0.1,0.38,492.0
2019-05-11 16:00:00,80.7,57,0.0,0.46,577.0
2019-05-11 17:00:00,80.8,57,0.0,0.35,403.0
2019-05-11 18:00:00,80.2,64,0.0,0.21,235.0
2019-05-11 19:00:00,79.2,73,0.0,0.09,95.0
2019-05-11 20:00:00,77.6,82,0.0,0.03,5.0
2019-05-11 21:00:00,76.3,89,0.0,0.0,0.0
2019-05-11 22:00:00,75.3,93,0.0,0.0,0.0
2019-05-11 23:00:00,74.6,96,0.0,0.0,0.0
2019-05-12 00:00:00,74.0,98,0.0,0.0,0.0
2019-05-12 01:00:00,73.7,98,0.0,0.0,0.0
2019-05-12 02:00:00,73.3,98,0.0,0.0,0.0
2019-05-12 03:00:00,73.1,98,0.0,0.0,0.0
2019-05-12 04:00:00,72.9,98,0.0,0.0,0.0
2019-05-12 05:00:00,72.8,98,0.0,0.0,0.0
2019-05-12 06:00:00,72.7,98,0.0,0.0,1.0
2019-05-12 07:00:00,73.0,94,0.0,0.03,31.0
2019-05-12 08:00:00,73.9,87,0.0,0.12,161.0
2019-05-12 09:00:00,75.2,77,0.0,0.25,340.0
2019-05-12 10:00:00,76.7,68,0.0,0.35,452.0
2019-05-12 11:00:00,77.6,66,0.1,0.3,343.0
2019-05-12 12:00:00,77.7,72,0.6,0.23,263.0
2019-05-12 13:00:00,76.9,95,5.3,0.1,150.0
2019-05-12 14:00:00,75.9,97,2.9,0.07,99.0
2019-05-12 15:00:00,75.4,97,4.9,0.08,142.0
2019-05-12 16:00:00,74.6,94,2.3,0.08,111.0
2019-05-12 17:00:00,74.2,92,0.2,0.09,135.0
2019-05-12 18:00:00,74.0,92,0.0,0.09,134.0
2019-05-12 19:00:00,73.9,91,0.0,0.05,61.0
2019-05-12 20:00:00,73.1,93,0.0,0.01,5.0
2019-05-12 21:00:00,72.5,94,0.0,0.0,0.0
2019-05-12 22:00:00,72.1,95,0.0,0.0,0.0
2019-05-12 23:00:00,71.7,95,0.0,0.0,0.0
2019-05-13 00:00:00,71.5,97,0.0,0.0,0.0
2019-05-13 01:00:00,71.7,96,0.0,0.0,0.0
2019-05-13 02:00:00,71.9,96,0.0,0.0,0.0
2019-05-13 03:00:00,72.0,96,0.1,0.0,0.0
2019-05-13 04:00:00,71.8,98,0.6,0.0,0.0
2019-05-13 05:00:00,71.4,99,3.4,0.0,0.0
2019-05-13 06:00:00,71.0,98,0.3,0.01,0.0
2019-05-13 07:00:00,73.4,98,0.2,0.02,37.0
2019-05-13 08:00:00,73.3,90,0.0,0.12,208.0
2019-05-13 09:00:00,74.1,80,0.0,0.26,401.0
2019-05-13 10:00:00,75.8,74,0.0,0.4,606.0
2019-05-13 11:00:00,77.4,67,0.1,0.45,649.0
2019-05-13 12:00:00,78.2,63,0.0,0.42,585.0
2019-05-13 13:00:00,79.3,61,0.0,0.49,680.0
2019-05-13 14:00:00,80.1,60,0.1,0.51,702.0
2019-05-13 15:00:00,80.6,57,0.0,0.5,690.0
2019-05-13 16:00:00,80.5,58,0.0,0.41,535.0
2019-05-13 17:00:00,80.2,57,0.0,0.34,444.0
2019-05-13 18:00:00,79.3,59,0.0,0.23,294.0
2019-05-13 19:00:00,77.4,70,0.0,0.08,121.0
2019-05-13 20:00:00,75.1,66,0.0,0.04,7.0
2019-05-13 21:00:00,73.3,58,0.0,0.06,0.0
2019-05-13 22:00:00,71.7,60,0.0,0.04,0.0
2019-05-13 23:00:00,70.3,61,0.0,0.04,0.0
2019-05-14 00:00:00,69.0,66,0.0,0.02,0.0
2019-05-14 01:00:00,67.6,75,0.0,0.01,0.0
2019-05-14 02:00:00,66.6,75,0.0,0.01,0.0
2019-05-14 03:00:00,65.7,77,0.0,0.01,0.0
2019-05-14 04:00:00,64.9,75,0.0,0.01,0.0
2019-05-14 05:00:00,64.1,75,0.0,0.01,0.0
2019-05-14 06:00:00,63.4,78,0.0,0.01,1.0
2019-05-14 07:00:00,65.6,79,0.0,0.06,86.0
2019-05-14 08:00:00,66.7,70,0.0,0.16,283.0
2019-05-14 09:00:00,68.5,62,0.0,0.3,499.0
2019-05-14 10:00:00,70.6,54,0.0,0.43,696.0
2019-05-14 11:00:00,73.0,49,0.0,0.55,856.0
2019-05-14 12:00:00,75.2,46,0.0,0.63,960.0
2019-05-14 13:00:00,77.0,43,0.0,0.67,997.0
2019-05-14 14:00:00,78.3,42,0.0,0.66,976.0
2019-05-14 15:00:00,78.9,43,0.0,0.6,875.0
2019-05-14 16:00:00,79.0,45,0.0,0.49,710.0
2019-05-14 17:00:00,78.6,45,0.0,0.37,543.0
2019-05-14 18:00:00,77.6,47,0.0,0.22,333.0
2019-05-14 19:00:00,76.2,73,0.0,0.08,128.0
2019-05-14 20:00:00,73.5,75,0.0,0.02,7.0
2019-05-14 21:00:00,71.2,76,0.0,0.01,0.0
2019-05-14 22:00:00,69.5,67,0.0,0.03,0.0
2019-05-14 23:00:00,68.3,66,0.0,0.03,0.0
2019-05-15 00:00:00,67.0,73,0.0,0.01,0.0
2019-05-15 01:00:00,65.8,79,0.0,0.0,0.0
2019-05-15 02:00:00,64.7,83,0.0,0.0,0.0
2019-05-15 03:00:00,63.8,87,0.0,0.0,0.0
2019-05-15 04:00:00,62.9,90,0.0,0.0,0.0
2019-05-15 05:00:00,62.0,90,0.0,0.0,0.0
2019-05-15 06:00:00,61.3,90,0.0,0.0,1.0
2019-05-15 07:00:00,63.6,76,0.0,0.05,89.0
2019-05-15 08:00:00,65.0,65,0.0,0.17,289.0
2019-05-15 09:00:00,67.2,56,0.0,0.31,506.0
2019-05-15 10:00:00,69.8,49,0.0,0.45,703.0
2019-05-15 11:00:00,72.4,43,0.0,0.57,861.0
2019-05-15 12:00:00,74.9,40,0.0,0.65,967.0
2019-05-15 13:00:00,77.1,38,0.0,0.69,1006.0
2019-05-15 14:00:00,78.6,36,0.0,0.68,978.0
2019-05-15 15:00:00,79.6,35,0.0,0.62,887.0
2019-05-15 16:00:00,79.8,36,0.0,0.53,740.0
2019-05-15 17:00:00,79.3,37,0.0,0.38,550.0
2019-05-15 18:00:00,78.4,40,0.0,0.21,335.0
2019-05-15 19:00:00,77.0,71,0.0,0.09,130.0
2019-05-15 20:00:00,74.2,64,0.0,0.03,8.0
2019-05-15 21:00:00,71.9,68,0.0,0.02,0.0
2019-05-15 22:00:00,70.0,76,0.0,0.02,0.0
2019-05-15 23:00:00,68.4,71,0.0,0.01,0.0
2019-05-16 00:00:00,67.1,80,0.0,0.01,0.0
2019-05-16 01:00:00,66.1,76,0.0,0.01,0.0
2019-05-16 02:00:00,65.2,82,0.0,0.0,0.0
2019-05-16 03:00:00,64.4,84,0.0,0.0,0.0
2019-05-16 04:00:00,63.8,83,0.0,0.0,0.0
2019-05-16 05:00:00,63.1,84,0.0,0.0,0.0
2019-05-16 06:00:00,62.6,76,0.0,0.02,1.0
2019-05-16 07:00:00,63.8,74,0.0,0.04,86.0
2019-05-16 08:00:00,66.1,61,0.0,0.17,280.0
2019-05-16 09:00:00,69.1,50,0.0,0.32,488.0
2019-05-16 10:00:00,72.3,42,0.0,0.46,673.0
2019-05-16 11:00:00,75.4,40,0.0,0.59,831.0
2019-05-16 12:00:00,78.2,41,0.0,0.66,922.0
2019-05-16 13:00:00,80.5,41,0.0,0.7,968.0
2019-05-16 14:00:00,81.8,41,0.0,0.57,783.0
2019-05-16 15:00:00,82.7,42,0.0,0.52,717.0
2019-05-16 16:00:00,82.9,42,0.0,0.47,637.0
2019-05-16 17:00:00,82.6,43,0.0,0.35,470.0
2019-05-16 18:00:00,81.7,49,0.0,0.22,289.0
2019-05-16 19:00:00,80.2,57,0.0,0.07,111.0
2019-05-16 20:00:00,77.7,66,0.0,0.01,7.0
2019-05-16 21:00:00,75.9,71,0.0,0.05,0.0
2019-05-16 22:00:00,74.5,69,0.0,0.04,0.0
2019-05-16 23:00:00,73.1,74,0.0,0.02,0.0
2019-05-17 00:00:00,71.9,77,0.0,0.01,0.0
2019-05-17 01:00:00,70.8,80,0.0,0.01,0.0
2019-05-17 02:00:00,69.9,85,0.0,0.0,0.0
2019-05-17 03:00:00,69.1,90,0.0,0.0,0.0
2019-05-17 04:00:00,68.4,92,0.0,0.0,0.0
2019-05-17 05:00:00,67.7,93,0.0,0.0,0.0
2019-05-17 06:00:00,67.2,92,0.0,0.01,1.0
2019-05-17 07:00:00,68.4,82,0.0,0.05,86.0
2019-05-17 08:00:00,70.2,68,0.0,0.15,233.0
2019-05-17 09:00:00,72.9,55,0.0,0.3,435.0
2019-05-17 10:00:00,75.7,48,0.0,0.47,639.0
2019-05-17 11:00:00,78.5,45,0.0,0.57,773.0
2019-05-17 12:00:00,80.4,47,0.0,0.53,709.0
2019-05-17 13:00:00,82.9,43,0.0,0.68,910.0
2019-05-17 14:00:00,84.6,39,0.0,0.66,869.0
2019-05-17 15:00:00,85.3,40,0.0,0.54,691.0
2019-05-17 16:00:00,85.5,39,0.0,0.48,609.0
2019-05-17 17:00:00,85.0,39,0.0,0.38,452.0
2019-05-17 18:00:00,83.8,47,0.0,0.28,287.0
2019-05-17 19:00:00,82.7,66,0.0,0.1,112.0
2019-05-17 20:00:00,80.3,72,0.0,0.04,7.0
2019-05-17 21:00:00,78.4,75,0.0,0.02,0.0
2019-05-17 22:00:00,76.7,78,0.0,0.01,0.0
2019-05-17 23:00:00,75.3,82,0.0,0.0,0.0
2019-05-18 00:00:00,74.0,88,0.0,0.0,0.0
2019-05-18 01:00:00,72.9,93,0.0,0.0,0.0
2019-05-18 02:00:00,72.0,95,0.0,0.0,0.0
2019-05-18 03:00:00,71.2,96,0.0,0.0,0.0
2019-05-18 04:00:00,70.6,99,0.0,0.0,0.0
2019-05-18 05:00:00,70.2,100,0.0,0.0,0.0
2019-05-18 06:00:00,69.9,100,0.0,0.0,1.0
2019-05-18 07:00:00,71.6,96,0.0,0.04,72.0
2019-05-18 08:00:00,73.2,85,0.0,0.15,249.0
2019-05-18 09:00:00,75.7,67,0.0,0.33,487.0
2019-05-18 10:00:00,78.6,54,0.0,0.49,683.0
2019-05-18 11:00:00,81.4,44,0.0,0.62,829.0
2019-05-18 12:00:00,83.5,40,0.0,0.62,811.0
2019-05-18 13:00:00,85.5,36,0.0,0.68,863.0
2019-05-18 14:00:00,86.7,32,0.0,0.63,774.0
2019-05-18 15:00:00,87.2,32,0.0,0.56,640.0
2019-05-18 16:00:00,86.7,33,0.0,0.45,450.0
2019-05-18 17:00:00,85.8,40,0.0,0.35,310.0
2019-05-18 18:00:00,84.8,42,0.0,0.31,317.0
2019-05-18 19:00:00,83.8,51,0.0,0.14,127.0
2019-05-18 20:00:00,81.3,53,0.0,0.07,9.0
2019-05-18 21:00:00,79.3,62,0.0,0.05,0.0
2019-05-18 22:00:00,77.5,74,0.0,0.03,0.0
2019-05-18 23:00:00,76.1,85,0.0,0.0,0.0
2019-05-19 00:00:00,74.8,93,0.0,0.0,0.0
2019-05-19 01:00:00,73.7,96,0.0,0.0,0.0
2019-05-19 02:00:00,72.8,98,0.0,0.0,0.0
2019-05-19 03:00:00,71.9,98,0.0,0.0,0.0
2019-05-19 04:00:00,71.0,100,0.0,0.0,0.0
2019-05-19 05:00:00,70.3,100,0.0,0.0,0.0
2019-05-19 06:00:00,70.0,100,0.0,0.0,2.0
2019-05-19 07:00:00,70.5,97,0.0,0.03,69.0
2019-05-19 08:00:00,72.3,77,0.0,0.15,228.0
2019-05-19 09:00:00,75.2,59,0.0,0.32,449.0
2019-05-19 10:00:00,78.3,50,0.0,0.49,652.0
2019-05-19 11:00:00,81.1,46,0.0,0.57,746.0
2019-05-19 12:00:00,83.6,42,0.0,0.65,834.0
2019-05-19 13:00:00,85.5,39,0.0,0.63,793.0
2019-05-19 14:00:00,87.0,36,0.0,0.64,773.0
2019-05-19 15:00:00,88.2,34,0.0,0.63,762.0
2019-05-19 16:00:00,88.3,32,0.0,0.5,552.0
2019-05-19 17:00:00,87.5,37,0.0,0.38,328.0
2019-05-19 18:00:00,86.3,38,0.0,0.3,224.0
2019-05-19 19:00:00,85.0,42,0.0,0.15,121.0
2019-05-19 20:00:00,82.6,46,0.0,0.11,9.0
2019-05-19 21:00:00,80.6,62,0.0,0.06,0.0
2019-05-19 22:00:00,78.9,77,0.0,0.02,0.0
2019-05-19 23:00:00,77.3,89,0.0,0.0,0.0
2019-05-20 00:00:00,75.8,96,0.0,0.0,0.0
2019-05-20 01:00:00,74.8,98,0.0,0.0,0.0
2019-05-20 02:00:00,73.7,100,0.0,0.0,0.0
2019-05-20 03:00:00,73.0,100,0.0,0.0,0.0
2019-05-20 04:00:00,72.7,100,0.0,0.0,0.0
2019-05-20 05:00:00,72.3,100,0.0,0.0,0.0
2019-05-20 06:00:00,72.2,99,0.0,0.0,1.0
2019-05-20 07:00:00,72.1,98,0.0,0.03,56.0
2019-05-20 08:00:00,73.6,86,0.0,0.11,170.0
2019-05-20 09:00:00,75.7,76,0.0,0.22,317.0
2019-05-20 10:00:00,78.7,60,0.0,0.4,568.0
2019-05-20 11:00:00,82.1,45,0.0,0.58,802.0
2019-05-20 12:00:00,85.4,38,0.0,0.68,922.0
2019-05-20 13:00:00,87.9,35,0.0,0.69,908.0
2019-05-20 14:00:00,89.6,33,0.0,0.66,867.0
2019-05-20 15:00:00,90.7,32,0.0,0.57,750.0
2019-05-20 16:00:00,91.0,31,0.0,0.48,610.0
2019-05-20 17:00:00,90.3,31,0.0,0.36,430.0
2019-05-20 18:00:00,89.2,35,0.0,0.23,271.0
2019-05-20 19:00:00,87.5,40,0.0,0.14,110.0
2019-05-20 20:00:00,84.7,47,0.0,0.08,10.0
2019-05-20 21:00:00,82.3,65,0.0,0.06,0.0
2019-05-20 22:00:00,80.5,78,0.0,0.02,0.0
2019-05-20 23:00:00,78.9,84,0.0,0.01,0.0
2019-05-21 00:00:00,77.5,90,0.0,0.0,0.0
2019-05-21 01:00:00,76.2,94,0.0,0.0,0.0
2019-05-21 02:00:00,75.1,97,0.0,0.0,0.0
2019-05-21 03:00:00,74.0,97,0.0,0.0,0.0
2019-05-21 04:00:00,73.0,100,0.0,0.0,0.0
2019-05-21 05:00:00,72.2,100,0.0,0.0,0.0
2019-05-21 06:00:00,72.0,100,0.0,0.0,2.0
2019-05-21 07:00:00,72.1,96,0.0,0.04,63.0
2019-05-21 08:00:00,74.1,84,0.0,0.15,235.0
2019-05-21 09:00:00,77.1,65,0.0,0.32,458.0
2019-05-21 10:00:00,80.6,47,0.0,0.52,685.0
2019-05-21 11:00:00,84.0,37,0.0,0.66,839.0
2019-05-21 12:00:00,87.1,31,0.0,0.76,941.0
2019-05-21 13:00:00,89.6,30,0.0,0.81,985.0
2019-05-21 14:00:00,91.6,28,0.0,0.8,929.0
2019-05-21 15:00:00,92.3,30,0.0,0.71,793.0
2019-05-21 16:00:00,92.4,30,0.0,0.63,664.0
2019-05-21 17:00:00,91.6,30,0.0,0.51,495.0
2019-05-21 18:00:00,90.3,31,0.0,0.37,324.0
2019-05-21 19:00:00,87.8,42,0.0,0.14,136.0
2019-05-21 20:00:00,84.8,46,0.0,0.07,10.0
2019-05-21 21:00:00,82.3,48,0.0,0.06,0.0
2019-05-21 22:00:00,80.2,53,0.0,0.06,0.0
2019-05-21 23:00:00,78.4,63,0.0,0.03,0.0
2019-05-22 00:00:00,76.7,77,0.0,0.01,0.0
2019-05-22 01:00:00,75.2,81,0.0,0.0,0.0
2019-05-22 02:00:00,74.0,89,0.0,0.0,0.0
2019-05-22 03:00:00,72.9,95,0.0,0.0,0.0
2019-05-22 04:00:00,72.0,97,0.0,0.0,0.0
2019-05-22 05:00:00,71.2,97,0.0,0.0,0.0
2019-05-22 06:00:00,70.5,99,0.0,0.0,2.0
2019-05-22 07:00:00,70.4,90,0.0,0.05,92.0
2019-05-22 08:00:00,73.0,72,0.0,0.18,284.0
2019-05-22 09:00:00,76.5,51,0.0,0.36,492.0
2019-05-22 10:00:00,80.2,44,0.0,0.52,683.0
2019-05-22 11:00:00,83.9,41,0.0,0.64,836.0
2019-05-22 12:00:00,87.4,37,0.0,0.74,950.0
2019-05-22 13:00:00,90.1,35,0.0,0.77,941.0
2019-05-22 14:00:00,91.3,36,0.1,0.66,772.0
2019-05-22 15:00:00,92.4,34,0.0,0.63,746.0
2019-05-22 16:00:00,92.7,34,0.0,0.5,584.0
2019-05-22 17:00:00,91.9,36,0.0,0.34,357.0
2019-05-22 18:00:00,90.9,40,0.0,0.28,252.0
2019-05-22 19:00:00,89.1,51,0.0,0.1,110.0
2019-05-22 20:00:00,86.6,49,0.0,0.02,8.0
2019-05-22 21:00:00,84.6,63,0.0,0.01,0.0
2019-05-22 22:00:00,83.0,67,0.0,0.02,0.0
2019-05-22 23:00:00,81.8,61,0.0,0.0,0.0
2019-05-23 00:00:00,80.8,70,0.0,0.0,0.0
2019-05-23 01:00:00,79.9,71,0.0,0.0,0.0
2019-05-23 02:00:00,79.3,71,0.0,0.05,0.0
2019-05-23 03:00:00,78.5,75,0.0,0.03,0.0
2019-05-23 04:00:00,77.8,79,0.0,0.03,0.0
2019-05-23 05:00:00,77.2,80,0.0,0.02,0.0
2019-05-23 06:00:00,76.6,77,0.0,0.04,2.0
2019-05-23 07:00:00,76.4,76,0.0,0.08,90.0
2019-05-23 08:00:00,77.9,71,0.0,0.2,275.0
2019-05-23 09:00:00,80.3,63,0.0,0.35,481.0
2019-05-23 10:00:00,83.4,51,0.0,0.5,675.0
2019-05-23 11:00:00,86.5,40,0.0,0.65,836.0
2019-05-23 12:00:00,89.4,35,0.0,0.76,946.0
2019-05-23 13:00:00,91.8,32,0.0,0.81,984.0
2019-05-23 14:00:00,93.7,30,0.0,0.79,959.0
2019-05-23 15:00:00,94.8,29,0.0,0.73,869.0
2019-05-23 16:00:00,95.3,29,0.0,0.62,721.0
2019-05-23 17:00:00,95.0,29,0.0,0.46,546.0
2019-05-23 18:00:00,93.8,30,0.0,0.27,342.0
2019-05-23 19:00:00,91.5,55,0.0,0.13,140.0
2019-05-23 20:00:00,88.9,44,0.0,0.13,10.0
2019-05-23 21:00:00,87.0,49,0.0,0.08,0.0
2019-05-23 22:00:00,85.0,61,0.0,0.07,0.0
2019-05-23 23:00:00,83.1,72,0.0,0.02,0.0
2019-05-24 00:00:00,81.4,79,0.0,0.01,0.0
2019-05-24 01:00:00,79.9,77,0.0,0.0,0.0
2019-05-24 02:00:00,78.5,85,0.0,0.0,0.0
2019-05-24 03:00:00,77.4,85,0.0,0.0,0.0
2019-05-24 04:00:00,76.5,81,0.0,0.01,0.0
2019-05-24 05:00:00,75.5,78,0.0,0.01,0.0
2019-05-24 06:00:00,74.7,78,0.0,0.02,2.0
2019-05-24 07:00:00,75.7,71,0.0,0.07,96.0
2019-05-24 08:00:00,77.4,67,0.0,0.19,286.0
2019-05-24 09:00:00,80.1,60,0.0,0.35,496.0
2019-05-24 10:00:00,83.3,51,0.0,0.5,689.0
2019-05-24 11:00:00,86.5,43,0.0,0.63,844.0
2019-05-24 12:00:00,89.6,36,0.0,0.73,947.0
2019-05-24 13:00:00,92.3,31,0.0,0.78,988.0
2019-05-24 14:00:00,94.4,28,0.0,0.78,966.0
2019-05-24 15:00:00,95.7,27,0.0,0.71,880.0
2019-05-24 16:00:00,96.3,26,0.0,0.59,739.0
2019-05-24 17:00:00,95.9,26,0.0,0.45,556.0
2019-05-24 18:00:00,94.6,29,0.0,0.28,348.0
2019-05-24 19:00:00,91.9,49,0.0,0.13,144.0
2019-05-24 20:00:00,88.4,48,0.0,0.07,12.0
2019-05-24 21:00:00,85.7,44,0.0,0.06,0.0
2019-05-24 22:00:00,83.3,44,0.0,0.04,0.0
2019-05-24 23:00:00,81.2,61,0.0,0.04,0.0
2019-05-25 00:00:00,79.7,84,0.0,0.0,0.0
2019-05-25 01:00:00,78.1,92,0.0,0.0,0.0
2019-05-25 02:00:00,76.8,94,0.0,0.0,0.0
2019-05-25 03:00:00,75.7,89,0.0,0.0,0.0
2019-05-25 04:00:00,74.7,84,0.0,0.0,0.0
2019-05-25 05:00:00,73.8,96,0.0,0.0,0.0
2019-05-25 06:00:00,73.3,97,0.0,0.0,3.0
2019-05-25 07:00:00,73.4,87,0.0,0.05,96.0
2019-05-25 08:00:00,75.7,72,0.0,0.19,281.0
2019-05-25 09:00:00,79.2,57,0.0,0.36,496.0
2019-05-25 10:00:00,83.0,48,0.0,0.52,686.0
2019-05-25 11:00:00,86.8,41,0.0,0.65,838.0
2019-05-25 12:00:00,90.3,36,0.0,0.74,932.0
2019-05-25 13:00:00,93.3,33,0.0,0.77,978.0
2019-05-25 14:00:00,95.5,31,0.0,0.72,914.0
2019-05-25 15:00:00,97.0,29,0.0,0.67,855.0
2019-05-25 16:00:00,97.6,29,0.0,0.57,720.0
2019-05-25 17:00:00,97.3,30,0.0,0.42,546.0
2019-05-25 18:00:00,96.0,32,0.0,0.28,342.0
2019-05-25 19:00:00,93.8,42,0.0,0.15,142.0
2019-05-25 20:00:00,90.9,45,0.0,0.07,12.0
2019-05-25 21:00:00,88.5,47,0.0,0.05,0.0
2019-05-25 22:00:00,86.2,54,0.0,0.03,0.0
2019-05-25 23:00:00,84.7,58,0.0,0.05,0.0
2019-05-26 00:00:00,83.1,63,0.0,0.03,0.0
2019-05-26 01:00:00,81.9,64,0.0,0.03,0.0
2019-05-26 02:00:00,80.9,64,0.0,0.04,0.0
2019-05-26 03:00:00,80.0,66,0.0,0.03,0.0
2019-05-26 04:00:00,79.1,70,0.0,0.01,0.0
2019-05-26 05:00:00,78.4,70,0.0,0.03,0.0
2019-05-26 06:00:00,77.8,69,0.0,0.03,3.0
2019-05-26 07:00:00,79.1,67,0.0,0.08,95.0
2019-05-26 08:00:00,81.0,55,0.0,0.22,281.0
2019-05-26 09:00:00,83.8,46,0.0,0.39,490.0
2019-05-26 10:00:00,87.2,41,0.0,0.53,681.0
2019-05-26 11:00:00,90.7,36,0.0,0.63,830.0
2019-05-26 12:00:00,93.3,35,0.0,0.64,810.0
2019-05-26 13:00:00,95.6,33,0.0,0.74,895.0
2019-05-26 14:00:00,97.1,33,0.0,0.7,836.0
2019-05-26 15:00:00,97.7,33,0.0,0.56,686.0
2019-05-26 16:00:00,97.6,34,0.0,0.46,546.0
2019-05-26 17:00:00,97.1,34,0.0,0.35,422.0
2019-05-26 18:00:00,96.0,35,0.0,0.24,276.0
2019-05-26 19:00:00,93.9,45,0.0,0.18,113.0
2019-05-26 20:00:00,91.6,63,0.0,0.1,11.0
2019-05-26 21:00:00,89.3,68,0.0,0.06,0.0
2019-05-26 22:00:00,87.4,73,0.0,0.04,0.0
2019-05-26 23:00:00,85.7,78,0.0,0.02,0.0
2019-05-27 00:00:00,84.3,83,0.0,0.01,0.0
2019-05-27 01:00:00,83.0,85,0.0,0.0,0.0
2019-05-27 02:00:00,82.0,89,0.0,0.0,0.0
2019-05-27 03:00:00,81.1,93,0.0,0.0,0.0
2019-05-27 04:00:00,80.2,96,0.0,0.0,0.0
2019-05-27 05:00:00,79.3,98,0.0,0.0,0.0
2019-05-27 06:00:00,78.6,98,0.0,0.0,3.0
2019-05-27 07:00:00,79.2,90,0.0,0.06,95.0
2019-05-27 08:00:00,80.9,70,0.0,0.2,286.0
2019-05-27 09:00:00,83.7,49,0.0,0.37,493.0
2019-05-27 10:00:00,86.9,43,0.0,0.54,681.0
2019-05-27 11:00:00,90.0,41,0.0,0.67,831.0
2019-05-27 12:00:00,92.9,38,0.0,0.74,924.0
2019-05-27 13:00:00,94.5,37,0.1,0.64,769.0
2019-05-27 14:00:00,95.5,37,0.0,0.62,738.0
2019-05-27 15:00:00,96.2,36,0.0,0.59,672.0
2019-05-27 16:00:00,96.4,35,0.0,0.57,611.0
2019-05-27 17:00:00,95.7,37,0.0,0.44,428.0
2019-05-27 18:00:00,94.5,41,0.0,0.34,275.0
2019-05-27 19:00:00,92.6,49,0.0,0.16,119.0
2019-05-27 20:00:00,90.4,57,0.0,0.09,11.0
2019-05-27 21:00:00,88.3,63,0.0,0.07,0.0
2019-05-27 22:00:00,86.5,67,0.0,0.05,0.0
2019-05-27 23:00:00,84.9,72,0.0,0.04,0.0
2019-05-28 00:00:00,83.5,77,0.0,0.03,0.0
2019-05-28 01:00:00,82.0,85,0.0,0.01,0.0
2019-05-28 02:00:00,80.8,91,0.0,0.0,0.0
2019-05-28 03:00:00,79.7,96,0.0,0.0,0.0
2019-05-28 04:00:00,78.9,97,0.0,0.0,0.0
2019-05-28 05:00:00,78.1,98,0.0,0.0,0.0
2019-05-28 06:00:00,77.4,99,0.0,0.0,2.0
2019-05-28 07:00:00,75.9,92,0.0,0.05,81.0
2019-05-28 08:00:00,78.0,82,0.0,0.17,264.0
2019-05-28 09:00:00,81.1,67,0.0,0.33,471.0
2019-05-28 10:00:00,84.4,54,0.0,0.49,660.0
2019-05-28 11:00:00,87.8,44,0.0,0.62,800.0
2019-05-28 12:00:00,91.0,37,0.0,0.72,919.0
2019-05-28 13:00:00,93.8,33,0.0,0.77,964.0
2019-05-28 14:00:00,95.6,31,0.0,0.75,894.0
2019-05-28 15:00:00,96.4,29,0.0,0.62,716.0
2019-05-28 16:00:00,96.7,28,0.0,0.55,620.0
2019-05-28 17:00:00,96.5,28,0.0,0.5,515.0
2019-05-28 18:00:00,95.4,31,0.0,0.41,339.0
2019-05-28 19:00:00,92.9,40,0.0,0.24,146.0
2019-05-28 20:00:00,90.5,45,0.0,0.13,14.0
2019-05-28 21:00:00,88.3,51,0.0,0.09,0.0
2019-05-28 22:00:00,86.2,58,0.0,0.06,0.0
2019-05-28 23:00:00,84.4,65,0.0,0.05,0.0
2019-05-29 00:00:00,82.8,73,0.0,0.02,0.0
2019-05-29 01:00:00,81.3,80,0.0,0.01,0.0
2019-05-29 02:00:00,80.1,86,0.0,0.0,0.0
2019-05-29 03:00:00,79.0,89,0.0,0.0,0.0
2019-05-29 04:00:00,78.1,91,0.0,0.0,0.0
2019-05-29 05:00:00,77.3,93,0.0,0.0,0.0
2019-05-29 06:00:00,76.6,91,0.0,0.0,3.0
2019-05-29 07:00:00,76.8,81,0.0,0.05,71.0
2019-05-29 08:00:00,78.6,71,0.0,0.16,226.0
2019-05-29 09:00:00,81.6,56,0.0,0.32,446.0
2019-05-29 10:00:00,85.2,46,0.0,0.49,678.0
2019-05-29 11:00:00,88.8,38,0.0,0.65,830.0
2019-05-29 12:00:00,91.2,35,0.0,0.67,775.0
2019-05-29 13:00:00,93.3,33,0.0,0.73,843.0
2019-05-29 14:00:00,95.0,30,0.0,0.77,853.0
2019-05-29 15:00:00,96.0,29,0.0,0.72,776.0
2019-05-29 16:00:00,95.9,36,0.0,0.59,579.0
2019-05-29 17:00:00,94.9,40,0.0,0.46,429.0
2019-05-29 18:00:00,93.6,44,0.0,0.36,304.0
2019-05-29 19:00:00,92.3,60,0.0,0.17,137.0
2019-05-29 20:00:00,90.0,65,0.0,0.08,13.0
2019-05-29 21:00:00,88.0,74,0.0,0.04,0.0
2019-05-29 22:00:00,86.2,82,0.0,0.01,0.0
2019-05-29 23:00:00,84.7,88,0.0,0.0,0.0
2019-05-30 00:00:00,83.2,94,0.0,0.0,0.0
2019-05-30 01:00:00,82.0,97,0.0,0.0,0.0
2019-05-30 02:00:00,81.0,98,0.0,0.0,0.0
2019-05-30 03:00:00,80.1,98,0.0,0.0,0.0
2019-05-30 04:00:00,79.1,100,0.0,0.0,0.0
2019-05-30 05:00:00,78.2,100,0.0,0.0,0.0
2019-05-30 06:00:00,77.8,99,0.0,0.0,3.0
2019-05-30 07:00:00,77.1,97,0.0,0.03,48.0
2019-05-30 08:00:00,78.2,90,0.1,0.1,142.0
2019-05-30 09:00:00,80.4,74,0.0,0.28,389.0
2019-05-30 10:00:00,82.9,64,0.0,0.4,528.0
2019-05-30 11:00:00,86.3,53,0.0,0.59,774.0
2019-05-30 12:00:00,89.2,42,0.0,0.69,864.0
2019-05-30 13:00:00,91.9,34,0.0,0.8,954.0
2019-05-30 14:00:00,93.9,29,0.0,0.83,960.0
2019-05-30 15:00:00,95.1,27,0.0,0.76,847.0
2019-05-30 16:00:00,95.4,30,0.0,0.68,723.0
2019-05-30 17:00:00,94.7,41,0.0,0.53,557.0
2019-05-30 18:00:00,93.2,49,0.0,0.34,327.0
2019-05-30 19:00:00,90.9,57,0.0,0.2,131.0
2019-05-30 20:00:00,88.5,64,0.0,0.1,13.0
2019-05-30 21:00:00,86.6,66,0.0,0.06,0.0
2019-05-30 22:00:00,85.0,72,0.0,0.05,0.0
2019-05-30 23:00:00,83.7,78,0.0,0.03,0.0
2019-05-31 00:00:00,82.6,82,0.0,0.02,0.0
2019-05-31 01:00:00,81.6,86,0.0,0.01,0.0
2019-05-31 02:00:00,80.8,89,0.0,0.0,0.0
2019-05-31 03:00:00,80.0,92,0.0,0.0,0.0
2019-05-31 04:00:00,79.3,95,0.0,0.0,0.0
2019-05-31 05:00:00,78.7,96,0.0,0.0,0.0
2019-05-31 06:00:00,78.3,97,0.0,0.0,3.0
2019-05-31 07:00:00,79.3,87,0.0,0.06,86.0
2019-05-31 08:00:00,80.8,76,0.0,0.19,241.0
2019-05-31 09:00:00,82.9,62,0.0,0.33,406.0
2019-05-31 10:00:00,85.3,50,0.0,0.45,539.0
2019-05-31 11:00:00,87.9,42,0.0,0.57,690.0
2019-05-31 12:00:00,90.3,39,0.0,0.63,752.0
2019-05-31 13:00:00,92.7,37,0.0,0.72,856.0
2019-05-31 14:00:00,94.6,35,0.0,0.73,859.0
2019-05-31 15:00:00,95.8,33,0.0,0.69,782.0
2019-05-31 16:00:00,96.4,32,0.0,0.63,675.0
2019-05-31 17:00:00,95.8,36,0.0,0.48,476.0
2019-05-31 18:00:00,94.4,47,0.0,0.33,288.0
2019-05-31 19:00:00,92.1,41,0.0,0.17,124.0
2019-05-31 20:00:00,90.0,56,0.0,0.11,14.0
2019-05-31 21:00:00,88.1,66,0.0,0.09,0.0
2019-05-31 22:00:00,86.5,73,0.0,0.06,0.0
2019-05-31 23:00:00,85.1,79,0.0,0.04,0.0
2019-06-01 00:00:00,83.8,85,0.0,0.02,0.0
2019-06-01 01:00:00,82.9,89,0.0,0.01,0.0
2019-06-01 02:00:00,82.0,91,0.0,0.0,0.0
2019-06-01 03:00:00,81.1,93,0.0,0.0,0.0
2019-06-01 04:00:00,80.3,96,0.0,0.0,0.0
2019-06-01 05:00:00,79.6,97,0.0,0.0,0.0
2019-06-01 06:00:00,79.1,97,0.0,0.0,3.0
2019-06-01 07:00:00,79.6,90,0.0,0.04,39.0
2019-06-01 08:00:00,80.3,85,0.0,0.08,102.0
2019-06-01 09:00:00,81.7,74,0.0,0.16,206.0
2019-06-01 10:00:00,84.6,53,0.0,0.37,482.0
2019-06-01 11:00:00,87.9,40,0.0,0.53,700.0
2019-06-01 12:00:00,91.2,36,0.0,0.65,829.0
2019-06-01 13:00:00,93.7,33,0.0,0.7,861.0
2019-06-01 14:00:00,95.1,32,0.0,0.62,732.0
2019-06-01 15:00:00,96.0,34,0.0,0.61,688.0
2019-06-01 16:00:00,95.3,49,0.0,0.48,532.0
2019-06-01 17:00:00,94.1,51,0.0,0.38,395.0
2019-06-01 18:00:00,92.6,52,0.0,0.27,251.0
2019-06-01 19:00:00,90.3,64,0.0,0.14,112.0
2019-06-01 20:00:00,88.2,71,0.0,0.05,13.0
2019-06-01 21:00:00,86.4,75,0.0,0.03,0.0
2019-06-01 22:00:00,84.9,77,0.0,0.03,0.0
2019-06-01 23:00:00,83.7,80,0.0,0.02,0.0
2019-06-02 00:00:00,82.5,84,0.0,0.01,0.0
2019-06-02 01:00:00,81.4,87,0.0,0.01,0.0
2019-06-02 02:00:00,80.4,89,0.0,0.0,0.0
2019-06-02 03:00:00,79.6,90,0.0,0.0,0.0
2019-06-02 04:00:00,78.9,91,0.0,0.0,0.0
2019-06-02 05:00:00,78.1,92,0.0,0.0,0.0
2019-06-02 06:00:00,77.3,94,0.0,0.0,4.0
2019-06-02 07:00:00,77.4,81,0.0,0.06,100.0
2019-06-02 08:00:00,79.2,63,0.0,0.18,286.0
2019-06-02 09:00:00,82.0,48,0.0,0.35,492.0
2019-06-02 10:00:00,85.3,38,0.0,0.5,655.0
2019-06-02 11:00:00,88.5,33,0.0,0.65,829.0
2019-06-02 12:00:00,91.5,31,0.0,0.75,931.0
2019-06-02 13:00:00,93.8,29,0.0,0.78,934.0
2019-06-02 14:00:00,95.1,29,0.0,0.73,835.0
2019-06-02 15:00:00,95.9,27,0.0,0.69,769.0
2019-06-02 16:00:00,96.2,25,0.0,0.59,663.0
2019-06-02 17:00:00,95.9,24,0.0,0.48,533.0
2019-06-02 18:00:00,94.8,25,0.0,0.34,350.0
2019-06-02 19:00:00,92.9,36,0.0,0.16,153.0
2019-06-02 20:00:00,90.1,40,0.0,0.08,17.0
2019-06-02 21:00:00,87.6,48,0.0,0.07,0.0
2019-06-02 22:00:00,85.2,43,0.0,0.0,0.0
2019-06-02 23:00:00,83.2,60,0.0,0.02,0.0
2019-06-03 00:00:00,81.7,73,0.0,0.01,0.0
2019-06-03 01:00:00,80.4,79,0.0,0.01,0.0
2019-06-03 02:00:00,79.3,85,0.0,0.0,0.0
2019-06-03 03:00:00,78.4,87,0.0,0.0,0.0
2019-06-03 04:00:00,77.7,86,0.0,0.0,0.0
2019-06-03 05:00:00,77.0,86,0.0,0.0,0.0
2019-06-03 06:00:00,76.5,84,0.0,0.02,3.0
2019-06-03 07:00:00,75.9,76,0.0,0.07,101.0
2019-06-03 08:00:00,78.4,64,0.0,0.19,291.0
2019-06-03 09:00:00,82.0,47,0.0,0.37,495.0
2019-06-03 10:00:00,85.7,34,0.0,0.51,668.0
2019-06-03 11:00:00,89.3,31,0.0,0.65,815.0
2019-06-03 12:00:00,92.6,29,0.0,0.76,940.0
2019-06-03 13:00:00,94.9,28,0.0,0.76,918.0
2019-06-03 14:00:00,96.8,28,0.0,0.77,929.0
2019-06-03 15:00:00,97.8,28,0.0,0.72,832.0
2019-06-03 16:00:00,97.9,27,0.0,0.61,678.0
2019-06-03 17:00:00,97.3,28,0.0,0.45,507.0
2019-06-03 18:00:00,96.1,31,0.0,0.26,323.0
2019-06-03 19:00:00,94.0,56,0.0,0.12,150.0
2019-06-03 20:00:00,91.2,42,0.0,0.05,17.0
2019-06-03 21:00:00,88.6,51,0.0,0.06,0.0
2019-06-03 22:00:00,86.8,47,0.0,0.09,0.0
2019-06-03 23:00:00,85.4,55,0.0,0.07,0.0
2019-06-04 00:00:00,84.1,55,0.0,0.07,0.0
2019-06-04 01:00:00,82.9,55,0.0,0.05,0.0
2019-06-04 02:00:00,81.9,56,0.0,0.04,0.0
2019-06-04 03:00:00,80.6,62,0.0,0.03,0.0
2019-06-04 04:00:00,79.6,60,0.0,0.03,0.0
2019-06-04 05:00:00,78.7,63,0.0,0.03,0.0
2019-06-04 06:00:00,78.0,66,0.0,0.02,4.0
2019-06-04 07:00:00,79.6,63,0.0,0.09,98.0
2019-06-04 08:00:00,81.3,47,0.0,0.25,283.0
2019-06-04 09:00:00,84.0,39,0.0,0.41,481.0
2019-06-04 10:00:00,87.2,35,0.0,0.56,667.0
2019-06-04 11:00:00,90.5,32,0.0,0.67,818.0
2019-06-04 12:00:00,93.5,30,0.0,0.69,860.0
2019-06-04 13:00:00,96.1,28,0.0,0.71,882.0
2019-06-04 14:00:00,98.0,27,0.0,0.71,868.0
2019-06-04 15:00:00,98.9,26,0.0,0.61,734.0
2019-06-04 16:00:00,99.0,26,0.0,0.51,597.0
2019-06-04 17:00:00,98.2,29,0.0,0.45,426.0
2019-06-04 18:00:00,96.3,44,0.0,0.34,234.0
2019-06-04 19:00:00,94.5,47,0.0,0.2,95.0
2019-06-04 20:00:00,92.3,53,0.0,0.09,13.0
2019-06-04 21:00:00,90.4,58,0.0,0.08,0.0
2019-06-04 22:00:00,88.7,64,0.0,0.05,0.0
2019-06-04 23:00:00,87.2,69,0.0,0.04,0.0
2019-06-05 00:00:00,85.8,78,0.0,0.02,0.0
2019-06-05 01:00:00,84.6,84,0.0,0.01,0.0
2019-06-05 02:00:00,83.5,89,0.0,0.0,0.0
2019-06-05 03:00:00,82.6,93,0.0,0.0,0.0
2019-06-05 04:00:00,81.7,95,0.0,0.0,0.0
2019-06-05 05:00:00,81.1,95,0.0,0.0,0.0
2019-06-05 06:00:00,80.6,94,0.0,0.01,3.0
2019-06-05 07:00:00,80.2,88,0.0,0.05,67.0
2019-06-05 08:00:00,82.0,75,0.0,0.19,244.0
2019-06-05 09:00:00,84.7,59,0.0,0.35,454.0
2019-06-05 10:00:00,87.8,47,0.0,0.48,611.0
2019-06-05 11:00:00,90.6,42,0.0,0.55,685.0
2019-06-05 12:00:00,92.6,40,0.0,0.52,627.0
2019-06-05 13:00:00,93.9,38,0.0,0.49,574.0
2019-06-05 14:00:00,94.5,38,0.0,0.45,475.0
2019-06-05 15:00:00,94.7,39,0.0,0.42,446.0
2019-06-05 16:00:00,95.3,39,0.0,0.48,517.0
2019-06-05 17:00:00,94.0,44,0.0,0.3,226.0
2019-06-05 18:00:00,92.3,51,0.0,0.19,88.0
2019-06-05 19:00:00,88.9,52,0.3,0.12,45.0
2019-06-05 20:00:00,87.5,57,0.0,0.09,5.0
2019-06-05 21:00:00,86.3,68,0.1,0.04,0.0
2019-06-05 22:00:00,85.0,74,0.1,0.01,0.0
2019-06-05 23:00:00,84.0,81,0.0,0.0,0.0
2019-06-06 00:00:00,82.9,81,0.0,0.0,0.0
2019-06-06 01:00:00,82.2,83,0.0,0.0,0.0
2019-06-06 02:00:00,81.7,85,0.0,0.0,0.0
2019-06-06 03:00:00,81.1,85,0.0,0.0,0.0
2019-06-06 04:00:00,80.7,87,0.0,0.0,0.0
2019-06-06 05:00:00,80.3,87,0.0,0.0,0.0
2019-06-06 06:00:00,80.1,87,0.0,0.02,1.0
2019-06-06 07:00:00,79.9,87,0.1,0.03,15.0
2019-06-06 08:00:00,80.4,83,0.1,0.07,82.0
2019-06-06 09:00:00,80.2,96,1.7,0.05,65.0
2019-06-06 10:00:00,79.8,98,2.0,0.07,97.0
2019-06-06 11:00:00,79.6,98,1.9,0.11,161.0
2019-06-06 12:00:00,79.7,88,0.7,0.19,263.0
2019-06-06 13:00:00,80.2,88,0.7,0.23,318.0
2019-06-06 14:00:00,80.1,97,0.8,0.09,119.0
2019-06-06 15:00:00,80.3,91,0.3,0.17,239.0
2019-06-06 16:00:00,80.2,94,1.7,0.14,209.0
2019-06-06 17:00:00,80.2,91,0.2,0.14,195.0
2019-06-06 18:00:00,79.9,94,0.3,0.06,78.0
2019-06-06 19:00:00,79.8,96,0.0,0.04,59.0
2019-06-06 20:00:00,79.2,96,0.1,0.01,11.0
2019-06-06 21:00:00,78.6,96,0.1,0.0,0.0
2019-06-06 22:00:00,78.4,97,0.0,0.0,0.0
2019-06-06 23:00:00,78.1,97,0.0,0.0,0.0
2019-06-07 00:00:00,77.8,97,0.0,0.0,0.0
2019-06-07 01:00:00,77.6,99,1.1,0.0,0.0
2019-06-07 02:00:00,77.4,98,1.5,0.0,0.0
2019-06-07 03:00:00,77.1,98,0.8,0.0,0.0
2019-06-07 04:00:00,76.8,99,0.7,0.0,0.0
2019-06-07 05:00:00,76.6,98,1.1,0.0,0.0
2019-06-07 06:00:00,76.5,98,0.9,0.01,2.0
2019-06-07 07:00:00,78.9,95,3.4,0.03,40.0
2019-06-07 08:00:00,79.0,91,0.6,0.13,210.0
2019-06-07 09:00:00,79.4,88,0.1,0.21,309.0
2019-06-07 10:00:00,80.3,83,0.1,0.24,331.0
2019-06-07 11:00:00,81.3,81,0.3,0.3,444.0
2019-06-07 12:00:00,82.6,76,0.0,0.4,558.0
2019-06-07 13:00:00,84.0,75,0.0,0.45,636.0
2019-06-07 14:00:00,84.9,77,0.6,0.4,572.0
2019-06-07 15:00:00,85.2,70,0.2,0.44,580.0
2019-06-07 16:00:00,85.3,76,1.0,0.32,429.0
2019-06-07 17:00:00,84.1,83,1.3,0.22,295.0
2019-06-07 18:00:00,82.9,89,1.0,0.13,191.0
2019-06-07 19:00:00,83.9,71,0.0,0.13,113.0
2019-06-07 20:00:00,82.7,76,0.0,0.06,14.0
2019-06-07 21:00:00,81.5,80,0.0,0.03,0.0
2019-06-07 22:00:00,80.6,83,0.0,0.02,0.0
2019-06-07 23:00:00,79.9,85,0.0,0.02,0.0
2019-06-08 00:00:00,79.3,88,0.0,0.01,0.0
2019-06-08 01:00:00,78.9,90,0.0,0.01,0.0
2019-06-08 02:00:00,78.5,91,0.0,0.01,0.0
2019-06-08 03:00:00,78.3,92,0.0,0.0,0.0
2019-06-08 04:00:00,78.0,94,1.4,0.0,0.0
2019-06-08 05:00:00,77.5,96,0.4,0.0,0.0
2019-06-08 06:00:00,77.0,98,0.4,0.01,1.0
2019-06-08 07:00:00,79.5,95,0.9,0.03,27.0
2019-06-08 08:00:00,79.1,89,0.1,0.11,154.0
2019-06-08 09:00:00,79.5,84,0.1,0.22,316.0
2019-06-08 10:00:00,80.5,75,0.2,0.34,463.0
2019-06-08 11:00:00,81.1,83,2.4,0.32,479.0
2019-06-08 12:00:00,80.8,90,8.1,0.26,388.0
2019-06-08 13:00:00,80.2,92,2.6,0.19,291.0
2019-06-08 14:00:00,80.0,92,1.8,0.21,338.0
2019-06-08 15:00:00,80.5,87,0.2,0.31,485.0
2019-06-08 16:00:00,81.1,83,0.1,0.31,490.0
2019-06-08 17:00:00,80.8,83,0.0,0.21,298.0
2019-06-08 18:00:00,80.4,83,0.0,0.16,198.0
2019-06-08 19:00:00,78.2,89,0.0,0.06,58.0
2019-06-08 20:00:00,77.4,93,0.0,0.02,15.0
2019-06-08 21:00:00,76.7,94,0.1,0.0,0.0
2019-06-08 22:00:00,76.4,96,1.1,0.0,0.0
2019-06-08 23:00:00,75.9,97,2.8,0.0,0.0
2019-06-09 00:00:00,75.6,99,4.4,0.0,0.0
2019-06-09 01:00:00,75.3,99,2.6,0.0,0.0
2019-06-09 02:00:00,75.1,99,0.5,0.0,0.0
2019-06-09 03:00:00,74.9,99,1.9,0.0,0.0
2019-06-09 04:00:00,74.8,99,0.4,0.0,0.0
2019-06-09 05:00:00,74.6,100,1.4,0.0,0.0
2019-06-09 06:00:00,74.4,99,0.3,0.01,1.0
2019-06-09 07:00:00,77.1,98,0.0,0.03,40.0
2019-06-09 08:00:00,76.6,92,0.0,0.09,137.0
2019-06-09 09:00:00,77.0,88,0.0,0.17,265.0
2019-06-09 10:00:00,77.8,79,0.0,0.26,366.0
2019-06-09 11:00:00,79.0,72,0.1,0.34,442.0
2019-06-09 12:00:00,80.7,74,1.2,0.44,630.0
2019-06-09 13:00:00,80.7,82,1.0,0.38,564.0
2019-06-09 14:00:00,82.1,76,0.1,0.52,757.0
2019-06-09 15:00:00,82.0,83,1.2,0.34,508.0
2019-06-09 16:00:00,81.7,83,0.2,0.28,401.0
2019-06-09 17:00:00,81.2,86,1.1,0.2,296.0
2019-06-09 18:00:00,80.3,89,0.5,0.13,191.0
2019-06-09 19:00:00,79.3,90,0.0,0.07,95.0
2019-06-09 20:00:00,78.6,93,0.0,0.02,15.0
2019-06-09 21:00:00,77.8,94,0.0,0.0,0.0
2019-06-09 22:00:00,77.2,96,0.0,0.0,0.0
2019-06-09 23:00:00,76.6,96,0.0,0.0,0.0
2019-06-10 00:00:00,76.1,95,0.0,0.0,0.0
2019-06-10 01:00:00,75.7,96,0.0,0.0,0.0
2019-06-10 02:00:00,75.2,96,0.0,0.0,0.0
2019-06-10 03:00:00,74.8,97,0.0,0.0,0.0
2019-06-10 04:00:00,74.5,98,0.0,0.0,0.0
2019-06-10 05:00:00,74.2,98,0.0,0.0,0.0
2019-06-10 06:00:00,73.9,98,0.1,0.0,4.0
2019-06-10 07:00:00,76.0,96,0.1,0.05,91.0
2019-06-10 08:00:00,77.1,89,0.0,0.17,271.0
2019-06-10 09:00:00,78.6,81,0.2,0.31,445.0
2019-06-10 10:00:00,80.2,76,0.4,0.39,552.0
2019-06-10 11:00:00,80.4,86,7.5,0.36,551.0
2019-06-10 12:00:00,80.3,82,0.1,0.29,406.0
2019-06-10 13:00:00,80.5,85,0.1,0.22,296.0
2019-06-10 14:00:00,81.6,78,0.2,0.41,569.0
2019-06-10 15:00:00,82.9,72,0.1,0.5,695.0
2019-06-10 16:00:00,83.5,69,0.0,0.4,531.0
2019-06-10 17:00:00,82.4,92,3.0,0.18,266.0
2019-06-10 18:00:00,81.4,90,0.0,0.12,169.0
2019-06-10 19:00:00,80.6,97,0.0,0.05,72.0
2019-06-10 20:00:00,79.8,99,0.9,0.01,13.0
2019-06-10 21:00:00,78.8,99,0.0,0.0,0.0
2019-06-10 22:00:00,78.1,100,0.0,0.0,0.0
2019-06-10 23:00:00,77.4,100,0.0,0.0,0.0
2019-06-11 00:00:00,76.8,100,0.0,0.0,0.0
2019-06-11 01:00:00,76.6,100,0.0,0.0,0.0
2019-06-11 02:00:00,76.4,100,0.6,0.0,0.0
2019-06-11 03:00:00,76.2,99,0.4,0.0,0.0
2019-06-11 04:00:00,75.8,100,0.0,0.0,0.0
2019-06-11 05:00:00,75.6,98,0.0,0.0,0.0
2019-06-11 06:00:00,75.4,97,0.0,0.0,3.0
2019-06-11 07:00:00,76.8,96,0.0,0.05,89.0
2019-06-11 08:00:00,77.0,87,0.0,0.17,274.0
2019-06-11 09:00:00,78.0,79,0.0,0.3,458.0
2019-06-11 10:00:00,79.8,76,0.0,0.43,624.0
2019-06-11 11:00:00,81.9,74,0.0,0.54,754.0
2019-06-11 12:00:00,83.6,74,0.0,0.57,788.0
2019-06-11 13:00:00,85.1,75,0.1,0.61,838.0
2019-06-11 14:00:00,86.1,66,0.1,0.55,733.0
2019-06-11 15:00:00,86.2,78,5.6,0.46,657.0
2019-06-11 16:00:00,84.5,78,2.8,0.33,457.0
2019-06-11 17:00:00,83.8,85,0.5,0.27,390.0
2019-06-11 18:00:00,82.8,82,0.2,0.17,243.0
2019-06-11 19:00:00,81.0,93,0.0,0.08,122.0
2019-06-11 20:00:00,79.7,95,0.0,0.01,11.0
2019-06-11 21:00:00,78.8,98,0.0,0.0,0.0
2019-06-11 22:00:00,78.1,99,0.0,0.0,0.0
2019-06-11 23:00:00,77.5,99,0.0,0.0,0.0
2019-06-12 00:00:00,77.0,99,0.0,0.0,0.0
2019-06-12 01:00:00,76.6,100,0.0,0.0,0.0
2019-06-12 02:00:00,76.2,99,0.0,0.0,0.0
2019-06-12 03:00:00,75.7,99,1.6,0.0,0.0
2019-06-12 04:00:00,75.2,98,0.1,0.0,0.0
2019-06-12 05:00:00,74.8,100,0.0,0.0,0.0
2019-06-12 06:00:00,74.5,99,0.0,0.0,3.0
2019-06-12 07:00:00,75.7,99,0.0,0.04,69.0
2019-06-12 08:00:00,76.5,90,0.0,0.15,231.0
2019-06-12 09:00:00,77.6,89,0.2,0.23,341.0
2019-06-12 10:00:00,78.8,85,0.5,0.28,388.0
2019-06-12 11:00:00,79.7,85,1.1,0.34,475.0
2019-06-12 12:00:00,80.2,83,3.0,0.41,577.0
2019-06-12 13:00:00,81.1,84,0.9,0.41,581.0
2019-06-12 14:00:00,80.9,88,1.7,0.37,536.0
2019-06-12 15:00:00,82.2,76,0.0,0.54,749.0
2019-06-12 16:00:00,83.0,70,0.1,0.41,540.0
2019-06-12 17:00:00,83.0,57,0.0,0.35,416.0
2019-06-12 18:00:00,82.5,63,0.0,0.25,293.0
2019-06-12 19:00:00,81.7,68,0.0,0.16,152.0
2019-06-12 20:00:00,80.5,70,0.0,0.09,18.0
2019-06-12 21:00:00,79.5,75,0.0,0.05,0.0
2019-06-12 22:00:00,78.7,80,0.0,0.03,0.0
2019-06-12 23:00:00,78.1,83,0.0,0.02,0.0
2019-06-13 00:00:00,77.5,85,0.0,0.02,0.0
2019-06-13 01:00:00,77.2,86,0.0,0.02,0.0
2019-06-13 02:00:00,76.7,90,0.0,0.01,0.0
2019-06-13 03:00:00,76.4,92,0.0,0.0,0.0
2019-06-13 04:00:00,75.9,92,0.0,0.0,0.0
2019-06-13 05:00:00,75.3,83,0.0,0.01,0.0
2019-06-13 06:00:00,74.5,82,0.0,0.02,3.0
2019-06-13 07:00:00,76.1,81,0.0,0.06,82.0
2019-06-13 08:00:00,76.2,70,0.0,0.15,230.0
2019-06-13 09:00:00,77.1,59,0.0,0.27,402.0
2019-06-13 10:00:00,78.5,53,0.0,0.42,605.0
2019-06-13 11:00:00,80.2,48,0.0,0.58,810.0
2019-06-13 12:00:00,81.8,46,0.0,0.64,879.0
2019-06-13 13:00:00,83.1,46,0.0,0.67,925.0
2019-06-13 14:00:00,84.3,46,0.0,0.67,924.0
2019-06-13 15:00:00,84.8,45,0.0,0.64,851.0
2019-06-13 16:00:00,84.8,45,0.0,0.51,668.0
2019-06-13 17:00:00,84.5,46,0.0,0.38,487.0
2019-06-13 18:00:00,83.7,55,0.0,0.25,330.0
2019-06-13 19:00:00,82.0,81,0.0,0.09,138.0
2019-06-13 20:00:00,80.1,72,0.0,0.04,21.0
2019-06-13 21:00:00,78.2,68,0.0,0.03,0.0
2019-06-13 22:00:00,76.7,57,0.0,0.06,0.0
2019-06-13 23:00:00,75.1,72,0.0,0.03,0.0
2019-06-14 00:00:00,73.7,70,0.0,0.02,0.0
2019-06-14 01:00:00,72.4,69,0.0,0.01,0.0
2019-06-14 02:00:00,71.4,73,0.0,0.01,0.0
2019-06-14 03:00:00,70.6,72,0.0,0.01,0.0
2019-06-14 04:00:00,69.9,74,0.0,0.01,0.0
2019-06-14 05:00:00,69.4,75,0.0,0.02,0.0
2019-06-14 06:00:00,68.8,76,0.0,0.02,4.0
2019-06-14 07:00:00,71.5,72,0.0,0.09,105.0
2019-06-14 08:00:00,72.4,65,0.0,0.2,294.0
2019-06-14 09:00:00,74.0,58,0.0,0.35,503.0
2019-06-14 10:00:00,76.0,53,0.0,0.48,695.0
2019-06-14 11:00:00,78.1,49,0.0,0.6,849.0
2019-06-14 12:00:00,80.1,47,0.0,0.68,951.0
2019-06-14 13:00:00,81.8,46,0.0,0.72,994.0
2019-06-14 14:00:00,83.1,45,0.0,0.71,974.0
2019-06-14 15:00:00,83.9,43,0.0,0.65,890.0
2019-06-14 16:00:00,84.1,41,0.0,0.55,739.0
2019-06-14 17:00:00,83.8,41,0.0,0.42,556.0
2019-06-14 18:00:00,82.8,51,0.0,0.26,347.0
2019-06-14 19:00:00,81.4,61,0.0,0.13,173.0
2019-06-14 20:00:00,79.3,56,0.0,0.08,23.0
2019-06-14 21:00:00,77.8,58,0.0,0.05,0.0
2019-06-14 22:00:00,76.5,71,0.0,0.01,0.0
2019-06-14 23:00:00,75.3,77,0.0,0.0,0.0
2019-06-15 00:00:00,74.4,86,0.0,0.0,0.0
2019-06-15 01:00:00,73.6,88,0.0,0.0,0.0
2019-06-15 02:00:00,73.2,79,0.0,0.02,0.0
2019-06-15 03:00:00,73.0,75,0.0,0.02,0.0
2019-06-15 04:00:00,72.6,81,0.0,0.01,0.0
2019-06-15 05:00:00,72.3,86,0.0,0.0,0.0
2019-06-15 06:00:00,72.0,90,0.0,0.01,4.0
2019-06-15 07:00:00,74.4,82,0.0,0.07,91.0
2019-06-15 08:00:00,74.9,80,0.3,0.12,174.0
2019-06-15 09:00:00,75.9,78,0.1,0.2,288.0
2019-06-15 10:00:00,77.5,75,0.0,0.34,488.0
2019-06-15 11:00:00,79.7,71,0.2,0.49,698.0
2019-06-15 12:00:00,81.3,65,0.0,0.52,714.0
2019-06-15 13:00:00,82.6,61,0.1,0.53,706.0
2019-06-15 14:00:00,83.6,59,0.0,0.53,704.0
2019-06-15 15:00:00,84.2,57,0.0,0.47,613.0
2019-06-15 16:00:00,84.4,61,0.1,0.4,528.0
2019-06-15 17:00:00,83.8,63,0.0,0.26,338.0
2019-06-15 18:00:00,83.2,65,0.0,0.19,242.0
2019-06-15 19:00:00,83.0,69,0.0,0.1,137.0
2019-06-15 20:00:00,81.4,73,0.0,0.03,19.0
2019-06-15 21:00:00,80.1,77,0.0,0.03,0.0
2019-06-15 22:00:00,79.3,86,0.0,0.01,0.0
2019-06-15 23:00:00,78.4,90,0.0,0.0,0.0
2019-06-16 00:00:00,77.4,94,0.0,0.0,0.0
2019-06-16 01:00:00,76.6,96,0.0,0.0,0.0
2019-06-16 02:00:00,75.7,94,0.0,0.0,0.0
2019-06-16 03:00:00,75.0,98,0.0,0.0,0.0
2019-06-16 04:00:00,74.5,98,0.0,0.0,0.0
2019-06-16 05:00:00,73.9,98,0.0,0.0,0.0
2019-06-16 06:00:00,73.5,98,0.0,0.0,3.0
2019-06-16 07:00:00,75.5,94,0.0,0.05,98.0
2019-06-16 08:00:00,77.0,85,0.0,0.18,277.0
2019-06-16 09:00:00,79.3,70,0.0,0.35,499.0
2019-06-16 10:00:00,81.6,60,0.0,0.47,653.0
2019-06-16 11:00:00,83.7,53,0.0,0.54,736.0
2019-06-16 12:00:00,85.3,50,0.0,0.59,779.0
2019-06-16 13:00:00,86.9,46,0.0,0.65,863.0
2019-06-16 14:00:00,88.3,44,0.1,0.69,915.0
2019-06-16 15:00:00,89.0,44,0.0,0.64,828.0
2019-06-16 16:00:00,89.1,46,0.0,0.55,698.0
2019-06-16 17:00:00,88.6,48,0.0,0.45,548.0
2019-06-16 18:00:00,87.6,52,0.0,0.3,352.0
2019-06-16 19:00:00,85.8,58,0.0,0.15,150.0
2019-06-16 20:00:00,84.0,64,0.0,0.1,21.0
2019-06-16 21:00:00,82.5,78,0.0,0.03,0.0
2019-06-16 22:00:00,81.2,83,0.0,0.01,0.0
2019-06-16 23:00:00,80.1,88,0.0,0.0,0.0
2019-06-17 00:00:00,78.9,94,0.0,0.0,0.0
2019-06-17 01:00:00,78.0,96,0.0,0.0,0.0
2019-06-17 02:00:00,77.3,98,0.0,0.0,0.0
2019-06-17 03:00:00,76.7,99,0.0,0.0,0.0
2019-06-17 04:00:00,76.4,100,0.0,0.0,0.0
2019-06-17 05:00:00,76.0,99,0.0,0.0,0.0
2019-06-17 06:00:00,75.7,99,0.0,0.0,3.0
2019-06-17 07:00:00,76.3,95,0.0,0.05,93.0
2019-06-17 08:00:00,77.5,87,0.0,0.17,260.0
2019-06-17 09:00:00,79.3,77,0.0,0.31,438.0
2019-06-17 10:00:00,81.4,67,0.1,0.42,562.0
2019-06-17 11:00:00,83.4,63,0.0,0.51,680.0
2019-06-17 12:00:00,84.7,66,0.2,0.51,698.0
2019-06-17 13:00:00,84.6,70,0.3,0.36,461.0
2019-06-17 14:00:00,85.7,64,0.1,0.53,702.0
2019-06-17 15:00:00,86.6,60,0.0,0.52,679.0
2019-06-17 16:00:00,87.2,59,0.0,0.45,573.0
2019-06-17 17:00:00,86.8,71,1.0,0.32,421.0
2019-06-17 18:00:00,83.6,92,2.3,0.14,206.0
2019-06-17 19:00:00,82.1,77,1.3,0.11,113.0
2019-06-17 20:00:00,81.1,87,0.0,0.03,20.0
2019-06-17 21:00:00,80.1,91,0.0,0.0,0.0
2019-06-17 22:00:00,79.2,93,0.0,0.0,0.0
2019-06-17 23:00:00,78.4,94,0.0,0.0,0.0
2019-06-18 00:00:00,77.7,97,0.0,0.0,0.0
2019-06-18 01:00:00,77.1,98,0.0,0.0,0.0
2019-06-18 02:00:00,76.6,98,0.0,0.0,0.0
2019-06-18 03:00:00,76.2,98,0.0,0.0,0.0
2019-06-18 04:00:00,75.8,98,0.0,0.0,0.0
2019-06-18 05:00:00,75.4,99,0.0,0.0,0.0
2019-06-18 06:00:00,75.1,99,0.0,0.0,3.0
2019-06-18 07:00:00,76.3,94,0.0,0.05,91.0
2019-06-18 08:00:00,77.7,85,0.0,0.18,269.0
2019-06-18 09:00:00,79.6,74,0.0,0.3,413.0
2019-06-18 10:00:00,81.4,69,0.2,0.36,488.0
2019-06-18 11:00:00,82.9,66,0.1,0.4,518.0
2019-06-18 12:00:00,83.9,71,0.8,0.39,508.0
2019-06-18 13:00:00,83.2,78,1.1,0.36,494.0
2019-06-18 14:00:00,82.9,83,1.1,0.33,480.0
2019-06-18 15:00:00,82.6,81,0.1,0.25,336.0
2019-06-18 16:00:00,82.3,82,0.4,0.25,348.0
2019-06-18 17:00:00,81.5,85,0.2,0.14,179.0
2019-06-18 18:00:00,81.2,83,0.0,0.15,197.0
2019-06-18 19:00:00,79.6,91,0.0,0.07,98.0
2019-06-18 20:00:00,78.8,96,0.0,0.01,14.0
2019-06-18 21:00:00,78.1,95,0.0,0.0,0.0
2019-06-18 22:00:00,77.3,96,0.0,0.0,0.0
2019-06-18 23:00:00,76.7,97,0.0,0.0,0.0
2019-06-19 00:00:00,76.4,96,0.0,0.0,0.0
2019-06-19 01:00:00,76.0,98,0.0,0.0,0.0
2019-06-19 02:00:00,75.9,97,0.0,0.0,0.0
2019-06-19 03:00:00,75.8,96,0.1,0.0,0.0
2019-06-19 04:00:00,75.7,96,0.6,0.0,0.0
2019-06-19 05:00:00,75.3,98,1.2,0.0,0.0
2019-06-19 06:00:00,74.8,98,0.6,0.01,2.0
2019-06-19 07:00:00,76.4,95,0.1,0.04,57.0
2019-06-19 08:00:00,75.8,94,0.0,0.09,127.0
2019-06-19 09:00:00,77.0,85,0.0,0.25,386.0
2019-06-19 10:00:00,78.6,83,0.0,0.3,430.0
2019-06-19 11:00:00,80.6,71,0.2,0.44,593.0
2019-06-19 12:00:00,82.0,75,0.7,0.5,733.0
2019-06-19 13:00:00,83.4,66,0.1,0.55,735.0
2019-06-19 14:00:00,84.5,70,0.4,0.54,722.0
2019-06-19 15:00:00,85.0,70,0.4,0.48,653.0
2019-06-19 16:00:00,85.1,69,0.2,0.43,564.0
2019-06-19 17:00:00,84.9,67,0.0,0.36,436.0
2019-06-19 18:00:00,84.2,71,0.1,0.23,260.0
2019-06-19 19:00:00,83.0,71,0.0,0.14,117.0
2019-06-19 20:00:00,81.9,77,0.0,0.06,20.0
2019-06-19 21:00:00,80.9,82,0.0,0.02,0.0
2019-06-19 22:00:00,80.0,88,0.0,0.01,0.0
2019-06-19 23:00:00,79.3,91,0.0,0.01,0.0
2019-06-20 00:00:00,78.7,92,0.0,0.0,0.0
2019-06-20 01:00:00,78.4,93,0.0,0.0,0.0
2019-06-20 02:00:00,78.1,92,0.0,0.0,0.0
2019-06-20 03:00:00,77.9,93,0.0,0.0,0.0
2019-06-20 04:00:00,77.7,92,0.0,0.0,0.0
2019-06-20 05:00:00,77.5,91,0.0,0.01,0.0
2019-06-20 06:00:00,77.5,90,0.0,0.02,3.0
2019-06-20 07:00:00,79.3,83,0.0,0.08,90.0
2019-06-20 08:00:00,80.2,76,0.0,0.19,236.0
2019-06-20 09:00:00,81.3,70,0.1,0.32,399.0
2019-06-20 10:00:00,82.8,65,0.1,0.44,550.0
2019-06-20 11:00:00,84.4,59,0.0,0.55,685.0
2019-06-20 12:00:00,85.8,57,0.0,0.6,738.0
2019-06-20 13:00:00,87.4,57,0.1,0.72,922.0
2019-06-20 14:00:00,87.6,59,0.5,0.57,694.0
2019-06-20 15:00:00,87.9,58,0.0,0.56,675.0
2019-06-20 16:00:00,87.7,62,0.0,0.43,493.0
2019-06-20 17:00:00,87.4,64,0.0,0.37,411.0
2019-06-20 18:00:00,86.7,66,0.0,0.28,288.0
2019-06-20 19:00:00,84.9,73,0.0,0.16,146.0
2019-06-20 20:00:00,83.7,77,0.0,0.07,21.0
2019-06-20 21:00:00,82.6,81,0.0,0.04,0.0
2019-06-20 22:00:00,81.8,86,0.0,0.02,0.0
2019-06-20 23:00:00,81.1,89,0.0,0.01,0.0
2019-06-21 00:00:00,80.6,92,0.0,0.01,0.0
2019-06-21 01:00:00,80.2,93,0.0,0.0,0.0
2019-06-21 02:00:00,80.0,94,0.0,0.0,0.0
2019-06-21 03:00:00,79.7,94,0.1,0.0,0.0
2019-06-21 04:00:00,79.5,95,0.0,0.0,0.0
2019-06-21 05:00:00,79.3,94,0.0,0.0,0.0
2019-06-21 06:00:00,79.1,94,0.0,0.01,2.0
2019-06-21 07:00:00,81.5,90,0.0,0.06,70.0
2019-06-21 08:00:00,81.9,82,0.0,0.18,228.0
2019-06-21 09:00:00,82.9,78,0.1,0.27,353.0
2019-06-21 10:00:00,84.5,74,0.0,0.41,541.0
2019-06-21 11:00:00,85.7,74,0.0,0.41,527.0
2019-06-21 12:00:00,87.4,69,0.1,0.54,705.0
2019-06-21 13:00:00,88.5,67,0.0,0.53,678.0
2019-06-21 14:00:00,89.3,64,0.2,0.53,656.0
2019-06-21 15:00:00,88.1,77,1.0,0.35,468.0
2019-06-21 16:00:00,87.1,76,0.0,0.27,330.0
2019-06-21 17:00:00,85.9,77,0.0,0.16,172.0
2019-06-21 18:00:00,85.3,76,0.0,0.16,197.0
2019-06-21 19:00:00,87.2,69,0.0,0.13,79.0
2019-06-21 20:00:00,85.7,74,0.0,0.07,21.0
2019-06-21 21:00:00,84.4,80,0.0,0.04,0.0
2019-06-21 22:00:00,83.3,85,0.0,0.02,0.0
2019-06-21 23:00:00,82.2,89,0.0,0.01,0.0
2019-06-22 00:00:00,81.4,93,0.0,0.0,0.0
2019-06-22 01:00:00,80.6,96,0.0,0.0,0.0
2019-06-22 02:00:00,80.1,97,0.0,0.0,0.0
2019-06-22 03:00:00,79.7,98,0.0,0.0,0.0
2019-06-22 04:00:00,79.4,98,0.0,0.0,0.0
2019-06-22 05:00:00,79.3,97,0.0,0.0,0.0
2019-06-22 06:00:00,79.2,97,0.0,0.0,3.0
2019-06-22 07:00:00,81.9,97,0.1,0.04,62.0
2019-06-22 08:00:00,79.6,95,0.0,0.04,29.0
2019-06-22 09:00:00,78.5,91,0.3,0.08,100.0
2019-06-22 10:00:00,79.3,84,0.0,0.29,429.0
2019-06-22 11:00:00,80.2,79,0.0,0.23,287.0
2019-06-22 12:00:00,83.1,68,0.0,0.57,783.0
2019-06-22 13:00:00,86.2,57,0.0,0.74,969.0
2019-06-22 14:00:00,88.3,51,0.0,0.74,929.0
2019-06-22 15:00:00,89.2,49,0.1,0.62,737.0
2019-06-22 16:00:00,89.4,49,0.0,0.53,596.0
2019-06-22 17:00:00,89.2,50,0.0,0.43,468.0
2019-06-22 18:00:00,88.7,54,0.0,0.32,333.0
2019-06-22 19:00:00,88.1,62,0.0,0.17,151.0
2019-06-22 20:00:00,86.5,67,0.0,0.08,21.0
2019-06-22 21:00:00,85.0,73,0.0,0.03,0.0
2019-06-22 22:00:00,83.9,77,0.0,0.03,0.0
2019-06-22 23:00:00,82.9,80,0.0,0.02,0.0
2019-06-23 00:00:00,81.7,85,0.0,0.0,0.0
2019-06-23 01:00:00,80.7,88,0.0,0.0,0.0
2019-06-23 02:00:00,79.8,92,0.0,0.0,0.0
2019-06-23 03:00:00,79.1,94,0.0,0.0,0.0
2019-06-23 04:00:00,78.8,96,0.0,0.0,0.0
2019-06-23 05:00:00,79.0,96,0.0,0.0,0.0
2019-06-23 06:00:00,79.2,95,0.0,0.01,2.0
2019-06-23 07:00:00,79.4,91,0.0,0.04,57.0
2019-06-23 08:00:00,80.7,81,0.1,0.16,208.0
2019-06-23 09:00:00,82.5,74,0.0,0.29,394.0
2019-06-23 10:00:00,84.8,66,0.1,0.44,584.0
2019-06-23 11:00:00,87.4,58,0.0,0.58,763.0
2019-06-23 12:00:00,89.6,52,0.0,0.64,824.0
2019-06-23 13:00:00,91.5,48,0.0,0.66,843.0
2019-06-23 14:00:00,92.9,46,0.0,0.63,790.0
2019-06-23 15:00:00,93.6,44,0.0,0.59,692.0
2019-06-23 16:00:00,92.7,48,0.0,0.41,442.0
2019-06-23 17:00:00,92.3,45,0.0,0.41,472.0
2019-06-23 18:00:00,91.3,46,0.0,0.28,282.0
2019-06-23 19:00:00,89.8,56,0.0,0.19,158.0
2019-06-23 20:00:00,87.9,69,0.0,0.08,22.0
2019-06-23 21:00:00,86.2,81,0.0,0.03,0.0
2019-06-23 22:00:00,84.6,89,0.0,0.0,0.0
2019-06-23 23:00:00,83.1,95,0.0,0.0,0.0
2019-06-24 00:00:00,82.0,97,0.0,0.0,0.0
2019-06-24 01:00:00,81.1,99,0.0,0.0,0.0
2019-06-24 02:00:00,80.2,99,0.0,0.0,0.0
2019-06-24 03:00:00,79.7,99,0.0,0.0,0.0
2019-06-24 04:00:00,79.3,99,0.0,0.0,0.0
2019-06-24 05:00:00,78.9,99,0.0,0.0,0.0
2019-06-24 06:00:00,78.5,99,0.0,0.0,3.0
2019-06-24 07:00:00,79.8,92,0.0,0.05,81.0
2019-06-24 08:00:00,81.1,79,0.0,0.2,267.0
2019-06-24 09:00:00,83.1,68,0.0,0.35,456.0
2019-06-24 10:00:00,85.3,57,0.0,0.5,601.0
2019-06-24 11:00:00,87.7,51,0.0,0.63,761.0
2019-06-24 12:00:00,89.7,48,0.0,0.68,786.0
2019-06-24 13:00:00,91.2,50,0.1,0.7,832.0
2019-06-24 14:00:00,92.1,47,0.0,0.67,767.0
2019-06-24 15:00:00,92.8,46,0.0,0.66,725.0
2019-06-24 16:00:00,92.8,51,0.0,0.54,594.0
2019-06-24 17:00:00,92.6,54,0.0,0.47,517.0
2019-06-24 18:00:00,91.8,62,0.0,0.34,357.0
2019-06-24 19:00:00,89.9,61,0.0,0.19,160.0
2019-06-24 20:00:00,88.1,68,0.0,0.08,24.0
2019-06-24 21:00:00,86.5,76,0.0,0.04,0.0
2019-06-24 22:00:00,85.0,82,0.0,0.02,0.0
2019-06-24 23:00:00,83.8,88,0.0,0.01,0.0
2019-06-25 00:00:00,82.9,93,0.0,0.0,0.0
2019-06-25 01:00:00,82.0,97,0.0,0.0,0.0
2019-06-25 02:00:00,81.3,98,0.0,0.0,0.0
2019-06-25 03:00:00,80.9,98,0.0,0.0,0.0
2019-06-25 04:00:00,80.5,98,0.0,0.0,0.0
2019-06-25 05:00:00,80.2,98,0.0,0.0,0.0
2019-06-25 06:00:00,80.0,97,0.0,0.01,2.0
2019-06-25 07:00:00,81.3,88,0.0,0.06,79.0
2019-06-25 08:00:00,82.5,77,0.0,0.2,247.0
2019-06-25 09:00:00,84.3,67,0.1,0.33,407.0
2019-06-25 10:00:00,86.2,59,0.0,0.44,523.0
2019-06-25 11:00:00,88.5,53,0.0,0.57,697.0
2019-06-25 12:00:00,90.8,49,0.0,0.66,803.0
2019-06-25 13:00:00,92.5,47,0.0,0.65,767.0
2019-06-25 14:00:00,93.8,39,0.0,0.68,772.0
2019-06-25 15:00:00,93.7,61,0.1,0.5,612.0
2019-06-25 16:00:00,92.5,63,0.0,0.37,417.0
2019-06-25 17:00:00,90.6,67,0.0,0.19,159.0
2019-06-25 18:00:00,89.4,68,0.0,0.22,211.0
2019-06-25 19:00:00,88.7,67,0.0,0.14,104.0
2019-06-25 20:00:00,87.1,71,0.0,0.07,19.0
2019-06-25 21:00:00,85.5,74,0.0,0.03,0.0
2019-06-25 22:00:00,84.1,77,0.0,0.02,0.0
2019-06-25 23:00:00,83.0,76,0.0,0.02,0.0
2019-06-26 00:00:00,82.2,71,0.0,0.03,0.0
2019-06-26 01:00:00,81.4,69,0.0,0.03,0.0
2019-06-26 02:00:00,80.6,70,0.0,0.02,0.0
2019-06-26 03:00:00,79.9,73,0.0,0.02,0.0
2019-06-26 04:00:00,79.4,74,0.0,0.03,0.0
2019-06-26 05:00:00,79.1,73,0.0,0.02,0.0
2019-06-26 06:00:00,78.6,75,0.0,0.03,3.0
2019-06-26 07:00:00,77.5,72,0.0,0.09,87.0
2019-06-26 08:00:00,79.5,63,0.0,0.21,249.0
2019-06-26 09:00:00,82.1,55,0.0,0.36,445.0
2019-06-26 10:00:00,84.8,50,0.0,0.5,607.0
2019-06-26 11:00:00,87.4,44,0.0,0.61,716.0
2019-06-26 12:00:00,89.9,41,0.0,0.73,877.0
2019-06-26 13:00:00,92.1,37,0.0,0.79,953.0
2019-06-26 14:00:00,93.9,32,0.0,0.76,892.0
2019-06-26 15:00:00,95.0,31,0.0,0.72,829.0
2019-06-26 16:00:00,95.4,29,0.0,0.6,656.0
2019-06-26 17:00:00,94.5,31,0.0,0.47,402.0
2019-06-26 18:00:00,93.3,36,0.0,0.27,281.0
2019-06-26 19:00:00,90.6,49,0.0,0.12,116.0
2019-06-26 20:00:00,88.3,59,0.0,0.07,24.0
2019-06-26 21:00:00,86.2,64,0.0,0.04,0.0
2019-06-26 22:00:00,84.7,66,0.0,0.03,0.0
2019-06-26 23:00:00,83.5,67,0.0,0.02,0.0
2019-06-27 00:00:00,82.3,65,0.0,0.03,0.0
2019-06-27 01:00:00,81.4,62,0.0,0.04,0.0
2019-06-27 02:00:00,80.5,63,0.0,0.04,0.0
2019-06-27 03:00:00,79.7,64,0.0,0.02,0.0
2019-06-27 04:00:00,79.1,64,0.0,0.03,0.0
2019-06-27 05:00:00,78.4,69,0.0,0.02,0.0
2019-06-27 06:00:00,77.7,72,0.0,0.03,2.0
2019-06-27 07:00:00,77.5,68,0.0,0.08,78.0
2019-06-27 08:00:00,78.6,66,0.0,0.15,172.0
2019-06-27 09:00:00,80.0,64,0.0,0.22,261.0
2019-06-27 10:00:00,82.0,60,0.0,0.32,411.0
2019-06-27 11:00:00,84.1,55,0.0,0.42,540.0
2019-06-27 12:00:00,85.8,52,0.0,0.45,543.0
2019-06-27 13:00:00,88.1,47,0.1,0.61,760.0
2019-06-27 14:00:00,89.8,45,0.0,0.62,755.0
2019-06-27 15:00:00,90.9,42,0.0,0.61,712.0
2019-06-27 16:00:00,91.5,41,0.0,0.54,623.0
2019-06-27 17:00:00,91.2,38,0.0,0.42,465.0
2019-06-27 18:00:00,90.6,38,0.0,0.29,313.0
2019-06-27 19:00:00,88.5,49,0.0,0.14,139.0
2019-06-27 20:00:00,86.4,60,0.0,0.06,23.0
2019-06-27 21:00:00,84.4,63,0.0,0.05,0.0
2019-06-27 22:00:00,82.7,59,0.0,0.05,0.0
2019-06-27 23:00:00,81.3,59,0.0,0.03,0.0
2019-06-28 00:00:00,80.3,60,0.0,0.05,0.0
2019-06-28 01:00:00,79.6,63,0.0,0.04,0.0
2019-06-28 02:00:00,78.9,70,0.0,0.03,0.0
2019-06-28 03:00:00,78.3,77,0.0,0.01,0.0
2019-06-28 04:00:00,77.7,81,0.0,0.01,0.0
2019-06-28 05:00:00,77.3,81,0.0,0.01,0.0
2019-06-28 06:00:00,77.0,79,0.0,0.03,2.0
2019-06-28 07:00:00,77.2,76,0.0,0.08,84.0
2019-06-28 08:00:00,78.9,69,0.0,0.2,251.0
2019-06-28 09:00:00,81.1,59,0.0,0.35,448.0
2019-06-28 10:00:00,83.5,52,0.0,0.49,607.0
2019-06-28 11:00:00,86.1,46,0.0,0.62,779.0
2019-06-28 12:00:00,88.2,42,0.0,0.67,822.0
2019-06-28 13:00:00,90.1,39,0.0,0.7,858.0
2019-06-28 14:00:00,91.4,37,0.0,0.69,825.0
2019-06-28 15:00:00,92.1,37,0.0,0.57,679.0
2019-06-28 16:00:00,91.8,38,0.0,0.41,470.0
2019-06-28 17:00:00,91.2,39,0.0,0.33,380.0
2019-06-28 18:00:00,90.2,44,0.0,0.26,231.0
2019-06-28 19:00:00,87.3,64,0.0,0.09,102.0
2019-06-28 20:00:00,85.5,71,0.0,0.04,19.0
2019-06-28 21:00:00,83.9,75,0.0,0.02,0.0
2019-06-28 22:00:00,82.6,78,0.0,0.02,0.0
2019-06-28 23:00:00,81.4,75,0.2,0.03,0.0
2019-06-29 00:00:00,80.3,77,0.1,0.02,0.0
2019-06-29 01:00:00,79.4,82,0.0,0.0,0.0
2019-06-29 02:00:00,78.5,86,0.0,0.0,0.0
2019-06-29 03:00:00,77.9,90,0.0,0.0,0.0
2019-06-29 04:00:00,77.2,94,0.0,0.0,0.0
2019-06-29 05:00:00,76.6,96,0.0,0.0,0.0
2019-06-29 06:00:00,76.2,97,0.0,0.0,2.0
2019-06-29 07:00:00,75.9,89,0.0,0.05,87.0
2019-06-29 08:00:00,77.5,80,0.0,0.18,259.0
2019-06-29 09:00:00,79.8,72,0.0,0.32,449.0
2019-06-29 10:00:00,82.4,67,0.0,0.44,600.0
2019-06-29 11:00:00,85.1,66,0.0,0.54,728.0
2019-06-29 12:00:00,85.2,72,0.9,0.4,553.0
2019-06-29 13:00:00,86.1,64,0.0,0.43,559.0
2019-06-29 14:00:00,88.4,54,0.0,0.64,834.0
2019-06-29 15:00:00,90.1,47,0.0,0.61,798.0
2019-06-29 16:00:00,90.1,59,0.1,0.44,544.0
2019-06-29 17:00:00,88.3,70,0.0,0.2,215.0
2019-06-29 18:00:00,87.2,72,0.0,0.17,202.0
2019-06-29 19:00:00,81.6,76,0.0,0.1,142.0
2019-06-29 20:00:00,80.5,85,0.8,0.03,21.0
2019-06-29 21:00:00,79.4,88,0.0,0.0,0.0
2019-06-29 22:00:00,78.6,93,0.0,0.0,0.0
2019-06-29 23:00:00,77.9,95,0.0,0.0,0.0
2019-06-30 00:00:00,77.4,96,0.0,0.0,0.0
2019-06-30 01:00:00,76.7,97,0.0,0.0,0.0
2019-06-30 02:00:00,76.3,98,0.0,0.0,0.0
2019-06-30 03:00:00,75.7,98,0.0,0.0,0.0
2019-06-30 04:00:00,75.4,100,0.0,0.0,0.0
2019-06-30 05:00:00,75.0,100,0.0,0.0,0.0
2019-06-30 06:00:00,74.8,100,0.0,0.0,2.0
2019-06-30 07:00:00,75.1,96,0.0,0.04,74.0
2019-06-30 08:00:00,76.7,87,0.0,0.15,233.0
2019-06-30 09:00:00,79.2,78,0.0,0.3,436.0
2019-06-30 10:00:00,82.0,71,0.0,0.43,588.0
2019-06-30 11:00:00,84.7,67,0.0,0.5,670.0
2019-06-30 12:00:00,86.7,65,0.0,0.52,691.0
2019-06-30 13:00:00,88.0,61,0.1,0.49,630.0
2019-06-30 14:00:00,89.2,51,0.0,0.57,704.0
2019-06-30 15:00:00,89.4,48,0.0,0.46,540.0
2019-06-30 16:00:00,89.0,60,0.0,0.37,423.0
2019-06-30 17:00:00,88.8,59,0.0,0.37,450.0
2019-06-30 18:00:00,88.3,58,0.0,0.27,308.0
2019-06-30 19:00:00,87.2,63,0.0,0.12,138.0
2019-06-30 20:00:00,85.4,73,0.3,0.03,23.0
2019-06-30 21:00:00,83.0,90,1.1,0.0,0.0
2019-06-30 22:00:00,81.1,93,0.1,0.0,0.0
2019-06-30 23:00:00,79.8,94,0.0,0.0,0.0
2019-07-01 00:00:00,78.8,93,0.0,0.0,0.0
2019-07-01 01:00:00,78.1,94,0.0,0.0,0.0
2019-07-01 02:00:00,77.6,95,0.0,0.0,0.0
2019-07-01 03:00:00,77.2,96,0.0,0.0,0.0
2019-07-01 04:00:00,76.8,96,0.0,0.0,0.0
2019-07-01 05:00:00,76.6,97,0.0,0.0,0.0
2019-07-01 06:00:00,76.2,96,0.0,0.0,2.0
2019-07-01 07:00:00,78.0,88,0.0,0.06,83.0
2019-07-01 08:00:00,79.4,76,0.0,0.19,262.0
2019-07-01 09:00:00,81.7,64,0.0,0.35,460.0
2019-07-01 10:00:00,84.4,55,0.0,0.5,642.0
2019-07-01 11:00:00,87.2,50,0.0,0.62,788.0
2019-07-01 12:00:00,89.6,46,0.0,0.7,868.0
2019-07-01 13:00:00,91.5,45,0.0,0.68,833.0
2019-07-01 14:00:00,93.1,44,0.0,0.68,829.0
2019-07-01 15:00:00,94.1,43,0.0,0.62,758.0
2019-07-01 16:00:00,94.1,44,0.0,0.46,533.0
2019-07-01 17:00:00,93.7,44,0.0,0.41,454.0
2019-07-01 18:00:00,92.5,47,0.0,0.3,251.0
2019-07-01 19:00:00,91.0,60,0.0,0.17,96.0
2019-07-01 20:00:00,88.8,71,0.1,0.06,15.0
2019-07-01 21:00:00,87.1,71,0.0,0.05,0.0
2019-07-01 22:00:00,85.6,75,0.0,0.04,0.0
2019-07-01 23:00:00,84.3,79,0.0,0.03,0.0
2019-07-02 00:00:00,83.3,82,0.0,0.02,0.0
2019-07-02 01:00:00,82.4,83,0.0,0.02,0.0
2019-07-02 02:00:00,81.7,84,0.0,0.02,0.0
2019-07-02 03:00:00,81.0,86,0.0,0.01,0.0
2019-07-02 04:00:00,80.4,86,0.0,0.01,0.0
2019-07-02 05:00:00,79.9,87,0.0,0.01,0.0
2019-07-02 06:00:00,79.4,87,0.0,0.02,2.0
2019-07-02 07:00:00,81.0,80,0.0,0.07,83.0
2019-07-02 08:00:00,82.2,72,0.0,0.2,253.0
2019-07-02 09:00:00,84.1,64,0.0,0.32,411.0
2019-07-02 10:00:00,86.6,55,0.0,0.45,568.0
2019-07-02 11:00:00,89.5,49,0.0,0.59,750.0
2019-07-02 12:00:00,92.1,46,0.0,0.65,819.0
2019-07-02 13:00:00,94.4,43,0.0,0.7,863.0
2019-07-02 14:00:00,96.1,42,0.0,0.71,863.0
2019-07-02 15:00:00,97.0,42,0.0,0.65,761.0
2019-07-02 16:00:00,97.0,44,0.0,0.55,594.0
2019-07-02 17:00:00,94.8,53,0.1,0.29,271.0
2019-07-02 18:00:00,93.0,57,0.0,0.24,212.0
2019-07-02 19:00:00,92.8,62,0.0,0.16,124.0
2019-07-02 20:00:00,90.5,67,0.0,0.07,21.0
2019-07-02 21:00:00,88.4,73,0.0,0.04,0.0
2019-07-02 22:00:00,86.9,76,0.0,0.03,0.0
2019-07-02 23:00:00,85.6,79,0.0,0.02,0.0
2019-07-03 00:00:00,84.6,81,0.0,0.02,0.0
2019-07-03 01:00:00,83.7,83,0.0,0.01,0.0
2019-07-03 02:00:00,82.9,86,0.0,0.01,0.0
2019-07-03 03:00:00,82.0,87,0.0,0.01,0.0
2019-07-03 04:00:00,81.5,86,0.0,0.01,0.0
2019-07-03 05:00:00,81.0,84,0.0,0.01,0.0
2019-07-03 06:00:00,80.5,82,0.0,0.02,2.0
2019-07-03 07:00:00,81.0,76,0.0,0.07,78.0
2019-07-03 08:00:00,82.6,65,0.0,0.19,239.0
2019-07-03 09:00:00,84.7,59,0.0,0.31,377.0
2019-07-03 10:00:00,86.9,54,0.0,0.41,509.0
2019-07-03 11:00:00,90.0,48,0.0,0.6,750.0
2019-07-03 12:00:00,90.7,61,1.7,0.57,748.0
2019-07-03 13:00:00,92.1,53,0.0,0.6,750.0
2019-07-03 14:00:00,93.7,50,0.0,0.62,763.0
2019-07-03 15:00:00,95.1,48,0.0,0.65,797.0
2019-07-03 16:00:00,92.8,72,3.7,0.43,582.0
2019-07-03 17:00:00,91.0,71,0.0,0.21,262.0
2019-07-03 18:00:00,90.1,69,0.0,0.2,235.0
2019-07-03 19:00:00,92.5,56,0.0,0.09,86.0
2019-07-03 20:00:00,90.4,61,0.0,0.02,21.0
2019-07-03 21:00:00,88.7,69,0.0,0.0,0.0
2019-07-03 22:00:00,87.3,75,0.0,0.0,0.0
2019-07-03 23:00:00,86.0,78,0.0,0.0,0.0
2019-07-04 00:00:00,84.8,81,0.0,0.0,0.0
2019-07-04 01:00:00,83.8,86,0.0,0.0,0.0
2019-07-04 02:00:00,83.0,88,0.0,0.0,0.0
2019-07-04 03:00:00,82.2,86,0.0,0.0,0.0
2019-07-04 04:00:00,81.6,84,0.0,0.0,0.0
2019-07-04 05:00:00,81.1,82,0.0,0.01,0.0
2019-07-04 06:00:00,80.6,81,0.0,0.01,2.0
2019-07-04 07:00:00,81.1,75,0.0,0.07,82.0
2019-07-04 08:00:00,82.7,64,0.0,0.2,260.0
2019-07-04 09:00:00,85.3,55,0.0,0.35,456.0
2019-07-04 10:00:00,88.1,51,0.0,0.49,623.0
2019-07-04 11:00:00,91.0,49,0.0,0.58,739.0
2019-07-04 12:00:00,92.9,49,0.2,0.58,730.0
2019-07-04 13:00:00,94.7,48,0.0,0.6,752.0
2019-07-04 14:00:00,95.5,48,0.0,0.53,637.0
2019-07-04 15:00:00,94.3,68,0.6,0.45,590.0
2019-07-04 16:00:00,93.3,56,0.0,0.32,390.0
2019-07-04 17:00:00,93.1,55,0.1,0.36,431.0
2019-07-04 18:00:00,92.4,56,0.0,0.2,254.0
2019-07-04 19:00:00,90.5,67,0.0,0.11,105.0
2019-07-04 20:00:00,88.7,76,0.1,0.03,20.0
2019-07-04 21:00:00,86.6,93,1.8,0.0,0.0
2019-07-04 22:00:00,84.4,92,2.6,0.0,0.0
2019-07-04 23:00:00,82.8,92,0.0,0.0,0.0
2019-07-05 00:00:00,81.9,97,0.0,0.0,0.0
2019-07-05 01:00:00,81.2,98,0.0,0.0,0.0
2019-07-05 02:00:00,80.6,98,0.0,0.0,0.0
2019-07-05 03:00:00,80.1,99,0.0,0.0,0.0
2019-07-05 04:00:00,79.5,99,0.0,0.0,0.0
2019-07-05 05:00:00,79.0,99,0.0,0.0,0.0
2019-07-05 06:00:00,78.7,100,0.0,0.0,1.0
2019-07-05 07:00:00,80.2,89,0.0,0.04,67.0
2019-07-05 08:00:00,81.5,81,0.0,0.15,212.0
2019-07-05 09:00:00,83.8,65,0.0,0.31,416.0
2019-07-05 10:00:00,86.3,57,0.0,0.45,568.0
2019-07-05 11:00:00,88.4,55,0.1,0.53,667.0
2019-07-05 12:00:00,91.0,51,0.0,0.66,830.0
2019-07-05 13:00:00,93.0,49,0.0,0.65,803.0
2019-07-05 14:00:00,94.6,47,0.0,0.63,781.0
2019-07-05 15:00:00,95.4,48,0.0,0.54,669.0
2019-07-05 16:00:00,95.5,50,0.0,0.47,568.0
2019-07-05 17:00:00,93.6,75,3.0,0.32,433.0
2019-07-05 18:00:00,90.7,76,0.0,0.17,216.0
2019-07-05 19:00:00,88.9,66,0.0,0.08,68.0
2019-07-05 20:00:00,87.4,76,0.0,0.03,20.0
2019-07-05 21:00:00,86.3,82,0.0,0.01,0.0
2019-07-05 22:00:00,85.2,88,0.0,0.0,0.0
2019-07-05 23:00:00,84.3,91,0.2,0.0,0.0
2019-07-06 00:00:00,82.9,97,1.9,0.0,0.0
2019-07-06 01:00:00,81.3,99,1.4,0.0,0.0
2019-07-06 02:00:00,80.3,99,0.0,0.0,0.0
2019-07-06 03:00:00,79.7,99,0.0,0.0,0.0
2019-07-06 04:00:00,79.1,99,0.0,0.0,0.0
2019-07-06 05:00:00,78.6,99,0.0,0.0,0.0
2019-07-06 06:00:00,78.4,99,0.0,0.0,1.0
2019-07-06 07:00:00,78.6,96,0.0,0.03,48.0
2019-07-06 08:00:00,79.5,89,0.0,0.12,166.0
2019-07-06 09:00:00,81.4,79,0.2,0.27,381.0
2019-07-06 10:00:00,83.7,74,0.3,0.37,488.0
2019-07-06 11:00:00,85.6,75,0.6,0.43,573.0
2019-07-06 12:00:00,87.5,68,0.4,0.53,692.0
2019-07-06 13:00:00,88.7,61,0.2,0.43,523.0
2019-07-06 14:00:00,88.9,68,0.2,0.29,346.0
2019-07-06 15:00:00,88.6,78,0.0,0.23,272.0
2019-07-06 16:00:00,88.1,77,0.0,0.23,265.0
2019-07-06 17:00:00,87.4,79,0.0,0.17,180.0
2019-07-06 18:00:00,86.8,79,0.0,0.15,165.0
2019-07-06 19:00:00,82.6,89,0.0,0.07,84.0
2019-07-06 20:00:00,81.7,91,0.0,0.02,14.0
2019-07-06 21:00:00,80.8,94,0.0,0.0,0.0
2019-07-06 22:00:00,80.2,95,0.0,0.0,0.0
2019-07-06 23:00:00,79.7,97,0.0,0.0,0.0
2019-07-07 00:00:00,79.3,97,0.0,0.0,0.0
2019-07-07 01:00:00,79.0,98,0.0,0.0,0.0
2019-07-07 02:00:00,78.7,98,0.0,0.0,0.0
2019-07-07 03:00:00,78.6,98,0.0,0.0,0.0
2019-07-07 04:00:00,78.6,98,0.0,0.0,0.0
2019-07-07 05:00:00,78.6,98,0.0,0.0,0.0
2019-07-07 06:00:00,78.7,98,0.0,0.0,1.0
2019-07-07 07:00:00,78.6,93,0.0,0.04,56.0
2019-07-07 08:00:00,80.4,84,0.0,0.17,241.0
2019-07-07 09:00:00,81.1,88,3.7,0.23,335.0
2019-07-07 10:00:00,82.2,83,0.0,0.28,379.0
2019-07-07 11:00:00,84.9,70,0.1,0.51,666.0
2019-07-07 12:00:00,87.6,62,0.0,0.63,805.0
2019-07-07 13:00:00,89.2,55,0.0,0.57,706.0
2019-07-07 14:00:00,90.0,51,0.1,0.55,648.0
2019-07-07 15:00:00,90.9,45,0.0,0.56,665.0
2019-07-07 16:00:00,91.1,51,0.0,0.49,564.0
2019-07-07 17:00:00,90.7,58,0.4,0.44,520.0
2019-07-07 18:00:00,89.2,65,0.1,0.2,203.0
2019-07-07 19:00:00,88.9,96,0.1,0.06,96.0
2019-07-07 20:00:00,85.3,94,2.6,0.02,4.0
2019-07-07 21:00:00,83.0,95,1.9,0.0,0.0
2019-07-07 22:00:00,81.6,97,0.2,0.0,0.0
2019-07-07 23:00:00,80.6,97,0.0,0.0,0.0
2019-07-08 00:00:00,79.8,95,0.0,0.0,0.0
2019-07-08 01:00:00,79.2,95,0.0,0.0,0.0
2019-07-08 02:00:00,78.6,96,0.0,0.0,0.0
2019-07-08 03:00:00,78.2,96,0.0,0.0,0.0
2019-07-08 04:00:00,77.8,97,0.0,0.0,0.0
2019-07-08 05:00:00,77.5,97,0.0,0.0,0.0
2019-07-08 06:00:00,77.3,96,0.0,0.01,1.0
2019-07-08 07:00:00,75.2,90,0.0,0.05,78.0
2019-07-08 08:00:00,77.1,78,0.0,0.18,255.0
2019-07-08 09:00:00,79.6,65,0.0,0.34,455.0
2019-07-08 10:00:00,82.6,58,0.0,0.49,640.0
2019-07-08 11:00:00,85.6,53,0.0,0.62,788.0
2019-07-08 12:00:00,88.4,50,0.0,0.72,895.0
2019-07-08 13:00:00,90.6,47,0.0,0.72,873.0
2019-07-08 14:00:00,89.9,61,0.9,0.41,470.0
2019-07-08 15:00:00,89.6,62,0.2,0.49,616.0
2019-07-08 16:00:00,90.0,59,0.1,0.47,575.0
2019-07-08 17:00:00,90.0,59,0.0,0.36,429.0
2019-07-08 18:00:00,89.2,75,4.6,0.23,292.0
2019-07-08 19:00:00,86.8,87,10.1,0.06,56.0
2019-07-08 20:00:00,84.2,93,0.1,0.02,11.0
2019-07-08 21:00:00,82.6,95,0.1,0.0,0.0
2019-07-08 22:00:00,81.5,96,0.0,0.0,0.0
2019-07-08 23:00:00,80.6,95,0.0,0.0,0.0
2019-07-09 00:00:00,80.0,94,0.0,0.0,0.0
2019-07-09 01:00:00,79.4,95,0.0,0.0,0.0
2019-07-09 02:00:00,79.0,96,0.0,0.0,0.0
2019-07-09 03:00:00,78.7,97,0.0,0.0,0.0
2019-07-09 04:00:00,78.5,98,0.0,0.0,0.0
2019-07-09 05:00:00,78.3,98,0.0,0.0,0.0
2019-07-09 06:00:00,78.1,98,0.0,0.0,1.0
2019-07-09 07:00:00,78.6,97,0.1,0.04,71.0
2019-07-09 08:00:00,79.8,89,0.0,0.15,226.0
2019-07-09 09:00:00,81.7,79,0.0,0.31,438.0
2019-07-09 10:00:00,84.1,69,0.0,0.44,589.0
2019-07-09 11:00:00,86.4,68,0.2,0.49,640.0
2019-07-09 12:00:00,87.9,67,0.9,0.56,730.0
2019-07-09 13:00:00,87.5,71,4.5,0.47,613.0
2019-07-09 14:00:00,87.0,78,5.8,0.35,460.0
2019-07-09 15:00:00,85.2,88,1.7,0.19,242.0
2019-07-09 16:00:00,84.1,88,0.2,0.16,208.0
2019-07-09 17:00:00,84.0,85,0.0,0.21,280.0
2019-07-09 18:00:00,84.1,83,0.0,0.17,223.0
2019-07-09 19:00:00,84.7,87,0.0,0.08,103.0
2019-07-09 20:00:00,83.4,91,0.0,0.01,17.0
2019-07-09 21:00:00,82.4,90,0.0,0.0,0.0
2019-07-09 22:00:00,81.7,90,0.0,0.0,0.0
2019-07-09 23:00:00,81.1,91,0.0,0.0,0.0
2019-07-10 00:00:00,80.5,95,0.0,0.0,0.0
2019-07-10 01:00:00,80.0,98,0.0,0.0,0.0
2019-07-10 02:00:00,79.6,98,0.0,0.0,0.0
2019-07-10 03:00:00,79.3,99,0.0,0.0,0.0
2019-07-10 04:00:00,79.0,98,0.0,0.0,0.0
2019-07-10 05:00:00,78.7,98,0.0,0.0,0.0
2019-07-10 06:00:00,78.5,98,0.0,0.0,1.0
2019-07-10 07:00:00,79.3,93,0.0,0.04,52.0
2019-07-10 08:00:00,80.2,84,0.0,0.17,235.0
2019-07-10 09:00:00,81.4,78,0.2,0.28,393.0
2019-07-10 10:00:00,82.7,73,0.2,0.37,498.0
2019-07-10 11:00:00,84.2,69,0.2,0.48,646.0
2019-07-10 12:00:00,85.6,68,0.2,0.54,725.0
2019-07-10 13:00:00,85.3,78,1.7,0.43,617.0
2019-07-10 14:00:00,86.3,72,0.2,0.54,732.0
2019-07-10 15:00:00,87.3,68,0.2,0.53,699.0
2019-07-10 16:00:00,86.1,85,2.6,0.36,542.0
2019-07-10 17:00:00,84.3,86,0.1,0.16,198.0
2019-07-10 18:00:00,83.7,83,0.0,0.18,237.0
2019-07-10 19:00:00,85.2,86,0.0,0.11,139.0
2019-07-10 20:00:00,83.6,88,0.0,0.03,20.0
2019-07-10 21:00:00,82.2,90,0.0,0.01,0.0
2019-07-10 22:00:00,81.1,93,0.0,0.0,0.0
2019-07-10 23:00:00,80.2,95,0.0,0.0,0.0
2019-07-11 00:00:00,79.6,97,0.0,0.0,0.0
2019-07-11 01:00:00,79.1,98,0.0,0.0,0.0
2019-07-11 02:00:00,78.6,97,0.0,0.0,0.0
2019-07-11 03:00:00,78.4,97,0.0,0.0,0.0
2019-07-11 04:00:00,78.0,97,0.0,0.0,0.0
2019-07-11 05:00:00,77.8,96,0.0,0.0,0.0
2019-07-11 06:00:00,77.7,95,0.0,0.0,1.0
2019-07-11 07:00:00,78.9,87,0.0,0.06,68.0
2019-07-11 08:00:00,80.1,79,0.0,0.18,246.0
2019-07-11 09:00:00,81.8,71,0.1,0.32,430.0
2019-07-11 10:00:00,83.4,70,0.1,0.42,561.0
2019-07-11 11:00:00,85.0,70,0.1,0.48,636.0
2019-07-11 12:00:00,86.7,67,0.1,0.57,751.0
2019-07-11 13:00:00,87.4,74,2.9,0.53,768.0
2019-07-11 14:00:00,85.6,80,0.9,0.37,525.0
2019-07-11 15:00:00,86.3,70,0.3,0.5,685.0
2019-07-11 16:00:00,85.9,74,0.3,0.39,545.0
2019-07-11 17:00:00,85.2,79,0.3,0.27,372.0
2019-07-11 18:00:00,84.6,78,0.0,0.2,243.0
2019-07-11 19:00:00,82.9,83,0.1,0.09,106.0
2019-07-11 20:00:00,81.8,86,0.0,0.03,21.0
2019-07-11 21:00:00,80.9,89,0.0,0.01,0.0
2019-07-11 22:00:00,80.1,92,0.0,0.0,0.0
2019-07-11 23:00:00,79.5,94,0.0,0.0,0.0
2019-07-12 00:00:00,79.0,94,0.0,0.0,0.0
2019-07-12 01:00:00,78.5,93,0.0,0.0,0.0
2019-07-12 02:00:00,78.1,93,0.0,0.0,0.0
2019-07-12 03:00:00,77.8,93,0.0,0.0,0.0
2019-07-12 04:00:00,77.5,94,0.0,0.0,0.0
2019-07-12 05:00:00,77.3,95,0.0,0.0,0.0
2019-07-12 06:00:00,77.0,96,0.0,0.0,1.0
2019-07-12 07:00:00,77.8,89,0.0,0.05,69.0
2019-07-12 08:00:00,79.0,82,0.0,0.16,210.0
2019-07-12 09:00:00,80.6,77,0.1,0.28,390.0
2019-07-12 10:00:00,82.3,74,0.1,0.38,515.0
2019-07-12 11:00:00,84.3,70,0.1,0.5,676.0
2019-07-12 12:00:00,86.0,66,1.1,0.57,769.0
2019-07-12 13:00:00,85.2,74,0.3,0.36,469.0
2019-07-12 14:00:00,85.7,76,0.4,0.47,680.0
2019-07-12 15:00:00,86.0,72,0.1,0.45,602.0
2019-07-12 16:00:00,86.5,71,0.1,0.43,578.0
2019-07-12 17:00:00,84.7,87,3.2,0.25,377.0
2019-07-12 18:00:00,83.1,88,0.1,0.13,183.0
2019-07-12 19:00:00,83.9,92,0.0,0.07,100.0
2019-07-12 20:00:00,81.4,97,0.3,0.01,5.0
2019-07-12 21:00:00,79.6,98,1.0,0.0,0.0
2019-07-12 22:00:00,78.4,98,0.9,0.0,0.0
2019-07-12 23:00:00,77.8,99,0.5,0.0,0.0
2019-07-13 00:00:00,77.4,99,0.5,0.0,0.0
2019-07-13 01:00:00,77.1,99,0.7,0.0,0.0
2019-07-13 02:00:00,76.9,99,0.5,0.0,0.0
2019-07-13 03:00:00,76.8,99,0.2,0.0,0.0
2019-07-13 04:00:00,76.8,99,0.0,0.0,0.0
2019-07-13 05:00:00,76.7,99,0.0,0.0,0.0
2019-07-13 06:00:00,76.7,98,0.0,0.0,1.0
2019-07-13 07:00:00,75.8,96,0.0,0.03,41.0
2019-07-13 08:00:00,76.7,94,0.0,0.07,104.0
2019-07-13 09:00:00,78.6,85,0.0,0.25,363.0
2019-07-13 10:00:00,80.5,76,0.0,0.35,465.0
2019-07-13 11:00:00,82.9,64,0.0,0.53,695.0
2019-07-13 12:00:00,84.6,58,0.0,0.55,680.0
2019-07-13 13:00:00,86.0,54,0.0,0.59,716.0
2019-07-13 14:00:00,86.6,50,0.0,0.52,592.0
2019-07-13 15:00:00,87.4,47,0.0,0.56,650.0
2019-07-13 16:00:00,87.4,45,0.0,0.42,447.0
2019-07-13 17:00:00,86.9,50,0.0,0.3,317.0
2019-07-13 18:00:00,86.5,56,0.0,0.22,244.0
2019-07-13 19:00:00,85.0,71,0.0,0.09,104.0
2019-07-13 20:00:00,83.5,76,0.0,0.03,22.0
2019-07-13 21:00:00,82.1,83,0.0,0.0,0.0
2019-07-13 22:00:00,80.9,88,0.0,0.0,0.0
2019-07-13 23:00:00,79.9,89,0.0,0.0,0.0
2019-07-14 00:00:00,79.2,92,0.0,0.0,0.0
2019-07-14 01:00:00,78.5,95,0.0,0.0,0.0
2019-07-14 02:00:00,78.0,96,0.0,0.0,0.0
2019-07-14 03:00:00,77.5,97,0.0,0.0,0.0
2019-07-14 04:00:00,77.1,98,0.0,0.0,0.0
2019-07-14 05:00:00,76.7,98,0.0,0.0,0.0
2019-07-14 06:00:00,76.6,98,0.0,0.0,1.0
2019-07-14 07:00:00,78.5,91,0.0,0.04,51.0
2019-07-14 08:00:00,79.5,81,0.0,0.15,207.0
2019-07-14 09:00:00,81.0,76,0.0,0.25,332.0
2019-07-14 10:00:00,82.6,70,0.1,0.35,447.0
2019-07-14 11:00:00,84.7,65,0.0,0.52,680.0
2019-07-14 12:00:00,86.8,59,0.0,0.62,794.0
2019-07-14 13:00:00,88.0,63,0.2,0.55,706.0
2019-07-14 14:00:00,87.5,74,1.8,0.43,575.0
2019-07-14 15:00:00,87.1,72,0.0,0.33,418.0
2019-07-14 16:00:00,87.4,66,0.0,0.35,457.0
2019-07-14 17:00:00,87.2,66,0.0,0.24,299.0
2019-07-14 18:00:00,86.6,66,0.0,0.16,193.0
2019-07-14 19:00:00,84.5,85,0.0,0.06,67.0
2019-07-14 20:00:00,83.4,90,0.0,0.02,14.0
2019-07-14 21:00:00,82.3,92,0.0,0.0,0.0
2019-07-14 22:00:00,81.3,96,0.0,0.0,0.0
2019-07-14 23:00:00,80.4,96,0.0,0.0,0.0
2019-07-15 00:00:00,79.7,96,0.0,0.0,0.0
2019-07-15 01:00:00,79.1,97,0.0,0.0,0.0
2019-07-15 02:00:00,78.5,99,0.0,0.0,0.0
2019-07-15 03:00:00,78.2,100,0.0,0.0,0.0
2019-07-15 04:00:00,77.8,99,0.0,0.0,0.0
2019-07-15 05:00:00,77.5,100,0.0,0.0,0.0
2019-07-15 06:00:00,77.4,100,0.0,0.0,1.0
2019-07-15 07:00:00,77.8,96,0.0,0.03,58.0
2019-07-15 08:00:00,79.1,90,0.0,0.14,208.0
2019-07-15 09:00:00,81.1,79,0.0,0.29,412.0
2019-07-15 10:00:00,83.4,65,0.0,0.47,623.0
2019-07-15 11:00:00,85.5,56,0.1,0.58,749.0
2019-07-15 12:00:00,86.7,55,0.0,0.54,670.0
2019-07-15 13:00:00,88.0,55,0.0,0.57,704.0
2019-07-15 14:00:00,89.3,54,0.1,0.64,806.0
2019-07-15 15:00:00,90.0,54,0.0,0.53,651.0
2019-07-15 16:00:00,88.5,77,1.5,0.39,538.0
2019-07-15 17:00:00,87.7,72,0.1,0.3,386.0
2019-07-15 18:00:00,87.4,72,0.0,0.23,295.0
2019-07-15 19:00:00,87.4,85,0.0,0.1,141.0
2019-07-15 20:00:00,85.4,90,0.0,0.02,17.0
2019-07-15 21:00:00,83.7,93,0.0,0.0,0.0
2019-07-15 22:00:00,82.3,95,0.0,0.0,0.0
2019-07-15 23:00:00,81.2,96,0.0,0.0,0.0
2019-07-16 00:00:00,80.2,98,0.0,0.0,0.0
2019-07-16 01:00:00,79.3,99,0.0,0.0,0.0
2019-07-16 02:00:00,78.6,99,0.0,0.0,0.0
2019-07-16 03:00:00,77.9,100,0.0,0.0,0.0
2019-07-16 04:00:00,77.4,100,0.0,0.0,0.0
2019-07-16 05:00:00,77.1,100,0.0,0.0,0.0
2019-07-16 06:00:00,77.0,99,0.0,0.01,0.0
2019-07-16 07:00:00,77.1,97,0.0,0.03,47.0
2019-07-16 08:00:00,78.4,94,0.0,0.11,161.0
2019-07-16 09:00:00,80.5,84,0.0,0.27,379.0
2019-07-16 10:00:00,83.3,73,0.0,0.45,612.0
2019-07-16 11:00:00,85.9,64,0.0,0.56,743.0
2019-07-16 12:00:00,88.2,59,0.0,0.64,820.0
2019-07-16 13:00:00,89.6,58,0.1,0.64,827.0
2019-07-16 14:00:00,90.2,56,0.1,0.58,728.0
2019-07-16 15:00:00,91.0,54,0.0,0.58,722.0
2019-07-16 16:00:00,91.1,52,0.0,0.49,582.0
2019-07-16 17:00:00,90.7,54,0.0,0.38,418.0
2019-07-16 18:00:00,89.5,62,0.1,0.24,243.0
2019-07-16 19:00:00,88.4,70,0.0,0.12,132.0
2019-07-16 20:00:00,86.7,80,0.0,0.03,22.0
2019-07-16 21:00:00,85.0,86,0.0,0.0,0.0
2019-07-16 22:00:00,83.7,91,0.0,0.0,0.0
2019-07-16 23:00:00,82.6,94,0.0,0.0,0.0
2019-07-17 00:00:00,81.6,96,0.0,0.0,0.0
2019-07-17 01:00:00,80.8,96,0.0,0.0,0.0
2019-07-17 02:00:00,80.0,97,0.0,0.0,0.0
2019-07-17 03:00:00,79.3,97,0.0,0.0,0.0
2019-07-17 04:00:00,78.7,98,0.0,0.0,0.0
2019-07-17 05:00:00,78.3,98,0.0,0.0,0.0
2019-07-17 06:00:00,77.9,99,0.0,0.01,0.0
2019-07-17 07:00:00,78.2,96,0.0,0.04,70.0
2019-07-17 08:00:00,79.9,85,0.0,0.16,234.0
2019-07-17 09:00:00,82.3,71,0.0,0.32,441.0
2019-07-17 10:00:00,84.9,61,0.1,0.48,638.0
2019-07-17 11:00:00,87.3,55,0.0,0.55,707.0
2019-07-17 12:00:00,89.3,51,0.0,0.62,785.0
2019-07-17 13:00:00,90.9,49,0.1,0.63,775.0
2019-07-17 14:00:00,92.2,48,0.0,0.65,805.0
2019-07-17 15:00:00,93.0,47,0.0,0.62,735.0
2019-07-17 16:00:00,92.8,58,0.1,0.48,575.0
2019-07-17 17:00:00,92.0,58,0.0,0.37,425.0
2019-07-17 18:00:00,91.1,59,0.0,0.27,303.0
2019-07-17 19:00:00,90.1,70,0.0,0.13,135.0
2019-07-17 20:00:00,88.0,73,0.0,0.03,13.0
2019-07-17 21:00:00,86.2,78,0.0,0.02,0.0
2019-07-17 22:00:00,84.8,81,0.0,0.02,0.0
2019-07-17 23:00:00,83.8,87,0.0,0.01,0.0
2019-07-18 00:00:00,82.9,90,0.0,0.0,0.0
2019-07-18 01:00:00,82.2,93,0.0,0.0,0.0
2019-07-18 02:00:00,81.5,95,0.0,0.0,0.0
2019-07-18 03:00:00,81.0,97,0.0,0.0,0.0
2019-07-18 04:00:00,80.5,98,0.0,0.0,0.0
2019-07-18 05:00:00,80.2,98,0.0,0.0,0.0
2019-07-18 06:00:00,79.9,98,0.0,0.01,0.0
2019-07-18 07:00:00,80.3,92,0.0,0.04,66.0
2019-07-18 08:00:00,81.5,83,0.0,0.15,203.0
2019-07-18 09:00:00,83.6,72,0.0,0.29,393.0
2019-07-18 10:00:00,85.9,64,0.1,0.41,541.0
2019-07-18 11:00:00,88.7,59,0.0,0.55,719.0
2019-07-18 12:00:00,91.0,51,0.0,0.61,766.0
2019-07-18 13:00:00,90.6,72,1.7,0.49,660.0
2019-07-18 14:00:00,91.0,58,0.2,0.52,630.0
2019-07-18 15:00:00,91.0,62,0.5,0.53,683.0
2019-07-18 16:00:00,90.1,69,0.5,0.37,463.0
2019-07-18 17:00:00,89.4,65,0.0,0.3,354.0
2019-07-18 18:00:00,88.5,65,0.0,0.2,207.0
2019-07-18 19:00:00,87.5,80,0.0,0.09,114.0
2019-07-18 20:00:00,86.0,85,0.0,0.02,7.0
2019-07-18 21:00:00,84.7,88,0.0,0.0,0.0
2019-07-18 22:00:00,83.8,88,0.0,0.0,0.0
2019-07-18 23:00:00,82.9,89,0.0,0.0,0.0
2019-07-19 00:00:00,82.1,91,0.0,0.0,0.0
2019-07-19 01:00:00,81.5,94,0.0,0.0,0.0
2019-07-19 02:00:00,81.0,97,0.0,0.0,0.0
2019-07-19 03:00:00,80.5,97,0.0,0.0,0.0
2019-07-19 04:00:00,80.2,97,0.0,0.0,0.0
2019-07-19 05:00:00,79.8,98,0.0,0.0,0.0
2019-07-19 06:00:00,79.6,98,0.0,0.01,0.0
2019-07-19 07:00:00,79.6,94,0.0,0.04,59.0
2019-07-19 08:00:00,81.0,86,0.0,0.13,177.0
2019-07-19 09:00:00,82.4,79,0.2,0.2,258.0
2019-07-19 10:00:00,84.4,75,2.7,0.36,495.0
2019-07-19 11:00:00,84.1,79,1.6,0.32,430.0
2019-07-19 12:00:00,84.2,84,0.1,0.19,241.0
2019-07-19 13:00:00,85.8,73,0.1,0.42,556.0
2019-07-19 14:00:00,87.4,70,0.2,0.43,566.0
2019-07-19 15:00:00,86.1,75,0.9,0.26,329.0
2019-07-19 16:00:00,85.1,78,0.0,0.17,196.0
2019-07-19 17:00:00,84.5,78,0.1,0.16,196.0
2019-07-19 18:00:00,83.9,80,0.0,0.11,129.0
2019-07-19 19:00:00,82.9,94,0.0,0.05,56.0
2019-07-19 20:00:00,81.0,98,1.9,0.01,2.0
2019-07-19 21:00:00,79.9,99,1.2,0.0,0.0
2019-07-19 22:00:00,79.1,99,0.8,0.0,0.0
2019-07-19 23:00:00,78.5,99,0.3,0.0,0.0
2019-07-20 00:00:00,78.0,99,0.1,0.0,0.0
2019-07-20 01:00:00,77.5,99,0.0,0.0,0.0
2019-07-20 02:00:00,77.2,99,0.0,0.0,0.0
2019-07-20 03:00:00,76.9,99,0.0,0.0,0.0
2019-07-20 04:00:00,76.6,99,0.0,0.0,0.0
2019-07-20 05:00:00,76.2,99,0.0,0.0,0.0
2019-07-20 06:00:00,75.8,99,0.0,0.01,0.0
2019-07-20 07:00:00,74.6,97,0.0,0.03,48.0
2019-07-20 08:00:00,75.7,92,0.0,0.09,139.0
2019-07-20 09:00:00,77.7,81,0.0,0.28,413.0
2019-07-20 10:00:00,80.3,70,0.0,0.42,596.0
2019-07-20 11:00:00,82.6,69,0.1,0.48,648.0
2019-07-20 12:00:00,84.4,69,2.5,0.52,734.0
2019-07-20 13:00:00,82.7,87,7.3,0.32,458.0
2019-07-20 14:00:00,83.0,79,0.2,0.38,525.0
2019-07-20 15:00:00,84.8,73,0.1,0.55,751.0
2019-07-20 16:00:00,85.6,70,1.1,0.42,573.0
2019-07-20 17:00:00,83.6,83,2.6,0.23,323.0
2019-07-20 18:00:00,82.8,82,0.0,0.19,276.0
2019-07-20 19:00:00,83.8,75,0.0,0.1,142.0
2019-07-20 20:00:00,82.3,86,0.0,0.02,18.0
2019-07-20 21:00:00,81.0,88,0.0,0.0,0.0
2019-07-20 22:00:00,79.8,91,0.0,0.0,0.0
2019-07-20 23:00:00,78.8,89,0.0,0.0,0.0
2019-07-21 00:00:00,78.0,96,0.0,0.0,0.0
2019-07-21 01:00:00,77.3,97,0.0,0.0,0.0
2019-07-21 02:00:00,76.7,97,0.0,0.0,0.0
2019-07-21 03:00:00,76.2,97,0.0,0.0,0.0
2019-07-21 04:00:00,75.9,97,0.0,0.0,0.0
2019-07-21 05:00:00,75.5,98,0.0,0.0,0.0
2019-07-21 06:00:00,75.2,98,0.0,0.01,0.0
2019-07-21 07:00:00,76.1,94,0.0,0.03,61.0
2019-07-21 08:00:00,77.5,83,0.0,0.14,218.0
2019-07-21 09:00:00,79.4,74,0.0,0.27,384.0
2019-07-21 10:00:00,81.5,69,0.0,0.41,558.0
2019-07-21 11:00:00,83.8,66,0.0,0.51,686.0
2019-07-21 12:00:00,85.8,62,0.0,0.58,769.0
2019-07-21 13:00:00,87.8,59,0.0,0.66,864.0
2019-07-21 14:00:00,88.9,54,0.0,0.6,763.0
2019-07-21 15:00:00,89.2,55,0.0,0.55,684.0
2019-07-21 16:00:00,88.7,68,0.5,0.44,578.0
2019-07-21 17:00:00,87.4,67,0.4,0.35,445.0
2019-07-21 18:00:00,86.0,71,1.0,0.24,312.0
2019-07-21 19:00:00,86.2,62,0.0,0.12,125.0
2019-07-21 20:00:00,84.5,72,0.0,0.05,18.0
2019-07-21 21:00:00,83.1,82,0.0,0.02,0.0
2019-07-21 22:00:00,82.0,86,0.0,0.0,0.0
2019-07-21 23:00:00,80.9,90,0.0,0.0,0.0
2019-07-22 00:00:00,80.0,93,0.0,0.0,0.0
2019-07-22 01:00:00,79.3,96,0.0,0.0,0.0
2019-07-22 02:00:00,78.5,97,0.0,0.0,0.0
2019-07-22 03:00:00,78.0,98,0.0,0.0,0.0
2019-07-22 04:00:00,77.6,98,0.5,0.0,0.0
2019-07-22 05:00:00,77.1,99,0.3,0.0,0.0
2019-07-22 06:00:00,76.6,100,0.0,0.01,0.0
2019-07-22 07:00:00,77.5,95,0.0,0.03,50.0
2019-07-22 08:00:00,78.6,85,0.0,0.15,223.0
2019-07-22 09:00:00,80.7,78,0.1,0.29,414.0
2019-07-22 10:00:00,82.9,73,0.0,0.39,538.0
2019-07-22 11:00:00,85.3,69,0.0,0.5,669.0
2019-07-22 12:00:00,87.4,65,0.0,0.57,748.0
2019-07-22 13:00:00,89.0,56,0.2,0.6,758.0
2019-07-22 14:00:00,88.0,78,4.6,0.49,721.0
2019-07-22 15:00:00,86.2,73,0.9,0.41,549.0
2019-07-22 16:00:00,86.5,68,0.1,0.43,559.0
2019-07-22 17:00:00,85.7,67,0.3,0.28,336.0
2019-07-22 18:00:00,85.2,65,0.0,0.23,256.0
2019-07-22 19:00:00,86.3,69,0.0,0.11,120.0
2019-07-22 20:00:00,84.6,74,0.0,0.04,16.0
2019-07-22 21:00:00,83.1,79,0.0,0.02,0.0
2019-07-22 22:00:00,82.0,83,0.0,0.02,0.0
2019-07-22 23:00:00,81.1,87,0.0,0.01,0.0
2019-07-23 00:00:00,80.2,90,0.0,0.0,0.0
2019-07-23 01:00:00,79.5,92,0.0,0.0,0.0
2019-07-23 02:00:00,78.9,93,0.0,0.0,0.0
2019-07-23 03:00:00,78.3,94,0.0,0.0,0.0
2019-07-23 04:00:00,77.7,94,0.0,0.0,0.0
2019-07-23 05:00:00,77.3,94,0.0,0.0,0.0
2019-07-23 06:00:00,76.8,95,0.0,0.01,0.0
2019-07-23 07:00:00,77.1,85,0.0,0.04,60.0
2019-07-23 08:00:00,78.6,74,0.0,0.16,218.0
2019-07-23 09:00:00,80.8,66,0.0,0.31,395.0
2019-07-23 10:00:00,83.1,63,0.0,0.43,554.0
2019-07-23 11:00:00,85.0,62,0.2,0.51,670.0
2019-07-23 12:00:00,86.7,58,0.0,0.54,691.0
2019-07-23 13:00:00,88.1,60,0.0,0.53,667.0
2019-07-23 14:00:00,88.0,74,1.5,0.43,590.0
2019-07-23 15:00:00,86.0,77,2.0,0.39,561.0
2019-07-23 16:00:00,84.6,83,3.2,0.33,493.0
2019-07-23 17:00:00,82.7,87,1.4,0.12,145.0
2019-07-23 18:00:00,80.9,93,1.2,0.06,74.0
2019-07-23 19:00:00,80.3,95,0.5,0.03,36.0
2019-07-23 20:00:00,79.1,97,0.6,0.01,8.0
2019-07-23 21:00:00,78.4,99,0.4,0.0,0.0
2019-07-23 22:00:00,77.8,99,0.6,0.0,0.0
2019-07-23 23:00:00,77.3,99,0.8,0.0,0.0
2019-07-24 00:00:00,76.8,99,0.2,0.0,0.0
2019-07-24 01:00:00,76.5,99,0.1,0.0,0.0
2019-07-24 02:00:00,76.1,99,0.1,0.0,0.0
2019-07-24 03:00:00,75.7,98,0.0,0.0,0.0
2019-07-24 04:00:00,75.4,98,0.0,0.0,0.0
2019-07-24 05:00:00,75.1,97,0.1,0.0,0.0
2019-07-24 06:00:00,74.7,96,0.1,0.01,0.0
2019-07-24 07:00:00,75.9,96,0.1,0.03,46.0
2019-07-24 08:00:00,76.2,89,0.0,0.12,195.0
2019-07-24 09:00:00,77.4,79,0.0,0.25,368.0
2019-07-24 10:00:00,78.8,72,0.1,0.31,429.0
2019-07-24 11:00:00,80.6,77,0.2,0.41,600.0
2019-07-24 12:00:00,81.7,80,0.1,0.38,571.0
2019-07-24 13:00:00,82.1,77,0.1,0.34,482.0
2019-07-24 14:00:00,83.0,67,0.1,0.47,658.0
2019-07-24 15:00:00,83.8,60,0.0,0.48,640.0
2019-07-24 16:00:00,84.7,57,0.0,0.48,616.0
2019-07-24 17:00:00,84.9,56,0.0,0.41,514.0
2019-07-24 18:00:00,84.5,58,0.0,0.28,339.0
2019-07-24 19:00:00,82.8,61,0.0,0.14,147.0
2019-07-24 20:00:00,81.4,63,0.0,0.06,15.0
2019-07-24 21:00:00,79.9,64,0.0,0.04,0.0
2019-07-24 22:00:00,78.6,66,0.0,0.04,0.0
2019-07-24 23:00:00,77.5,68,0.0,0.03,0.0
2019-07-25 00:00:00,76.4,74,0.0,0.02,0.0
2019-07-25 01:00:00,75.2,79,0.0,0.01,0.0
2019-07-25 02:00:00,74.3,82,0.0,0.0,0.0
2019-07-25 03:00:00,73.7,85,0.0,0.0,0.0
2019-07-25 04:00:00,73.0,85,0.0,0.0,0.0
2019-07-25 05:00:00,72.4,88,0.0,0.0,0.0
2019-07-25 06:00:00,71.8,89,0.0,0.02,0.0
2019-07-25 07:00:00,72.3,83,0.0,0.05,64.0
2019-07-25 08:00:00,73.9,73,0.0,0.16,244.0
2019-07-25 09:00:00,76.1,69,0.0,0.31,450.0
2019-07-25 10:00:00,78.8,62,0.0,0.46,645.0
2019-07-25 11:00:00,81.1,52,0.0,0.55,721.0
2019-07-25 12:00:00,82.9,45,0.0,0.6,761.0
2019-07-25 13:00:00,84.7,40,0.0,0.67,838.0
2019-07-25 14:00:00,85.9,38,0.0,0.63,773.0
2019-07-25 15:00:00,87.0,36,0.0,0.64,795.0
2019-07-25 16:00:00,87.6,33,0.0,0.57,704.0
2019-07-25 17:00:00,87.4,34,0.0,0.41,477.0
2019-07-25 18:00:00,86.4,42,0.0,0.25,264.0
2019-07-25 19:00:00,85.0,54,0.0,0.16,133.0
2019-07-25 20:00:00,83.0,52,0.0,0.09,14.0
2019-07-25 21:00:00,81.4,46,0.0,0.09,0.0
2019-07-25 22:00:00,80.0,48,0.0,0.07,0.0
2019-07-25 23:00:00,78.7,51,0.0,0.06,0.0
2019-07-26 00:00:00,77.5,55,0.0,0.06,0.0
2019-07-26 01:00:00,76.8,58,0.0,0.07,0.0
2019-07-26 02:00:00,76.4,75,0.0,0.03,0.0
2019-07-26 03:00:00,75.8,85,0.0,0.01,0.0
2019-07-26 04:00:00,75.3,90,0.0,0.0,0.0
2019-07-26 05:00:00,74.8,93,0.0,0.0,0.0
2019-07-26 06:00:00,74.2,94,0.0,0.02,0.0
2019-07-26 07:00:00,75.2,88,0.0,0.04,60.0
2019-07-26 08:00:00,76.5,78,0.0,0.17,240.0
2019-07-26 09:00:00,78.5,70,0.0,0.32,451.0
2019-07-26 10:00:00,81.0,55,0.0,0.48,644.0
2019-07-26 11:00:00,83.4,44,0.0,0.62,802.0
2019-07-26 12:00:00,85.6,38,0.0,0.72,904.0
2019-07-26 13:00:00,87.7,37,0.0,0.77,970.0
2019-07-26 14:00:00,89.3,36,0.0,0.76,951.0
2019-07-26 15:00:00,90.5,35,0.0,0.71,871.0
2019-07-26 16:00:00,91.0,34,0.0,0.62,729.0
2019-07-26 17:00:00,90.6,33,0.0,0.49,544.0
2019-07-26 18:00:00,89.6,34,0.0,0.35,357.0
2019-07-26 19:00:00,87.4,48,0.0,0.16,156.0
2019-07-26 20:00:00,84.8,55,0.0,0.06,18.0
2019-07-26 21:00:00,82.7,58,0.0,0.05,0.0
2019-07-26 22:00:00,81.0,59,0.0,0.05,0.0
2019-07-26 23:00:00,79.6,60,0.0,0.06,0.0
2019-07-27 00:00:00,78.7,70,0.0,0.04,0.0
2019-07-27 01:00:00,77.8,80,0.0,0.01,0.0
2019-07-27 02:00:00,77.0,87,0.0,0.0,0.0
2019-07-27 03:00:00,76.2,91,0.0,0.0,0.0
2019-07-27 04:00:00,75.5,94,0.0,0.0,0.0
2019-07-27 05:00:00,74.8,95,0.0,0.0,0.0
2019-07-27 06:00:00,74.3,94,0.0,0.01,0.0
2019-07-27 07:00:00,76.0,84,0.0,0.04,59.0
2019-07-27 08:00:00,77.5,73,0.0,0.17,239.0
2019-07-27 09:00:00,79.6,63,0.0,0.33,446.0
2019-07-27 10:00:00,82.1,52,0.0,0.49,640.0
2019-07-27 11:00:00,84.5,45,0.0,0.59,741.0
2019-07-27 12:00:00,86.4,41,0.0,0.62,761.0
2019-07-27 13:00:00,88.2,38,0.0,0.64,771.0
2019-07-27 14:00:00,89.6,36,0.0,0.63,753.0
2019-07-27 15:00:00,90.8,33,0.0,0.63,735.0
2019-07-27 16:00:00,91.4,30,0.0,0.59,668.0
2019-07-27 17:00:00,91.4,29,0.0,0.49,532.0
2019-07-27 18:00:00,90.6,30,0.0,0.35,348.0
2019-07-27 19:00:00,89.1,39,0.0,0.2,146.0
2019-07-27 20:00:00,86.4,45,0.0,0.09,16.0
2019-07-27 21:00:00,84.0,48,0.0,0.06,0.0
2019-07-27 22:00:00,82.0,51,0.0,0.07,0.0
2019-07-27 23:00:00,80.6,51,0.0,0.07,0.0
2019-07-28 00:00:00,79.4,52,0.0,0.05,0.0
2019-07-28 01:00:00,78.5,58,0.0,0.04,0.0
2019-07-28 02:00:00,77.6,69,0.0,0.01,0.0
2019-07-28 03:00:00,76.8,76,0.0,0.01,0.0
2019-07-28 04:00:00,76.1,84,0.0,0.0,0.0
2019-07-28 05:00:00,75.5,88,0.0,0.0,0.0
2019-07-28 06:00:00,74.9,88,0.0,0.0,0.0
2019-07-28 07:00:00,76.0,83,0.0,0.05,57.0
2019-07-28 08:00:00,77.5,74,0.0,0.16,210.0
2019-07-28 09:00:00,79.7,65,0.0,0.27,349.0
2019-07-28 10:00:00,82.0,58,0.0,0.38,475.0
2019-07-28 11:00:00,84.5,49,0.0,0.51,611.0
2019-07-28 12:00:00,87.1,39,0.0,0.67,788.0
2019-07-28 13:00:00,89.1,35,0.0,0.66,773.0
2019-07-28 14:00:00,90.8,32,0.0,0.63,737.0
2019-07-28 15:00:00,92.3,30,0.0,0.61,729.0
2019-07-28 16:00:00,93.0,28,0.0,0.5,582.0
2019-07-28 17:00:00,92.8,31,0.0,0.42,429.0
2019-07-28 18:00:00,91.7,34,0.0,0.3,277.0
2019-07-28 19:00:00,89.9,44,0.0,0.18,119.0
2019-07-28 20:00:00,87.4,51,0.0,0.05,14.0
2019-07-28 21:00:00,84.9,58,0.0,0.05,0.0
2019-07-28 22:00:00,82.8,63,0.0,0.03,0.0
2019-07-28 23:00:00,81.1,73,0.0,0.01,0.0
2019-07-29 00:00:00,79.8,87,0.0,0.0,0.0
2019-07-29 01:00:00,78.6,93,0.0,0.0,0.0
2019-07-29 02:00:00,77.6,95,0.0,0.0,0.0
2019-07-29 03:00:00,76.8,95,0.0,0.0,0.0
2019-07-29 04:00:00,76.0,95,0.0,0.0,0.0
2019-07-29 05:00:00,75.3,98,0.0,0.0,0.0
2019-07-29 06:00:00,74.8,99,0.0,0.0,0.0
2019-07-29 07:00:00,75.5,87,0.0,0.03,54.0
2019-07-29 08:00:00,77.5,68,0.0,0.15,233.0
2019-07-29 09:00:00,80.6,53,0.0,0.31,443.0
2019-07-29 10:00:00,84.1,43,0.0,0.49,639.0
2019-07-29 11:00:00,87.3,36,0.0,0.63,767.0
2019-07-29 12:00:00,89.6,33,0.0,0.64,762.0
2019-07-29 13:00:00,91.7,31,0.0,0.65,783.0
2019-07-29 14:00:00,93.4,29,0.0,0.61,742.0
2019-07-29 15:00:00,94.8,28,0.0,0.6,754.0
2019-07-29 16:00:00,95.7,27,0.0,0.54,676.0
2019-07-29 17:00:00,95.5,28,0.0,0.46,524.0
2019-07-29 18:00:00,94.4,33,0.0,0.35,337.0
2019-07-29 19:00:00,91.9,41,0.0,0.16,144.0
2019-07-29 20:00:00,89.1,52,0.0,0.06,15.0
2019-07-29 21:00:00,86.5,53,0.0,0.03,0.0
2019-07-29 22:00:00,84.4,53,0.0,0.01,0.0
2019-07-29 23:00:00,82.7,60,0.0,0.04,0.0
2019-07-30 00:00:00,81.3,64,0.0,0.03,0.0
2019-07-30 01:00:00,80.3,66,0.0,0.04,0.0
2019-07-30 02:00:00,79.4,68,0.0,0.03,0.0
2019-07-30 03:00:00,78.5,69,0.0,0.02,0.0
2019-07-30 04:00:00,77.7,71,0.0,0.01,0.0
2019-07-30 05:00:00,76.7,76,0.0,0.01,0.0
2019-07-30 06:00:00,76.0,79,0.0,0.0,0.0
2019-07-30 07:00:00,75.9,70,0.0,0.04,56.0
2019-07-30 08:00:00,78.0,56,0.0,0.16,228.0
2019-07-30 09:00:00,81.3,44,0.0,0.33,437.0
2019-07-30 10:00:00,85.3,36,0.0,0.48,636.0
2019-07-30 11:00:00,89.3,32,0.0,0.6,784.0
2019-07-30 12:00:00,92.8,28,0.0,0.69,869.0
2019-07-30 13:00:00,95.3,27,0.0,0.67,816.0
2019-07-30 14:00:00,97.0,27,0.1,0.63,755.0
2019-07-30 15:00:00,98.0,28,0.0,0.62,723.0
2019-07-30 16:00:00,98.2,29,0.0,0.52,603.0
2019-07-30 17:00:00,97.4,29,0.0,0.37,412.0
2019-07-30 18:00:00,95.9,31,0.0,0.33,223.0
2019-07-30 19:00:00,94.5,34,0.0,0.23,110.0
2019-07-30 20:00:00,91.9,51,0.0,0.13,10.0
2019-07-30 21:00:00,89.6,52,0.0,0.1,0.0
2019-07-30 22:00:00,87.7,56,0.0,0.07,0.0
2019-07-30 23:00:00,86.0,62,0.0,0.05,0.0
2019-07-31 00:00:00,84.6,65,0.0,0.04,0.0
2019-07-31 01:00:00,83.3,68,0.0,0.03,0.0
2019-07-31 02:00:00,82.1,71,0.0,0.02,0.0
2019-07-31 03:00:00,81.1,75,0.0,0.01,0.0
2019-07-31 04:00:00,80.0,78,0.0,0.01,0.0
2019-07-31 05:00:00,79.0,79,0.0,0.01,0.0
2019-07-31 06:00:00,78.1,73,0.0,0.0,0.0
2019-07-31 07:00:00,78.8,68,0.0,0.05,54.0
2019-07-31 08:00:00,80.5,56,0.0,0.18,230.0
2019-07-31 09:00:00,83.6,46,0.0,0.35,436.0
2019-07-31 10:00:00,87.4,36,0.0,0.5,631.0
2019-07-31 11:00:00,91.0,34,0.0,0.61,751.0
2019-07-31 12:00:00,94.3,33,0.0,0.68,829.0
2019-07-31 13:00:00,96.9,33,0.0,0.68,823.0
2019-07-31 14:00:00,98.9,33,0.0,0.67,803.0
2019-07-31 15:00:00,100.1,33,0.0,0.63,752.0
2019-07-31 16:00:00,100.5,33,0.0,0.52,609.0
2019-07-31 17:00:00,99.8,35,0.0,0.4,438.0
2019-07-31 18:00:00,98.1,40,0.0,0.28,245.0
2019-07-31 19:00:00,95.5,54,0.0,0.18,88.0
2019-07-31 20:00:00,92.8,61,0.0,0.09,10.0
2019-07-31 21:00:00,90.5,65,0.0,0.05,0.0
2019-07-31 22:00:00,88.7,68,0.0,0.03,0.0
2019-07-31 23:00:00,87.2,71,0.0,0.02,0.0
2019-08-01 00:00:00,85.8,74,0.0,0.01,0.0
2019-08-01 01:00:00,84.7,75,0.0,0.02,0.0
2019-08-01 02:00:00,83.8,77,0.0,0.01,0.0
2019-08-01 03:00:00,82.9,79,0.0,0.01,0.0
2019-08-01 04:00:00,82.0,84,0.0,0.0,0.0
2019-08-01 05:00:00,81.1,89,0.0,0.0,0.0
2019-08-01 06:00:00,80.2,93,0.0,0.0,0.0
2019-08-01 07:00:00,79.6,83,0.0,0.04,52.0
2019-08-01 08:00:00,81.6,61,0.0,0.16,219.0
2019-08-01 09:00:00,84.8,49,0.0,0.31,428.0
2019-08-01 10:00:00,88.7,45,0.0,0.46,622.0
2019-08-01 11:00:00,92.6,41,0.0,0.59,769.0
2019-08-01 12:00:00,95.8,38,0.0,0.63,794.0
2019-08-01 13:00:00,97.9,39,0.0,0.58,711.0
2019-08-01 14:00:00,99.6,36,0.0,0.61,710.0
2019-08-01 15:00:00,97.6,58,0.9,0.49,599.0
2019-08-01 16:00:00,96.7,44,0.0,0.41,463.0
2019-08-01 17:00:00,96.5,44,0.0,0.4,423.0
2019-08-01 18:00:00,95.4,53,0.6,0.28,279.0
2019-08-01 19:00:00,93.1,51,2.6,0.15,116.0
2019-08-01 20:00:00,90.6,64,0.2,0.08,7.0
2019-08-01 21:00:00,88.3,77,0.0,0.03,0.0
2019-08-01 22:00:00,86.5,86,0.0,0.01,0.0
2019-08-01 23:00:00,85.0,86,0.0,0.01,0.0
2019-08-02 00:00:00,83.8,84,0.0,0.01,0.0
2019-08-02 01:00:00,82.9,88,0.0,0.0,0.0
2019-08-02 02:00:00,82.0,90,0.0,0.0,0.0
2019-08-02 03:00:00,81.1,92,0.0,0.0,0.0
2019-08-02 04:00:00,80.4,92,0.0,0.0,0.0
2019-08-02 05:00:00,79.9,89,0.0,0.0,0.0
2019-08-02 06:00:00,79.5,90,0.0,0.0,0.0
2019-08-02 07:00:00,77.5,86,0.0,0.03,46.0
2019-08-02 08:00:00,79.1,75,0.0,0.15,205.0
2019-08-02 09:00:00,81.7,66,0.0,0.29,391.0
2019-08-02 10:00:00,85.3,58,0.0,0.44,585.0
2019-08-02 11:00:00,89.0,51,0.0,0.56,729.0
2019-08-02 12:00:00,92.5,44,0.0,0.66,826.0
2019-08-02 13:00:00,94.5,49,1.5,0.66,823.0
2019-08-02 14:00:00,93.2,52,1.3,0.47,580.0
2019-08-02 15:00:00,93.2,65,2.3,0.44,576.0
2019-08-02 16:00:00,90.0,71,1.8,0.33,448.0
2019-08-02 17:00:00,90.0,63,0.2,0.3,390.0
2019-08-02 18:00:00,88.3,70,0.2,0.2,233.0
2019-08-02 19:00:00,90.7,70,0.0,0.09,100.0
2019-08-02 20:00:00,88.5,79,0.0,0.01,9.0
2019-08-02 21:00:00,86.7,85,0.0,0.0,0.0
2019-08-02 22:00:00,85.2,90,0.0,0.0,0.0
2019-08-02 23:00:00,83.9,90,0.0,0.0,0.0
2019-08-03 00:00:00,82.9,84,0.0,0.0,0.0
2019-08-03 01:00:00,82.0,82,0.0,0.0,0.0
2019-08-03 02:00:00,81.3,83,0.0,0.01,0.0
2019-08-03 03:00:00,80.7,89,0.0,0.0,0.0
2019-08-03 04:00:00,80.1,93,0.0,0.0,0.0
2019-08-03 05:00:00,79.4,96,0.0,0.0,0.0
2019-08-03 06:00:00,78.9,98,0.0,0.0,0.0
2019-08-03 07:00:00,80.0,86,0.0,0.03,44.0
2019-08-03 08:00:00,80.9,76,0.0,0.14,192.0
2019-08-03 09:00:00,82.7,70,0.0,0.27,373.0
2019-08-03 10:00:00,85.5,63,0.1,0.41,555.0
2019-08-03 11:00:00,88.2,57,0.1,0.52,684.0
2019-08-03 12:00:00,90.8,53,0.1,0.61,783.0
2019-08-03 13:00:00,92.9,51,0.0,0.62,772.0
2019-08-03 14:00:00,94.4,47,0.0,0.6,729.0
2019-08-03 15:00:00,95.1,45,0.0,0.48,579.0
2019-08-03 16:00:00,94.9,55,0.2,0.41,487.0
2019-08-03 17:00:00,93.3,65,0.1,0.29,344.0
2019-08-03 18:00:00,91.9,62,0.0,0.21,236.0
2019-08-03 19:00:00,87.1,75,0.0,0.09,116.0
2019-08-03 20:00:00,85.4,86,0.0,0.01,10.0
2019-08-03 21:00:00,83.9,93,0.0,0.0,0.0
2019-08-03 22:00:00,82.8,99,0.0,0.0,0.0
2019-08-03 23:00:00,81.8,99,0.0,0.0,0.0
2019-08-04 00:00:00,81.0,99,0.0,0.0,0.0
2019-08-04 01:00:00,80.2,98,0.0,0.0,0.0
2019-08-04 02:00:00,79.6,98,0.0,0.0,0.0
2019-08-04 03:00:00,79.0,97,0.0,0.0,0.0
2019-08-04 04:00:00,78.5,99,0.0,0.0,0.0
2019-08-04 05:00:00,78.1,98,0.0,0.0,0.0
2019-08-04 06:00:00,77.8,98,0.0,0.0,0.0
2019-08-04 07:00:00,77.1,95,0.0,0.02,46.0
2019-08-04 08:00:00,78.8,82,0.0,0.13,202.0
2019-08-04 09:00:00,81.4,67,0.0,0.29,408.0
2019-08-04 10:00:00,84.4,59,0.0,0.43,580.0
2019-08-04 11:00:00,87.1,55,0.1,0.52,676.0
2019-08-04 12:00:00,89.7,51,0.0,0.59,773.0
2019-08-04 13:00:00,92.3,48,0.0,0.66,850.0
2019-08-04 14:00:00,92.9,56,1.7,0.54,672.0
2019-08-04 15:00:00,90.0,61,1.0,0.4,516.0
2019-08-04 16:00:00,91.0,51,0.0,0.47,599.0
2019-08-04 17:00:00,91.4,49,0.0,0.38,463.0
2019-08-04 18:00:00,90.2,57,0.1,0.24,248.0
2019-08-04 19:00:00,90.2,63,0.0,0.13,105.0
2019-08-04 20:00:00,88.1,71,0.1,0.06,7.0
2019-08-04 21:00:00,85.2,82,1.0,0.02,0.0
2019-08-04 22:00:00,83.2,83,0.0,0.01,0.0
2019-08-04 23:00:00,81.9,86,0.0,0.0,0.0
2019-08-05 00:00:00,81.0,88,0.0,0.0,0.0
2019-08-05 01:00:00,80.2,93,0.0,0.0,0.0
2019-08-05 02:00:00,79.6,95,0.0,0.0,0.0
2019-08-05 03:00:00,79.1,96,0.0,0.0,0.0
2019-08-05 04:00:00,78.6,97,0.0,0.0,0.0
2019-08-05 05:00:00,78.3,97,0.0,0.0,0.0
2019-08-05 06:00:00,77.9,97,0.0,0.0,0.0
2019-08-05 07:00:00,78.5,87,0.0,0.04,41.0
2019-08-05 08:00:00,80.0,77,0.0,0.15,201.0
2019-08-05 09:00:00,82.3,67,0.1,0.3,388.0
2019-08-05 10:00:00,84.6,60,0.2,0.39,486.0
2019-08-05 11:00:00,87.0,52,0.1,0.5,610.0
2019-08-05 12:00:00,86.4,74,2.3,0.4,542.0
2019-08-05 13:00:00,85.7,75,2.0,0.31,417.0
2019-08-05 14:00:00,83.8,81,1.0,0.22,290.0
2019-08-05 15:00:00,84.4,74,0.1,0.34,448.0
2019-08-05 16:00:00,84.5,78,0.1,0.25,328.0
2019-08-05 17:00:00,84.7,75,0.0,0.26,330.0
2019-08-05 18:00:00,84.7,72,0.0,0.18,214.0
2019-08-05 19:00:00,81.5,76,0.0,0.07,79.0
2019-08-05 20:00:00,80.7,81,0.0,0.03,9.0
2019-08-05 21:00:00,80.1,84,0.0,0.02,0.0
2019-08-05 22:00:00,79.4,88,0.0,0.0,0.0
2019-08-05 23:00:00,78.9,90,0.0,0.0,0.0
2019-08-06 00:00:00,78.4,91,0.0,0.0,0.0
2019-08-06 01:00:00,77.9,92,0.0,0.0,0.0
2019-08-06 02:00:00,77.5,94,0.0,0.0,0.0
2019-08-06 03:00:00,77.2,95,0.0,0.0,0.0
2019-08-06 04:00:00,76.9,96,0.0,0.0,0.0
2019-08-06 05:00:00,76.7,97,0.0,0.0,0.0
2019-08-06 06:00:00,76.6,97,0.0,0.0,0.0
2019-08-06 07:00:00,77.9,91,0.0,0.03,42.0
2019-08-06 08:00:00,79.0,81,0.0,0.15,210.0
2019-08-06 09:00:00,81.0,70,0.0,0.31,412.0
2019-08-06 10:00:00,83.1,66,0.2,0.44,580.0
2019-08-06 11:00:00,85.1,65,0.0,0.5,652.0
2019-08-06 12:00:00,86.8,58,0.0,0.53,669.0
2019-08-06 13:00:00,88.5,54,0.0,0.59,753.0
2019-08-06 14:00:00,89.6,51,0.1,0.56,693.0
2019-08-06 15:00:00,90.2,52,0.1,0.53,670.0
2019-08-06 16:00:00,89.6,63,0.4,0.42,522.0
2019-08-06 17:00:00,88.7,62,0.1,0.32,373.0
2019-08-06 18:00:00,87.4,71,0.1,0.21,256.0
2019-08-06 19:00:00,87.5,71,0.0,0.11,106.0
2019-08-06 20:00:00,85.7,78,0.0,0.04,8.0
2019-08-06 21:00:00,84.2,82,0.0,0.01,0.0
2019-08-06 22:00:00,83.0,85,0.0,0.01,0.0
2019-08-06 23:00:00,82.1,88,0.0,0.0,0.0
2019-08-07 00:00:00,81.4,89,0.0,0.0,0.0
2019-08-07 01:00:00,80.7,93,0.0,0.0,0.0
2019-08-07 02:00:00,80.1,95,0.0,0.0,0.0
2019-08-07 03:00:00,79.6,96,0.0,0.0,0.0
2019-08-07 04:00:00,79.3,97,0.0,0.0,0.0
2019-08-07 05:00:00,78.9,98,0.0,0.0,0.0
2019-08-07 06:00:00,78.6,98,0.0,0.0,0.0
2019-08-07 07:00:00,78.3,93,0.0,0.03,44.0
2019-08-07 08:00:00,79.8,81,0.0,0.15,214.0
2019-08-07 09:00:00,82.0,68,0.0,0.31,418.0
2019-08-07 10:00:00,84.7,57,0.0,0.48,614.0
2019-08-07 11:00:00,87.5,48,0.0,0.61,763.0
2019-08-07 12:00:00,89.9,46,0.0,0.65,808.0
2019-08-07 13:00:00,91.5,46,0.0,0.61,756.0
2019-08-07 14:00:00,92.7,45,0.0,0.58,703.0
2019-08-07 15:00:00,93.3,44,0.0,0.54,627.0
2019-08-07 16:00:00,92.6,61,0.7,0.44,528.0
2019-08-07 17:00:00,91.0,61,0.1,0.36,413.0
2019-08-07 18:00:00,89.9,56,0.0,0.25,240.0
2019-08-07 19:00:00,89.5,61,0.0,0.15,101.0
2019-08-07 20:00:00,87.8,70,0.0,0.07,8.0
2019-08-07 21:00:00,86.4,75,0.0,0.03,0.0
2019-08-07 22:00:00,85.1,79,0.0,0.02,0.0
2019-08-07 23:00:00,84.0,83,0.0,0.01,0.0
2019-08-08 00:00:00,83.1,85,0.0,0.01,0.0
2019-08-08 01:00:00,82.3,88,0.0,0.0,0.0
2019-08-08 02:00:00,81.7,92,0.0,0.0,0.0
2019-08-08 03:00:00,81.1,96,0.0,0.0,0.0
2019-08-08 04:00:00,80.6,97,0.0,0.0,0.0
2019-08-08 05:00:00,80.3,97,0.0,0.0,0.0
2019-08-08 06:00:00,80.0,97,0.0,0.0,0.0
2019-08-08 07:00:00,80.9,96,0.0,0.02,34.0
2019-08-08 08:00:00,82.0,85,0.1,0.13,175.0
2019-08-08 09:00:00,83.5,81,0.3,0.24,332.0
2019-08-08 10:00:00,85.3,70,0.1,0.37,478.0
2019-08-08 11:00:00,87.9,60,0.0,0.53,675.0
2019-08-08 12:00:00,89.7,61,0.3,0.5,620.0
2019-08-08 13:00:00,89.9,63,1.1,0.5,634.0
2019-08-08 14:00:00,91.8,45,0.1,0.55,669.0
2019-08-08 15:00:00,91.9,69,0.5,0.49,643.0
2019-08-08 16:00:00,91.7,60,0.1,0.39,465.0
2019-08-08 17:00:00,89.6,86,8.7,0.25,348.0
2019-08-08 18:00:00,87.2,88,0.1,0.15,212.0
2019-08-08 19:00:00,91.3,65,0.0,0.13,99.0
2019-08-08 20:00:00,89.5,74,0.0,0.05,7.0
2019-08-08 21:00:00,88.0,80,0.0,0.02,0.0
2019-08-08 22:00:00,86.7,83,0.3,0.01,0.0
2019-08-08 23:00:00,84.4,97,6.7,0.0,0.0
2019-08-09 00:00:00,82.8,97,0.2,0.0,0.0
2019-08-09 01:00:00,81.7,98,0.0,0.0,0.0
2019-08-09 02:00:00,81.1,98,0.0,0.0,0.0
2019-08-09 03:00:00,80.6,98,0.0,0.0,0.0
2019-08-09 04:00:00,80.2,99,0.0,0.0,0.0
2019-08-09 05:00:00,79.7,99,0.0,0.0,0.0
2019-08-09 06:00:00,79.3,99,0.0,0.0,0.0
2019-08-09 07:00:00,79.9,94,0.0,0.02,35.0
2019-08-09 08:00:00,80.6,85,0.0,0.11,146.0
2019-08-09 09:00:00,82.4,74,0.0,0.24,323.0
2019-08-09 10:00:00,85.1,63,0.0,0.39,496.0
2019-08-09 11:00:00,88.3,55,0.0,0.55,692.0
2019-08-09 12:00:00,91.5,52,0.0,0.64,791.0
2019-08-09 13:00:00,93.9,47,0.0,0.66,791.0
2019-08-09 14:00:00,95.5,51,0.0,0.62,747.0
2019-08-09 15:00:00,95.9,61,2.5,0.57,708.0
2019-08-09 16:00:00,93.6,60,0.5,0.42,507.0
2019-08-09 17:00:00,92.2,73,0.3,0.29,358.0
2019-08-09 18:00:00,91.0,75,0.2,0.2,241.0
2019-08-09 19:00:00,89.3,72,0.7,0.08,60.0
2019-08-09 20:00:00,87.5,80,0.0,0.04,6.0
2019-08-09 21:00:00,86.2,84,0.0,0.02,0.0
2019-08-09 22:00:00,85.2,89,0.0,0.01,0.0
2019-08-09 23:00:00,84.4,91,0.0,0.0,0.0
2019-08-10 00:00:00,83.8,93,0.0,0.0,0.0
2019-08-10 01:00:00,83.2,94,0.0,0.0,0.0
2019-08-10 02:00:00,82.8,95,0.0,0.0,0.0
2019-08-10 03:00:00,82.2,97,0.0,0.0,0.0
2019-08-10 04:00:00,81.8,98,0.0,0.0,0.0
2019-08-10 05:00:00,81.4,97,0.0,0.0,0.0
2019-08-10 06:00:00,81.1,98,0.0,0.0,0.0
2019-08-10 07:00:00,80.8,93,0.0,0.02,35.0
2019-08-10 08:00:00,82.1,82,0.0,0.13,186.0
2019-08-10 09:00:00,84.3,72,0.0,0.28,368.0
2019-08-10 10:00:00,86.8,64,0.0,0.4,518.0
2019-08-10 11:00:00,89.5,59,0.0,0.5,634.0
2019-08-10 12:00:00,91.8,54,0.0,0.53,651.0
2019-08-10 13:00:00,94.3,51,0.0,0.67,832.0
2019-08-10 14:00:00,94.6,65,3.0,0.51,637.0
2019-08-10 15:00:00,91.2,79,3.3,0.35,459.0
2019-08-10 16:00:00,90.1,74,0.0,0.32,387.0
2019-08-10 17:00:00,89.7,69,0.0,0.27,308.0
2019-08-10 18:00:00,88.9,76,0.3,0.17,185.0
2019-08-10 19:00:00,89.5,81,0.0,0.08,68.0
2019-08-10 20:00:00,87.9,85,0.0,0.04,3.0
2019-08-10 21:00:00,86.6,86,0.0,0.01,0.0
2019-08-10 22:00:00,85.6,87,0.0,0.01,0.0
2019-08-10 23:00:00,84.7,88,0.0,0.0,0.0
2019-08-11 00:00:00,83.8,87,0.0,0.0,0.0
2019-08-11 01:00:00,83.0,87,0.0,0.01,0.0
2019-08-11 02:00:00,82.5,89,0.0,0.0,0.0
2019-08-11 03:00:00,82.0,91,0.0,0.0,0.0
2019-08-11 04:00:00,81.5,93,0.0,0.0,0.0
2019-08-11 05:00:00,81.1,95,0.0,0.0,0.0
2019-08-11 06:00:00,80.8,97,0.0,0.0,0.0
2019-08-11 07:00:00,80.7,92,0.0,0.03,36.0
2019-08-11 08:00:00,81.8,82,0.0,0.13,168.0
2019-08-11 09:00:00,83.8,72,0.0,0.24,317.0
2019-08-11 10:00:00,86.2,67,0.1,0.36,464.0
2019-08-11 11:00:00,88.5,65,0.1,0.43,549.0
2019-08-11 12:00:00,90.8,60,0.2,0.53,667.0
2019-08-11 13:00:00,92.7,57,0.1,0.59,724.0
2019-08-11 14:00:00,93.5,58,0.2,0.51,618.0
2019-08-11 15:00:00,93.7,55,0.1,0.42,490.0
2019-08-11 16:00:00,93.6,56,0.0,0.32,371.0
2019-08-11 17:00:00,92.7,62,0.3,0.27,297.0
2019-08-11 18:00:00,90.8,68,0.5,0.18,186.0
2019-08-11 19:00:00,90.4,77,0.0,0.1,70.0
2019-08-11 20:00:00,88.6,83,0.0,0.02,6.0
2019-08-11 21:00:00,87.3,87,0.0,0.01,0.0
2019-08-11 22:00:00,86.2,88,0.0,0.0,0.0
2019-08-11 23:00:00,85.2,91,0.0,0.0,0.0
2019-08-12 00:00:00,84.4,93,0.0,0.0,0.0
2019-08-12 01:00:00,83.6,93,0.0,0.0,0.0
2019-08-12 02:00:00,82.9,95,0.0,0.0,0.0
2019-08-12 03:00:00,82.2,95,0.0,0.0,0.0
2019-08-12 04:00:00,81.7,99,0.0,0.0,0.0
2019-08-12 05:00:00,81.2,99,0.0,0.0,0.0
2019-08-12 06:00:00,80.9,99,0.0,0.0,0.0
2019-08-12 07:00:00,81.3,97,0.0,0.02,37.0
2019-08-12 08:00:00,82.9,82,0.0,0.13,183.0
2019-08-12 09:00:00,85.5,67,0.0,0.28,382.0
2019-08-12 10:00:00,88.4,57,0.0,0.43,548.0
2019-08-12 11:00:00,91.2,52,0.1,0.51,646.0
2019-08-12 12:00:00,93.5,55,0.2,0.57,704.0
2019-08-12 13:00:00,92.9,64,1.4,0.53,677.0
2019-08-12 14:00:00,93.7,55,0.1,0.46,561.0
2019-08-12 15:00:00,95.5,57,0.0,0.61,762.0
2019-08-12 16:00:00,95.6,61,0.1,0.46,563.0
2019-08-12 17:00:00,94.1,66,0.7,0.34,423.0
2019-08-12 18:00:00,92.9,64,0.0,0.22,244.0
2019-08-12 19:00:00,93.0,66,0.0,0.1,81.0
2019-08-12 20:00:00,91.0,75,0.0,0.04,5.0
2019-08-12 21:00:00,89.2,82,0.0,0.01,0.0
2019-08-12 22:00:00,87.9,85,0.0,0.01,0.0
2019-08-12 23:00:00,86.7,89,0.0,0.0,0.0
2019-08-13 00:00:00,85.7,92,0.0,0.0,0.0
2019-08-13 01:00:00,84.8,95,0.0,0.0,0.0
2019-08-13 02:00:00,84.0,98,0.0,0.0,0.0
2019-08-13 03:00:00,83.4,99,0.0,0.0,0.0
2019-08-13 04:00:00,82.8,100,0.0,0.0,0.0
2019-08-13 05:00:00,82.2,100,0.0,0.0,0.0
2019-08-13 06:00:00,81.9,100,0.0,0.0,0.0
2019-08-13 07:00:00,81.7,100,0.0,0.02,31.0
2019-08-13 08:00:00,83.1,86,0.0,0.12,160.0
2019-08-13 09:00:00,85.7,70,0.0,0.28,380.0
2019-08-13 10:00:00,89.1,56,0.0,0.44,580.0
2019-08-13 11:00:00,91.9,50,0.0,0.53,653.0
2019-08-13 12:00:00,94.3,48,0.0,0.6,726.0
2019-08-13 13:00:00,96.5,44,0.0,0.68,802.0
2019-08-13 14:00:00,98.4,42,0.0,0.7,823.0
2019-08-13 15:00:00,99.1,56,0.7,0.59,712.0
2019-08-13 16:00:00,96.7,62,0.3,0.43,514.0
2019-08-13 17:00:00,95.8,62,0.0,0.35,413.0
2019-08-13 18:00:00,94.6,63,0.0,0.24,260.0
2019-08-13 19:00:00,94.5,68,0.0,0.1,94.0
2019-08-13 20:00:00,92.3,76,0.0,0.04,4.0
2019-08-13 21:00:00,90.5,82,0.0,0.02,0.0
2019-08-13 22:00:00,89.2,84,0.0,0.01,0.0
2019-08-13 23:00:00,88.0,87,0.0,0.01,0.0
2019-08-14 00:00:00,87.0,89,0.0,0.0,0.0
2019-08-14 01:00:00,86.2,93,0.0,0.0,0.0
2019-08-14 02:00:00,85.6,94,0.0,0.0,0.0
2019-08-14 03:00:00,84.9,97,0.0,0.0,0.0
2019-08-14 04:00:00,84.3,99,0.0,0.0,0.0
2019-08-14 05:00:00,83.8,99,0.0,0.0,0.0
2019-08-14 06:00:00,83.4,99,0.0,0.0,0.0
2019-08-14 07:00:00,82.3,94,0.0,0.02,33.0
2019-08-14 08:00:00,83.7,84,0.0,0.11,155.0
2019-08-14 09:00:00,86.2,71,0.0,0.27,363.0
2019-08-14 10:00:00,89.4,62,0.0,0.45,584.0
2019-08-14 11:00:00,92.6,58,0.1,0.56,702.0
2019-08-14 12:00:00,95.1,56,1.9,0.64,784.0
2019-08-14 13:00:00,92.8,67,3.7,0.36,434.0
2019-08-14 14:00:00,92.3,69,0.5,0.31,376.0
2019-08-14 15:00:00,89.9,80,4.9,0.26,323.0
2019-08-14 16:00:00,89.5,75,0.0,0.35,442.0
2019-08-14 17:00:00,89.6,72,0.1,0.29,349.0
2019-08-14 18:00:00,87.4,93,4.1,0.1,134.0
2019-08-14 19:00:00,88.1,76,0.1,0.04,27.0
2019-08-14 20:00:00,86.8,83,0.0,0.02,3.0
2019-08-14 21:00:00,85.7,85,0.0,0.0,0.0
2019-08-14 22:00:00,85.0,88,0.0,0.0,0.0
2019-08-14 23:00:00,84.3,91,0.0,0.0,0.0
2019-08-15 00:00:00,83.7,95,0.0,0.0,0.0
2019-08-15 01:00:00,83.1,95,0.0,0.0,0.0
2019-08-15 02:00:00,82.8,95,0.0,0.0,0.0
2019-08-15 03:00:00,82.3,93,0.0,0.0,0.0
2019-08-15 04:00:00,81.9,94,0.0,0.0,0.0
2019-08-15 05:00:00,81.6,95,0.0,0.0,0.0
2019-08-15 06:00:00,81.2,97,0.0,0.0,0.0
2019-08-15 07:00:00,79.4,92,0.0,0.02,33.0
2019-08-15 08:00:00,80.9,83,0.0,0.12,176.0
2019-08-15 09:00:00,81.6,89,2.6,0.15,210.0
2019-08-15 10:00:00,82.0,89,0.1,0.16,210.0
2019-08-15 11:00:00,83.2,83,0.1,0.26,347.0
2019-08-15 12:00:00,85.6,73,0.1,0.48,634.0
2019-08-15 13:00:00,87.5,69,0.1,0.48,623.0
2019-08-15 14:00:00,89.2,69,0.1,0.5,640.0
2019-08-15 15:00:00,90.2,69,0.1,0.47,606.0
2019-08-15 16:00:00,90.4,68,2.5,0.37,471.0
2019-08-15 17:00:00,87.9,89,3.1,0.2,265.0
2019-08-15 18:00:00,86.3,87,0.0,0.12,166.0
2019-08-15 19:00:00,85.0,96,0.0,0.05,70.0
2019-08-15 20:00:00,83.4,97,0.4,0.01,2.0
2019-08-15 21:00:00,82.3,98,0.0,0.0,0.0
2019-08-15 22:00:00,81.5,97,0.0,0.0,0.0
2019-08-15 23:00:00,80.9,98,0.0,0.0,0.0
2019-08-16 00:00:00,80.4,100,0.0,0.0,0.0
2019-08-16 01:00:00,79.9,99,0.0,0.0,0.0
2019-08-16 02:00:00,79.4,100,0.0,0.0,0.0
2019-08-16 03:00:00,79.0,100,0.0,0.0,0.0
2019-08-16 04:00:00,78.6,100,0.0,0.0,0.0
2019-08-16 05:00:00,78.4,100,0.0,0.0,0.0
2019-08-16 06:00:00,78.3,100,0.0,0.0,0.0
2019-08-16 07:00:00,78.4,97,0.0,0.02,30.0
2019-08-16 08:00:00,79.1,93,0.2,0.09,131.0
2019-08-16 09:00:00,80.3,85,0.0,0.2,280.0
2019-08-16 10:00:00,82.5,77,0.0,0.34,465.0
2019-08-16 11:00:00,84.7,69,0.0,0.4,526.0
2019-08-16 12:00:00,87.3,64,0.1,0.55,722.0
2019-08-16 13:00:00,89.3,58,0.1,0.64,816.0
2019-08-16 14:00:00,90.3,56,0.1,0.58,723.0
2019-08-16 15:00:00,90.8,54,0.1,0.48,612.0
2019-08-16 16:00:00,91.0,50,0.0,0.42,526.0
2019-08-16 17:00:00,91.0,49,0.0,0.35,431.0
2019-08-16 18:00:00,90.1,59,0.0,0.25,280.0
2019-08-16 19:00:00,88.3,73,0.0,0.12,107.0
2019-08-16 20:00:00,86.7,79,0.0,0.04,3.0
2019-08-16 21:00:00,85.2,86,0.1,0.02,0.0
2019-08-16 22:00:00,83.8,91,0.0,0.01,0.0
2019-08-16 23:00:00,82.8,94,0.0,0.0,0.0
2019-08-17 00:00:00,81.9,97,0.0,0.0,0.0
2019-08-17 01:00:00,81.1,98,0.0,0.0,0.0
2019-08-17 02:00:00,80.6,99,0.0,0.0,0.0
2019-08-17 03:00:00,80.2,99,0.0,0.0,0.0
2019-08-17 04:00:00,80.0,99,0.0,0.0,0.0
2019-08-17 05:00:00,79.8,99,0.0,0.0,0.0
2019-08-17 06:00:00,79.6,99,0.0,0.0,0.0
2019-08-17 07:00:00,80.4,96,0.0,0.02,31.0
2019-08-17 08:00:00,80.7,92,0.0,0.08,112.0
2019-08-17 09:00:00,81.7,88,0.1,0.17,236.0
2019-08-17 10:00:00,83.6,81,0.0,0.34,469.0
2019-08-17 11:00:00,86.0,71,0.1,0.49,642.0
2019-08-17 12:00:00,86.6,73,1.1,0.45,614.0
2019-08-17 13:00:00,87.5,65,0.1,0.52,672.0
2019-08-17 14:00:00,88.7,64,0.3,0.51,646.0
2019-08-17 15:00:00,89.2,69,0.2,0.48,641.0
2019-08-17 16:00:00,89.1,65,0.1,0.39,485.0
2019-08-17 17:00:00,89.0,65,0.0,0.32,404.0
2019-08-17 18:00:00,88.3,67,0.0,0.21,239.0
2019-08-17 19:00:00,86.9,78,0.0,0.1,89.0
2019-08-17 20:00:00,85.2,82,0.0,0.04,3.0
2019-08-17 21:00:00,83.8,86,0.0,0.02,0.0
2019-08-17 22:00:00,82.8,88,0.0,0.02,0.0
2019-08-17 23:00:00,82.0,90,0.0,0.01,0.0
2019-08-18 00:00:00,81.2,91,0.0,0.0,0.0
2019-08-18 01:00:00,80.6,92,0.0,0.0,0.0
2019-08-18 02:00:00,80.1,92,0.0,0.0,0.0
2019-08-18 03:00:00,79.6,92,0.0,0.0,0.0
2019-08-18 04:00:00,79.3,91,0.0,0.01,0.0
2019-08-18 05:00:00,79.2,90,0.0,0.01,0.0
2019-08-18 06:00:00,79.1,89,0.1,0.02,0.0
2019-08-18 07:00:00,79.5,88,0.3,0.04,16.0
2019-08-18 08:00:00,80.3,80,0.0,0.13,160.0
2019-08-18 09:00:00,81.7,78,0.0,0.23,297.0
2019-08-18 10:00:00,82.7,78,0.3,0.25,315.0
2019-08-18 11:00:00,82.5,85,5.0,0.23,322.0
2019-08-18 12:00:00,82.2,86,0.5,0.2,265.0
2019-08-18 13:00:00,83.3,80,0.4,0.35,476.0
2019-08-18 14:00:00,83.0,84,1.7,0.29,402.0
2019-08-18 15:00:00,83.8,76,0.0,0.34,457.0
2019-08-18 16:00:00,85.0,75,0.0,0.38,514.0
2019-08-18 17:00:00,85.6,75,0.1,0.3,395.0
2019-08-18 18:00:00,84.2,88,1.2,0.14,189.0
2019-08-18 19:00:00,81.3,82,0.1,0.08,76.0
2019-08-18 20:00:00,80.8,91,0.0,0.02,2.0
2019-08-18 21:00:00,80.2,95,0.1,0.0,0.0
2019-08-18 22:00:00,79.5,97,1.9,0.0,0.0
2019-08-18 23:00:00,78.8,99,1.0,0.0,0.0
2019-08-19 00:00:00,78.3,98,0.2,0.0,0.0
2019-08-19 01:00:00,78.1,98,0.1,0.0,0.0
2019-08-19 02:00:00,77.8,98,0.1,0.0,0.0
2019-08-19 03:00:00,77.6,99,0.4,0.0,0.0
2019-08-19 04:00:00,77.5,99,0.5,0.0,0.0
2019-08-19 05:00:00,77.3,99,0.2,0.0,0.0
2019-08-19 06:00:00,77.1,99,0.1,0.0,0.0
2019-08-19 07:00:00,78.6,96,0.1,0.02,18.0
2019-08-19 08:00:00,79.3,91,0.1,0.1,152.0
2019-08-19 09:00:00,79.7,93,1.9,0.19,298.0
2019-08-19 10:00:00,80.2,86,0.0,0.25,351.0
2019-08-19 11:00:00,82.0,83,0.0,0.4,570.0
2019-08-19 12:00:00,84.1,76,0.1,0.51,686.0
2019-08-19 13:00:00,84.6,79,3.9,0.45,674.0
2019-08-19 14:00:00,83.8,83,0.3,0.34,491.0
2019-08-19 15:00:00,83.1,80,0.3,0.21,253.0
2019-08-19 16:00:00,83.5,76,0.0,0.29,381.0
2019-08-19 17:00:00,83.6,77,0.9,0.27,358.0
2019-08-19 18:00:00,82.4,82,0.4,0.13,154.0
2019-08-19 19:00:00,83.1,92,0.0,0.04,48.0
2019-08-19 20:00:00,81.4,93,0.0,0.01,2.0
2019-08-19 21:00:00,80.3,92,0.0,0.0,0.0
2019-08-19 22:00:00,79.5,93,0.0,0.0,0.0
2019-08-19 23:00:00,79.0,94,0.0,0.0,0.0
2019-08-20 00:00:00,78.5,94,0.0,0.0,0.0
2019-08-20 01:00:00,78.1,96,0.0,0.0,0.0
2019-08-20 02:00:00,77.6,96,0.0,0.0,0.0
2019-08-20 03:00:00,77.2,96,0.0,0.0,0.0
2019-08-20 04:00:00,76.7,96,0.1,0.0,0.0
2019-08-20 05:00:00,76.5,96,0.1,0.0,0.0
2019-08-20 06:00:00,76.2,97,0.0,0.0,0.0
2019-08-20 07:00:00,75.9,98,0.0,0.01,20.0
2019-08-20 08:00:00,76.2,95,0.1,0.06,76.0
2019-08-20 09:00:00,76.7,93,0.1,0.09,128.0
2019-08-20 10:00:00,77.5,89,0.0,0.14,180.0
2019-08-20 11:00:00,79.5,63,0.0,0.45,614.0
2019-08-20 12:00:00,81.4,55,0.0,0.48,635.0
2019-08-20 13:00:00,82.2,55,0.0,0.36,446.0
2019-08-20 14:00:00,84.4,50,0.0,0.62,820.0
2019-08-20 15:00:00,85.5,51,0.0,0.5,646.0
2019-08-20 16:00:00,85.9,54,0.0,0.4,512.0
2019-08-20 17:00:00,85.6,58,0.0,0.29,346.0
2019-08-20 18:00:00,84.9,67,0.0,0.18,207.0
2019-08-20 19:00:00,80.8,95,0.0,0.04,60.0
2019-08-20 20:00:00,79.9,95,0.0,0.01,1.0
2019-08-20 21:00:00,79.1,88,0.0,0.0,0.0
2019-08-20 22:00:00,78.6,83,0.0,0.0,0.0
2019-08-20 23:00:00,77.9,88,0.0,0.0,0.0
2019-08-21 00:00:00,77.5,90,0.0,0.0,0.0
2019-08-21 01:00:00,77.2,89,0.0,0.0,0.0
2019-08-21 02:00:00,76.9,93,0.0,0.0,0.0
2019-08-21 03:00:00,76.7,94,0.0,0.0,0.0
2019-08-21 04:00:00,76.4,96,0.0,0.0,0.0
2019-08-21 05:00:00,76.1,99,0.0,0.0,0.0
2019-08-21 06:00:00,75.8,100,0.0,0.0,0.0
2019-08-21 07:00:00,76.5,97,0.0,0.01,27.0
2019-08-21 08:00:00,77.5,89,0.0,0.1,155.0
2019-08-21 09:00:00,79.0,81,0.4,0.21,292.0
2019-08-21 10:00:00,79.9,78,0.0,0.22,287.0
2019-08-21 11:00:00,81.5,73,0.1,0.37,500.0
2019-08-21 12:00:00,82.9,73,0.0,0.38,510.0
2019-08-21 13:00:00,84.8,67,0.2,0.56,755.0
2019-08-21 14:00:00,84.8,76,2.8,0.39,534.0
2019-08-21 15:00:00,84.1,79,0.1,0.34,469.0
2019-08-21 16:00:00,84.2,77,0.0,0.32,431.0
2019-08-21 17:00:00,84.0,76,0.2,0.26,341.0
2019-08-21 18:00:00,83.1,80,0.3,0.15,188.0
2019-08-21 19:00:00,83.3,79,0.0,0.05,30.0
2019-08-21 20:00:00,82.0,88,0.0,0.02,1.0
2019-08-21 21:00:00,81.0,91,0.0,0.0,0.0
2019-08-21 22:00:00,80.2,91,0.0,0.0,0.0
2019-08-21 23:00:00,79.5,94,0.0,0.0,0.0
2019-08-22 00:00:00,79.0,94,0.0,0.0,0.0
2019-08-22 01:00:00,78.4,97,0.0,0.0,0.0
2019-08-22 02:00:00,77.8,99,0.0,0.0,0.0
2019-08-22 03:00:00,77.1,100,0.0,0.0,0.0
2019-08-22 04:00:00,76.5,100,0.0,0.0,0.0
2019-08-22 05:00:00,76.0,100,0.0,0.0,0.0
2019-08-22 06:00:00,75.9,100,0.0,0.0,0.0
2019-08-22 07:00:00,75.8,99,0.0,0.01,22.0
2019-08-22 08:00:00,77.0,93,0.0,0.09,136.0
2019-08-22 09:00:00,79.1,79,0.0,0.26,365.0
2019-08-22 10:00:00,81.4,66,0.0,0.42,569.0
2019-08-22 11:00:00,83.7,60,0.0,0.52,694.0
2019-08-22 12:00:00,85.6,58,0.1,0.57,745.0
2019-08-22 13:00:00,86.5,66,0.4,0.53,713.0
2019-08-22 14:00:00,87.4,63,0.2,0.57,751.0
2019-08-22 15:00:00,88.0,64,0.0,0.48,610.0
2019-08-22 16:00:00,86.7,74,0.8,0.32,416.0
2019-08-22 17:00:00,86.0,75,0.0,0.24,315.0
2019-08-22 18:00:00,85.0,79,0.0,0.14,164.0
2019-08-22 19:00:00,85.4,77,0.0,0.07,69.0
2019-08-22 20:00:00,83.9,82,0.1,0.03,1.0
2019-08-22 21:00:00,82.9,85,0.0,0.0,0.0
2019-08-22 22:00:00,81.9,91,0.0,0.0,0.0
2019-08-22 23:00:00,81.1,94,0.0,0.0,0.0
2019-08-23 00:00:00,80.2,97,0.0,0.0,0.0
2019-08-23 01:00:00,79.4,97,0.0,0.0,0.0
2019-08-23 02:00:00,78.7,99,0.0,0.0,0.0
2019-08-23 03:00:00,78.1,100,0.0,0.0,0.0
2019-08-23 04:00:00,77.6,100,0.0,0.0,0.0
2019-08-23 05:00:00,77.2,99,0.0,0.0,0.0
2019-08-23 06:00:00,77.1,100,0.0,0.0,0.0
2019-08-23 07:00:00,77.6,98,0.0,0.01,23.0
2019-08-23 08:00:00,78.6,93,0.3,0.09,134.0
2019-08-23 09:00:00,80.2,86,0.2,0.2,277.0
2019-08-23 10:00:00,81.4,88,0.3,0.23,318.0
2019-08-23 11:00:00,83.0,86,0.5,0.38,508.0
2019-08-23 12:00:00,84.5,83,0.4,0.42,570.0
2019-08-23 13:00:00,86.0,77,0.3,0.51,679.0
2019-08-23 14:00:00,87.4,68,0.1,0.51,669.0
2019-08-23 15:00:00,88.2,63,0.1,0.46,598.0
2019-08-23 16:00:00,88.3,63,0.1,0.38,484.0
2019-08-23 17:00:00,87.8,62,0.0,0.26,322.0
2019-08-23 18:00:00,86.8,69,0.0,0.17,185.0
2019-08-23 19:00:00,85.6,89,0.0,0.04,50.0
2019-08-23 20:00:00,83.8,92,0.0,0.01,1.0
2019-08-23 21:00:00,82.7,93,0.0,0.0,0.0
2019-08-23 22:00:00,81.7,95,0.0,0.0,0.0
2019-08-23 23:00:00,81.0,96,0.0,0.0,0.0
2019-08-24 00:00:00,80.2,96,0.0,0.0,0.0
2019-08-24 01:00:00,79.7,96,0.0,0.0,0.0
2019-08-24 02:00:00,79.3,97,0.0,0.0,0.0
2019-08-24 03:00:00,78.8,98,0.0,0.0,0.0
2019-08-24 04:00:00,78.4,98,0.0,0.0,0.0
2019-08-24 05:00:00,78.1,98,0.0,0.0,0.0
2019-08-24 06:00:00,77.8,98,0.0,0.0,0.0
2019-08-24 07:00:00,78.7,96,0.0,0.01,26.0
2019-08-24 08:00:00,79.5,89,0.0,0.11,161.0
2019-08-24 09:00:00,81.1,82,0.0,0.24,346.0
2019-08-24 10:00:00,83.4,71,0.0,0.43,580.0
2019-08-24 11:00:00,85.6,64,0.0,0.52,688.0
2019-08-24 12:00:00,87.6,58,0.0,0.57,742.0
2019-08-24 13:00:00,89.3,54,0.0,0.61,789.0
2019-08-24 14:00:00,90.7,50,0.0,0.62,794.0
2019-08-24 15:00:00,91.5,49,0.0,0.55,700.0
2019-08-24 16:00:00,91.6,49,0.0,0.46,570.0
2019-08-24 17:00:00,91.0,52,0.0,0.32,372.0
2019-08-24 18:00:00,89.4,60,0.1,0.17,156.0
2019-08-24 19:00:00,89.0,57,0.0,0.11,43.0
2019-08-24 20:00:00,87.4,68,0.0,0.05,1.0
2019-08-24 21:00:00,85.8,73,0.0,0.02,0.0
2019-08-24 22:00:00,84.6,79,0.0,0.03,0.0
2019-08-24 23:00:00,83.5,86,0.0,0.02,0.0
2019-08-25 00:00:00,82.7,92,0.0,0.0,0.0
2019-08-25 01:00:00,82.0,94,0.0,0.0,0.0
2019-08-25 02:00:00,81.2,95,0.0,0.0,0.0
2019-08-25 03:00:00,80.6,96,0.0,0.0,0.0
2019-08-25 04:00:00,80.1,96,0.0,0.0,0.0
2019-08-25 05:00:00,79.5,98,0.0,0.0,0.0
2019-08-25 06:00:00,79.1,96,0.0,0.0,0.0
2019-08-25 07:00:00,79.3,95,0.0,0.02,21.0
2019-08-25 08:00:00,80.1,86,0.0,0.11,159.0
2019-08-25 09:00:00,81.3,78,0.0,0.21,272.0
2019-08-25 10:00:00,82.6,78,0.1,0.27,363.0
2019-08-25 11:00:00,83.9,76,0.0,0.33,439.0
2019-08-25 12:00:00,85.7,70,0.0,0.46,608.0
2019-08-25 13:00:00,87.4,66,0.1,0.5,641.0
2019-08-25 14:00:00,87.8,76,7.2,0.47,664.0
2019-08-25 15:00:00,86.1,82,0.3,0.31,432.0
2019-08-25 16:00:00,85.7,77,0.1,0.27,355.0
2019-08-25 17:00:00,84.8,83,0.2,0.17,227.0
2019-08-25 18:00:00,83.8,87,0.3,0.08,99.0
2019-08-25 19:00:00,82.3,93,0.2,0.03,34.0
2019-08-25 20:00:00,81.1,96,0.6,0.01,0.0
2019-08-25 21:00:00,80.0,99,0.7,0.0,0.0
2019-08-25 22:00:00,79.1,99,0.4,0.0,0.0
2019-08-25 23:00:00,78.5,96,0.1,0.0,0.0
2019-08-26 00:00:00,78.1,95,0.0,0.0,0.0
2019-08-26 01:00:00,77.5,96,0.1,0.0,0.0
2019-08-26 02:00:00,76.9,97,0.3,0.0,0.0
2019-08-26 03:00:00,76.6,99,0.2,0.0,0.0
2019-08-26 04:00:00,76.5,99,0.4,0.0,0.0
2019-08-26 05:00:00,76.4,97,0.2,0.0,0.0
2019-08-26 06:00:00,76.2,97,0.2,0.0,0.0
2019-08-26 07:00:00,76.9,96,0.1,0.02,17.0
2019-08-26 08:00:00,77.1,92,0.0,0.07,96.0
2019-08-26 09:00:00,78.0,85,0.2,0.19,279.0
2019-08-26 10:00:00,78.9,81,0.2,0.24,327.0
2019-08-26 11:00:00,80.1,78,0.0,0.26,339.0
2019-08-26 12:00:00,81.5,73,0.1,0.31,394.0
2019-08-26 13:00:00,82.9,71,0.2,0.37,463.0
2019-08-26 14:00:00,82.8,83,2.6,0.38,549.0
2019-08-26 15:00:00,83.6,79,0.3,0.36,487.0
2019-08-26 16:00:00,82.1,92,6.8,0.18,276.0
2019-08-26 17:00:00,81.1,89,0.1,0.15,215.0
2019-08-26 18:00:00,80.8,90,0.0,0.1,133.0
2019-08-26 19:00:00,80.9,96,0.4,0.03,39.0
2019-08-26 20:00:00,79.6,99,3.4,0.01,0.0
2019-08-26 21:00:00,78.7,97,1.0,0.0,0.0
2019-08-26 22:00:00,78.1,98,0.0,0.0,0.0
2019-08-26 23:00:00,77.6,99,0.0,0.0,0.0
2019-08-27 00:00:00,77.2,99,0.0,0.0,0.0
2019-08-27 01:00:00,76.8,99,0.0,0.0,0.0
2019-08-27 02:00:00,76.6,99,0.0,0.0,0.0
2019-08-27 03:00:00,76.3,100,0.0,0.0,0.0
2019-08-27 04:00:00,76.0,100,0.0,0.0,0.0
2019-08-27 05:00:00,75.6,100,0.0,0.0,0.0
2019-08-27 06:00:00,75.5,100,0.0,0.0,0.0
2019-08-27 07:00:00,76.0,99,0.0,0.01,23.0
2019-08-27 08:00:00,77.0,98,0.0,0.08,127.0
2019-08-27 09:00:00,78.4,94,0.3,0.18,263.0
2019-08-27 10:00:00,79.9,86,0.4,0.27,383.0
2019-08-27 11:00:00,80.5,88,8.5,0.3,445.0
2019-08-27 12:00:00,81.0,88,0.3,0.3,432.0
2019-08-27 13:00:00,80.9,87,3.4,0.26,361.0
2019-08-27 14:00:00,82.2,77,0.0,0.42,579.0
2019-08-27 15:00:00,83.8,70,0.0,0.47,627.0
2019-08-27 16:00:00,84.1,73,0.3,0.38,515.0
2019-08-27 17:00:00,83.3,82,0.0,0.15,177.0
2019-08-27 18:00:00,82.6,84,0.0,0.13,162.0
2019-08-27 19:00:00,82.3,86,0.0,0.05,60.0
2019-08-27 20:00:00,80.9,91,0.0,0.02,0.0
2019-08-27 21:00:00,80.0,93,0.0,0.0,0.0
2019-08-27 22:00:00,79.3,96,0.0,0.0,0.0
2019-08-27 23:00:00,78.7,97,0.0,0.0,0.0
2019-08-28 00:00:00,78.2,97,0.0,0.0,0.0
2019-08-28 01:00:00,77.7,97,0.0,0.0,0.0
2019-08-28 02:00:00,77.4,97,0.0,0.0,0.0
2019-08-28 03:00:00,77.2,96,0.4,0.0,0.0
2019-08-28 04:00:00,76.8,96,0.3,0.0,0.0
2019-08-28 05:00:00,76.6,98,0.0,0.0,0.0
2019-08-28 06:00:00,76.3,98,0.0,0.0,0.0
2019-08-28 07:00:00,75.2,96,0.0,0.02,15.0
2019-08-28 08:00:00,76.6,88,0.0,0.1,155.0
2019-08-28 09:00:00,78.0,82,0.0,0.2,287.0
2019-08-28 10:00:00,79.4,76,0.0,0.27,351.0
2019-08-28 11:00:00,80.7,71,0.1,0.29,359.0
2019-08-28 12:00:00,81.8,68,0.1,0.32,391.0
2019-08-28 13:00:00,83.5,62,0.0,0.47,588.0
2019-08-28 14:00:00,84.7,57,0.0,0.44,522.0
2019-08-28 15:00:00,85.7,53,0.0,0.48,566.0
2019-08-28 16:00:00,86.5,50,0.0,0.46,543.0
2019-08-28 17:00:00,86.7,50,0.0,0.37,409.0
2019-08-28 18:00:00,86.1,58,0.0,0.2,210.0
2019-08-28 19:00:00,85.5,60,0.0,0.11,66.0
2019-08-28 20:00:00,83.8,62,0.0,0.07,0.0
2019-08-28 21:00:00,82.3,64,0.0,0.05,0.0
2019-08-28 22:00:00,81.2,69,0.0,0.04,0.0
2019-08-28 23:00:00,80.2,72,0.0,0.03,0.0
2019-08-29 00:00:00,79.3,76,0.0,0.02,0.0
2019-08-29 01:00:00,78.5,78,0.0,0.01,0.0
2019-08-29 02:00:00,77.7,80,0.0,0.01,0.0
2019-08-29 03:00:00,77.0,79,0.0,0.01,0.0
2019-08-29 04:00:00,76.4,78,0.0,0.02,0.0
2019-08-29 05:00:00,75.8,77,0.0,0.02,0.0
2019-08-29 06:00:00,75.3,75,0.0,0.02,0.0
2019-08-29 07:00:00,74.8,70,0.0,0.05,26.0
2019-08-29 08:00:00,75.7,64,0.0,0.16,190.0
2019-08-29 09:00:00,77.5,57,0.0,0.31,404.0
2019-08-29 10:00:00,79.9,51,0.0,0.46,605.0
2019-08-29 11:00:00,82.3,46,0.0,0.59,759.0
2019-08-29 12:00:00,84.7,41,0.0,0.69,880.0
2019-08-29 13:00:00,86.9,37,0.0,0.73,928.0
2019-08-29 14:00:00,88.5,34,0.0,0.72,909.0
2019-08-29 15:00:00,89.6,32,0.0,0.66,824.0
2019-08-29 16:00:00,90.0,31,0.0,0.56,681.0
2019-08-29 17:00:00,89.5,33,0.0,0.43,491.0
2019-08-29 18:00:00,88.4,47,0.0,0.22,277.0
2019-08-29 19:00:00,86.5,58,0.0,0.09,78.0
2019-08-29 20:00:00,83.9,52,0.0,0.09,0.0
2019-08-29 21:00:00,82.0,48,0.0,0.06,0.0
2019-08-29 22:00:00,80.3,54,0.0,0.04,0.0
2019-08-29 23:00:00,78.8,66,0.0,0.03,0.0
2019-08-30 00:00:00,77.5,70,0.0,0.01,0.0
2019-08-30 01:00:00,76.4,72,0.0,0.01,0.0
2019-08-30 02:00:00,75.5,71,0.0,0.02,0.0
2019-08-30 03:00:00,74.8,72,0.0,0.02,0.0
2019-08-30 04:00:00,74.1,73,0.0,0.02,0.0
2019-08-30 05:00:00,73.5,72,0.0,0.03,0.0
2019-08-30 06:00:00,73.0,70,0.0,0.03,0.0
2019-08-30 07:00:00,73.3,75,0.0,0.04,27.0
2019-08-30 08:00:00,74.5,65,0.0,0.14,192.0
2019-08-30 09:00:00,76.7,62,0.0,0.29,407.0
2019-08-30 10:00:00,79.6,58,0.0,0.44,610.0
2019-08-30 11:00:00,82.5,49,0.0,0.59,775.0
2019-08-30 12:00:00,85.1,44,0.0,0.68,885.0
2019-08-30 13:00:00,87.3,41,0.0,0.71,914.0
2019-08-30 14:00:00,88.9,39,0.0,0.69,888.0
2019-08-30 15:00:00,90.0,37,0.0,0.65,814.0
2019-08-30 16:00:00,90.3,36,0.0,0.56,671.0
2019-08-30 17:00:00,89.8,36,0.0,0.44,478.0
2019-08-30 18:00:00,88.6,42,0.0,0.24,264.0
2019-08-30 19:00:00,86.5,50,0.0,0.1,74.0
2019-08-30 20:00:00,83.9,50,0.0,0.11,0.0
2019-08-30 21:00:00,82.1,50,0.0,0.09,0.0
2019-08-30 22:00:00,80.9,51,0.0,0.09,0.0
2019-08-30 23:00:00,79.8,53,0.0,0.07,0.0
2019-08-31 00:00:00,79.0,56,0.0,0.06,0.0
2019-08-31 01:00:00,78.4,57,0.0,0.06,0.0
2019-08-31 02:00:00,78.0,58,0.0,0.05,0.0
2019-08-31 03:00:00,77.6,61,0.0,0.04,0.0
2019-08-31 04:00:00,77.2,68,0.1,0.04,0.0
2019-08-31 05:00:00,76.9,77,0.0,0.03,0.0
2019-08-31 06:00:00,76.7,86,0.0,0.01,0.0
2019-08-31 07:00:00,78.9,87,0.0,0.03,23.0
2019-08-31 08:00:00,79.7,81,0.0,0.13,167.0
2019-08-31 09:00:00,81.3,72,0.0,0.29,380.0
2019-08-31 10:00:00,83.4,66,0.0,0.41,533.0
2019-08-31 11:00:00,85.3,64,0.1,0.48,620.0
2019-08-31 12:00:00,86.9,64,0.1,0.5,641.0
2019-08-31 13:00:00,87.9,70,0.6,0.52,730.0
2019-08-31 14:00:00,87.3,67,1.2,0.35,416.0
2019-08-31 15:00:00,86.6,64,0.9,0.44,557.0
2019-08-31 16:00:00,86.5,64,0.1,0.31,358.0
2019-08-31 17:00:00,85.7,71,0.0,0.17,177.0
2019-08-31 18:00:00,84.0,79,0.7,0.09,79.0
2019-08-31 19:00:00,85.9,72,0.0,0.1,29.0
2019-08-31 20:00:00,84.3,76,0.0,0.08,0.0
2019-08-31 21:00:00,83.0,80,0.0,0.04,0.0
2019-08-31 22:00:00,82.0,82,0.0,0.03,0.0
2019-08-31 23:00:00,81.1,85,0.0,0.02,0.0
2019-09-01 00:00:00,80.2,88,0.0,0.01,0.0
2019-09-01 01:00:00,79.5,90,0.0,0.01,0.0
2019-09-01 02:00:00,79.1,91,0.0,0.01,0.0
2019-09-01 03:00:00,78.7,92,0.0,0.0,0.0
2019-09-01 04:00:00,78.3,94,0.0,0.0,0.0
2019-09-01 05:00:00,78.1,94,0.0,0.0,0.0
2019-09-01 06:00:00,78.0,93,0.0,0.0,0.0
2019-09-01 07:00:00,79.1,92,0.0,0.02,13.0
2019-09-01 08:00:00,79.5,83,0.0,0.09,92.0
2019-09-01 09:00:00,80.7,74,0.0,0.19,225.0
2019-09-01 10:00:00,82.9,64,0.1,0.39,502.0
2019-09-01 11:00:00,85.2,63,0.1,0.49,642.0
2019-09-01 12:00:00,87.4,59,0.0,0.57,721.0
2019-09-01 13:00:00,89.0,65,0.8,0.57,758.0
2019-09-01 14:00:00,89.1,59,0.2,0.52,646.0
2019-09-01 15:00:00,90.2,55,0.0,0.56,678.0
2019-09-01 16:00:00,90.8,53,0.0,0.48,568.0
2019-09-01 17:00:00,90.3,56,0.0,0.35,368.0
2019-09-01 18:00:00,88.9,67,0.0,0.19,190.0
2019-09-01 19:00:00,85.3,77,0.0,0.07,52.0
2019-09-01 20:00:00,83.6,76,0.0,0.07,0.0
2019-09-01 21:00:00,82.5,76,0.0,0.05,0.0
2019-09-01 22:00:00,81.7,76,0.0,0.05,0.0
2019-09-01 23:00:00,81.1,77,0.0,0.05,0.0
2019-09-02 00:00:00,80.5,80,0.0,0.03,0.0
2019-09-02 01:00:00,80.0,82,0.0,0.02,0.0
2019-09-02 02:00:00,79.4,85,0.0,0.01,0.0
2019-09-02 03:00:00,78.9,88,0.0,0.01,0.0
2019-09-02 04:00:00,78.4,90,0.0,0.0,0.0
2019-09-02 05:00:00,77.9,91,0.0,0.0,0.0
2019-09-02 06:00:00,77.5,91,0.0,0.0,0.0
2019-09-02 07:00:00,78.4,88,0.0,0.03,21.0
2019-09-02 08:00:00,79.1,79,0.0,0.13,173.0
2019-09-02 09:00:00,80.6,72,0.0,0.27,363.0
2019-09-02 10:00:00,82.7,64,0.0,0.39,511.0
2019-09-02 11:00:00,85.1,57,0.0,0.54,693.0
2019-09-02 12:00:00,87.5,50,0.0,0.65,809.0
2019-09-02 13:00:00,89.8,47,0.0,0.71,863.0
2019-09-02 14:00:00,91.4,45,0.0,0.7,830.0
2019-09-02 15:00:00,92.4,43,0.0,0.64,740.0
2019-09-02 16:00:00,92.8,41,0.0,0.56,621.0
2019-09-02 17:00:00,92.5,42,0.0,0.43,435.0
2019-09-02 18:00:00,91.3,45,0.0,0.29,240.0
2019-09-02 19:00:00,89.2,54,0.0,0.1,60.0
2019-09-02 20:00:00,87.0,59,0.0,0.07,0.0
2019-09-02 21:00:00,85.3,61,0.0,0.06,0.0
2019-09-02 22:00:00,84.0,61,0.0,0.08,0.0
2019-09-02 23:00:00,83.0,65,0.0,0.06,0.0
2019-09-03 00:00:00,82.0,69,0.0,0.04,0.0
2019-09-03 01:00:00,81.2,72,0.0,0.04,0.0
2019-09-03 02:00:00,80.5,74,0.0,0.03,0.0
2019-09-03 03:00:00,79.9,76,0.0,0.03,0.0
2019-09-03 04:00:00,79.3,78,0.0,0.02,0.0
2019-09-03 05:00:00,78.8,81,0.0,0.02,0.0
2019-09-03 06:00:00,78.4,84,0.0,0.02,0.0
2019-09-03 07:00:00,77.9,81,0.0,0.04,22.0
2019-09-03 08:00:00,79.1,72,0.0,0.15,179.0
2019-09-03 09:00:00,81.1,63,0.0,0.31,388.0
2019-09-03 10:00:00,83.8,54,0.0,0.47,588.0
2019-09-03 11:00:00,86.5,46,0.0,0.62,750.0
2019-09-03 12:00:00,89.2,42,0.0,0.72,852.0
2019-09-03 13:00:00,91.4,39,0.0,0.76,893.0
2019-09-03 14:00:00,93.2,37,0.0,0.76,874.0
2019-09-03 15:00:00,94.4,35,0.0,0.71,786.0
2019-09-03 16:00:00,94.5,35,0.0,0.57,578.0
2019-09-03 17:00:00,93.9,36,0.0,0.44,408.0
2019-09-03 18:00:00,92.8,38,0.0,0.28,232.0
2019-09-03 19:00:00,90.7,53,0.0,0.08,60.0
2019-09-03 20:00:00,88.2,58,0.0,0.04,0.0
2019-09-03 21:00:00,86.0,64,0.0,0.03,0.0
2019-09-03 22:00:00,84.4,61,0.0,0.05,0.0
2019-09-03 23:00:00,83.2,58,0.0,0.07,0.0
2019-09-04 00:00:00,82.1,60,0.0,0.05,0.0
2019-09-04 01:00:00,81.1,64,0.0,0.04,0.0
2019-09-04 02:00:00,80.2,67,0.0,0.04,0.0
2019-09-04 03:00:00,79.5,68,0.0,0.04,0.0
2019-09-04 04:00:00,78.9,69,0.0,0.04,0.0
2019-09-04 05:00:00,78.4,70,0.0,0.04,0.0
2019-09-04 06:00:00,78.0,71,0.0,0.04,0.0
2019-09-04 07:00:00,77.3,71,0.0,0.06,22.0
2019-09-04 08:00:00,78.7,62,0.0,0.17,183.0
2019-09-04 09:00:00,81.3,55,0.0,0.34,396.0
2019-09-04 10:00:00,84.3,47,0.0,0.52,595.0
2019-09-04 11:00:00,87.3,42,0.0,0.67,754.0
2019-09-04 12:00:00,90.1,37,0.0,0.76,857.0
2019-09-04 13:00:00,92.2,34,0.1,0.76,827.0
2019-09-04 14:00:00,93.6,33,0.1,0.71,749.0
2019-09-04 15:00:00,94.8,31,0.0,0.68,706.0
2019-09-04 16:00:00,95.4,29,0.0,0.62,588.0
2019-09-04 17:00:00,95.1,30,0.0,0.52,423.0
2019-09-04 18:00:00,94.1,33,0.0,0.34,229.0
2019-09-04 19:00:00,92.4,44,0.0,0.12,51.0
2019-09-04 20:00:00,89.9,49,0.0,0.05,0.0
2019-09-04 21:00:00,87.8,54,0.0,0.04,0.0
2019-09-04 22:00:00,86.2,54,0.0,0.07,0.0
2019-09-04 23:00:00,85.2,55,0.0,0.09,0.0
2019-09-05 00:00:00,84.3,56,0.0,0.09,0.0
2019-09-05 01:00:00,83.7,54,0.0,0.11,0.0
2019-09-05 02:00:00,83.1,54,0.0,0.11,0.0
2019-09-05 03:00:00,82.6,55,0.0,0.11,0.0
2019-09-05 04:00:00,82.0,55,0.0,0.11,0.0
2019-09-05 05:00:00,81.5,57,0.0,0.09,0.0
2019-09-05 06:00:00,81.0,60,0.0,0.07,0.0
2019-09-05 07:00:00,79.3,62,0.0,0.07,21.0
2019-09-05 08:00:00,80.5,56,0.0,0.18,178.0
2019-09-05 09:00:00,83.0,50,0.0,0.33,389.0
2019-09-05 10:00:00,86.1,46,0.0,0.5,586.0
2019-09-05 11:00:00,89.3,42,0.0,0.65,746.0
2019-09-05 12:00:00,92.3,37,0.0,0.76,854.0
2019-09-05 13:00:00,94.8,35,0.0,0.82,898.0
2019-09-05 14:00:00,96.5,32,0.0,0.79,819.0
2019-09-05 15:00:00,97.4,31,0.0,0.72,682.0
2019-09-05 16:00:00,97.3,32,0.0,0.6,492.0
2019-09-05 17:00:00,96.6,34,0.0,0.46,324.0
2019-09-05 18:00:00,95.5,34,0.0,0.36,196.0
2019-09-05 19:00:00,93.8,50,0.0,0.18,50.0
2019-09-05 20:00:00,91.9,51,0.0,0.14,0.0
2019-09-05 21:00:00,90.2,53,0.0,0.12,0.0
2019-09-05 22:00:00,88.9,58,0.0,0.11,0.0
2019-09-05 23:00:00,87.8,61,0.0,0.08,0.0
2019-09-06 00:00:00,86.7,63,0.0,0.07,0.0
2019-09-06 01:00:00,85.6,63,0.0,0.06,0.0
2019-09-06 02:00:00,84.3,62,0.0,0.06,0.0
2019-09-06 03:00:00,82.9,60,0.0,0.06,0.0
2019-09-06 04:00:00,81.7,59,0.0,0.06,0.0
2019-09-06 05:00:00,80.5,58,0.0,0.06,0.0
2019-09-06 06:00:00,79.4,58,0.0,0.06,0.0
2019-09-06 07:00:00,76.5,62,0.0,0.06,22.0
2019-09-06 08:00:00,77.7,55,0.0,0.15,184.0
2019-09-06 09:00:00,80.1,50,0.0,0.3,403.0
2019-09-06 10:00:00,83.1,45,0.0,0.46,608.0
2019-09-06 11:00:00,86.4,38,0.0,0.61,773.0
2019-09-06 12:00:00,89.3,33,0.0,0.7,881.0
2019-09-06 13:00:00,91.9,31,0.0,0.75,926.0
2019-09-06 14:00:00,93.7,30,0.0,0.76,903.0
2019-09-06 15:00:00,94.9,29,0.0,0.71,812.0
2019-09-06 16:00:00,95.3,28,0.0,0.61,661.0
2019-09-06 17:00:00,94.9,27,0.0,0.47,466.0
2019-09-06 18:00:00,93.7,29,0.0,0.26,250.0
2019-09-06 19:00:00,91.0,47,0.0,0.1,56.0
2019-09-06 20:00:00,88.0,50,0.0,0.06,0.0
2019-09-06 21:00:00,85.5,55,0.0,0.05,0.0
2019-09-06 22:00:00,83.4,59,0.0,0.04,0.0
2019-09-06 23:00:00,81.6,61,0.0,0.04,0.0
2019-09-07 00:00:00,80.2,56,0.0,0.04,0.0
2019-09-07 01:00:00,79.3,50,0.0,0.08,0.0
2019-09-07 02:00:00,78.6,49,0.0,0.09,0.0
2019-09-07 03:00:00,78.1,51,0.0,0.07,0.0
2019-09-07 04:00:00,77.5,55,0.0,0.05,0.0
2019-09-07 05:00:00,76.7,60,0.0,0.04,0.0
2019-09-07 06:00:00,76.1,67,0.0,0.02,0.0
2019-09-07 07:00:00,73.1,64,0.0,0.04,20.0
2019-09-07 08:00:00,75.3,58,0.0,0.13,179.0
2019-09-07 09:00:00,78.4,53,0.0,0.28,392.0
2019-09-07 10:00:00,82.2,48,0.0,0.45,592.0
2019-09-07 11:00:00,86.1,41,0.0,0.58,755.0
2019-09-07 12:00:00,89.6,37,0.0,0.67,863.0
2019-09-07 13:00:00,92.7,35,0.0,0.71,906.0
2019-09-07 14:00:00,94.9,33,0.0,0.7,881.0
2019-09-07 15:00:00,96.4,32,0.0,0.63,791.0
2019-09-07 16:00:00,97.0,32,0.0,0.52,643.0
2019-09-07 17:00:00,96.6,33,0.0,0.38,450.0
2019-09-07 18:00:00,95.3,37,0.0,0.21,237.0
2019-09-07 19:00:00,93.7,46,0.0,0.07,51.0
2019-09-07 20:00:00,91.0,44,0.0,0.03,0.0
2019-09-07 21:00:00,88.8,55,0.0,0.02,0.0
2019-09-07 22:00:00,86.9,64,0.0,0.03,0.0
2019-09-07 23:00:00,85.5,76,0.0,0.02,0.0
2019-09-08 00:00:00,84.2,81,0.0,0.0,0.0
2019-09-08 01:00:00,83.1,84,0.0,0.0,0.0
2019-09-08 02:00:00,82.2,86,0.0,0.0,0.0
2019-09-08 03:00:00,81.5,87,0.0,0.0,0.0
2019-09-08 04:00:00,80.8,89,0.0,0.0,0.0
2019-09-08 05:00:00,80.2,91,0.0,0.0,0.0
2019-09-08 06:00:00,79.6,92,0.0,0.0,0.0
2019-09-08 07:00:00,78.9,89,0.0,0.01,19.0
2019-09-08 08:00:00,80.6,72,0.0,0.11,172.0
2019-09-08 09:00:00,83.7,56,0.0,0.27,381.0
2019-09-08 10:00:00,87.4,44,0.0,0.43,578.0
2019-09-08 11:00:00,91.0,40,0.0,0.54,692.0
2019-09-08 12:00:00,94.1,37,0.0,0.61,764.0
2019-09-08 13:00:00,96.7,34,0.0,0.66,812.0
2019-09-08 14:00:00,98.3,33,0.0,0.63,748.0
2019-09-08 15:00:00,99.0,34,0.0,0.56,615.0
2019-09-08 16:00:00,98.8,36,0.0,0.49,514.0
2019-09-08 17:00:00,98.2,38,0.0,0.36,374.0
2019-09-08 18:00:00,96.6,42,0.0,0.24,195.0
2019-09-08 19:00:00,95.2,53,0.0,0.14,43.0
2019-09-08 20:00:00,92.8,70,0.0,0.06,0.0
2019-09-08 21:00:00,90.8,78,0.0,0.04,0.0
2019-09-08 22:00:00,89.1,85,0.0,0.01,0.0
2019-09-08 23:00:00,87.6,91,0.0,0.0,0.0
2019-09-09 00:00:00,86.5,95,0.0,0.0,0.0
2019-09-09 01:00:00,85.4,96,0.0,0.0,0.0
2019-09-09 02:00:00,84.6,97,0.0,0.0,0.0
2019-09-09 03:00:00,83.8,98,0.0,0.0,0.0
2019-09-09 04:00:00,83.2,98,0.0,0.0,0.0
2019-09-09 05:00:00,82.7,99,0.0,0.0,0.0
2019-09-09 06:00:00,82.2,99,0.0,0.0,0.0
2019-09-09 07:00:00,81.0,94,0.0,0.01,16.0
2019-09-09 08:00:00,82.5,80,0.0,0.1,143.0
2019-09-09 09:00:00,85.1,54,0.0,0.26,328.0
2019-09-09 10:00:00,88.5,44,0.0,0.48,577.0
2019-09-09 11:00:00,91.9,41,0.0,0.6,737.0
2019-09-09 12:00:00,94.8,38,0.0,0.69,834.0
2019-09-09 13:00:00,97.1,35,0.0,0.71,832.0
2019-09-09 14:00:00,98.6,32,0.0,0.65,745.0
2019-09-09 15:00:00,99.5,31,0.0,0.57,667.0
2019-09-09 16:00:00,99.1,32,0.0,0.44,453.0
2019-09-09 17:00:00,98.2,35,0.0,0.35,325.0
2019-09-09 18:00:00,96.5,41,0.0,0.25,160.0
2019-09-09 19:00:00,94.5,49,0.0,0.13,35.0
2019-09-09 20:00:00,92.0,69,0.0,0.05,0.0
2019-09-09 21:00:00,90.0,72,0.0,0.03,0.0
2019-09-09 22:00:00,88.1,76,0.0,0.0,0.0
2019-09-09 23:00:00,86.5,81,0.0,0.0,0.0
2019-09-10 00:00:00,85.0,78,0.0,0.0,0.0
2019-09-10 01:00:00,83.8,81,0.0,0.0,0.0
2019-09-10 02:00:00,82.9,85,0.0,0.0,0.0
2019-09-10 03:00:00,81.9,83,0.0,0.0,0.0
2019-09-10 04:00:00,81.0,87,0.0,0.0,0.0
2019-09-10 05:00:00,80.3,91,0.0,0.0,0.0
2019-09-10 06:00:00,79.7,95,0.0,0.0,0.0
2019-09-10 07:00:00,77.7,86,0.0,0.01,18.0
2019-09-10 08:00:00,79.5,73,0.0,0.11,152.0
2019-09-10 09:00:00,82.8,57,0.0,0.28,366.0
2019-09-10 10:00:00,86.6,50,0.0,0.44,572.0
2019-09-10 11:00:00,90.6,41,0.0,0.59,737.0
2019-09-10 12:00:00,93.5,36,0.0,0.62,723.0
2019-09-10 13:00:00,95.9,35,0.0,0.68,778.0
2019-09-10 14:00:00,97.4,34,0.0,0.66,729.0
2019-09-10 15:00:00,98.4,34,0.0,0.62,668.0
2019-09-10 16:00:00,98.5,35,0.0,0.5,528.0
2019-09-10 17:00:00,97.9,37,0.0,0.37,372.0
2019-09-10 18:00:00,96.3,46,0.0,0.25,184.0
2019-09-10 19:00:00,93.9,60,0.0,0.06,35.0
2019-09-10 20:00:00,91.4,65,0.0,0.01,0.0
2019-09-10 21:00:00,89.4,71,0.0,0.01,0.0
2019-09-10 22:00:00,87.8,74,0.0,0.0,0.0
2019-09-10 23:00:00,86.4,77,0.0,0.0,0.0
2019-09-11 00:00:00,85.2,79,0.0,0.0,0.0
2019-09-11 01:00:00,84.2,84,0.0,0.0,0.0
2019-09-11 02:00:00,83.2,81,0.0,0.0,0.0
2019-09-11 03:00:00,82.3,82,0.0,0.0,0.0
2019-09-11 04:00:00,81.6,90,0.0,0.0,0.0
2019-09-11 05:00:00,81.0,94,0.0,0.0,0.0
2019-09-11 06:00:00,80.4,92,0.0,0.0,0.0
2019-09-11 07:00:00,79.8,85,0.0,0.02,16.0
2019-09-11 08:00:00,81.2,74,0.0,0.13,165.0
2019-09-11 09:00:00,83.8,61,0.0,0.29,375.0
2019-09-11 10:00:00,87.0,52,0.0,0.46,575.0
2019-09-11 11:00:00,90.2,44,0.0,0.59,730.0
2019-09-11 12:00:00,93.2,39,0.0,0.67,810.0
2019-09-11 13:00:00,95.8,36,0.0,0.72,854.0
2019-09-11 14:00:00,97.8,34,0.0,0.71,830.0
2019-09-11 15:00:00,99.0,32,0.0,0.65,721.0
2019-09-11 16:00:00,99.1,30,0.0,0.53,557.0
2019-09-11 17:00:00,98.4,26,0.0,0.38,354.0
2019-09-11 18:00:00,97.0,26,0.0,0.28,157.0
2019-09-11 19:00:00,93.9,37,0.0,0.16,31.0
2019-09-11 20:00:00,91.5,41,0.0,0.08,0.0
2019-09-11 21:00:00,89.4,44,0.0,0.08,0.0
2019-09-11 22:00:00,88.0,47,0.0,0.1,0.0
2019-09-11 23:00:00,86.8,50,0.0,0.08,0.0
2019-09-12 00:00:00,85.7,54,0.0,0.06,0.0
2019-09-12 01:00:00,84.6,58,0.0,0.05,0.0
2019-09-12 02:00:00,83.5,63,0.0,0.04,0.0
2019-09-12 03:00:00,82.5,67,0.0,0.03,0.0
2019-09-12 04:00:00,81.6,69,0.0,0.02,0.0
2019-09-12 05:00:00,80.7,73,0.0,0.01,0.0
2019-09-12 06:00:00,80.0,75,0.0,0.01,0.0
2019-09-12 07:00:00,79.3,75,0.0,0.03,17.0
2019-09-12 08:00:00,80.7,68,0.0,0.13,168.0
2019-09-12 09:00:00,83.1,59,0.0,0.3,376.0
2019-09-12 10:00:00,86.2,46,0.0,0.48,578.0
2019-09-12 11:00:00,89.4,38,0.0,0.63,739.0
2019-09-12 12:00:00,92.2,33,0.0,0.73,823.0
2019-09-12 13:00:00,94.6,32,0.0,0.76,844.0
2019-09-12 14:00:00,96.3,30,0.0,0.76,811.0
2019-09-12 15:00:00,97.4,28,0.0,0.7,716.0
2019-09-12 16:00:00,98.0,27,0.0,0.61,593.0
2019-09-12 17:00:00,97.6,26,0.0,0.47,403.0
2019-09-12 18:00:00,96.4,28,0.0,0.3,196.0
2019-09-12 19:00:00,94.6,36,0.0,0.08,36.0
2019-09-12 20:00:00,91.8,39,0.0,0.07,0.0
2019-09-12 21:00:00,89.5,41,0.0,0.08,0.0
2019-09-12 22:00:00,87.7,49,0.0,0.05,0.0
2019-09-12 23:00:00,86.1,55,0.0,0.05,0.0
2019-09-13 00:00:00,84.9,57,0.0,0.06,0.0
2019-09-13 01:00:00,83.9,62,0.0,0.04,0.0
2019-09-13 02:00:00,82.8,68,0.0,0.02,0.0
2019-09-13 03:00:00,81.6,74,0.0,0.01,0.0
2019-09-13 04:00:00,80.6,77,0.0,0.01,0.0
2019-09-13 05:00:00,79.8,80,0.0,0.01,0.0
2019-09-13 06:00:00,79.1,81,0.0,0.01,0.0
2019-09-13 07:00:00,77.7,81,0.0,0.03,16.0
2019-09-13 08:00:00,79.2,74,0.0,0.13,170.0
2019-09-13 09:00:00,81.7,66,0.0,0.28,381.0
2019-09-13 10:00:00,84.8,53,0.0,0.45,577.0
2019-09-13 11:00:00,88.1,43,0.0,0.59,722.0
2019-09-13 12:00:00,91.1,37,0.0,0.7,838.0
2019-09-13 13:00:00,93.9,32,0.0,0.75,880.0
2019-09-13 14:00:00,95.8,30,0.0,0.72,806.0
2019-09-13 15:00:00,97.1,28,0.0,0.67,726.0
2019-09-13 16:00:00,97.6,25,0.0,0.59,600.0
2019-09-13 17:00:00,97.2,24,0.0,0.48,411.0
2019-09-13 18:00:00,95.8,26,0.0,0.33,198.0
2019-09-13 19:00:00,93.7,40,0.0,0.15,36.0
2019-09-13 20:00:00,91.2,43,0.0,0.1,0.0
2019-09-13 21:00:00,89.2,44,0.0,0.11,0.0
2019-09-13 22:00:00,87.6,44,0.0,0.14,0.0
2019-09-13 23:00:00,86.4,46,0.0,0.13,0.0
2019-09-14 00:00:00,85.2,51,0.0,0.1,0.0
2019-09-14 01:00:00,84.0,55,0.0,0.08,0.0
2019-09-14 02:00:00,82.9,62,0.0,0.05,0.0
2019-09-14 03:00:00,81.8,68,0.0,0.03,0.0
2019-09-14 04:00:00,80.9,72,0.0,0.04,0.0
2019-09-14 05:00:00,80.2,76,0.0,0.04,0.0
2019-09-14 06:00:00,79.6,79,0.0,0.04,0.0
2019-09-14 07:00:00,79.0,80,0.0,0.04,15.0
2019-09-14 08:00:00,80.1,74,0.0,0.14,162.0
2019-09-14 09:00:00,82.1,66,0.0,0.3,370.0
2019-09-14 10:00:00,84.8,54,0.0,0.45,551.0
2019-09-14 11:00:00,87.9,45,0.0,0.59,703.0
2019-09-14 12:00:00,91.0,40,0.0,0.71,830.0
2019-09-14 13:00:00,93.7,36,0.0,0.76,867.0
2019-09-14 14:00:00,95.7,31,0.0,0.77,829.0
2019-09-14 15:00:00,97.1,30,0.0,0.74,737.0
2019-09-14 16:00:00,96.8,42,0.1,0.57,581.0
2019-09-14 17:00:00,95.7,45,0.0,0.39,313.0
2019-09-14 18:00:00,94.2,47,0.0,0.28,150.0
2019-09-14 19:00:00,92.1,51,0.0,0.16,22.0
2019-09-14 20:00:00,90.4,54,0.0,0.12,0.0
2019-09-14 21:00:00,88.9,58,0.0,0.12,0.0
2019-09-14 22:00:00,87.6,62,0.0,0.11,0.0
2019-09-14 23:00:00,86.5,63,0.0,0.09,0.0
2019-09-15 00:00:00,85.4,66,0.0,0.07,0.0
2019-09-15 01:00:00,84.3,71,0.0,0.06,0.0
2019-09-15 02:00:00,83.3,75,0.0,0.04,0.0
2019-09-15 03:00:00,82.5,77,0.0,0.03,0.0
2019-09-15 04:00:00,81.8,80,0.0,0.03,0.0
2019-09-15 05:00:00,81.1,83,0.0,0.02,0.0
2019-09-15 06:00:00,80.5,84,0.0,0.02,0.0
2019-09-15 07:00:00,80.2,84,0.0,0.03,12.0
2019-09-15 08:00:00,81.0,77,0.0,0.13,153.0
2019-09-15 09:00:00,82.8,66,0.0,0.29,365.0
2019-09-15 10:00:00,85.5,55,0.0,0.46,565.0
2019-09-15 11:00:00,88.5,46,0.0,0.6,719.0
2019-09-15 12:00:00,91.5,41,0.0,0.69,815.0
2019-09-15 13:00:00,94.1,38,0.0,0.74,841.0
2019-09-15 14:00:00,96.3,35,0.0,0.75,820.0
2019-09-15 15:00:00,97.2,36,0.0,0.62,650.0
2019-09-15 16:00:00,97.5,35,0.0,0.54,542.0
2019-09-15 17:00:00,97.2,35,0.0,0.42,389.0
2019-09-15 18:00:00,95.9,36,0.0,0.27,196.0
2019-09-15 19:00:00,91.9,51,0.0,0.11,25.0
2019-09-15 20:00:00,90.1,52,0.0,0.07,0.0
2019-09-15 21:00:00,88.5,53,0.0,0.06,0.0
2019-09-15 22:00:00,87.1,53,0.0,0.06,0.0
2019-09-15 23:00:00,85.7,57,0.0,0.04,0.0
2019-09-16 00:00:00,84.6,60,0.0,0.03,0.0
2019-09-16 01:00:00,83.5,61,0.0,0.05,0.0
2019-09-16 02:00:00,82.7,61,0.0,0.04,0.0
2019-09-16 03:00:00,81.9,63,0.0,0.02,0.0
2019-09-16 04:00:00,81.1,66,0.0,0.02,0.0
2019-09-16 05:00:00,80.2,69,0.0,0.01,0.0
2019-09-16 06:00:00,79.5,71,0.0,0.01,0.0
2019-09-16 07:00:00,78.2,70,0.0,0.04,14.0
2019-09-16 08:00:00,79.8,62,0.0,0.12,156.0
2019-09-16 09:00:00,82.8,56,0.0,0.28,364.0
2019-09-16 10:00:00,85.9,49,0.0,0.42,513.0
2019-09-16 11:00:00,89.2,44,0.0,0.54,642.0
2019-09-16 12:00:00,92.0,39,0.0,0.63,743.0
2019-09-16 13:00:00,94.6,35,0.0,0.69,809.0
2019-09-16 14:00:00,96.2,34,0.0,0.6,677.0
2019-09-16 15:00:00,97.4,30,0.0,0.61,667.0
2019-09-16 16:00:00,97.7,29,0.0,0.51,512.0
2019-09-16 17:00:00,97.3,29,0.0,0.41,392.0
2019-09-16 18:00:00,95.9,31,0.0,0.23,196.0
2019-09-16 19:00:00,93.2,43,0.0,0.1,31.0
2019-09-16 20:00:00,90.4,45,0.0,0.07,0.0
2019-09-16 21:00:00,88.1,50,0.0,0.07,0.0
2019-09-16 22:00:00,86.3,50,0.0,0.04,0.0
2019-09-16 23:00:00,84.8,57,0.0,0.03,0.0
2019-09-17 00:00:00,83.8,76,0.0,0.02,0.0
2019-09-17 01:00:00,82.8,83,0.0,0.01,0.0
2019-09-17 02:00:00,82.1,85,0.0,0.01,0.0
2019-09-17 03:00:00,81.4,87,0.0,0.0,0.0
2019-09-17 04:00:00,80.6,90,0.0,0.0,0.0
2019-09-17 05:00:00,79.8,91,0.0,0.0,0.0
2019-09-17 06:00:00,79.1,92,0.0,0.0,0.0
2019-09-17 07:00:00,76.6,85,0.0,0.02,14.0
2019-09-17 08:00:00,78.4,71,0.0,0.12,160.0
2019-09-17 09:00:00,81.8,55,0.0,0.27,371.0
2019-09-17 10:00:00,85.8,40,0.0,0.45,569.0
2019-09-17 11:00:00,90.1,32,0.0,0.59,728.0
2019-09-17 12:00:00,93.7,29,0.0,0.66,797.0
2019-09-17 13:00:00,96.4,27,0.0,0.65,771.0
2019-09-17 14:00:00,98.4,26,0.0,0.64,773.0
2019-09-17 15:00:00,99.7,25,0.0,0.56,680.0
2019-09-17 16:00:00,99.9,25,0.0,0.46,523.0
2019-09-17 17:00:00,99.1,25,0.0,0.34,362.0
2019-09-17 18:00:00,97.5,28,0.0,0.18,176.0
2019-09-17 19:00:00,95.6,35,0.0,0.15,25.0
2019-09-17 20:00:00,93.2,46,0.0,0.13,0.0
2019-09-17 21:00:00,91.1,50,0.0,0.1,0.0
2019-09-17 22:00:00,89.4,53,0.0,0.09,0.0
2019-09-17 23:00:00,88.0,54,0.0,0.09,0.0
2019-09-18 00:00:00,86.8,52,0.0,0.1,0.0
2019-09-18 01:00:00,85.7,52,0.0,0.1,0.0
2019-09-18 02:00:00,84.7,54,0.0,0.09,0.0
2019-09-18 03:00:00,83.8,56,0.0,0.08,0.0
2019-09-18 04:00:00,83.0,57,0.0,0.07,0.0
2019-09-18 05:00:00,82.3,59,0.0,0.06,0.0
2019-09-18 06:00:00,81.6,62,0.0,0.05,0.0
2019-09-18 07:00:00,80.2,63,0.0,0.06,13.0
2019-09-18 08:00:00,81.7,53,0.0,0.14,158.0
2019-09-18 09:00:00,84.6,45,0.0,0.29,368.0
2019-09-18 10:00:00,88.3,39,0.0,0.44,566.0
2019-09-18 11:00:00,92.6,33,0.0,0.57,723.0
2019-09-18 12:00:00,96.5,27,0.0,0.68,828.0
2019-09-18 13:00:00,98.2,26,0.0,0.55,575.0
2019-09-18 14:00:00,99.4,26,0.0,0.58,585.0
2019-09-18 15:00:00,100.0,27,0.0,0.52,507.0
2019-09-18 16:00:00,99.6,29,0.0,0.39,357.0
2019-09-18 17:00:00,98.8,30,0.0,0.31,256.0
2019-09-18 18:00:00,97.5,31,0.0,0.21,140.0
2019-09-18 19:00:00,96.9,32,0.0,0.11,20.0
2019-09-18 20:00:00,94.6,37,0.0,0.15,0.0
2019-09-18 21:00:00,92.2,56,0.0,0.1,0.0
2019-09-18 22:00:00,90.1,61,0.0,0.09,0.0
2019-09-18 23:00:00,88.5,68,0.0,0.07,0.0
2019-09-19 00:00:00,87.2,73,0.0,0.06,0.0
2019-09-19 01:00:00,86.1,76,0.0,0.05,0.0
2019-09-19 02:00:00,85.0,79,0.2,0.04,0.0
2019-09-19 03:00:00,83.9,82,0.1,0.03,0.0
2019-09-19 04:00:00,82.9,82,0.2,0.03,0.0
2019-09-19 05:00:00,81.8,84,0.2,0.03,0.0
2019-09-19 06:00:00,80.9,84,0.1,0.03,0.0
2019-09-19 07:00:00,81.2,71,0.3,0.08,9.0
2019-09-19 08:00:00,81.6,62,0.0,0.16,128.0
2019-09-19 09:00:00,82.9,56,0.0,0.28,299.0
2019-09-19 10:00:00,84.8,50,0.0,0.41,462.0
2019-09-19 11:00:00,87.4,44,0.0,0.56,658.0
2019-09-19 12:00:00,90.2,39,0.0,0.67,785.0
2019-09-19 13:00:00,90.5,41,0.0,0.44,386.0
2019-09-19 14:00:00,92.2,36,0.0,0.58,637.0
2019-09-19 15:00:00,93.6,33,0.0,0.58,610.0
2019-09-19 16:00:00,94.5,32,0.0,0.55,593.0
2019-09-19 17:00:00,94.1,28,0.0,0.44,404.0
2019-09-19 18:00:00,92.7,26,0.0,0.31,187.0
2019-09-19 19:00:00,90.1,31,0.0,0.17,24.0
2019-09-19 20:00:00,88.1,28,0.0,0.18,0.0
2019-09-19 21:00:00,86.2,27,0.0,0.17,0.0
2019-09-19 22:00:00,84.4,28,0.0,0.14,0.0
2019-09-19 23:00:00,82.9,29,0.0,0.15,0.0
2019-09-20 00:00:00,81.7,30,0.0,0.14,0.0
2019-09-20 01:00:00,80.6,43,0.0,0.1,0.0
2019-09-20 02:00:00,79.7,60,0.0,0.06,0.0
2019-09-20 03:00:00,78.9,64,0.0,0.06,0.0
2019-09-20 04:00:00,78.4,62,0.0,0.07,0.0
2019-09-20 05:00:00,77.8,61,0.0,0.07,0.0
2019-09-20 06:00:00,77.4,62,0.0,0.07,0.0
2019-09-20 07:00:00,75.4,63,0.0,0.08,11.0
2019-09-20 08:00:00,76.3,60,0.0,0.16,141.0
2019-09-20 09:00:00,78.3,56,0.0,0.29,367.0
2019-09-20 10:00:00,81.1,51,0.0,0.44,569.0
2019-09-20 11:00:00,84.2,47,0.0,0.56,725.0
2019-09-20 12:00:00,87.1,39,0.0,0.66,796.0
2019-09-20 13:00:00,88.8,38,0.0,0.58,633.0
2019-09-20 14:00:00,90.1,34,0.0,0.56,583.0
2019-09-20 15:00:00,90.4,36,0.0,0.43,386.0
2019-09-20 16:00:00,89.9,39,0.0,0.33,242.0
2019-09-20 17:00:00,89.6,38,0.0,0.32,234.0
2019-09-20 18:00:00,88.7,39,0.0,0.22,124.0
2019-09-20 19:00:00,87.5,40,0.0,0.13,18.0
2019-09-20 20:00:00,86.0,41,0.0,0.12,0.0
2019-09-20 21:00:00,84.7,45,0.0,0.14,0.0
2019-09-20 22:00:00,83.7,52,0.0,0.12,0.0
2019-09-20 23:00:00,82.6,58,0.0,0.09,0.0
2019-09-21 00:00:00,81.5,64,0.0,0.07,0.0
2019-09-21 01:00:00,80.5,70,0.0,0.05,0.0
2019-09-21 02:00:00,79.6,74,0.0,0.03,0.0
2019-09-21 03:00:00,78.7,78,0.0,0.02,0.0
2019-09-21 04:00:00,78.0,82,0.0,0.02,0.0
2019-09-21 05:00:00,77.3,85,0.0,0.01,0.0
2019-09-21 06:00:00,76.6,87,0.0,0.01,0.0
2019-09-21 07:00:00,75.6,83,0.0,0.03,12.0
2019-09-21 08:00:00,76.7,72,0.0,0.13,153.0
2019-09-21 09:00:00,79.0,62,0.0,0.29,365.0
2019-09-21 10:00:00,81.9,52,0.0,0.45,565.0
2019-09-21 11:00:00,84.4,43,0.0,0.5,577.0
2019-09-21 12:00:00,86.0,37,0.0,0.46,463.0
2019-09-21 13:00:00,87.9,34,0.0,0.52,533.0
2019-09-21 14:00:00,89.8,31,0.0,0.58,626.0
2019-09-21 15:00:00,91.6,28,0.0,0.62,686.0
2019-09-21 16:00:00,92.5,28,0.0,0.54,575.0
2019-09-21 17:00:00,92.0,35,0.0,0.42,372.0
2019-09-21 18:00:00,90.4,37,0.0,0.26,162.0
2019-09-21 19:00:00,89.6,39,0.0,0.1,20.0
2019-09-21 20:00:00,87.3,41,0.0,0.1,0.0
2019-09-21 21:00:00,85.5,43,0.0,0.09,0.0
2019-09-21 22:00:00,83.8,43,0.0,0.08,0.0
2019-09-21 23:00:00,82.6,45,0.0,0.1,0.0
2019-09-22 00:00:00,81.5,54,0.0,0.09,0.0
2019-09-22 01:00:00,80.4,61,0.0,0.06,0.0
2019-09-22 02:00:00,79.3,66,0.0,0.04,0.0
2019-09-22 03:00:00,78.2,71,0.0,0.03,0.0
2019-09-22 04:00:00,77.2,73,0.0,0.02,0.0
2019-09-22 05:00:00,76.2,75,0.0,0.02,0.0
2019-09-22 06:00:00,75.2,77,0.0,0.01,0.0
2019-09-22 07:00:00,73.7,79,0.0,0.02,12.0
2019-09-22 08:00:00,74.9,69,0.0,0.11,157.0
2019-09-22 09:00:00,77.6,59,0.0,0.27,370.0
2019-09-22 10:00:00,81.0,48,0.0,0.44,568.0
2019-09-22 11:00:00,83.9,43,0.0,0.51,635.0
2019-09-22 12:00:00,87.0,38,0.0,0.6,751.0
2019-09-22 13:00:00,90.0,33,0.0,0.69,871.0
2019-09-22 14:00:00,92.4,31,0.0,0.68,846.0
2019-09-22 15:00:00,93.8,31,0.0,0.61,748.0
2019-09-22 16:00:00,94.4,32,0.0,0.49,592.0
2019-09-22 17:00:00,93.8,32,0.0,0.35,393.0
2019-09-22 18:00:00,92.3,34,0.0,0.17,178.0
2019-09-22 19:00:00,90.0,43,0.0,0.06,19.0
2019-09-22 20:00:00,87.8,44,0.0,0.07,0.0
2019-09-22 21:00:00,86.4,45,0.0,0.09,0.0
2019-09-22 22:00:00,85.1,49,0.0,0.03,0.0
2019-09-22 23:00:00,83.7,58,0.0,0.02,0.0
2019-09-23 00:00:00,82.1,64,0.0,0.02,0.0
2019-09-23 01:00:00,80.9,69,0.0,0.02,0.0
2019-09-23 02:00:00,79.7,72,0.0,0.01,0.0
2019-09-23 03:00:00,78.4,77,0.0,0.0,0.0
2019-09-23 04:00:00,77.4,82,0.0,0.0,0.0
2019-09-23 05:00:00,76.5,87,0.0,0.0,0.0
2019-09-23 06:00:00,75.7,83,0.0,0.0,0.0
2019-09-23 07:00:00,71.8,83,0.0,0.0,11.0
2019-09-23 08:00:00,73.8,68,0.0,0.09,152.0
2019-09-23 09:00:00,77.4,56,0.0,0.24,364.0
2019-09-23 10:00:00,81.6,46,0.0,0.41,564.0
2019-09-23 11:00:00,85.3,40,0.0,0.52,658.0
2019-09-23 12:00:00,88.6,35,0.0,0.58,726.0
2019-09-23 13:00:00,91.3,33,0.0,0.59,727.0
2019-09-23 14:00:00,93.6,31,0.0,0.6,742.0
2019-09-23 15:00:00,95.1,30,0.0,0.58,711.0
2019-09-23 16:00:00,95.7,29,0.0,0.48,583.0
2019-09-23 17:00:00,95.1,29,0.0,0.34,386.0
2019-09-23 18:00:00,93.3,31,0.0,0.23,172.0
2019-09-23 19:00:00,90.9,39,0.0,0.07,18.0
2019-09-23 20:00:00,88.1,44,0.0,0.07,0.0
2019-09-23 21:00:00,85.7,47,0.0,0.05,0.0
2019-09-23 22:00:00,83.8,52,0.0,0.05,0.0
2019-09-23 23:00:00,82.3,67,0.0,0.03,0.0
2019-09-24 00:00:00,80.9,77,0.0,0.02,0.0
2019-09-24 01:00:00,79.7,80,0.0,0.01,0.0
2019-09-24 02:00:00,78.6,80,0.0,0.01,0.0
2019-09-24 03:00:00,77.7,81,0.0,0.02,0.0
2019-09-24 04:00:00,77.1,81,0.0,0.02,0.0
2019-09-24 05:00:00,76.6,83,0.0,0.01,0.0
2019-09-24 06:00:00,76.0,85,0.0,0.01,0.0
2019-09-24 07:00:00,72.6,78,0.0,0.03,10.0
2019-09-24 08:00:00,74.5,65,0.0,0.12,151.0
2019-09-24 09:00:00,77.8,52,0.0,0.28,360.0
2019-09-24 10:00:00,82.2,44,0.0,0.43,557.0
2019-09-24 11:00:00,86.9,39,0.0,0.58,714.0
2019-09-24 12:00:00,91.1,33,0.0,0.67,815.0
2019-09-24 13:00:00,93.7,31,0.0,0.57,650.0
2019-09-24 14:00:00,95.1,31,0.0,0.5,529.0
2019-09-24 15:00:00,95.6,31,0.0,0.41,415.0
2019-09-24 16:00:00,96.2,30,0.0,0.37,396.0
2019-09-24 17:00:00,95.4,31,0.0,0.27,206.0
2019-09-24 18:00:00,94.0,38,0.0,0.21,97.0
2019-09-24 19:00:00,93.0,41,0.0,0.06,11.0
2019-09-24 20:00:00,90.9,50,0.0,0.1,0.0
2019-09-24 21:00:00,89.1,61,0.0,0.08,0.0
2019-09-24 22:00:00,87.4,64,0.0,0.05,0.0
2019-09-24 23:00:00,86.1,66,0.0,0.05,0.0
2019-09-25 00:00:00,85.0,66,0.0,0.05,0.0
2019-09-25 01:00:00,83.9,68,0.0,0.04,0.0
2019-09-25 02:00:00,83.0,70,0.0,0.03,0.0
2019-09-25 03:00:00,82.2,70,0.0,0.03,0.0
2019-09-25 04:00:00,81.6,70,0.0,0.03,0.0
2019-09-25 05:00:00,81.1,71,0.0,0.03,0.0
2019-09-25 06:00:00,80.5,74,0.0,0.03,0.0
2019-09-25 07:00:00,78.4,77,0.0,0.03,9.0
2019-09-25 08:00:00,79.7,68,0.0,0.1,139.0
2019-09-25 09:00:00,82.5,54,0.0,0.26,339.0
2019-09-25 10:00:00,86.2,41,0.0,0.42,533.0
2019-09-25 11:00:00,90.1,37,0.0,0.56,690.0
2019-09-25 12:00:00,93.2,36,0.0,0.58,689.0
2019-09-25 13:00:00,96.0,33,0.0,0.63,737.0
2019-09-25 14:00:00,98.4,31,0.0,0.67,787.0
2019-09-25 15:00:00,99.8,29,0.0,0.58,675.0
2019-09-25 16:00:00,100.2,29,0.0,0.48,535.0
2019-09-25 17:00:00,99.4,27,0.0,0.35,338.0
2019-09-25 18:00:00,97.6,27,0.0,0.21,151.0
2019-09-25 19:00:00,95.2,31,0.0,0.12,14.0
2019-09-25 20:00:00,92.8,37,0.0,0.05,0.0
2019-09-25 21:00:00,90.4,49,0.0,0.05,0.0
2019-09-25 22:00:00,88.6,51,0.0,0.04,0.0
2019-09-25 23:00:00,86.9,54,0.0,0.03,0.0
2019-09-26 00:00:00,85.5,65,0.0,0.03,0.0
2019-09-26 01:00:00,84.4,73,0.0,0.02,0.0
2019-09-26 02:00:00,83.4,75,0.0,0.02,0.0
2019-09-26 03:00:00,82.5,71,0.0,0.02,0.0
2019-09-26 04:00:00,81.8,70,0.0,0.01,0.0
2019-09-26 05:00:00,81.0,69,0.0,0.01,0.0
2019-09-26 06:00:00,80.2,70,0.0,0.02,0.0
2019-09-26 07:00:00,79.0,73,0.0,0.04,9.0
2019-09-26 08:00:00,80.3,66,0.0,0.12,136.0
2019-09-26 09:00:00,83.3,56,0.0,0.27,342.0
2019-09-26 10:00:00,87.2,46,0.0,0.43,539.0
2019-09-26 11:00:00,91.5,34,0.0,0.56,702.0
2019-09-26 12:00:00,95.0,30,0.0,0.54,685.0
2019-09-26 13:00:00,98.1,28,0.0,0.59,735.0
2019-09-26 14:00:00,100.7,26,0.0,0.61,764.0
2019-09-26 15:00:00,102.1,25,0.0,0.55,665.0
2019-09-26 16:00:00,102.2,25,0.0,0.42,493.0
2019-09-26 17:00:00,101.5,24,0.0,0.29,321.0
2019-09-26 18:00:00,99.3,37,0.0,0.22,110.0
2019-09-26 19:00:00,97.0,60,0.0,0.11,10.0
2019-09-26 20:00:00,94.0,60,0.0,0.09,0.0
2019-09-26 21:00:00,91.8,62,0.0,0.07,0.0
2019-09-26 22:00:00,90.1,66,0.0,0.05,0.0
2019-09-26 23:00:00,88.5,71,0.0,0.04,0.0
2019-09-27 00:00:00,87.4,75,0.0,0.03,0.0
2019-09-27 01:00:00,86.3,78,0.0,0.02,0.0
2019-09-27 02:00:00,85.4,81,0.0,0.02,0.0
2019-09-27 03:00:00,84.6,84,0.0,0.01,0.0
2019-09-27 04:00:00,83.8,85,0.0,0.01,0.0
2019-09-27 05:00:00,83.3,86,0.0,0.01,0.0
2019-09-27 06:00:00,82.9,86,0.0,0.01,0.0
2019-09-27 07:00:00,81.1,83,0.0,0.03,7.0
2019-09-27 08:00:00,82.3,70,0.0,0.12,131.0
2019-09-27 09:00:00,84.9,59,0.0,0.26,323.0
2019-09-27 10:00:00,88.6,48,0.0,0.42,528.0
2019-09-27 11:00:00,92.7,41,0.0,0.55,689.0
2019-09-27 12:00:00,96.4,36,0.0,0.6,754.0
2019-09-27 13:00:00,98.5,35,0.1,0.55,667.0
2019-09-27 14:00:00,100.1,34,0.0,0.54,629.0
2019-09-27 15:00:00,100.8,34,0.0,0.47,527.0
2019-09-27 16:00:00,100.6,36,0.0,0.39,421.0
2019-09-27 17:00:00,99.5,38,0.1,0.3,278.0
2019-09-27 18:00:00,97.2,51,0.1,0.19,119.0
2019-09-27 19:00:00,94.8,58,0.0,0.1,10.0
2019-09-27 20:00:00,92.8,62,0.0,0.07,0.0
2019-09-27 21:00:00,91.0,65,0.0,0.05,0.0
2019-09-27 22:00:00,89.2,70,0.0,0.04,0.0
2019-09-27 23:00:00,87.7,75,0.0,0.02,0.0
2019-09-28 00:00:00,86.4,80,0.0,0.01,0.0
2019-09-28 01:00:00,85.2,85,0.0,0.0,0.0
2019-09-28 02:00:00,84.2,90,0.0,0.0,0.0
2019-09-28 03:00:00,83.4,93,0.0,0.0,0.0
2019-09-28 04:00:00,82.8,96,0.0,0.0,0.0
2019-09-28 05:00:00,82.2,97,0.0,0.0,0.0
2019-09-28 06:00:00,81.6,98,0.0,0.0,0.0
2019-09-28 07:00:00,80.2,99,0.0,0.0,7.0
2019-09-28 08:00:00,81.5,87,0.0,0.08,117.0
2019-09-28 09:00:00,84.2,67,0.0,0.22,307.0
2019-09-28 10:00:00,87.6,52,0.0,0.35,466.0
2019-09-28 11:00:00,90.7,49,0.1,0.43,561.0
2019-09-28 12:00:00,93.7,45,0.1,0.53,654.0
2019-09-28 13:00:00,95.6,42,0.1,0.52,633.0
2019-09-28 14:00:00,97.3,40,0.1,0.5,613.0
2019-09-28 15:00:00,98.3,40,0.2,0.47,570.0
2019-09-28 16:00:00,98.2,42,0.1,0.4,468.0
2019-09-28 17:00:00,97.3,44,0.1,0.25,281.0
2019-09-28 18:00:00,95.4,46,0.1,0.11,107.0
2019-09-28 19:00:00,92.2,47,0.0,0.06,8.0
2019-09-28 20:00:00,90.6,57,0.0,0.08,0.0
2019-09-28 21:00:00,89.1,67,0.0,0.05,0.0
2019-09-28 22:00:00,87.6,70,0.0,0.04,0.0
2019-09-28 23:00:00,86.4,78,0.0,0.02,0.0
2019-09-29 00:00:00,85.2,85,0.0,0.0,0.0
2019-09-29 01:00:00,83.9,84,0.0,0.0,0.0
2019-09-29 02:00:00,82.9,88,0.0,0.0,0.0
2019-09-29 03:00:00,82.0,84,0.0,0.01,0.0
2019-09-29 04:00:00,81.3,80,0.0,0.01,0.0
2019-09-29 05:00:00,80.7,80,0.0,0.01,0.0
2019-09-29 06:00:00,80.2,83,0.0,0.01,0.0
2019-09-29 07:00:00,79.3,83,0.0,0.02,7.0
2019-09-29 08:00:00,80.2,74,0.0,0.11,130.0
2019-09-29 09:00:00,82.4,65,0.0,0.25,323.0
2019-09-29 10:00:00,85.3,56,0.0,0.4,515.0
2019-09-29 11:00:00,88.4,48,0.0,0.54,680.0
2019-09-29 12:00:00,91.1,41,0.0,0.6,716.0
2019-09-29 13:00:00,93.7,36,0.0,0.68,807.0
2019-09-29 14:00:00,95.8,34,0.0,0.68,799.0
2019-09-29 15:00:00,97.0,34,0.0,0.61,702.0
2019-09-29 16:00:00,97.3,34,0.0,0.5,546.0
2019-09-29 17:00:00,96.5,35,0.0,0.35,349.0
2019-09-29 18:00:00,94.8,37,0.0,0.15,144.0
2019-09-29 19:00:00,92.5,42,0.0,0.1,9.0
2019-09-29 20:00:00,90.0,44,0.0,0.07,0.0
2019-09-29 21:00:00,87.8,48,0.0,0.04,0.0
2019-09-29 22:00:00,85.8,53,0.0,0.05,0.0
2019-09-29 23:00:00,84.2,54,0.0,0.04,0.0
2019-09-30 00:00:00,83.1,55,0.0,0.04,0.0
2019-09-30 01:00:00,82.2,55,0.0,0.04,0.0
2019-09-30 02:00:00,81.6,58,0.0,0.05,0.0
2019-09-30 03:00:00,81.0,67,0.0,0.03,0.0
2019-09-30 04:00:00,80.3,73,0.0,0.01,0.0
2019-09-30 05:00:00,79.5,78,0.0,0.0,0.0
2019-09-30 06:00:00,78.9,82,0.0,0.0,0.0
2019-09-30 07:00:00,77.1,83,0.0,0.01,7.0
2019-09-30 08:00:00,78.6,74,0.0,0.09,135.0
2019-09-30 09:00:00,81.5,65,0.0,0.24,341.0
2019-09-30 10:00:00,85.1,52,0.0,0.41,536.0
2019-09-30 11:00:00,88.8,41,0.0,0.56,690.0
2019-09-30 12:00:00,92.3,35,0.0,0.66,790.0
2019-09-30 13:00:00,95.3,33,0.0,0.7,824.0
2019-09-30 14:00:00,97.5,31,0.0,0.68,789.0
2019-09-30 15:00:00,98.8,30,0.0,0.61,689.0
2019-09-30 16:00:00,99.1,30,0.0,0.51,528.0
2019-09-30 17:00:00,98.3,30,0.0,0.38,320.0
2019-09-30 18:00:00,96.6,32,0.0,0.2,134.0
2019-09-30 19:00:00,93.9,37,0.0,0.08,8.0
2019-09-30 20:00:00,91.8,38,0.0,0.11,0.0
2019-09-30 21:00:00,90.1,41,0.0,0.12,0.0
2019-09-30 22:00:00,88.7,44,0.0,0.09,0.0
2019-09-30 23:00:00,87.4,51,0.0,0.07,0.0
2019-10-01 00:00:00,86.2,56,0.0,0.06,0.0
2019-10-01 01:00:00,85.0,60,0.0,0.04,0.0
2019-10-01 02:00:00,84.0,66,0.0,0.03,0.0
2019-10-01 03:00:00,83.1,72,0.0,0.01,0.0
2019-10-01 04:00:00,82.2,76,0.0,0.0,0.0
2019-10-01 05:00:00,81.5,78,0.0,0.0,0.0
2019-10-01 06:00:00,80.9,77,0.0,0.0,0.0
2019-10-01 07:00:00,79.1,73,0.0,0.03,7.0
2019-10-01 08:00:00,80.5,63,0.0,0.12,124.0
2019-10-01 09:00:00,82.9,55,0.0,0.26,301.0
2019-10-01 10:00:00,85.6,49,0.0,0.37,419.0
2019-10-01 11:00:00,88.3,44,0.0,0.46,529.0
2019-10-01 12:00:00,91.0,40,0.0,0.54,595.0
2019-10-01 13:00:00,93.9,37,0.0,0.67,757.0
2019-10-01 14:00:00,96.2,35,0.0,0.67,741.0
2019-10-01 15:00:00,97.5,35,0.0,0.62,649.0
2019-10-01 16:00:00,97.4,37,0.0,0.46,426.0
2019-10-01 17:00:00,96.5,38,0.0,0.34,280.0
2019-10-01 18:00:00,95.0,40,0.0,0.23,111.0
2019-10-01 19:00:00,92.9,44,0.0,0.13,6.0
2019-10-01 20:00:00,91.1,51,0.0,0.1,0.0
2019-10-01 21:00:00,89.5,52,0.0,0.08,0.0
2019-10-01 22:00:00,88.0,56,0.0,0.05,0.0
2019-10-01 23:00:00,86.7,58,0.0,0.06,0.0
2019-10-02 00:00:00,85.6,60,0.0,0.04,0.0
2019-10-02 01:00:00,84.5,62,0.0,0.04,0.0
2019-10-02 02:00:00,83.6,66,0.0,0.03,0.0
2019-10-02 03:00:00,82.7,70,0.0,0.02,0.0
2019-10-02 04:00:00,81.8,73,0.0,0.01,0.0
2019-10-02 05:00:00,81.1,77,0.0,0.01,0.0
2019-10-02 06:00:00,80.3,80,0.0,0.01,0.0
2019-10-02 07:00:00,78.1,83,0.0,0.02,6.0
2019-10-02 08:00:00,79.3,74,0.0,0.1,130.0
2019-10-02 09:00:00,82.0,63,0.0,0.25,334.0
2019-10-02 10:00:00,85.3,51,0.0,0.41,529.0
2019-10-02 11:00:00,88.9,43,0.0,0.56,683.0
2019-10-02 12:00:00,92.1,38,0.0,0.65,783.0
2019-10-02 13:00:00,95.0,34,0.0,0.73,820.0
2019-10-02 14:00:00,96.2,33,0.0,0.59,612.0
2019-10-02 15:00:00,96.8,33,0.0,0.5,487.0
2019-10-02 16:00:00,97.4,31,0.0,0.5,521.0
2019-10-02 17:00:00,97.2,30,0.0,0.34,326.0
2019-10-02 18:00:00,95.6,31,0.0,0.16,120.0
2019-10-02 19:00:00,93.7,45,0.0,0.06,6.0
2019-10-02 20:00:00,91.2,49,0.0,0.05,0.0
2019-10-02 21:00:00,89.3,54,0.0,0.04,0.0
2019-10-02 22:00:00,87.6,58,0.0,0.03,0.0
2019-10-02 23:00:00,86.1,60,0.0,0.01,0.0
2019-10-03 00:00:00,84.7,67,0.0,0.01,0.0
2019-10-03 01:00:00,83.5,73,0.0,0.01,0.0
2019-10-03 02:00:00,82.4,77,0.0,0.0,0.0
2019-10-03 03:00:00,81.5,86,0.0,0.0,0.0
2019-10-03 04:00:00,80.6,92,0.0,0.0,0.0
2019-10-03 05:00:00,79.9,95,0.0,0.0,0.0
2019-10-03 06:00:00,79.2,97,0.0,0.0,0.0
2019-10-03 07:00:00,76.3,97,0.0,0.0,6.0
2019-10-03 08:00:00,78.1,85,0.0,0.07,124.0
2019-10-03 09:00:00,81.5,69,0.0,0.23,333.0
2019-10-03 10:00:00,85.6,54,0.0,0.39,528.0
2019-10-03 11:00:00,89.6,43,0.0,0.55,674.0
2019-10-03 12:00:00,92.8,38,0.0,0.63,720.0
2019-10-03 13:00:00,95.5,33,0.0,0.69,763.0
2019-10-03 14:00:00,97.3,30,0.0,0.67,703.0
2019-10-03 15:00:00,98.5,28,0.0,0.61,628.0
2019-10-03 16:00:00,98.8,28,0.0,0.5,499.0
2019-10-03 17:00:00,98.2,29,0.0,0.36,317.0
2019-10-03 18:00:00,96.4,32,0.0,0.15,124.0
2019-10-03 19:00:00,94.1,38,0.0,0.13,5.0
2019-10-03 20:00:00,92.1,42,0.0,0.09,0.0
2019-10-03 21:00:00,90.1,78,0.0,0.04,0.0
2019-10-03 22:00:00,88.1,82,0.0,0.02,0.0
2019-10-03 23:00:00,86.5,81,0.0,0.02,0.0
2019-10-04 00:00:00,85.3,82,0.0,0.01,0.0
2019-10-04 01:00:00,84.2,82,0.0,0.01,0.0
2019-10-04 02:00:00,83.2,85,0.0,0.0,0.0
2019-10-04 03:00:00,82.4,88,0.0,0.0,0.0
2019-10-04 04:00:00,81.7,89,0.0,0.0,0.0
2019-10-04 05:00:00,81.0,91,0.0,0.0,0.0
2019-10-04 06:00:00,80.3,93,0.0,0.0,0.0
2019-10-04 07:00:00,77.9,92,0.0,0.0,5.0
2019-10-04 08:00:00,79.5,78,0.0,0.07,111.0
2019-10-04 09:00:00,82.1,61,0.1,0.2,258.0
2019-10-04 10:00:00,85.5,51,0.0,0.33,419.0
2019-10-04 11:00:00,89.3,43,0.0,0.47,596.0
2019-10-04 12:00:00,92.6,39,0.0,0.54,649.0
2019-10-04 13:00:00,95.2,35,0.0,0.57,658.0
2019-10-04 14:00:00,97.0,34,0.0,0.56,635.0
2019-10-04 15:00:00,97.8,33,0.0,0.47,518.0
2019-10-04 16:00:00,97.9,34,0.2,0.36,417.0
2019-10-04 17:00:00,96.9,36,0.3,0.24,260.0
2019-10-04 18:00:00,95.1,39,0.0,0.13,103.0
2019-10-04 19:00:00,93.1,42,0.0,0.07,4.0
2019-10-04 20:00:00,91.5,50,0.0,0.12,0.0
2019-10-04 21:00:00,89.7,74,0.0,0.04,0.0
2019-10-04 22:00:00,88.2,78,0.0,0.03,0.0
2019-10-04 23:00:00,86.9,80,0.0,0.02,0.0
2019-10-05 00:00:00,85.7,84,0.0,0.01,0.0
2019-10-05 01:00:00,84.8,85,0.0,0.01,0.0
2019-10-05 02:00:00,84.1,86,0.0,0.01,0.0
2019-10-05 03:00:00,83.3,89,0.0,0.0,0.0
2019-10-05 04:00:00,82.6,90,0.0,0.0,0.0
2019-10-05 05:00:00,81.8,94,0.0,0.0,0.0
2019-10-05 06:00:00,81.0,95,0.0,0.0,0.0
2019-10-05 07:00:00,78.0,97,0.0,0.0,5.0
2019-10-05 08:00:00,79.5,82,0.0,0.07,126.0
2019-10-05 09:00:00,82.7,59,0.0,0.25,330.0
2019-10-05 10:00:00,86.4,43,0.0,0.42,524.0
2019-10-05 11:00:00,89.9,37,0.0,0.56,657.0
2019-10-05 12:00:00,92.7,35,0.0,0.62,704.0
2019-10-05 13:00:00,94.7,34,0.0,0.62,704.0
2019-10-05 14:00:00,96.4,33,0.0,0.6,687.0
2019-10-05 15:00:00,97.3,31,0.0,0.53,595.0
2019-10-05 16:00:00,97.5,30,0.0,0.45,486.0
2019-10-05 17:00:00,96.7,31,0.0,0.33,307.0
2019-10-05 18:00:00,94.9,33,0.0,0.17,116.0
2019-10-05 19:00:00,93.2,43,0.0,0.14,4.0
2019-10-05 20:00:00,90.8,47,0.0,0.05,0.0
2019-10-05 21:00:00,88.6,50,0.0,0.08,0.0
2019-10-05 22:00:00,87.4,51,0.0,0.12,0.0
2019-10-05 23:00:00,86.3,54,0.0,0.09,0.0
2019-10-06 00:00:00,85.3,57,0.0,0.07,0.0
2019-10-06 01:00:00,84.4,65,0.0,0.07,0.0
2019-10-06 02:00:00,83.5,74,0.0,0.05,0.0
2019-10-06 03:00:00,82.6,80,0.0,0.04,0.0
2019-10-06 04:00:00,81.9,83,0.0,0.03,0.0
2019-10-06 05:00:00,81.4,82,0.0,0.03,0.0
2019-10-06 06:00:00,81.0,81,0.0,0.03,0.0
2019-10-06 07:00:00,80.8,81,0.0,0.05,4.0
2019-10-06 08:00:00,81.1,74,0.0,0.13,113.0
2019-10-06 09:00:00,82.6,65,0.0,0.26,301.0
2019-10-06 10:00:00,84.5,58,0.1,0.37,434.0
2019-10-06 11:00:00,86.6,54,0.2,0.47,561.0
2019-10-06 12:00:00,88.6,50,0.1,0.52,627.0
2019-10-06 13:00:00,90.7,46,0.0,0.55,632.0
2019-10-06 14:00:00,91.9,52,0.4,0.49,563.0
2019-10-06 15:00:00,90.1,52,0.1,0.24,176.0
2019-10-06 16:00:00,90.6,44,0.0,0.35,338.0
2019-10-06 17:00:00,90.5,43,0.0,0.28,219.0
2019-10-06 18:00:00,89.6,47,0.0,0.19,86.0
2019-10-06 19:00:00,88.3,47,0.0,0.17,3.0
2019-10-06 20:00:00,86.7,66,0.0,0.09,0.0
2019-10-06 21:00:00,85.2,69,0.0,0.08,0.0
2019-10-06 22:00:00,83.9,70,0.0,0.07,0.0
2019-10-06 23:00:00,82.9,70,0.0,0.07,0.0
2019-10-07 00:00:00,82.1,71,0.0,0.07,0.0
2019-10-07 01:00:00,81.4,73,0.0,0.06,0.0
2019-10-07 02:00:00,80.9,76,0.0,0.04,0.0
2019-10-07 03:00:00,80.3,78,0.0,0.03,0.0
2019-10-07 04:00:00,79.7,80,0.0,0.02,0.0
2019-10-07 05:00:00,79.2,81,0.0,0.02,0.0
2019-10-07 06:00:00,78.7,81,0.0,0.02,0.0
2019-10-07 07:00:00,78.6,78,0.0,0.04,4.0
2019-10-07 08:00:00,79.2,71,0.0,0.11,116.0
2019-10-07 09:00:00,80.9,63,0.0,0.25,316.0
2019-10-07 10:00:00,83.5,55,0.0,0.4,508.0
2019-10-07 11:00:00,86.6,48,0.0,0.52,662.0
2019-10-07 12:00:00,89.8,42,0.0,0.58,720.0
2019-10-07 13:00:00,92.2,40,0.0,0.6,710.0
2019-10-07 14:00:00,93.8,38,0.0,0.56,630.0
2019-10-07 15:00:00,94.5,36,0.0,0.49,514.0
2019-10-07 16:00:00,94.5,35,0.0,0.43,415.0
2019-10-07 17:00:00,93.7,35,0.0,0.34,285.0
2019-10-07 18:00:00,92.1,38,0.0,0.2,100.0
2019-10-07 19:00:00,87.4,49,0.0,0.1,3.0
2019-10-07 20:00:00,86.2,54,0.0,0.08,0.0
2019-10-07 21:00:00,85.1,58,0.0,0.05,0.0
2019-10-07 22:00:00,83.9,64,0.0,0.06,0.0
2019-10-07 23:00:00,82.9,71,0.0,0.03,0.0
2019-10-08 00:00:00,81.8,76,0.0,0.01,0.0
2019-10-08 01:00:00,80.8,78,0.0,0.01,0.0
2019-10-08 02:00:00,79.9,80,0.0,0.01,0.0
2019-10-08 03:00:00,79.2,82,0.0,0.0,0.0
2019-10-08 04:00:00,78.5,85,0.0,0.0,0.0
2019-10-08 05:00:00,77.9,88,0.0,0.0,0.0
2019-10-08 06:00:00,77.4,89,0.0,0.0,0.0
2019-10-08 07:00:00,75.3,88,0.0,0.01,4.0
2019-10-08 08:00:00,76.4,76,0.0,0.09,117.0
2019-10-08 09:00:00,78.9,60,0.0,0.25,316.0
2019-10-08 10:00:00,82.0,48,0.0,0.41,506.0
2019-10-08 11:00:00,85.4,41,0.0,0.54,656.0
2019-10-08 12:00:00,88.6,36,0.0,0.62,755.0
2019-10-08 13:00:00,91.4,33,0.0,0.65,787.0
2019-10-08 14:00:00,93.5,32,0.0,0.64,755.0
2019-10-08 15:00:00,94.7,31,0.0,0.57,653.0
2019-10-08 16:00:00,94.8,32,0.0,0.43,460.0
2019-10-08 17:00:00,93.8,32,0.0,0.29,262.0
2019-10-08 18:00:00,91.9,35,0.0,0.15,86.0
2019-10-08 19:00:00,90.1,39,0.0,0.09,2.0
2019-10-08 20:00:00,87.9,41,0.0,0.1,0.0
2019-10-08 21:00:00,86.2,44,0.0,0.1,0.0
2019-10-08 22:00:00,84.7,46,0.0,0.08,0.0
2019-10-08 23:00:00,83.3,49,0.0,0.06,0.0
2019-10-09 00:00:00,82.0,56,0.0,0.04,0.0
2019-10-09 01:00:00,81.0,63,0.0,0.03,0.0
2019-10-09 02:00:00,80.0,68,0.0,0.03,0.0
2019-10-09 03:00:00,79.3,71,0.0,0.03,0.0
2019-10-09 04:00:00,78.5,77,0.0,0.01,0.0
2019-10-09 05:00:00,78.0,84,0.0,0.01,0.0
2019-10-09 06:00:00,77.5,90,0.0,0.0,0.0
2019-10-09 07:00:00,77.7,85,0.0,0.03,3.0
2019-10-09 08:00:00,78.4,75,0.0,0.1,105.0
2019-10-09 09:00:00,80.0,67,0.0,0.23,278.0
2019-10-09 10:00:00,82.5,57,0.0,0.38,478.0
2019-10-09 11:00:00,85.5,49,0.0,0.5,622.0
2019-10-09 12:00:00,87.9,45,0.0,0.54,648.0
2019-10-09 13:00:00,90.0,41,0.0,0.55,638.0
2019-10-09 14:00:00,91.3,39,0.0,0.53,588.0
2019-10-09 15:00:00,92.1,38,0.0,0.49,521.0
2019-10-09 16:00:00,91.9,38,0.0,0.39,368.0
2019-10-09 17:00:00,91.1,38,0.0,0.31,246.0
2019-10-09 18:00:00,89.6,41,0.0,0.19,88.0
2019-10-09 19:00:00,87.9,52,0.0,0.13,2.0
2019-10-09 20:00:00,86.3,54,0.0,0.12,0.0
2019-10-09 21:00:00,84.7,57,0.0,0.09,0.0
2019-10-09 22:00:00,83.3,58,0.0,0.08,0.0
2019-10-09 23:00:00,82.0,61,0.0,0.06,0.0
2019-10-10 00:00:00,80.7,65,0.0,0.05,0.0
2019-10-10 01:00:00,79.5,69,0.0,0.04,0.0
2019-10-10 02:00:00,78.5,72,0.0,0.03,0.0
2019-10-10 03:00:00,77.5,74,0.0,0.03,0.0
2019-10-10 04:00:00,76.7,75,0.0,0.03,0.0
2019-10-10 05:00:00,76.0,76,0.0,0.03,0.0
2019-10-10 06:00:00,75.3,80,0.0,0.02,0.0
2019-10-10 07:00:00,73.4,80,0.0,0.03,4.0
2019-10-10 08:00:00,74.2,72,0.0,0.1,118.0
2019-10-10 09:00:00,76.2,63,0.0,0.24,322.0
2019-10-10 10:00:00,78.9,55,0.0,0.38,517.0
2019-10-10 11:00:00,82.1,48,0.0,0.51,671.0
2019-10-10 12:00:00,85.3,42,0.0,0.6,768.0
2019-10-10 13:00:00,88.3,36,0.0,0.65,800.0
2019-10-10 14:00:00,90.5,31,0.0,0.66,765.0
2019-10-10 15:00:00,91.8,27,0.0,0.61,665.0
2019-10-10 16:00:00,92.1,26,0.0,0.51,509.0
2019-10-10 17:00:00,91.3,26,0.0,0.38,313.0
2019-10-10 18:00:00,89.4,29,0.0,0.21,108.0
2019-10-10 19:00:00,87.4,35,0.0,0.13,2.0
2019-10-10 20:00:00,85.4,36,0.0,0.13,0.0
2019-10-10 21:00:00,83.6,37,0.0,0.14,0.0
2019-10-10 22:00:00,82.1,39,0.0,0.14,0.0
2019-10-10 23:00:00,80.8,43,0.0,0.12,0.0
2019-10-11 00:00:00,79.6,47,0.0,0.09,0.0
2019-10-11 01:00:00,78.4,51,0.0,0.09,0.0
2019-10-11 02:00:00,77.3,56,0.0,0.05,0.0
2019-10-11 03:00:00,76.2,63,0.0,0.04,0.0
2019-10-11 04:00:00,75.3,71,0.0,0.03,0.0
2019-10-11 05:00:00,74.5,78,0.0,0.02,0.0
2019-10-11 06:00:00,73.7,84,0.0,0.01,0.0
2019-10-11 07:00:00,71.5,90,0.0,0.01,3.0
2019-10-11 08:00:00,72.4,76,0.0,0.08,118.0
2019-10-11 09:00:00,74.7,58,0.0,0.24,326.0
2019-10-11 10:00:00,77.6,45,0.0,0.4,525.0
2019-10-11 11:00:00,81.0,38,0.0,0.52,681.0
2019-10-11 12:00:00,84.2,34,0.0,0.59,779.0
2019-10-11 13:00:00,87.3,30,0.0,0.62,811.0
2019-10-11 14:00:00,89.6,28,0.0,0.6,773.0
2019-10-11 15:00:00,91.0,27,0.0,0.53,670.0
2019-10-11 16:00:00,91.2,26,0.0,0.42,510.0
2019-10-11 17:00:00,90.3,27,0.0,0.27,310.0
2019-10-11 18:00:00,88.1,31,0.0,0.1,104.0
2019-10-11 19:00:00,86.2,35,0.0,0.11,1.0
2019-10-11 20:00:00,83.7,37,0.0,0.08,0.0
2019-10-11 21:00:00,81.6,39,0.0,0.07,0.0
2019-10-11 22:00:00,80.0,38,0.0,0.09,0.0
2019-10-11 23:00:00,78.7,39,0.0,0.08,0.0
2019-10-12 00:00:00,77.5,46,0.0,0.04,0.0
2019-10-12 01:00:00,76.1,52,0.0,0.04,0.0
2019-10-12 02:00:00,74.9,54,0.0,0.03,0.0
2019-10-12 03:00:00,74.1,55,0.0,0.03,0.0
2019-10-12 04:00:00,73.5,60,0.0,0.02,0.0
2019-10-12 05:00:00,72.8,65,0.0,0.01,0.0
2019-10-12 06:00:00,72.1,72,0.0,0.0,0.0
2019-10-12 07:00:00,70.3,71,0.0,0.01,3.0
2019-10-12 08:00:00,71.7,66,0.0,0.06,108.0
2019-10-12 09:00:00,74.6,60,0.0,0.19,291.0
2019-10-12 10:00:00,78.4,49,0.0,0.34,480.0
2019-10-12 11:00:00,82.5,41,0.0,0.44,637.0
2019-10-12 12:00:00,86.5,36,0.0,0.52,733.0
2019-10-12 13:00:00,89.7,33,0.0,0.53,734.0
2019-10-12 14:00:00,92.1,32,0.0,0.53,724.0
2019-10-12 15:00:00,93.4,31,0.0,0.47,626.0
2019-10-12 16:00:00,93.6,31,0.0,0.36,466.0
2019-10-12 17:00:00,92.4,32,0.0,0.28,250.0
2019-10-12 18:00:00,90.1,34,0.0,0.14,84.0
2019-10-12 19:00:00,87.2,41,0.0,0.06,1.0
2019-10-12 20:00:00,85.3,42,0.0,0.11,0.0
2019-10-12 21:00:00,83.8,61,0.0,0.1,0.0
2019-10-12 22:00:00,82.3,71,0.0,0.05,0.0
2019-10-12 23:00:00,81.1,75,0.0,0.03,0.0
2019-10-13 00:00:00,80.0,80,0.0,0.02,0.0
2019-10-13 01:00:00,79.0,82,0.0,0.01,0.0
2019-10-13 02:00:00,77.9,83,0.0,0.0,0.0
2019-10-13 03:00:00,77.0,84,0.0,0.0,0.0
2019-10-13 04:00:00,76.2,82,0.0,0.0,0.0
2019-10-13 05:00:00,75.5,87,0.0,0.0,0.0
2019-10-13 06:00:00,74.8,88,0.0,0.0,0.0
2019-10-13 07:00:00,71.6,94,0.0,0.0,3.0
2019-10-13 08:00:00,73.2,80,0.0,0.06,108.0
2019-10-13 09:00:00,76.3,63,0.0,0.22,305.0
2019-10-13 10:00:00,80.0,52,0.0,0.38,484.0
2019-10-13 11:00:00,83.7,45,0.0,0.48,618.0
2019-10-13 12:00:00,87.2,41,0.0,0.56,717.0
2019-10-13 13:00:00,90.6,36,0.0,0.6,765.0
2019-10-13 14:00:00,91.0,38,0.0,0.34,343.0
2019-10-13 15:00:00,91.0,41,0.0,0.32,306.0
2019-10-13 16:00:00,90.5,46,0.0,0.26,240.0
2019-10-13 17:00:00,89.7,48,0.0,0.2,174.0
2019-10-13 18:00:00,88.3,50,0.0,0.09,58.0
2019-10-13 19:00:00,87.4,61,0.0,0.05,1.0
2019-10-13 20:00:00,85.6,69,0.0,0.04,0.0
2019-10-13 21:00:00,83.9,73,0.2,0.02,0.0
2019-10-13 22:00:00,82.3,78,0.2,0.02,0.0
2019-10-13 23:00:00,80.9,84,0.1,0.01,0.0
2019-10-14 00:00:00,79.7,86,0.0,0.0,0.0
2019-10-14 01:00:00,78.8,86,0.0,0.0,0.0
2019-10-14 02:00:00,78.0,88,0.0,0.0,0.0
2019-10-14 03:00:00,77.3,91,0.0,0.0,0.0
2019-10-14 04:00:00,76.6,91,0.0,0.0,0.0
2019-10-14 05:00:00,76.0,92,0.0,0.0,0.0
2019-10-14 06:00:00,75.4,93,0.0,0.0,0.0
2019-10-14 07:00:00,75.6,88,0.0,0.01,2.0
2019-10-14 08:00:00,76.2,80,0.0,0.07,92.0
2019-10-14 09:00:00,77.9,72,0.0,0.18,245.0
2019-10-14 10:00:00,81.0,63,0.0,0.31,435.0
2019-10-14 11:00:00,84.6,55,0.0,0.41,578.0
2019-10-14 12:00:00,87.8,51,0.1,0.46,624.0
2019-10-14 13:00:00,90.0,51,0.2,0.42,571.0
2019-10-14 14:00:00,91.3,50,0.0,0.38,502.0
2019-10-14 15:00:00,91.5,52,0.0,0.29,360.0
2019-10-14 16:00:00,91.4,51,0.0,0.24,303.0
2019-10-14 17:00:00,89.4,62,0.1,0.09,53.0
2019-10-14 18:00:00,87.0,79,0.5,0.03,32.0
2019-10-14 19:00:00,83.5,96,0.2,0.01,0.0
2019-10-14 20:00:00,81.1,97,2.1,0.0,0.0
2019-10-14 21:00:00,79.4,98,1.1,0.0,0.0
2019-10-14 22:00:00,78.4,99,0.7,0.0,0.0
2019-10-14 23:00:00,77.7,99,0.5,0.0,0.0
2019-10-15 00:00:00,77.2,98,0.1,0.0,0.0
2019-10-15 01:00:00,76.6,97,0.0,0.0,0.0
2019-10-15 02:00:00,76.3,97,0.0,0.0,0.0
2019-10-15 03:00:00,75.9,98,0.3,0.0,0.0
2019-10-15 04:00:00,75.7,99,0.2,0.0,0.0
2019-10-15 05:00:00,75.5,98,0.2,0.0,0.0
2019-10-15 06:00:00,75.3,99,0.0,0.0,0.0
2019-10-15 07:00:00,74.8,97,0.0,0.01,1.0
2019-10-15 08:00:00,74.4,96,0.0,0.02,19.0
2019-10-15 09:00:00,74.3,96,0.1,0.03,33.0
2019-10-15 10:00:00,74.9,88,0.0,0.11,149.0
2019-10-15 11:00:00,75.5,88,0.4,0.1,119.0
2019-10-15 12:00:00,76.4,82,0.1,0.17,220.0
2019-10-15 13:00:00,77.2,79,0.4,0.19,235.0
2019-10-15 14:00:00,77.5,81,1.1,0.22,316.0
2019-10-15 15:00:00,77.0,87,0.5,0.11,132.0
2019-10-15 16:00:00,76.7,92,0.4,0.08,97.0
2019-10-15 17:00:00,76.2,98,3.0,0.04,50.0
2019-10-15 18:00:00,75.7,99,2.4,0.02,15.0
2019-10-15 19:00:00,77.6,96,0.9,0.01,0.0
2019-10-15 20:00:00,76.6,99,4.1,0.0,0.0
2019-10-15 21:00:00,76.1,100,3.7,0.0,0.0
2019-10-15 22:00:00,75.7,100,1.1,0.0,0.0
2019-10-15 23:00:00,75.4,98,0.3,0.0,0.0
2019-10-16 00:00:00,75.2,96,0.3,0.0,0.0
2019-10-16 01:00:00,75.1,99,0.4,0.0,0.0
2019-10-16 02:00:00,74.9,98,1.8,0.0,0.0
2019-10-16 03:00:00,74.8,98,1.2,0.0,0.0
2019-10-16 04:00:00,75.0,98,0.8,0.0,0.0
2019-10-16 05:00:00,75.0,98,0.4,0.0,0.0
2019-10-16 06:00:00,74.7,96,0.4,0.0,0.0
2019-10-16 07:00:00,76.2,97,0.0,0.01,1.0
2019-10-16 08:00:00,75.8,92,0.4,0.06,82.0
2019-10-16 09:00:00,76.0,90,0.1,0.12,193.0
2019-10-16 10:00:00,76.9,79,0.0,0.25,362.0
2019-10-16 11:00:00,78.4,71,0.0,0.34,480.0
2019-10-16 12:00:00,79.6,68,0.0,0.36,490.0
2019-10-16 13:00:00,79.7,73,0.3,0.28,359.0
2019-10-16 14:00:00,79.3,76,0.0,0.19,212.0
2019-10-16 15:00:00,79.9,70,0.0,0.28,376.0
2019-10-16 16:00:00,79.7,69,0.0,0.19,200.0
2019-10-16 17:00:00,79.6,66,0.0,0.19,209.0
2019-10-16 18:00:00,78.9,69,0.0,0.09,66.0
2019-10-16 19:00:00,77.0,77,0.0,0.04,0.0
2019-10-16 20:00:00,75.9,79,0.0,0.03,0.0
2019-10-16 21:00:00,75.2,77,0.0,0.04,0.0
2019-10-16 22:00:00,74.2,76,0.0,0.03,0.0
2019-10-16 23:00:00,73.0,75,0.0,0.03,0.0
2019-10-17 00:00:00,71.9,74,0.0,0.02,0.0
2019-10-17 01:00:00,70.4,77,0.0,0.01,0.0
2019-10-17 02:00:00,69.1,79,0.0,0.01,0.0
2019-10-17 03:00:00,68.0,77,0.0,0.02,0.0
2019-10-17 04:00:00,67.0,77,0.0,0.01,0.0
2019-10-17 05:00:00,66.0,74,0.0,0.02,0.0
2019-10-17 06:00:00,65.2,73,0.0,0.02,0.0
2019-10-17 07:00:00,63.4,74,0.0,0.02,2.0
2019-10-17 08:00:00,63.7,68,0.0,0.07,100.0
2019-10-17 09:00:00,65.1,60,0.0,0.17,294.0
2019-10-17 10:00:00,67.0,53,0.0,0.26,445.0
2019-10-17 11:00:00,69.4,47,0.0,0.37,607.0
2019-10-17 12:00:00,71.7,42,0.0,0.43,673.0
2019-10-17 13:00:00,73.7,38,0.0,0.47,715.0
2019-10-17 14:00:00,74.9,36,0.0,0.44,644.0
2019-10-17 15:00:00,75.7,38,0.0,0.39,565.0
2019-10-17 16:00:00,75.7,38,0.0,0.31,451.0
2019-10-17 17:00:00,74.9,44,0.0,0.17,231.0
2019-10-17 18:00:00,73.1,62,0.0,0.07,64.0
2019-10-17 19:00:00,70.5,59,0.0,0.05,0.0
2019-10-17 20:00:00,69.2,66,0.0,0.01,0.0
2019-10-17 21:00:00,68.0,66,0.0,0.01,0.0
2019-10-17 22:00:00,67.0,66,0.0,0.02,0.0
2019-10-17 23:00:00,66.4,64,0.0,0.03,0.0
2019-10-18 00:00:00,65.8,73,0.0,0.01,0.0
2019-10-18 01:00:00,65.2,68,0.0,0.01,0.0
2019-10-18 02:00:00,64.9,69,0.0,0.01,0.0
2019-10-18 03:00:00,64.6,67,0.0,0.02,0.0
2019-10-18 04:00:00,64.5,67,0.0,0.02,0.0
2019-10-18 05:00:00,64.2,68,0.0,0.02,0.0
2019-10-18 06:00:00,64.0,70,0.0,0.03,0.0
2019-10-18 07:00:00,62.9,66,0.0,0.04,1.0
2019-10-18 08:00:00,63.3,62,0.0,0.08,41.0
2019-10-18 09:00:00,64.0,57,0.0,0.12,105.0
2019-10-18 10:00:00,64.9,54,0.0,0.16,157.0
2019-10-18 11:00:00,65.6,54,0.0,0.16,154.0
2019-10-18 12:00:00,66.8,51,0.0,0.23,275.0
2019-10-18 13:00:00,67.8,50,0.0,0.22,255.0
2019-10-18 14:00:00,68.3,50,0.0,0.21,215.0
2019-10-18 15:00:00,68.5,50,0.1,0.19,164.0
2019-10-18 16:00:00,68.3,55,0.3,0.15,124.0
2019-10-18 17:00:00,67.0,70,0.7,0.09,34.0
2019-10-18 18:00:00,65.3,83,1.0,0.05,11.0
2019-10-18 19:00:00,65.6,93,1.0,0.02,0.0
2019-10-18 20:00:00,64.1,94,1.2,0.0,0.0
2019-10-18 21:00:00,63.1,95,2.5,0.0,0.0
2019-10-18 22:00:00,62.4,89,0.7,0.01,0.0
2019-10-18 23:00:00,61.9,95,2.8,0.0,0.0
2019-10-19 00:00:00,61.6,96,1.8,0.0,0.0
2019-10-19 01:00:00,61.7,97,3.6,0.0,0.0
2019-10-19 02:00:00,62.2,97,4.1,0.0,0.0
2019-10-19 03:00:00,62.8,94,0.3,0.0,0.0
2019-10-19 04:00:00,63.4,94,0.4,0.0,0.0
2019-10-19 05:00:00,64.1,98,0.6,0.0,0.0
2019-10-19 06:00:00,64.6,94,0.2,0.0,0.0
2019-10-19 07:00:00,66.1,98,1.6,0.01,1.0
2019-10-19 08:00:00,66.8,97,1.9,0.02,21.0
2019-10-19 09:00:00,67.8,95,0.2,0.06,94.0
2019-10-19 10:00:00,68.9,96,0.3,0.05,61.0
2019-10-19 11:00:00,69.8,98,0.6,0.05,73.0
2019-10-19 12:00:00,70.7,91,0.4,0.12,169.0
2019-10-19 13:00:00,71.9,92,1.1,0.17,273.0
2019-10-19 14:00:00,73.0,94,0.9,0.18,289.0
2019-10-19 15:00:00,73.6,95,0.6,0.13,197.0
2019-10-19 16:00:00,74.3,96,0.4,0.13,202.0
2019-10-19 17:00:00,74.5,99,0.3,0.07,108.0
2019-10-19 18:00:00,74.0,99,0.1,0.02,18.0
2019-10-19 19:00:00,71.1,97,0.1,0.01,0.0
2019-10-19 20:00:00,70.1,95,0.1,0.0,0.0
2019-10-19 21:00:00,69.2,95,0.0,0.0,0.0
2019-10-19 22:00:00,68.4,96,0.0,0.0,0.0
2019-10-19 23:00:00,67.7,96,0.0,0.0,0.0
2019-10-20 00:00:00,67.3,95,0.0,0.0,0.0
2019-10-20 01:00:00,66.8,96,0.0,0.0,0.0
2019-10-20 02:00:00,66.3,96,0.0,0.0,0.0
2019-10-20 03:00:00,65.8,97,0.0,0.0,0.0
2019-10-20 04:00:00,65.2,97,0.0,0.0,0.0
2019-10-20 05:00:00,64.7,97,0.0,0.0,0.0
2019-10-20 06:00:00,64.2,98,0.0,0.0,0.0
2019-10-20 07:00:00,65.0,97,0.0,0.0,1.0
2019-10-20 08:00:00,65.0,89,0.0,0.04,95.0
2019-10-20 09:00:00,66.3,83,0.0,0.15,291.0
2019-10-20 10:00:00,68.5,77,0.0,0.28,484.0
2019-10-20 11:00:00,70.9,72,0.0,0.39,636.0
2019-10-20 12:00:00,73.2,67,0.0,0.47,730.0
2019-10-20 13:00:00,75.2,64,0.0,0.5,752.0
2019-10-20 14:00:00,76.6,62,0.0,0.48,711.0
2019-10-20 15:00:00,77.5,62,0.0,0.41,605.0
2019-10-20 16:00:00,77.6,62,0.0,0.3,457.0
2019-10-20 17:00:00,77.1,67,0.0,0.17,259.0
2019-10-20 18:00:00,75.5,74,0.0,0.04,71.0
2019-10-20 19:00:00,74.2,92,0.0,0.0,0.0
2019-10-20 20:00:00,72.5,88,0.0,0.0,0.0
2019-10-20 21:00:00,71.1,90,0.0,0.0,0.0
2019-10-20 22:00:00,69.8,91,0.0,0.0,0.0
2019-10-20 23:00:00,68.9,92,0.0,0.0,0.0
2019-10-21 00:00:00,68.1,93,0.0,0.0,0.0
2019-10-21 01:00:00,67.5,94,0.0,0.0,0.0
2019-10-21 02:00:00,67.0,95,0.0,0.0,0.0
2019-10-21 03:00:00,66.7,97,0.0,0.0,0.0
2019-10-21 04:00:00,66.3,100,0.0,0.0,0.0
2019-10-21 05:00:00,65.8,100,0.0,0.0,0.0
2019-10-21 06:00:00,66.0,100,0.0,0.0,0.0
2019-10-21 07:00:00,65.6,99,0.0,0.0,1.0
2019-10-21 08:00:00,66.5,98,0.0,0.03,52.0
2019-10-21 09:00:00,67.8,93,0.0,0.09,160.0
2019-10-21 10:00:00,69.8,83,0.0,0.21,328.0
2019-10-21 11:00:00,71.8,74,0.0,0.29,420.0
2019-10-21 12:00:00,73.8,69,1.2,0.36,521.0
2019-10-21 13:00:00,74.6,67,0.0,0.3,405.0
2019-10-21 14:00:00,75.7,63,0.0,0.32,400.0
2019-10-21 15:00:00,76.6,62,0.0,0.3,374.0
2019-10-21 16:00:00,76.9,63,0.0,0.23,287.0
2019-10-21 17:00:00,76.7,69,0.0,0.15,169.0
2019-10-21 18:00:00,75.9,78,0.0,0.06,40.0
2019-10-21 19:00:00,76.7,84,0.0,0.0,0.0
2019-10-21 20:00:00,75.7,85,0.2,0.01,0.0
2019-10-21 21:00:00,74.7,91,0.1,0.0,0.0
2019-10-21 22:00:00,74.0,92,0.2,0.0,0.0
2019-10-21 23:00:00,73.4,94,0.1,0.0,0.0
2019-10-22 00:00:00,72.8,98,0.9,0.0,0.0
2019-10-22 01:00:00,72.4,99,1.0,0.0,0.0
2019-10-22 02:00:00,72.4,99,0.5,0.0,0.0
2019-10-22 03:00:00,72.6,99,0.3,0.0,0.0
2019-10-22 04:00:00,72.7,99,1.3,0.0,0.0
2019-10-22 05:00:00,72.5,99,1.8,0.0,0.0
2019-10-22 06:00:00,72.5,99,0.6,0.0,0.0
2019-10-22 07:00:00,71.2,98,0.2,0.01,0.0
2019-10-22 08:00:00,71.5,98,0.6,0.02,34.0
2019-10-22 09:00:00,71.6,93,0.2,0.06,92.0
2019-10-22 10:00:00,70.7,77,0.0,0.15,216.0
2019-10-22 11:00:00,70.9,61,0.0,0.23,312.0
2019-10-22 12:00:00,72.1,54,0.0,0.35,499.0
2019-10-22 13:00:00,73.0,52,0.0,0.35,491.0
2019-10-22 14:00:00,74.3,48,0.0,0.44,652.0
2019-10-22 15:00:00,75.0,41,0.0,0.44,601.0
2019-10-22 16:00:00,74.9,39,0.0,0.35,455.0
2019-10-22 17:00:00,74.0,44,0.0,0.22,264.0
2019-10-22 18:00:00,72.2,47,0.0,0.09,69.0
2019-10-22 19:00:00,71.3,42,0.0,0.07,0.0
2019-10-22 20:00:00,69.2,45,0.0,0.06,0.0
2019-10-22 21:00:00,67.4,49,0.0,0.04,0.0
2019-10-22 22:00:00,66.0,53,0.0,0.04,0.0
2019-10-22 23:00:00,65.0,55,0.0,0.05,0.0
2019-10-23 00:00:00,64.2,57,0.0,0.05,0.0
2019-10-23 01:00:00,63.4,57,0.0,0.05,0.0
2019-10-23 02:00:00,62.8,53,0.0,0.06,0.0
2019-10-23 03:00:00,62.2,53,0.0,0.06,0.0
2019-10-23 04:00:00,61.6,54,0.0,0.06,0.0
2019-10-23 05:00:00,61.1,56,0.0,0.05,0.0
2019-10-23 06:00:00,60.5,59,0.0,0.04,0.0
2019-10-23 07:00:00,57.9,62,0.0,0.03,1.0
2019-10-23 08:00:00,58.7,64,0.0,0.07,85.0
2019-10-23 09:00:00,60.5,56,0.0,0.17,299.0
2019-10-23 10:00:00,62.8,49,0.0,0.29,508.0
2019-10-23 11:00:00,65.0,44,0.0,0.39,665.0
2019-10-23 12:00:00,67.0,40,0.0,0.45,752.0
2019-10-23 13:00:00,68.5,39,0.0,0.44,689.0
2019-10-23 14:00:00,69.7,38,0.0,0.44,692.0
2019-10-23 15:00:00,70.3,38,0.0,0.38,586.0
2019-10-23 16:00:00,70.3,39,0.0,0.29,427.0
2019-10-23 17:00:00,69.4,50,0.0,0.15,234.0
2019-10-23 18:00:00,67.6,65,0.0,0.05,60.0
2019-10-23 19:00:00,64.9,65,0.0,0.02,0.0
2019-10-23 20:00:00,63.3,71,0.0,0.01,0.0
2019-10-23 21:00:00,62.2,68,0.0,0.02,0.0
2019-10-23 22:00:00,61.3,65,0.0,0.03,0.0
2019-10-23 23:00:00,60.5,62,0.0,0.03,0.0
2019-10-24 00:00:00,60.3,59,0.0,0.04,0.0
2019-10-24 01:00:00,59.7,61,0.0,0.03,0.0
2019-10-24 02:00:00,59.3,62,0.0,0.03,0.0
2019-10-24 03:00:00,58.9,65,0.0,0.03,0.0
2019-10-24 04:00:00,58.6,67,0.0,0.03,0.0
2019-10-24 05:00:00,58.3,70,0.0,0.02,0.0
2019-10-24 06:00:00,58.2,72,0.0,0.02,0.0
2019-10-24 07:00:00,55.8,75,0.0,0.04,0.0
2019-10-24 08:00:00,57.0,72,0.0,0.06,84.0
2019-10-24 09:00:00,59.3,67,0.0,0.16,260.0
2019-10-24 10:00:00,61.9,64,0.0,0.24,382.0
2019-10-24 11:00:00,64.3,64,0.0,0.29,454.0
2019-10-24 12:00:00,66.7,65,0.0,0.34,532.0
2019-10-24 13:00:00,68.8,66,0.0,0.37,578.0
2019-10-24 14:00:00,70.6,67,0.0,0.38,589.0
2019-10-24 15:00:00,71.8,68,0.0,0.32,477.0
2019-10-24 16:00:00,72.2,69,0.0,0.24,335.0
2019-10-24 17:00:00,72.0,73,0.0,0.14,181.0
2019-10-24 18:00:00,71.2,75,0.0,0.06,24.0
2019-10-24 19:00:00,71.3,77,0.0,0.03,0.0
2019-10-24 20:00:00,70.2,79,0.0,0.03,0.0
2019-10-24 21:00:00,69.4,79,0.0,0.03,0.0
2019-10-24 22:00:00,68.7,79,0.0,0.03,0.0
2019-10-24 23:00:00,68.3,81,0.0,0.03,0.0
2019-10-25 00:00:00,67.9,84,0.0,0.02,0.0
2019-10-25 01:00:00,67.7,88,0.0,0.01,0.0
2019-10-25 02:00:00,67.6,91,0.0,0.0,0.0
2019-10-25 03:00:00,67.6,94,0.0,0.0,0.0
2019-10-25 04:00:00,67.5,95,0.0,0.0,0.0
2019-10-25 05:00:00,67.5,95,0.0,0.0,0.0
2019-10-25 06:00:00,67.6,94,0.0,0.0,0.0
2019-10-25 07:00:00,68.5,94,0.3,0.02,0.0
2019-10-25 08:00:00,69.1,90,0.0,0.04,44.0
2019-10-25 09:00:00,70.2,87,0.0,0.11,152.0
2019-10-25 10:00:00,71.8,80,0.0,0.21,302.0
2019-10-25 11:00:00,73.3,71,0.0,0.27,332.0
2019-10-25 12:00:00,74.7,70,0.0,0.28,327.0
2019-10-25 13:00:00,76.1,66,0.1,0.35,444.0
2019-10-25 14:00:00,77.5,65,0.1,0.39,504.0
2019-10-25 15:00:00,78.4,64,0.0,0.38,480.0
2019-10-25 16:00:00,78.4,69,0.2,0.26,309.0
2019-10-25 17:00:00,77.9,76,0.1,0.17,200.0
2019-10-25 18:00:00,76.8,82,0.0,0.05,47.0
2019-10-25 19:00:00,77.3,83,0.0,0.02,0.0
2019-10-25 20:00:00,75.9,86,0.0,0.02,0.0
2019-10-25 21:00:00,75.0,84,0.0,0.03,0.0
2019-10-25 22:00:00,74.4,85,0.0,0.02,0.0
2019-10-25 23:00:00,73.8,88,0.0,0.02,0.0
2019-10-26 00:00:00,73.4,90,0.0,0.01,0.0
2019-10-26 01:00:00,73.0,89,0.0,0.01,0.0
2019-10-26 02:00:00,72.7,89,0.0,0.01,0.0
2019-10-26 03:00:00,72.3,89,0.0,0.01,0.0
2019-10-26 04:00:00,72.1,90,0.0,0.01,0.0
2019-10-26 05:00:00,71.9,92,0.0,0.01,0.0
2019-10-26 06:00:00,71.8,91,0.0,0.01,0.0
2019-10-26 07:00:00,74.2,90,0.0,0.03,0.0
2019-10-26 08:00:00,73.9,87,0.0,0.05,50.0
2019-10-26 09:00:00,74.6,80,0.0,0.16,196.0
2019-10-26 10:00:00,75.6,74,0.1,0.23,281.0
2019-10-26 11:00:00,76.6,76,0.4,0.28,393.0
2019-10-26 12:00:00,77.8,76,0.4,0.35,508.0
2019-10-26 13:00:00,78.1,79,0.3,0.29,398.0
2019-10-26 14:00:00,78.5,78,0.3,0.29,407.0
2019-10-26 15:00:00,79.1,78,0.2,0.3,412.0
2019-10-26 16:00:00,78.6,84,0.6,0.17,242.0
2019-10-26 17:00:00,77.8,89,0.6,0.09,125.0
2019-10-26 18:00:00,76.7,94,0.2,0.03,27.0
2019-10-26 19:00:00,77.0,91,0.0,0.01,0.0
2019-10-26 20:00:00,76.3,94,0.5,0.0,0.0
2019-10-26 21:00:00,75.6,96,0.5,0.0,0.0
2019-10-26 22:00:00,74.9,99,1.4,0.0,0.0
2019-10-26 23:00:00,74.4,99,0.8,0.0,0.0
2019-10-27 00:00:00,73.8,97,0.1,0.0,0.0
2019-10-27 01:00:00,73.3,97,0.0,0.0,0.0
2019-10-27 02:00:00,72.7,95,0.0,0.0,0.0
2019-10-27 03:00:00,71.7,92,0.0,0.0,0.0
2019-10-27 04:00:00,70.9,90,0.0,0.0,0.0
2019-10-27 05:00:00,70.3,92,0.0,0.0,0.0
2019-10-27 06:00:00,69.7,92,0.0,0.0,0.0
2019-10-27 07:00:00,70.4,93,0.0,0.02,0.0
2019-10-27 08:00:00,69.9,86,0.0,0.04,60.0
2019-10-27 09:00:00,70.2,78,0.0,0.13,200.0
2019-10-27 10:00:00,71.3,70,0.0,0.25,419.0
2019-10-27 11:00:00,73.0,65,0.0,0.35,582.0
2019-10-27 12:00:00,74.9,60,0.0,0.44,703.0
2019-10-27 13:00:00,76.6,56,0.0,0.48,751.0
2019-10-27 14:00:00,77.9,55,0.0,0.46,711.0
2019-10-27 15:00:00,78.4,54,0.0,0.4,606.0
2019-10-27 16:00:00,78.3,54,0.0,0.29,445.0
2019-10-27 17:00:00,77.2,59,0.0,0.16,247.0
2019-10-27 18:00:00,75.0,72,0.0,0.04,57.0
2019-10-27 19:00:00,73.9,80,0.0,0.0,0.0
2019-10-27 20:00:00,71.9,83,0.0,0.0,0.0
2019-10-27 21:00:00,70.1,87,0.0,0.0,0.0
2019-10-27 22:00:00,68.6,90,0.0,0.0,0.0
2019-10-27 23:00:00,67.5,91,0.0,0.0,0.0
2019-10-28 00:00:00,66.6,92,0.0,0.0,0.0
2019-10-28 01:00:00,65.8,93,0.0,0.0,0.0
2019-10-28 02:00:00,65.3,92,0.0,0.0,0.0
2019-10-28 03:00:00,64.7,94,0.0,0.0,0.0
2019-10-28 04:00:00,64.1,95,0.0,0.0,0.0
2019-10-28 05:00:00,63.7,95,0.0,0.0,0.0
2019-10-28 06:00:00,63.3,94,0.0,0.0,0.0
2019-10-28 07:00:00,62.2,94,0.0,0.01,0.0
2019-10-28 08:00:00,62.9,84,0.0,0.03,79.0
2019-10-28 09:00:00,64.9,73,0.0,0.15,267.0
2019-10-28 10:00:00,67.6,64,0.0,0.27,450.0
2019-10-28 11:00:00,70.7,58,0.0,0.38,594.0
2019-10-28 12:00:00,73.6,56,0.0,0.45,680.0
2019-10-28 13:00:00,76.0,55,0.0,0.47,700.0
2019-10-28 14:00:00,77.8,54,0.0,0.45,665.0
2019-10-28 15:00:00,78.8,55,0.0,0.37,543.0
2019-10-28 16:00:00,79.0,57,0.0,0.25,374.0
2019-10-28 17:00:00,78.4,62,0.0,0.12,178.0
2019-10-28 18:00:00,76.8,79,0.0,0.04,47.0
2019-10-28 19:00:00,77.6,78,0.0,0.0,0.0
2019-10-28 20:00:00,76.3,75,0.0,0.02,0.0
2019-10-28 21:00:00,75.1,75,0.0,0.02,0.0
2019-10-28 22:00:00,74.2,78,0.0,0.01,0.0
2019-10-28 23:00:00,73.3,82,0.0,0.0,0.0
2019-10-29 00:00:00,72.8,87,0.2,0.0,0.0
2019-10-29 01:00:00,72.3,88,0.8,0.0,0.0
2019-10-29 02:00:00,71.7,97,1.0,0.0,0.0
2019-10-29 03:00:00,71.3,98,1.2,0.0,0.0
2019-10-29 04:00:00,71.0,98,1.1,0.0,0.0
2019-10-29 05:00:00,70.7,98,0.4,0.0,0.0
2019-10-29 06:00:00,70.6,99,0.5,0.0,0.0
2019-10-29 07:00:00,72.3,98,1.3,0.01,0.0
2019-10-29 08:00:00,71.8,99,1.7,0.02,10.0
2019-10-29 09:00:00,71.7,98,1.9,0.04,51.0
2019-10-29 10:00:00,71.8,99,2.8,0.04,52.0
2019-10-29 11:00:00,72.1,98,2.5,0.08,109.0
2019-10-29 12:00:00,72.2,98,3.3,0.06,79.0
2019-10-29 13:00:00,72.3,98,1.5,0.07,96.0
2019-10-29 14:00:00,72.9,98,3.3,0.12,192.0
2019-10-29 15:00:00,72.9,99,1.3,0.07,113.0
2019-10-29 16:00:00,72.7,99,1.1,0.04,59.0
2019-10-29 17:00:00,72.3,99,0.7,0.03,30.0
2019-10-29 18:00:00,71.9,99,0.9,0.01,6.0
2019-10-29 19:00:00,72.7,98,0.9,0.0,0.0
2019-10-29 20:00:00,72.1,98,1.5,0.0,0.0
2019-10-29 21:00:00,71.6,96,0.0,0.0,0.0
2019-10-29 22:00:00,71.2,93,0.0,0.0,0.0
2019-10-29 23:00:00,70.8,91,0.0,0.01,0.0
2019-10-30 00:00:00,70.4,93,0.0,0.0,0.0
2019-10-30 01:00:00,70.3,96,0.0,0.0,0.0
2019-10-30 02:00:00,70.3,97,0.0,0.0,0.0
2019-10-30 03:00:00,70.3,98,0.0,0.0,0.0
2019-10-30 04:00:00,70.5,98,0.1,0.0,0.0
2019-10-30 05:00:00,70.8,98,0.0,0.0,0.0
2019-10-30 06:00:00,71.2,98,0.1,0.0,0.0
2019-10-30 07:00:00,72.4,98,0.2,0.01,0.0
2019-10-30 08:00:00,72.6,99,0.2,0.02,10.0
2019-10-30 09:00:00,72.9,99,0.5,0.03,42.0
2019-10-30 10:00:00,73.4,96,0.3,0.07,93.0
2019-10-30 11:00:00,74.3,92,0.2,0.15,228.0
2019-10-30 12:00:00,75.2,87,0.1,0.18,248.0
2019-10-30 13:00:00,76.1,83,0.2,0.22,291.0
2019-10-30 14:00:00,76.3,91,3.2,0.16,234.0
2019-10-30 15:00:00,76.0,93,1.8,0.12,170.0
2019-10-30 16:00:00,75.9,92,0.5,0.11,161.0
2019-10-30 17:00:00,75.4,96,0.2,0.04,56.0
2019-10-30 18:00:00,74.9,98,0.1,0.02,15.0
2019-10-30 19:00:00,75.5,98,0.0,0.0,0.0
2019-10-30 20:00:00,75.0,98,0.0,0.0,0.0
2019-10-30 21:00:00,74.7,99,0.4,0.0,0.0
2019-10-30 22:00:00,74.5,98,0.0,0.0,0.0
2019-10-30 23:00:00,74.3,98,0.0,0.0,0.0
2019-10-31 00:00:00,74.0,98,0.0,0.0,0.0
2019-10-31 01:00:00,73.8,98,0.0,0.0,0.0
2019-10-31 02:00:00,73.7,98,0.0,0.0,0.0
2019-10-31 03:00:00,73.7,99,0.0,0.0,0.0
2019-10-31 04:00:00,73.7,98,0.0,0.0,0.0
2019-10-31 05:00:00,73.6,98,0.0,0.0,0.0
2019-10-31 06:00:00,73.5,98,0.0,0.0,0.0
2019-10-31 07:00:00,75.5,98,0.0,0.01,0.0
2019-10-31 08:00:00,75.2,96,0.1,0.03,42.0
2019-10-31 09:00:00,75.4,92,0.1,0.09,142.0
2019-10-31 10:00:00,76.6,89,0.1,0.21,332.0
2019-10-31 11:00:00,77.7,87,2.1,0.28,467.0
2019-10-31 12:00:00,77.9,85,1.0,0.25,387.0
2019-10-31 13:00:00,77.7,88,0.6,0.25,394.0
2019-10-31 14:00:00,76.3,95,3.2,0.11,215.0
2019-10-31 15:00:00,72.9,87,0.4,0.12,200.0
2019-10-31 16:00:00,71.6,74,0.0,0.18,298.0
2019-10-31 17:00:00,70.3,70,0.0,0.12,161.0
2019-10-31 18:00:00,68.5,69,0.0,0.07,39.0
2019-10-31 19:00:00,66.5,75,0.0,0.04,0.0
2019-10-31 20:00:00,64.8,70,0.0,0.05,0.0
2019-10-31 21:00:00,63.2,66,0.0,0.05,0.0
2019-10-31 22:00:00,61.6,65,0.0,0.05,0.0
2019-10-31 23:00:00,60.2,63,0.0,0.05,0.0
