datetime,soil_temperature,relative_humidity,precipitation,evapotranspiration,solar_radiation
2019-05-01 00:00:00,70.7,87,0.0,0.0,0.0
2019-05-01 01:00:00,69.8,78,0.0,0.02,0.0
2019-05-01 02:00:00,69.7,81,0.0,0.02,0.0
2019-05-01 03:00:00,69.5,89,0.0,0.0,0.0
2019-05-01 04:00:00,69.1,93,0.0,0.0,0.0
2019-05-01 05:00:00,68.7,96,0.0,0.0,0.0
2019-05-01 06:00:00,68.4,98,0.0,0.0,0.0
2019-05-01 07:00:00,68.1,98,0.0,0.01,0.0
2019-05-01 08:00:00,69.6,93,0.0,0.03,64.0
2019-05-01 09:00:00,70.5,81,0.0,0.16,250.0
2019-05-01 10:00:00,72.1,68,0.0,0.3,426.0
2019-05-01 11:00:00,74.1,60,0.0,0.45,641.0
2019-05-01 12:00:00,76.3,50,0.0,0.58,798.0
2019-05-01 13:00:00,78.2,44,0.0,0.63,827.0
2019-05-01 14:00:00,80.0,41,0.0,0.69,898.0
2019-05-01 15:00:00,81.4,39,0.0,0.68,887.0
2019-05-01 16:00:00,82.4,37,0.0,0.63,806.0
2019-05-01 17:00:00,82.9,37,0.0,0.52,659.0
2019-05-01 18:00:00,82.8,38,0.0,0.36,450.0
2019-05-01 19:00:00,82.2,43,0.0,0.21,256.0
2019-05-01 20:00:00,80.0,54,0.0,0.1,79.0
2019-05-01 21:00:00,78.0,56,0.0,0.07,2.0
2019-05-01 22:00:00,76.2,59,0.0,0.07,0.0
2019-05-01 23:00:00,75.2,59,0.0,0.09,0.0
2019-05-02 00:00:00,74.6,65,0.0,0.06,0.0
2019-05-02 01:00:00,73.8,73,0.0,0.04,0.0
2019-05-02 02:00:00,72.9,81,0.0,0.01,0.0
2019-05-02 03:00:00,72.0,89,0.0,0.0,0.0
2019-05-02 04:00:00,71.2,94,0.0,0.0,0.0
2019-05-02 05:00:00,70.4,97,0.0,0.0,0.0
2019-05-02 06:00:00,69.8,98,0.0,0.0,0.0
2019-05-02 07:00:00,69.4,98,0.0,0.01,0.0
2019-05-02 08:00:00,69.8,93,0.0,0.03,49.0
2019-05-02 09:00:00,70.7,81,0.0,0.15,252.0
2019-05-02 10:00:00,72.4,65,0.0,0.33,462.0
2019-05-02 11:00:00,74.4,58,0.0,0.43,583.0
2019-05-02 12:00:00,76.1,54,0.3,0.48,636.0
2019-05-02 13:00:00,77.7,54,0.4,0.54,734.0
2019-05-02 14:00:00,79.3,52,0.2,0.54,720.0
2019-05-02 15:00:00,80.3,52,0.0,0.48,644.0
2019-05-02 16:00:00,81.3,50,0.0,0.47,627.0
2019-05-02 17:00:00,81.3,58,0.0,0.33,417.0
2019-05-02 18:00:00,79.8,87,1.4,0.21,326.0
2019-05-02 19:00:00,78.4,88,0.0,0.12,179.0
2019-05-02 20:00:00,78.4,61,0.0,0.11,67.0
2019-05-02 21:00:00,76.9,74,0.0,0.04,2.0
2019-05-02 22:00:00,75.7,73,0.0,0.03,0.0
2019-05-02 23:00:00,74.7,71,0.0,0.03,0.0
2019-05-03 00:00:00,73.5,74,0.0,0.01,0.0
2019-05-03 01:00:00,72.4,77,0.0,0.01,0.0
2019-05-03 02:00:00,71.6,82,0.0,0.01,0.0
2019-05-03 03:00:00,71.0,88,0.0,0.0,0.0
2019-05-03 04:00:00,70.5,95,0.0,0.0,0.0
2019-05-03 05:00:00,70.2,97,0.0,0.0,0.0
2019-05-03 06:00:00,70.0,98,0.0,0.0,0.0
2019-05-03 07:00:00,70.0,96,0.0,0.01,0.0
2019-05-03 08:00:00,71.4,92,0.0,0.03,31.0
2019-05-03 09:00:00,71.8,87,0.0,0.08,109.0
2019-05-03 10:00:00,72.9,77,0.0,0.21,310.0
2019-05-03 11:00:00,74.5,65,0.1,0.33,470.0
2019-05-03 12:00:00,75.8,60,0.1,0.33,440.0
2019-05-03 13:00:00,76.9,59,0.0,0.29,392.0
2019-05-03 14:00:00,78.3,58,0.1,0.4,530.0
2019-05-03 15:00:00,79.7,56,0.0,0.49,665.0
2019-05-03 16:00:00,80.7,54,0.0,0.46,613.0
2019-05-03 17:00:00,81.0,58,0.3,0.37,475.0
2019-05-03 18:00:00,80.5,64,0.1,0.28,366.0
2019-05-03 19:00:00,79.8,72,0.0,0.14,196.0
2019-05-03 20:00:00,78.4,95,1.3,0.04,68.0
2019-05-03 21:00:00,76.6,93,0.0,0.0,2.0
2019-05-03 22:00:00,75.1,91,0.0,0.0,0.0
2019-05-03 23:00:00,74.2,94,0.0,0.0,0.0
2019-05-04 00:00:00,73.5,96,0.0,0.0,0.0
2019-05-04 01:00:00,72.9,97,0.0,0.0,0.0
2019-05-04 02:00:00,72.1,98,0.0,0.0,0.0
2019-05-04 03:00:00,71.5,99,0.0,0.0,0.0
2019-05-04 04:00:00,71.3,99,0.0,0.0,0.0
2019-05-04 05:00:00,71.2,100,0.0,0.0,0.0
2019-05-04 06:00:00,71.2,99,0.0,0.0,0.0
2019-05-04 07:00:00,71.2,100,0.0,0.01,0.0
2019-05-04 08:00:00,73.0,97,0.0,0.02,37.0
2019-05-04 09:00:00,73.2,89,0.1,0.11,166.0
2019-05-04 10:00:00,73.6,80,0.3,0.2,276.0
2019-05-04 11:00:00,74.8,66,0.2,0.39,533.0
2019-05-04 12:00:00,76.5,58,0.1,0.48,631.0
2019-05-04 13:00:00,77.7,60,0.3,0.46,607.0
2019-05-04 14:00:00,79.2,56,0.1,0.55,731.0
2019-05-04 15:00:00,79.2,65,0.6,0.41,541.0
2019-05-04 16:00:00,80.3,50,0.1,0.56,712.0
2019-05-04 17:00:00,79.1,92,3.7,0.2,303.0
2019-05-04 18:00:00,77.9,90,1.1,0.14,202.0
2019-05-04 19:00:00,76.7,92,0.6,0.07,89.0
2019-05-04 20:00:00,75.2,96,2.6,0.03,30.0
2019-05-04 21:00:00,74.3,97,0.2,0.01,1.0
2019-05-04 22:00:00,73.8,98,0.0,0.0,0.0
2019-05-04 23:00:00,73.4,98,0.0,0.0,0.0
2019-05-05 00:00:00,73.0,99,0.0,0.0,0.0
2019-05-05 01:00:00,72.9,98,0.0,0.0,0.0
2019-05-05 02:00:00,72.8,98,0.0,0.0,0.0
2019-05-05 03:00:00,72.7,98,0.0,0.0,0.0
2019-05-05 04:00:00,72.4,98,0.0,0.0,0.0
2019-05-05 05:00:00,72.2,98,0.0,0.0,0.0
2019-05-05 06:00:00,72.1,99,0.0,0.0,0.0
2019-05-05 07:00:00,71.9,96,0.8,0.02,0.0
2019-05-05 08:00:00,72.8,98,0.6,0.02,21.0
2019-05-05 09:00:00,72.7,96,0.2,0.1,180.0
2019-05-05 10:00:00,73.0,95,0.3,0.19,317.0
2019-05-05 11:00:00,73.9,85,0.5,0.29,447.0
2019-05-05 12:00:00,74.8,76,0.2,0.41,627.0
2019-05-05 13:00:00,76.1,74,0.0,0.46,672.0
2019-05-05 14:00:00,77.3,74,0.1,0.46,650.0
2019-05-05 15:00:00,78.1,64,0.2,0.42,553.0
2019-05-05 16:00:00,78.9,52,0.1,0.5,642.0
2019-05-05 17:00:00,79.5,52,0.0,0.46,569.0
2019-05-05 18:00:00,79.5,54,0.0,0.36,432.0
2019-05-05 19:00:00,79.0,60,0.0,0.18,216.0
2019-05-05 20:00:00,76.5,67,0.0,0.1,88.0
2019-05-05 21:00:00,75.3,72,0.0,0.04,3.0
2019-05-05 22:00:00,74.1,74,0.0,0.03,0.0
2019-05-05 23:00:00,73.2,77,0.0,0.02,0.0
2019-05-06 00:00:00,72.5,80,0.0,0.02,0.0
2019-05-06 01:00:00,71.6,80,0.0,0.01,0.0
2019-05-06 02:00:00,70.4,90,0.0,0.0,0.0
2019-05-06 03:00:00,69.4,91,0.0,0.0,0.0
2019-05-06 04:00:00,68.6,89,0.0,0.0,0.0
2019-05-06 05:00:00,68.4,90,0.0,0.0,0.0
2019-05-06 06:00:00,68.1,89,0.0,0.0,0.0
2019-05-06 07:00:00,67.7,91,0.0,0.02,0.0
2019-05-06 08:00:00,68.6,84,0.0,0.04,67.0
2019-05-06 09:00:00,69.3,74,0.0,0.16,260.0
2019-05-06 10:00:00,70.8,63,0.0,0.32,490.0
2019-05-06 11:00:00,72.6,57,0.0,0.46,687.0
2019-05-06 12:00:00,74.7,52,0.0,0.58,845.0
2019-05-06 13:00:00,76.6,46,0.0,0.67,948.0
2019-05-06 14:00:00,78.4,41,0.0,0.71,986.0
2019-05-06 15:00:00,79.8,38,0.0,0.7,956.0
2019-05-06 16:00:00,80.7,38,0.0,0.65,871.0
2019-05-06 17:00:00,81.1,39,0.0,0.54,724.0
2019-05-06 18:00:00,80.9,40,0.0,0.4,533.0
2019-05-06 19:00:00,80.1,48,0.0,0.24,315.0
2019-05-06 20:00:00,78.5,62,0.0,0.09,109.0
2019-05-06 21:00:00,76.0,69,0.0,0.03,3.0
2019-05-06 22:00:00,73.9,75,0.0,0.01,0.0
2019-05-06 23:00:00,72.0,72,0.0,0.0,0.0
2019-05-07 00:00:00,70.3,79,0.0,0.0,0.0
2019-05-07 01:00:00,68.9,77,0.0,0.0,0.0
2019-05-07 02:00:00,67.7,78,0.0,0.0,0.0
2019-05-07 03:00:00,66.9,90,0.0,0.0,0.0
2019-05-07 04:00:00,66.1,90,0.0,0.0,0.0
2019-05-07 05:00:00,65.4,89,0.0,0.0,0.0
2019-05-07 06:00:00,64.8,88,0.0,0.0,0.0
2019-05-07 07:00:00,64.1,88,0.0,0.02,0.0
2019-05-07 08:00:00,65.3,82,0.0,0.04,80.0
2019-05-07 09:00:00,67.2,66,0.0,0.17,277.0
2019-05-07 10:00:00,69.7,54,0.0,0.34,494.0
2019-05-07 11:00:00,72.4,42,0.0,0.49,692.0
2019-05-07 12:00:00,75.0,36,0.0,0.6,848.0
2019-05-07 13:00:00,77.5,34,0.0,0.69,949.0
2019-05-07 14:00:00,79.4,32,0.0,0.73,985.0
2019-05-07 15:00:00,81.1,30,0.0,0.71,960.0
2019-05-07 16:00:00,82.2,30,0.0,0.65,868.0
2019-05-07 17:00:00,82.9,30,0.0,0.53,719.0
2019-05-07 18:00:00,83.0,31,0.0,0.38,528.0
2019-05-07 19:00:00,82.4,40,0.0,0.25,313.0
2019-05-07 20:00:00,80.8,50,0.0,0.11,109.0
2019-05-07 21:00:00,77.8,50,0.0,0.02,3.0
2019-05-07 22:00:00,75.6,60,0.0,0.03,0.0
2019-05-07 23:00:00,73.8,69,0.0,0.02,0.0
2019-05-08 00:00:00,72.3,78,0.0,0.01,0.0
2019-05-08 01:00:00,71.2,83,0.0,0.0,0.0
2019-05-08 02:00:00,70.7,82,0.0,0.01,0.0
2019-05-08 03:00:00,70.0,87,0.0,0.0,0.0
2019-05-08 04:00:00,69.5,87,0.0,0.0,0.0
2019-05-08 05:00:00,69.2,89,0.0,0.0,0.0
2019-05-08 06:00:00,68.9,92,0.0,0.0,0.0
2019-05-08 07:00:00,68.6,93,0.0,0.02,0.0
2019-05-08 08:00:00,70.2,87,0.0,0.05,77.0
2019-05-08 09:00:00,71.2,80,0.0,0.17,263.0
2019-05-08 10:00:00,73.0,70,0.0,0.32,457.0
2019-05-08 11:00:00,75.0,61,0.1,0.46,644.0
2019-05-08 12:00:00,77.0,53,0.0,0.55,740.0
2019-05-08 13:00:00,78.7,46,0.0,0.62,791.0
2019-05-08 14:00:00,80.3,42,0.0,0.66,841.0
2019-05-08 15:00:00,81.6,39,0.0,0.68,853.0
2019-05-08 16:00:00,82.3,37,0.0,0.57,694.0
2019-05-08 17:00:00,82.7,39,0.0,0.51,608.0
2019-05-08 18:00:00,82.5,41,0.0,0.4,458.0
2019-05-08 19:00:00,81.6,46,0.0,0.22,204.0
2019-05-08 20:00:00,80.1,59,0.0,0.1,90.0
2019-05-08 21:00:00,78.5,62,0.0,0.06,3.0
2019-05-08 22:00:00,77.3,72,0.0,0.03,0.0
2019-05-08 23:00:00,75.9,81,0.0,0.01,0.0
2019-05-09 00:00:00,74.7,87,0.0,0.0,0.0
2019-05-09 01:00:00,73.8,90,0.0,0.0,0.0
2019-05-09 02:00:00,73.2,76,0.0,0.03,0.0
2019-05-09 03:00:00,72.4,77,0.0,0.02,0.0
2019-05-09 04:00:00,71.9,79,0.0,0.03,0.0
2019-05-09 05:00:00,71.4,82,0.0,0.02,0.0
2019-05-09 06:00:00,71.0,85,0.0,0.01,0.0
2019-05-09 07:00:00,70.6,87,0.0,0.0,1.0
2019-05-09 08:00:00,70.8,84,0.0,0.05,72.0
2019-05-09 09:00:00,71.8,78,0.0,0.17,250.0
2019-05-09 10:00:00,73.4,68,0.0,0.31,442.0
2019-05-09 11:00:00,75.5,56,0.0,0.47,647.0
2019-05-09 12:00:00,77.7,50,0.0,0.59,780.0
2019-05-09 13:00:00,79.5,47,0.2,0.62,807.0
2019-05-09 14:00:00,80.4,56,0.6,0.56,753.0
2019-05-09 15:00:00,81.1,57,0.1,0.57,751.0
2019-05-09 16:00:00,81.3,68,2.0,0.45,632.0
2019-05-09 17:00:00,80.8,72,0.3,0.33,443.0
2019-05-09 18:00:00,81.0,66,0.1,0.3,410.0
2019-05-09 19:00:00,80.2,78,0.3,0.14,197.0
2019-05-09 20:00:00,78.3,82,0.0,0.05,72.0
2019-05-09 21:00:00,76.9,88,0.6,0.01,3.0
2019-05-09 22:00:00,75.7,95,1.6,0.0,0.0
2019-05-09 23:00:00,74.7,99,0.8,0.0,0.0
2019-05-10 00:00:00,73.9,100,2.7,0.0,0.0
2019-05-10 01:00:00,73.3,100,6.3,0.0,0.0
2019-05-10 02:00:00,72.9,100,3.5,0.0,0.0
2019-05-10 03:00:00,72.4,98,0.4,0.0,0.0
2019-05-10 04:00:00,72.0,98,0.0,0.0,0.0
2019-05-10 05:00:00,71.7,98,0.0,0.0,0.0
2019-05-10 06:00:00,71.3,96,0.0,0.0,0.0
2019-05-10 07:00:00,71.1,97,0.0,0.0,1.0
2019-05-10 08:00:00,70.3,97,0.0,0.03,69.0
2019-05-10 09:00:00,71.3,90,0.0,0.15,253.0
2019-05-10 10:00:00,72.6,84,0.2,0.22,335.0
2019-05-10 11:00:00,74.5,74,0.4,0.33,461.0
2019-05-10 12:00:00,76.7,70,0.1,0.43,591.0
2019-05-10 13:00:00,79.0,64,0.1,0.55,739.0
2019-05-10 14:00:00,80.4,64,0.8,0.49,656.0
2019-05-10 15:00:00,79.8,90,5.6,0.43,627.0
2019-05-10 16:00:00,79.3,87,0.5,0.31,436.0
2019-05-10 17:00:00,78.6,91,1.6,0.21,306.0
2019-05-10 18:00:00,78.0,90,0.7,0.14,187.0
2019-05-10 19:00:00,77.5,93,0.0,0.12,185.0
2019-05-10 20:00:00,75.9,97,0.0,0.05,92.0
2019-05-10 21:00:00,74.7,98,0.0,0.0,4.0
2019-05-10 22:00:00,73.8,98,0.0,0.0,0.0
2019-05-10 23:00:00,73.0,98,0.0,0.0,0.0
2019-05-11 00:00:00,72.5,98,0.0,0.0,0.0
2019-05-11 01:00:00,72.0,97,0.0,0.0,0.0
2019-05-11 02:00:00,71.5,97,0.0,0.0,0.0
2019-05-11 03:00:00,71.2,97,0.0,0.0,0.0
2019-05-11 04:00:00,70.9,97,0.0,0.0,0.0
2019-05-11 05:00:00,70.6,97,0.0,0.0,0.0
2019-05-11 06:00:00,70.4,97,0.0,0.0,0.0
2019-05-11 07:00:00,70.3,97,0.0,0.0,1.0
2019-05-11 08:00:00,70.3,98,0.0,0.03,74.0
2019-05-11 09:00:00,71.4,89,0.0,0.13,214.0
2019-05-11 10:00:00,72.8,82,0.0,0.21,301.0
2019-05-11 11:00:00,74.6,69,0.2,0.39,535.0
2019-05-11 12:00:00,76.2,64,0.2,0.43,567.0
2019-05-11 13:00:00,78.0,57,0.0,0.55,710.0
2019-05-11 14:00:00,79.3,56,0.0,0.5,627.0
2019-05-11 15:00:00,79.7,60,0.9,0.45,573.0
2019-05-11 16:00:00,79.3,85,4.3,0.3,474.0
2019-05-11 17:00:00,78.1,92,0.4,0.21,299.0
2019-05-11 18:00:00,77.8,83,0.0,0.26,387.0
2019-05-11 19:00:00,77.5,83,0.0,0.17,246.0
2019-05-11 20:00:00,79.8,66,0.0,0.1,97.0
2019-05-11 21:00:00,78.6,76,0.0,0.04,4.0
2019-05-11 22:00:00,77.4,86,0.0,0.01,0.0
2019-05-11 23:00:00,76.2,93,0.0,0.0,0.0
2019-05-12 00:00:00,75.1,96,0.0,0.0,0.0
2019-05-12 01:00:00,74.3,98,0.0,0.0,0.0
2019-05-12 02:00:00,73.6,98,0.0,0.0,0.0
2019-05-12 03:00:00,73.0,98,0.0,0.0,0.0
2019-05-12 04:00:00,72.7,98,0.0,0.0,0.0
2019-05-12 05:00:00,72.5,99,0.0,0.0,0.0
2019-05-12 06:00:00,72.5,99,0.0,0.0,0.0
2019-05-12 07:00:00,72.7,99,0.0,0.0,1.0
2019-05-12 08:00:00,72.7,93,0.0,0.04,36.0
2019-05-12 09:00:00,73.5,85,0.1,0.11,140.0
2019-05-12 10:00:00,74.8,75,0.0,0.26,351.0
2019-05-12 11:00:00,76.5,64,0.0,0.41,547.0
2019-05-12 12:00:00,78.1,58,0.0,0.47,593.0
2019-05-12 13:00:00,79.3,57,0.0,0.48,594.0
2019-05-12 14:00:00,79.8,58,0.1,0.37,424.0
2019-05-12 15:00:00,78.9,74,0.8,0.17,174.0
2019-05-12 16:00:00,78.6,76,0.1,0.29,395.0
2019-05-12 17:00:00,77.7,94,2.6,0.18,321.0
2019-05-12 18:00:00,76.4,96,0.5,0.07,104.0
2019-05-12 19:00:00,75.7,96,0.1,0.07,103.0
2019-05-12 20:00:00,74.0,91,0.1,0.04,35.0
2019-05-12 21:00:00,73.4,94,0.0,0.01,3.0
2019-05-12 22:00:00,73.0,96,0.0,0.0,0.0
2019-05-12 23:00:00,72.5,96,0.0,0.0,0.0
2019-05-13 00:00:00,72.1,97,0.0,0.0,0.0
2019-05-13 01:00:00,71.7,97,0.0,0.0,0.0
2019-05-13 02:00:00,71.4,98,0.0,0.0,0.0
2019-05-13 03:00:00,71.4,98,0.2,0.0,0.0
2019-05-13 04:00:00,71.6,97,0.3,0.0,0.0
2019-05-13 05:00:00,71.7,99,2.0,0.0,0.0
2019-05-13 06:00:00,71.6,100,3.1,0.0,0.0
2019-05-13 07:00:00,71.2,100,4.0,0.01,0.0
2019-05-13 08:00:00,73.0,97,2.1,0.02,16.0
2019-05-13 09:00:00,73.0,92,0.0,0.12,204.0
2019-05-13 10:00:00,73.6,82,0.0,0.26,403.0
2019-05-13 11:00:00,74.4,76,0.0,0.28,403.0
2019-05-13 12:00:00,75.5,75,0.2,0.35,491.0
2019-05-13 13:00:00,76.7,73,0.3,0.48,684.0
2019-05-13 14:00:00,77.6,73,1.1,0.4,578.0
2019-05-13 15:00:00,77.7,72,0.7,0.52,763.0
2019-05-13 16:00:00,78.3,68,0.1,0.44,622.0
2019-05-13 17:00:00,78.5,68,0.4,0.39,548.0
2019-05-13 18:00:00,78.6,67,0.1,0.3,421.0
2019-05-13 19:00:00,78.3,70,0.1,0.17,252.0
2019-05-13 20:00:00,76.0,69,0.0,0.09,89.0
2019-05-13 21:00:00,74.7,71,0.0,0.05,4.0
2019-05-13 22:00:00,73.5,72,0.0,0.04,0.0
2019-05-13 23:00:00,72.6,62,0.0,0.07,0.0
2019-05-14 00:00:00,71.8,58,0.0,0.06,0.0
2019-05-14 01:00:00,70.7,63,0.0,0.05,0.0
2019-05-14 02:00:00,69.6,65,0.0,0.04,0.0
2019-05-14 03:00:00,68.5,67,0.0,0.03,0.0
2019-05-14 04:00:00,67.6,70,0.0,0.03,0.0
2019-05-14 05:00:00,66.7,73,0.0,0.02,0.0
2019-05-14 06:00:00,66.0,75,0.0,0.02,0.0
2019-05-14 07:00:00,65.4,75,0.0,0.03,1.0
2019-05-14 08:00:00,66.7,74,0.0,0.06,91.0
2019-05-14 09:00:00,67.1,67,0.0,0.17,287.0
2019-05-14 10:00:00,68.4,60,0.0,0.31,503.0
2019-05-14 11:00:00,70.1,51,0.0,0.45,701.0
2019-05-14 12:00:00,71.9,46,0.0,0.56,858.0
2019-05-14 13:00:00,73.6,44,0.0,0.64,960.0
2019-05-14 14:00:00,75.0,41,0.0,0.68,1000.0
2019-05-14 15:00:00,76.1,39,0.0,0.67,975.0
2019-05-14 16:00:00,76.7,39,0.0,0.6,864.0
2019-05-14 17:00:00,76.9,41,0.0,0.5,719.0
2019-05-14 18:00:00,76.6,46,0.0,0.37,520.0
2019-05-14 19:00:00,75.9,55,0.0,0.22,320.0
2019-05-14 20:00:00,74.6,62,0.0,0.08,119.0
2019-05-14 21:00:00,72.2,78,0.0,0.02,5.0
2019-05-14 22:00:00,70.4,79,0.0,0.01,0.0
2019-05-14 23:00:00,69.0,78,0.0,0.01,0.0
2019-05-15 00:00:00,67.9,71,0.0,0.03,0.0
2019-05-15 01:00:00,67.2,66,0.0,0.03,0.0
2019-05-15 02:00:00,66.0,64,0.0,0.03,0.0
2019-05-15 03:00:00,64.9,66,0.0,0.02,0.0
2019-05-15 04:00:00,64.0,67,0.0,0.02,0.0
2019-05-15 05:00:00,63.1,68,0.0,0.02,0.0
2019-05-15 06:00:00,62.4,71,0.0,0.01,0.0
2019-05-15 07:00:00,61.7,73,0.0,0.01,2.0
2019-05-15 08:00:00,63.9,72,0.0,0.06,94.0
2019-05-15 09:00:00,65.0,64,0.0,0.17,293.0
2019-05-15 10:00:00,66.9,55,0.0,0.32,510.0
2019-05-15 11:00:00,69.0,47,0.0,0.46,708.0
2019-05-15 12:00:00,71.2,43,0.0,0.57,866.0
2019-05-15 13:00:00,73.1,39,0.0,0.66,970.0
2019-05-15 14:00:00,74.8,36,0.0,0.7,1008.0
2019-05-15 15:00:00,76.2,34,0.0,0.68,978.0
2019-05-15 16:00:00,77.2,33,0.0,0.63,884.0
2019-05-15 17:00:00,77.5,35,0.0,0.53,733.0
2019-05-15 18:00:00,77.4,38,0.0,0.4,541.0
2019-05-15 19:00:00,76.6,49,0.0,0.23,326.0
2019-05-15 20:00:00,75.1,61,0.0,0.1,121.0
2019-05-15 21:00:00,72.8,66,0.0,0.03,6.0
2019-05-15 22:00:00,70.6,62,0.0,0.01,0.0
2019-05-15 23:00:00,68.7,66,0.0,0.0,0.0
2019-05-16 00:00:00,67.3,79,0.0,0.0,0.0
2019-05-16 01:00:00,66.3,65,0.0,0.03,0.0
2019-05-16 02:00:00,65.6,62,0.0,0.03,0.0
2019-05-16 03:00:00,64.8,61,0.0,0.03,0.0
2019-05-16 04:00:00,64.1,58,0.0,0.04,0.0
2019-05-16 05:00:00,63.7,58,0.0,0.03,0.0
2019-05-16 06:00:00,63.1,69,0.0,0.02,0.0
2019-05-16 07:00:00,62.4,64,0.0,0.02,2.0
2019-05-16 08:00:00,63.6,67,0.0,0.06,92.0
2019-05-16 09:00:00,65.4,65,0.0,0.17,287.0
2019-05-16 10:00:00,67.8,54,0.0,0.33,498.0
2019-05-16 11:00:00,70.5,45,0.0,0.49,692.0
2019-05-16 12:00:00,73.0,42,0.0,0.6,843.0
2019-05-16 13:00:00,75.3,40,0.0,0.67,932.0
2019-05-16 14:00:00,77.3,39,0.0,0.7,968.0
2019-05-16 15:00:00,78.6,39,0.0,0.66,894.0
2019-05-16 16:00:00,79.4,39,0.0,0.55,726.0
2019-05-16 17:00:00,80.0,40,0.0,0.47,627.0
2019-05-16 18:00:00,80.0,42,0.0,0.34,459.0
2019-05-16 19:00:00,79.4,71,0.0,0.19,268.0
2019-05-16 20:00:00,78.1,70,0.0,0.08,107.0
2019-05-16 21:00:00,75.7,63,0.0,0.01,5.0
2019-05-16 22:00:00,74.2,68,0.0,0.05,0.0
2019-05-16 23:00:00,73.3,67,0.0,0.04,0.0
2019-05-17 00:00:00,72.1,72,0.0,0.03,0.0
2019-05-17 01:00:00,71.2,72,0.0,0.03,0.0
2019-05-17 02:00:00,70.3,72,0.0,0.03,0.0
2019-05-17 03:00:00,69.4,74,0.0,0.02,0.0
2019-05-17 04:00:00,68.6,74,0.0,0.02,0.0
2019-05-17 05:00:00,68.0,74,0.0,0.02,0.0
2019-05-17 06:00:00,67.4,75,0.0,0.01,0.0
2019-05-17 07:00:00,66.9,75,0.0,0.02,2.0
2019-05-17 08:00:00,68.0,70,0.0,0.08,92.0
2019-05-17 09:00:00,69.5,63,0.0,0.15,228.0
2019-05-17 10:00:00,71.6,58,0.0,0.3,429.0
2019-05-17 11:00:00,74.0,50,0.0,0.47,661.0
2019-05-17 12:00:00,76.4,46,0.0,0.59,822.0
2019-05-17 13:00:00,78.2,45,0.0,0.57,777.0
2019-05-17 14:00:00,79.3,44,0.0,0.52,684.0
2019-05-17 15:00:00,80.3,42,0.0,0.57,727.0
2019-05-17 16:00:00,81.2,40,0.0,0.57,745.0
2019-05-17 17:00:00,81.5,42,0.0,0.44,543.0
2019-05-17 18:00:00,81.0,54,0.0,0.32,369.0
2019-05-17 19:00:00,80.2,56,0.0,0.22,269.0
2019-05-17 20:00:00,79.3,76,0.0,0.07,100.0
2019-05-17 21:00:00,77.4,75,0.0,0.03,6.0
2019-05-17 22:00:00,75.7,86,0.0,0.0,0.0
2019-05-17 23:00:00,74.2,87,0.0,0.0,0.0
2019-05-18 00:00:00,73.0,91,0.0,0.0,0.0
2019-05-18 01:00:00,72.1,93,0.0,0.0,0.0
2019-05-18 02:00:00,71.2,88,0.0,0.0,0.0
2019-05-18 03:00:00,70.5,95,0.0,0.0,0.0
2019-05-18 04:00:00,69.9,92,0.0,0.0,0.0
2019-05-18 05:00:00,69.3,96,0.0,0.0,0.0
2019-05-18 06:00:00,68.7,96,0.0,0.0,0.0
2019-05-18 07:00:00,68.5,99,0.0,0.0,2.0
2019-05-18 08:00:00,69.5,93,0.0,0.04,66.0
2019-05-18 09:00:00,71.1,82,0.0,0.18,286.0
2019-05-18 10:00:00,73.2,65,0.0,0.33,496.0
2019-05-18 11:00:00,75.6,50,0.0,0.49,689.0
2019-05-18 12:00:00,77.5,45,0.0,0.53,716.0
2019-05-18 13:00:00,79.4,42,0.0,0.63,829.0
2019-05-18 14:00:00,81.0,39,0.0,0.64,828.0
2019-05-18 15:00:00,82.2,37,0.0,0.67,865.0
2019-05-18 16:00:00,83.2,34,0.0,0.62,784.0
2019-05-18 17:00:00,83.6,34,0.0,0.51,611.0
2019-05-18 18:00:00,83.4,35,0.0,0.42,460.0
2019-05-18 19:00:00,82.7,41,0.0,0.28,285.0
2019-05-18 20:00:00,81.3,44,0.0,0.15,116.0
2019-05-18 21:00:00,79.1,54,0.0,0.05,6.0
2019-05-18 22:00:00,77.2,58,0.0,0.04,0.0
2019-05-18 23:00:00,75.9,67,0.0,0.04,0.0
2019-05-19 00:00:00,74.9,79,0.0,0.02,0.0
2019-05-19 01:00:00,74.1,82,0.0,0.01,0.0
2019-05-19 02:00:00,73.4,85,0.0,0.0,0.0
2019-05-19 03:00:00,72.7,87,0.0,0.0,0.0
2019-05-19 04:00:00,71.9,93,0.0,0.0,0.0
2019-05-19 05:00:00,71.3,85,0.0,0.0,0.0
2019-05-19 06:00:00,70.5,92,0.0,0.0,0.0
2019-05-19 07:00:00,70.1,94,0.0,0.01,2.0
2019-05-19 08:00:00,70.0,88,0.0,0.05,96.0
2019-05-19 09:00:00,71.6,79,0.0,0.18,275.0
2019-05-19 10:00:00,73.6,69,0.0,0.3,432.0
2019-05-19 11:00:00,75.3,62,0.0,0.33,442.0
2019-05-19 12:00:00,77.2,55,0.0,0.48,654.0
2019-05-19 13:00:00,79.0,51,0.0,0.59,790.0
2019-05-19 14:00:00,80.7,44,0.0,0.65,847.0
2019-05-19 15:00:00,82.2,40,0.0,0.66,852.0
2019-05-19 16:00:00,83.4,36,0.0,0.65,814.0
2019-05-19 17:00:00,84.0,35,0.0,0.58,713.0
2019-05-19 18:00:00,83.9,40,0.0,0.44,501.0
2019-05-19 19:00:00,83.1,46,0.0,0.3,324.0
2019-05-19 20:00:00,82.2,53,0.0,0.13,124.0
2019-05-19 21:00:00,80.7,57,0.0,0.09,4.0
2019-05-19 22:00:00,79.2,68,0.0,0.05,0.0
2019-05-19 23:00:00,77.5,76,0.0,0.01,0.0
2019-05-20 00:00:00,75.9,88,0.0,0.0,0.0
2019-05-20 01:00:00,74.5,90,0.0,0.0,0.0
2019-05-20 02:00:00,73.7,85,0.0,0.0,0.0
2019-05-20 03:00:00,72.6,85,0.0,0.0,0.0
2019-05-20 04:00:00,71.6,90,0.0,0.0,0.0
2019-05-20 05:00:00,70.8,95,0.0,0.0,0.0
2019-05-20 06:00:00,70.3,99,0.0,0.0,0.0
2019-05-20 07:00:00,70.3,98,0.0,0.0,2.0
2019-05-20 08:00:00,70.6,97,0.0,0.03,56.0
2019-05-20 09:00:00,71.7,89,0.0,0.08,119.0
2019-05-20 10:00:00,73.5,73,0.0,0.27,401.0
2019-05-20 11:00:00,75.8,55,0.0,0.46,653.0
2019-05-20 12:00:00,78.3,40,0.0,0.58,806.0
2019-05-20 13:00:00,80.5,36,0.0,0.63,860.0
2019-05-20 14:00:00,82.2,34,0.0,0.62,813.0
2019-05-20 15:00:00,83.7,31,0.0,0.6,779.0
2019-05-20 16:00:00,85.0,30,0.0,0.64,848.0
2019-05-20 17:00:00,85.7,30,0.0,0.5,683.0
2019-05-20 18:00:00,85.8,31,0.0,0.35,458.0
2019-05-20 19:00:00,85.3,36,0.0,0.3,290.0
2019-05-20 20:00:00,82.6,62,0.0,0.09,120.0
2019-05-20 21:00:00,80.3,56,0.0,0.05,7.0
2019-05-20 22:00:00,78.6,54,0.0,0.07,0.0
2019-05-20 23:00:00,76.9,61,0.0,0.04,0.0
2019-05-21 00:00:00,75.5,68,0.0,0.02,0.0
2019-05-21 01:00:00,74.1,83,0.0,0.01,0.0
2019-05-21 02:00:00,73.0,87,0.0,0.0,0.0
2019-05-21 03:00:00,72.1,90,0.0,0.0,0.0
2019-05-21 04:00:00,71.4,94,0.0,0.0,0.0
2019-05-21 05:00:00,70.8,96,0.0,0.0,0.0
2019-05-21 06:00:00,70.3,96,0.0,0.0,0.0
2019-05-21 07:00:00,69.8,96,0.0,0.0,2.0
2019-05-21 08:00:00,70.1,88,0.0,0.05,92.0
2019-05-21 09:00:00,72.0,73,0.0,0.18,286.0
2019-05-21 10:00:00,74.5,55,0.0,0.36,496.0
2019-05-21 11:00:00,77.1,43,0.0,0.52,686.0
2019-05-21 12:00:00,79.7,40,0.0,0.65,838.0
2019-05-21 13:00:00,82.0,35,0.0,0.75,937.0
2019-05-21 14:00:00,83.8,33,0.0,0.7,833.0
2019-05-21 15:00:00,84.7,33,0.0,0.61,675.0
2019-05-21 16:00:00,85.6,31,0.0,0.6,677.0
2019-05-21 17:00:00,85.8,33,0.0,0.5,506.0
2019-05-21 18:00:00,85.8,35,0.0,0.44,455.0
2019-05-21 19:00:00,85.4,38,0.0,0.32,327.0
2019-05-21 20:00:00,84.3,46,0.0,0.14,127.0
2019-05-21 21:00:00,81.6,59,0.0,0.04,8.0
2019-05-21 22:00:00,79.3,57,0.0,0.03,0.0
2019-05-21 23:00:00,77.5,68,0.0,0.03,0.0
2019-05-22 00:00:00,75.7,69,0.0,0.02,0.0
2019-05-22 01:00:00,74.4,78,0.0,0.01,0.0
2019-05-22 02:00:00,73.2,81,0.0,0.01,0.0
2019-05-22 03:00:00,72.2,81,0.0,0.01,0.0
2019-05-22 04:00:00,71.4,80,0.0,0.0,0.0
2019-05-22 05:00:00,70.6,77,0.0,0.0,0.0
2019-05-22 06:00:00,70.0,69,0.0,0.0,0.0
2019-05-22 07:00:00,69.5,82,0.0,0.01,3.0
2019-05-22 08:00:00,69.9,70,0.0,0.07,98.0
2019-05-22 09:00:00,72.0,59,0.0,0.2,289.0
2019-05-22 10:00:00,74.6,50,0.0,0.37,499.0
2019-05-22 11:00:00,77.5,47,0.0,0.52,689.0
2019-05-22 12:00:00,80.2,42,0.0,0.65,835.0
2019-05-22 13:00:00,81.7,44,0.1,0.56,682.0
2019-05-22 14:00:00,82.9,43,0.1,0.54,662.0
2019-05-22 15:00:00,84.0,42,0.1,0.53,653.0
2019-05-22 16:00:00,84.8,41,0.2,0.52,632.0
2019-05-22 17:00:00,85.1,42,0.1,0.4,467.0
2019-05-22 18:00:00,84.9,44,0.0,0.3,333.0
2019-05-22 19:00:00,84.7,46,0.0,0.23,257.0
2019-05-22 20:00:00,84.3,60,0.0,0.1,105.0
2019-05-22 21:00:00,82.4,68,0.0,0.05,5.0
2019-05-22 22:00:00,80.8,50,0.0,0.0,0.0
2019-05-22 23:00:00,79.4,61,0.0,0.02,0.0
2019-05-23 00:00:00,78.4,69,0.0,0.02,0.0
2019-05-23 01:00:00,77.9,68,0.0,0.06,0.0
2019-05-23 02:00:00,77.4,81,0.0,0.02,0.0
2019-05-23 03:00:00,76.9,83,0.0,0.02,0.0
2019-05-23 04:00:00,76.3,68,0.0,0.05,0.0
2019-05-23 05:00:00,75.7,72,0.0,0.04,0.0
2019-05-23 06:00:00,74.8,78,0.0,0.02,0.0
2019-05-23 07:00:00,73.9,84,0.0,0.02,3.0
2019-05-23 08:00:00,73.8,80,0.0,0.07,101.0
2019-05-23 09:00:00,74.9,72,0.0,0.2,293.0
2019-05-23 10:00:00,76.7,61,0.0,0.36,503.0
2019-05-23 11:00:00,78.8,48,0.0,0.51,689.0
2019-05-23 12:00:00,81.1,38,0.0,0.65,844.0
2019-05-23 13:00:00,83.3,34,0.0,0.74,944.0
2019-05-23 14:00:00,85.3,32,0.0,0.78,984.0
2019-05-23 15:00:00,86.8,31,0.0,0.77,955.0
2019-05-23 16:00:00,88.1,30,0.0,0.67,855.0
2019-05-23 17:00:00,88.9,28,0.0,0.56,699.0
2019-05-23 18:00:00,89.3,28,0.0,0.45,513.0
2019-05-23 19:00:00,88.8,36,0.0,0.35,327.0
2019-05-23 20:00:00,86.3,59,0.0,0.11,117.0
2019-05-23 21:00:00,83.6,56,0.0,0.05,9.0
2019-05-23 22:00:00,81.6,55,0.0,0.07,0.0
2019-05-23 23:00:00,79.8,75,0.0,0.02,0.0
2019-05-24 00:00:00,78.1,80,0.0,0.01,0.0
2019-05-24 01:00:00,76.8,78,0.0,0.01,0.0
2019-05-24 02:00:00,76.0,70,0.0,0.04,0.0
2019-05-24 03:00:00,75.5,66,0.0,0.04,0.0
2019-05-24 04:00:00,74.7,69,0.0,0.03,0.0
2019-05-24 05:00:00,73.8,75,0.0,0.02,0.0
2019-05-24 06:00:00,72.7,81,0.0,0.01,0.0
2019-05-24 07:00:00,72.0,84,0.0,0.02,3.0
2019-05-24 08:00:00,72.9,81,0.0,0.06,103.0
2019-05-24 09:00:00,74.2,75,0.0,0.19,297.0
2019-05-24 10:00:00,76.1,65,0.0,0.35,508.0
2019-05-24 11:00:00,78.4,55,0.0,0.49,694.0
2019-05-24 12:00:00,80.8,46,0.0,0.62,850.0
2019-05-24 13:00:00,83.1,38,0.0,0.72,952.0
2019-05-24 14:00:00,85.2,32,0.0,0.77,992.0
2019-05-24 15:00:00,87.0,29,0.0,0.76,967.0
2019-05-24 16:00:00,88.3,27,0.0,0.69,878.0
2019-05-24 17:00:00,89.2,26,0.0,0.55,734.0
2019-05-24 18:00:00,89.4,27,0.0,0.4,548.0
2019-05-24 19:00:00,89.2,49,0.0,0.26,338.0
2019-05-24 20:00:00,87.1,53,0.0,0.13,134.0
2019-05-24 21:00:00,84.4,43,0.0,0.1,10.0
2019-05-24 22:00:00,82.7,49,0.0,0.09,0.0
2019-05-24 23:00:00,81.2,51,0.0,0.08,0.0
2019-05-25 00:00:00,79.5,52,0.0,0.06,0.0
2019-05-25 01:00:00,78.1,55,0.0,0.04,0.0
2019-05-25 02:00:00,76.7,58,0.0,0.05,0.0
2019-05-25 03:00:00,75.7,61,0.0,0.03,0.0
2019-05-25 04:00:00,74.8,69,0.0,0.02,0.0
2019-05-25 05:00:00,74.0,81,0.0,0.01,0.0
2019-05-25 06:00:00,73.3,89,0.0,0.0,0.0
2019-05-25 07:00:00,72.9,88,0.0,0.01,3.0
2019-05-25 08:00:00,72.1,86,0.0,0.06,101.0
2019-05-25 09:00:00,74.1,73,0.0,0.2,293.0
2019-05-25 10:00:00,76.8,59,0.0,0.36,499.0
2019-05-25 11:00:00,79.8,48,0.0,0.51,688.0
2019-05-25 12:00:00,82.7,40,0.0,0.64,839.0
2019-05-25 13:00:00,85.2,37,0.0,0.73,932.0
2019-05-25 14:00:00,87.2,34,0.0,0.72,906.0
2019-05-25 15:00:00,88.8,32,0.0,0.7,867.0
2019-05-25 16:00:00,90.0,31,0.0,0.65,808.0
2019-05-25 17:00:00,90.6,31,0.0,0.54,682.0
2019-05-25 18:00:00,90.7,33,0.0,0.43,509.0
2019-05-25 19:00:00,90.1,36,0.0,0.29,305.0
2019-05-25 20:00:00,88.2,59,0.0,0.12,104.0
2019-05-25 21:00:00,85.9,64,0.0,0.04,8.0
2019-05-25 22:00:00,84.5,57,0.0,0.07,0.0
2019-05-25 23:00:00,82.9,57,0.0,0.04,0.0
2019-05-26 00:00:00,81.8,60,0.0,0.06,0.0
2019-05-26 01:00:00,81.1,62,0.0,0.05,0.0
2019-05-26 02:00:00,80.2,66,0.0,0.02,0.0
2019-05-26 03:00:00,79.6,66,0.0,0.03,0.0
2019-05-26 04:00:00,79.3,68,0.0,0.03,0.0
2019-05-26 05:00:00,78.4,77,0.0,0.01,0.0
2019-05-26 06:00:00,77.5,77,0.0,0.0,0.0
2019-05-26 07:00:00,76.6,84,0.0,0.01,3.0
2019-05-26 08:00:00,75.9,76,0.0,0.07,100.0
2019-05-26 09:00:00,77.8,63,0.0,0.21,288.0
2019-05-26 10:00:00,80.1,55,0.0,0.37,474.0
2019-05-26 11:00:00,82.3,50,0.0,0.48,625.0
2019-05-26 12:00:00,84.7,45,0.0,0.59,750.0
2019-05-26 13:00:00,86.5,41,0.0,0.63,784.0
2019-05-26 14:00:00,88.3,38,0.0,0.68,824.0
2019-05-26 15:00:00,89.4,37,0.0,0.63,766.0
2019-05-26 16:00:00,90.3,38,0.1,0.58,721.0
2019-05-26 17:00:00,90.7,38,0.0,0.45,563.0
2019-05-26 18:00:00,90.8,39,0.0,0.33,421.0
2019-05-26 19:00:00,90.3,59,0.0,0.2,259.0
2019-05-26 20:00:00,88.9,48,0.0,0.17,105.0
2019-05-26 21:00:00,87.3,56,0.0,0.08,8.0
2019-05-26 22:00:00,85.6,66,0.0,0.05,0.0
2019-05-26 23:00:00,84.3,73,0.0,0.03,0.0
2019-05-27 00:00:00,82.9,78,0.0,0.02,0.0
2019-05-27 01:00:00,81.6,81,0.0,0.01,0.0
2019-05-27 02:00:00,80.5,85,0.0,0.01,0.0
2019-05-27 03:00:00,79.6,88,0.0,0.01,0.0
2019-05-27 04:00:00,78.8,91,0.0,0.0,0.0
2019-05-27 05:00:00,78.1,96,0.0,0.0,0.0
2019-05-27 06:00:00,77.4,96,0.0,0.0,0.0
2019-05-27 07:00:00,76.7,95,0.0,0.0,3.0
2019-05-27 08:00:00,77.2,81,0.0,0.07,97.0
2019-05-27 09:00:00,78.6,60,0.0,0.21,293.0
2019-05-27 10:00:00,81.0,45,0.0,0.39,499.0
2019-05-27 11:00:00,83.4,42,0.0,0.55,688.0
2019-05-27 12:00:00,85.7,39,0.0,0.66,837.0
2019-05-27 13:00:00,87.8,36,0.0,0.73,912.0
2019-05-27 14:00:00,89.3,34,0.1,0.69,839.0
2019-05-27 15:00:00,90.4,34,0.0,0.67,796.0
2019-05-27 16:00:00,90.9,35,0.0,0.55,617.0
2019-05-27 17:00:00,90.4,38,0.0,0.38,376.0
2019-05-27 18:00:00,90.1,41,0.0,0.32,314.0
2019-05-27 19:00:00,89.4,45,0.0,0.23,212.0
2019-05-27 20:00:00,87.8,56,0.0,0.13,94.0
2019-05-27 21:00:00,86.0,62,0.0,0.05,9.0
2019-05-27 22:00:00,84.7,64,0.0,0.05,0.0
2019-05-27 23:00:00,83.6,70,0.0,0.04,0.0
2019-05-28 00:00:00,82.4,75,0.0,0.03,0.0
2019-05-28 01:00:00,81.4,79,0.0,0.02,0.0
2019-05-28 02:00:00,80.5,82,0.0,0.01,0.0
2019-05-28 03:00:00,79.6,85,0.0,0.0,0.0
2019-05-28 04:00:00,78.8,88,0.0,0.0,0.0
2019-05-28 05:00:00,78.0,90,0.0,0.0,0.0
2019-05-28 06:00:00,77.4,91,0.0,0.0,0.0
2019-05-28 07:00:00,76.8,92,0.0,0.0,4.0
2019-05-28 08:00:00,75.6,84,0.0,0.06,75.0
2019-05-28 09:00:00,77.2,68,0.0,0.19,265.0
2019-05-28 10:00:00,79.4,52,0.0,0.34,456.0
2019-05-28 11:00:00,82.1,42,0.0,0.52,680.0
2019-05-28 12:00:00,84.7,35,0.0,0.65,840.0
2019-05-28 13:00:00,87.2,32,0.0,0.74,921.0
2019-05-28 14:00:00,89.0,30,0.0,0.71,866.0
2019-05-28 15:00:00,90.5,29,0.0,0.7,859.0
2019-05-28 16:00:00,91.6,29,0.0,0.63,760.0
2019-05-28 17:00:00,92.2,29,0.0,0.54,634.0
2019-05-28 18:00:00,92.1,33,0.0,0.37,435.0
2019-05-28 19:00:00,91.4,39,0.0,0.21,221.0
2019-05-28 20:00:00,89.4,48,0.0,0.11,111.0
2019-05-28 21:00:00,87.1,47,0.0,0.11,10.0
2019-05-28 22:00:00,85.6,54,0.0,0.06,0.0
2019-05-28 23:00:00,83.9,59,0.0,0.05,0.0
2019-05-29 00:00:00,82.3,64,0.0,0.04,0.0
2019-05-29 01:00:00,80.9,69,0.0,0.04,0.0
2019-05-29 02:00:00,79.8,74,0.0,0.03,0.0
2019-05-29 03:00:00,78.9,79,0.0,0.01,0.0
2019-05-29 04:00:00,78.0,82,0.0,0.01,0.0
2019-05-29 05:00:00,77.3,83,0.0,0.01,0.0
2019-05-29 06:00:00,76.8,84,0.0,0.0,0.0
2019-05-29 07:00:00,76.8,82,0.0,0.02,2.0
2019-05-29 08:00:00,76.4,79,0.0,0.05,56.0
2019-05-29 09:00:00,78.0,67,0.0,0.18,263.0
2019-05-29 10:00:00,80.3,52,0.0,0.35,486.0
2019-05-29 11:00:00,82.9,44,0.0,0.52,678.0
2019-05-29 12:00:00,85.1,40,0.0,0.61,768.0
2019-05-29 13:00:00,87.0,37,0.0,0.66,803.0
2019-05-29 14:00:00,88.9,32,0.0,0.74,895.0
2019-05-29 15:00:00,90.5,30,0.0,0.79,908.0
2019-05-29 16:00:00,91.3,29,0.0,0.74,794.0
2019-05-29 17:00:00,91.8,28,0.0,0.66,703.0
2019-05-29 18:00:00,91.6,30,0.0,0.53,557.0
2019-05-29 19:00:00,90.8,36,0.0,0.36,348.0
2019-05-29 20:00:00,89.0,47,0.0,0.17,142.0
2019-05-29 21:00:00,86.7,62,0.0,0.07,12.0
2019-05-29 22:00:00,84.7,80,0.0,0.02,0.0
2019-05-29 23:00:00,82.9,91,0.0,0.0,0.0
2019-05-30 00:00:00,81.3,94,0.0,0.0,0.0
2019-05-30 01:00:00,79.9,95,0.0,0.0,0.0
2019-05-30 02:00:00,78.7,96,0.0,0.0,0.0
2019-05-30 03:00:00,77.8,97,0.0,0.0,0.0
2019-05-30 04:00:00,77.2,98,0.0,0.0,0.0
2019-05-30 05:00:00,76.9,99,0.0,0.0,0.0
2019-05-30 06:00:00,76.6,99,0.0,0.0,0.0
2019-05-30 07:00:00,76.3,99,0.0,0.0,3.0
2019-05-30 08:00:00,75.2,94,0.0,0.04,71.0
2019-05-30 09:00:00,76.6,81,0.0,0.19,290.0
2019-05-30 10:00:00,78.3,68,0.0,0.32,443.0
2019-05-30 11:00:00,80.4,55,0.0,0.49,647.0
2019-05-30 12:00:00,82.9,44,0.0,0.66,850.0
2019-05-30 13:00:00,85.2,36,0.0,0.75,935.0
2019-05-30 14:00:00,87.4,31,0.0,0.81,979.0
2019-05-30 15:00:00,89.2,27,0.0,0.81,941.0
2019-05-30 16:00:00,90.3,28,0.0,0.76,844.0
2019-05-30 17:00:00,90.8,30,0.0,0.64,679.0
2019-05-30 18:00:00,90.6,30,0.0,0.53,535.0
2019-05-30 19:00:00,89.7,34,0.0,0.37,331.0
2019-05-30 20:00:00,87.9,55,0.0,0.17,138.0
2019-05-30 21:00:00,86.1,60,0.0,0.08,11.0
2019-05-30 22:00:00,84.6,65,0.0,0.07,0.0
2019-05-30 23:00:00,83.1,73,0.0,0.03,0.0
2019-05-31 00:00:00,81.8,80,0.0,0.01,0.0
2019-05-31 01:00:00,80.7,84,0.0,0.01,0.0
2019-05-31 02:00:00,79.9,89,0.0,0.0,0.0
2019-05-31 03:00:00,79.1,93,0.0,0.0,0.0
2019-05-31 04:00:00,78.4,96,0.0,0.0,0.0
2019-05-31 05:00:00,77.8,97,0.0,0.0,0.0
2019-05-31 06:00:00,77.3,98,0.0,0.0,0.0
2019-05-31 07:00:00,76.9,97,0.0,0.0,4.0
2019-05-31 08:00:00,77.7,88,0.0,0.07,100.0
2019-05-31 09:00:00,79.0,75,0.0,0.21,282.0
2019-05-31 10:00:00,80.7,65,0.0,0.35,450.0
2019-05-31 11:00:00,82.4,55,0.0,0.43,542.0
2019-05-31 12:00:00,84.2,49,0.0,0.53,647.0
2019-05-31 13:00:00,85.7,46,0.0,0.58,690.0
2019-05-31 14:00:00,87.1,44,0.0,0.61,732.0
2019-05-31 15:00:00,88.5,40,0.0,0.66,781.0
2019-05-31 16:00:00,89.7,37,0.0,0.65,750.0
2019-05-31 17:00:00,90.2,37,0.0,0.56,617.0
2019-05-31 18:00:00,90.0,42,0.0,0.39,414.0
2019-05-31 19:00:00,89.1,48,0.0,0.24,223.0
2019-05-31 20:00:00,87.0,67,0.0,0.13,108.0
2019-05-31 21:00:00,85.5,63,0.0,0.07,9.0
2019-05-31 22:00:00,84.3,66,0.0,0.07,0.0
2019-05-31 23:00:00,83.1,76,0.0,0.04,0.0
2019-06-01 00:00:00,82.1,83,0.0,0.02,0.0
2019-06-01 01:00:00,81.2,86,0.0,0.01,0.0
2019-06-01 02:00:00,80.4,89,0.0,0.0,0.0
2019-06-01 03:00:00,79.7,91,0.0,0.0,0.0
2019-06-01 04:00:00,79.1,94,0.0,0.0,0.0
2019-06-01 05:00:00,78.6,96,0.0,0.0,0.0
2019-06-01 06:00:00,78.1,98,0.0,0.0,0.0
2019-06-01 07:00:00,77.7,98,0.0,0.0,4.0
2019-06-01 08:00:00,78.1,86,0.0,0.06,94.0
2019-06-01 09:00:00,79.2,77,0.0,0.16,226.0
2019-06-01 10:00:00,80.2,70,0.0,0.18,233.0
2019-06-01 11:00:00,81.6,55,0.0,0.26,333.0
2019-06-01 12:00:00,83.9,42,0.0,0.53,704.0
2019-06-01 13:00:00,86.4,36,0.0,0.69,883.0
2019-06-01 14:00:00,88.4,32,0.0,0.73,902.0
2019-06-01 15:00:00,89.9,32,0.0,0.7,835.0
2019-06-01 16:00:00,89.9,45,0.1,0.51,572.0
2019-06-01 17:00:00,89.3,46,0.1,0.45,521.0
2019-06-01 18:00:00,88.9,49,0.0,0.39,412.0
2019-06-01 19:00:00,88.0,54,0.0,0.26,264.0
2019-06-01 20:00:00,85.5,66,0.0,0.13,114.0
2019-06-01 21:00:00,84.2,71,0.0,0.05,10.0
2019-06-01 22:00:00,82.9,76,0.0,0.02,0.0
2019-06-01 23:00:00,81.9,82,0.0,0.01,0.0
2019-06-02 00:00:00,80.9,88,0.0,0.0,0.0
2019-06-02 01:00:00,80.1,92,0.0,0.0,0.0
2019-06-02 02:00:00,79.3,96,0.0,0.0,0.0
2019-06-02 03:00:00,78.7,98,0.0,0.0,0.0
2019-06-02 04:00:00,78.3,99,0.0,0.0,0.0
2019-06-02 05:00:00,78.0,99,0.0,0.0,0.0
2019-06-02 06:00:00,77.8,99,0.0,0.0,0.0
2019-06-02 07:00:00,77.7,97,0.0,0.0,3.0
2019-06-02 08:00:00,76.7,87,0.0,0.06,82.0
2019-06-02 09:00:00,78.0,68,0.0,0.19,275.0
2019-06-02 10:00:00,79.9,49,0.0,0.35,474.0
2019-06-02 11:00:00,82.2,38,0.0,0.49,634.0
2019-06-02 12:00:00,84.6,33,0.0,0.61,774.0
2019-06-02 13:00:00,86.7,30,0.0,0.73,890.0
2019-06-02 14:00:00,88.3,30,0.0,0.7,797.0
2019-06-02 15:00:00,88.5,32,0.0,0.51,504.0
2019-06-02 16:00:00,88.8,30,0.0,0.44,423.0
2019-06-02 17:00:00,89.1,31,0.0,0.41,420.0
2019-06-02 18:00:00,89.1,37,0.0,0.4,428.0
2019-06-02 19:00:00,88.8,35,0.0,0.28,308.0
2019-06-02 20:00:00,88.6,59,0.0,0.12,138.0
2019-06-02 21:00:00,86.0,55,0.0,0.05,13.0
2019-06-02 22:00:00,83.8,62,0.0,0.03,0.0
2019-06-02 23:00:00,82.4,75,0.0,0.04,0.0
2019-06-03 00:00:00,81.4,90,0.0,0.0,0.0
2019-06-03 01:00:00,80.4,93,0.0,0.0,0.0
2019-06-03 02:00:00,79.5,97,0.0,0.0,0.0
2019-06-03 03:00:00,78.8,96,0.0,0.0,0.0
2019-06-03 04:00:00,78.1,95,0.0,0.0,0.0
2019-06-03 05:00:00,77.4,95,0.0,0.0,0.0
2019-06-03 06:00:00,76.7,95,0.0,0.0,0.0
2019-06-03 07:00:00,76.2,94,0.0,0.0,4.0
2019-06-03 08:00:00,75.0,81,0.0,0.07,106.0
2019-06-03 09:00:00,77.1,66,0.0,0.2,293.0
2019-06-03 10:00:00,79.8,43,0.0,0.38,503.0
2019-06-03 11:00:00,82.6,35,0.0,0.49,627.0
2019-06-03 12:00:00,85.1,32,0.0,0.63,792.0
2019-06-03 13:00:00,87.4,29,0.0,0.73,905.0
2019-06-03 14:00:00,89.3,27,0.0,0.77,940.0
2019-06-03 15:00:00,91.0,25,0.0,0.8,954.0
2019-06-03 16:00:00,91.9,25,0.0,0.7,839.0
2019-06-03 17:00:00,92.4,26,0.0,0.62,720.0
2019-06-03 18:00:00,92.3,26,0.0,0.5,534.0
2019-06-03 19:00:00,91.6,31,0.0,0.3,308.0
2019-06-03 20:00:00,90.2,57,0.0,0.12,133.0
2019-06-03 21:00:00,87.9,45,0.0,0.09,11.0
2019-06-03 22:00:00,86.4,56,0.0,0.1,0.0
2019-06-03 23:00:00,85.1,62,0.0,0.07,0.0
2019-06-04 00:00:00,83.9,71,0.0,0.04,0.0
2019-06-04 01:00:00,82.9,82,0.0,0.02,0.0
2019-06-04 02:00:00,82.0,89,0.0,0.0,0.0
2019-06-04 03:00:00,80.9,94,0.0,0.0,0.0
2019-06-04 04:00:00,80.2,95,0.0,0.0,0.0
2019-06-04 05:00:00,79.4,94,0.0,0.0,0.0
2019-06-04 06:00:00,78.5,96,0.0,0.0,0.0
2019-06-04 07:00:00,77.6,93,0.0,0.0,4.0
2019-06-04 08:00:00,78.2,72,0.0,0.08,103.0
2019-06-04 09:00:00,79.7,51,0.0,0.22,290.0
2019-06-04 10:00:00,81.8,40,0.0,0.38,478.0
2019-06-04 11:00:00,84.0,35,0.0,0.49,601.0
2019-06-04 12:00:00,86.7,31,0.0,0.65,827.0
2019-06-04 13:00:00,88.9,29,0.0,0.66,819.0
2019-06-04 14:00:00,90.6,28,0.0,0.68,833.0
2019-06-04 15:00:00,92.1,26,0.0,0.64,810.0
2019-06-04 16:00:00,93.0,26,0.0,0.53,677.0
2019-06-04 17:00:00,92.9,36,0.0,0.5,492.0
2019-06-04 18:00:00,91.9,42,0.1,0.4,405.0
2019-06-04 19:00:00,90.8,46,0.0,0.26,232.0
2019-06-04 20:00:00,89.5,85,0.0,0.08,109.0
2019-06-04 21:00:00,87.3,89,0.0,0.01,11.0
2019-06-04 22:00:00,85.5,77,0.0,0.01,0.0
2019-06-04 23:00:00,84.0,79,0.0,0.02,0.0
2019-06-05 00:00:00,82.9,88,0.0,0.0,0.0
2019-06-05 01:00:00,81.9,88,0.0,0.0,0.0
2019-06-05 02:00:00,81.1,92,0.0,0.0,0.0
2019-06-05 03:00:00,80.3,96,0.0,0.0,0.0
2019-06-05 04:00:00,79.8,98,0.0,0.0,0.0
2019-06-05 05:00:00,79.3,99,0.0,0.0,0.0
2019-06-05 06:00:00,79.0,99,0.0,0.0,0.0
2019-06-05 07:00:00,78.7,99,0.0,0.0,3.0
2019-06-05 08:00:00,78.4,95,0.0,0.05,71.0
2019-06-05 09:00:00,79.4,84,0.0,0.19,283.0
2019-06-05 10:00:00,81.2,66,0.0,0.35,473.0
2019-06-05 11:00:00,83.5,50,0.0,0.49,636.0
2019-06-05 12:00:00,85.7,43,0.0,0.61,768.0
2019-06-05 13:00:00,87.7,40,0.0,0.66,815.0
2019-06-05 14:00:00,89.1,39,0.0,0.61,714.0
2019-06-05 15:00:00,89.8,39,0.0,0.5,548.0
2019-06-05 16:00:00,90.4,39,0.0,0.51,579.0
2019-06-05 17:00:00,90.8,40,0.0,0.46,530.0
2019-06-05 18:00:00,90.4,45,0.2,0.36,359.0
2019-06-05 19:00:00,88.6,55,0.1,0.14,71.0
2019-06-05 20:00:00,86.5,60,0.0,0.1,51.0
2019-06-05 21:00:00,85.2,62,0.0,0.06,8.0
2019-06-05 22:00:00,84.2,65,0.0,0.04,0.0
2019-06-05 23:00:00,83.4,70,0.0,0.03,0.0
2019-06-06 00:00:00,82.3,77,0.8,0.02,0.0
2019-06-06 01:00:00,81.4,82,0.0,0.0,0.0
2019-06-06 02:00:00,80.6,85,0.0,0.0,0.0
2019-06-06 03:00:00,80.1,88,0.0,0.0,0.0
2019-06-06 04:00:00,79.5,90,0.0,0.0,0.0
2019-06-06 05:00:00,79.2,90,0.1,0.0,0.0
2019-06-06 06:00:00,78.7,92,0.0,0.0,0.0
2019-06-06 07:00:00,78.4,93,0.2,0.02,1.0
2019-06-06 08:00:00,78.9,87,0.4,0.04,14.0
2019-06-06 09:00:00,79.5,81,0.1,0.13,156.0
2019-06-06 10:00:00,79.6,84,1.1,0.1,110.0
2019-06-06 11:00:00,79.1,99,3.4,0.09,122.0
2019-06-06 12:00:00,78.6,100,2.6,0.04,48.0
2019-06-06 13:00:00,78.8,93,0.7,0.19,283.0
2019-06-06 14:00:00,79.7,89,0.2,0.34,486.0
2019-06-06 15:00:00,79.9,93,0.5,0.15,202.0
2019-06-06 16:00:00,80.2,92,0.3,0.2,278.0
2019-06-06 17:00:00,79.8,99,2.9,0.09,132.0
2019-06-06 18:00:00,79.1,100,1.7,0.03,35.0
2019-06-06 19:00:00,78.8,97,0.2,0.08,112.0
2019-06-06 20:00:00,78.4,96,0.0,0.05,67.0
2019-06-06 21:00:00,78.0,96,0.1,0.01,4.0
2019-06-06 22:00:00,77.6,100,0.2,0.0,0.0
2019-06-06 23:00:00,77.4,99,0.9,0.0,0.0
2019-06-07 00:00:00,77.1,97,0.1,0.0,0.0
2019-06-07 01:00:00,77.0,97,0.2,0.0,0.0
2019-06-07 02:00:00,76.8,98,0.0,0.0,0.0
2019-06-07 03:00:00,76.6,98,0.0,0.0,0.0
2019-06-07 04:00:00,76.5,100,1.0,0.0,0.0
2019-06-07 05:00:00,76.2,100,2.9,0.0,0.0
2019-06-07 06:00:00,75.8,100,1.6,0.0,0.0
2019-06-07 07:00:00,75.7,100,1.7,0.0,3.0
2019-06-07 08:00:00,77.8,96,1.5,0.03,40.0
2019-06-07 09:00:00,78.0,91,0.1,0.14,214.0
2019-06-07 10:00:00,78.8,80,0.0,0.28,402.0
2019-06-07 11:00:00,80.1,76,0.7,0.4,576.0
2019-06-07 12:00:00,79.8,82,1.4,0.29,426.0
2019-06-07 13:00:00,80.7,78,0.2,0.45,637.0
2019-06-07 14:00:00,81.1,74,0.1,0.3,386.0
2019-06-07 15:00:00,81.6,71,0.0,0.33,414.0
2019-06-07 16:00:00,82.0,70,0.1,0.32,386.0
2019-06-07 17:00:00,82.1,71,0.2,0.29,343.0
2019-06-07 18:00:00,82.3,74,0.3,0.26,329.0
2019-06-07 19:00:00,82.1,74,0.0,0.21,262.0
2019-06-07 20:00:00,81.0,76,0.9,0.1,88.0
2019-06-07 21:00:00,80.2,82,0.0,0.03,14.0
2019-06-07 22:00:00,79.3,84,0.0,0.01,0.0
2019-06-07 23:00:00,78.6,87,0.0,0.01,0.0
2019-06-08 00:00:00,78.2,91,0.0,0.0,0.0
2019-06-08 01:00:00,77.7,94,0.0,0.0,0.0
2019-06-08 02:00:00,77.5,95,0.0,0.0,0.0
2019-06-08 03:00:00,77.2,96,0.0,0.0,0.0
2019-06-08 04:00:00,77.0,97,0.0,0.0,0.0
2019-06-08 05:00:00,76.9,97,1.7,0.0,0.0
2019-06-08 06:00:00,76.6,100,3.4,0.0,0.0
2019-06-08 07:00:00,76.1,100,2.4,0.01,1.0
2019-06-08 08:00:00,78.4,96,2.5,0.03,32.0
2019-06-08 09:00:00,78.0,92,0.0,0.1,153.0
2019-06-08 10:00:00,78.0,91,0.3,0.15,227.0
2019-06-08 11:00:00,78.6,86,3.2,0.28,472.0
2019-06-08 12:00:00,78.2,95,4.9,0.18,279.0
2019-06-08 13:00:00,78.0,94,6.0,0.18,286.0
2019-06-08 14:00:00,77.9,94,2.7,0.18,304.0
2019-06-08 15:00:00,77.6,96,0.8,0.14,221.0
2019-06-08 16:00:00,77.7,91,0.1,0.22,357.0
2019-06-08 17:00:00,78.3,85,0.1,0.27,418.0
2019-06-08 18:00:00,78.4,86,0.6,0.19,277.0
2019-06-08 19:00:00,78.2,88,0.0,0.11,148.0
2019-06-08 20:00:00,76.6,97,0.0,0.05,74.0
2019-06-08 21:00:00,75.9,98,0.0,0.01,13.0
2019-06-08 22:00:00,75.3,98,0.0,0.0,0.0
2019-06-08 23:00:00,74.8,97,0.0,0.0,0.0
2019-06-09 00:00:00,74.6,98,0.0,0.0,0.0
2019-06-09 01:00:00,74.5,100,2.1,0.0,0.0
2019-06-09 02:00:00,74.1,96,0.1,0.0,0.0
2019-06-09 03:00:00,73.9,100,0.2,0.0,0.0
2019-06-09 04:00:00,73.7,100,3.7,0.0,0.0
2019-06-09 05:00:00,73.6,100,6.3,0.0,0.0
2019-06-09 06:00:00,73.4,100,5.9,0.0,0.0
2019-06-09 07:00:00,73.2,99,0.1,0.01,1.0
2019-06-09 08:00:00,76.3,100,0.2,0.02,21.0
2019-06-09 09:00:00,75.7,96,0.1,0.06,95.0
2019-06-09 10:00:00,75.8,89,0.1,0.18,291.0
2019-06-09 11:00:00,76.5,84,0.0,0.26,397.0
2019-06-09 12:00:00,77.2,85,0.2,0.26,372.0
2019-06-09 13:00:00,77.7,88,1.7,0.28,423.0
2019-06-09 14:00:00,78.4,82,0.3,0.4,570.0
2019-06-09 15:00:00,78.8,84,4.7,0.28,419.0
2019-06-09 16:00:00,77.7,91,0.4,0.14,201.0
2019-06-09 17:00:00,77.8,87,0.0,0.24,370.0
2019-06-09 18:00:00,77.7,86,0.1,0.17,230.0
2019-06-09 19:00:00,77.6,89,0.5,0.12,167.0
2019-06-09 20:00:00,77.5,97,0.4,0.05,85.0
2019-06-09 21:00:00,76.7,100,0.1,0.0,11.0
2019-06-09 22:00:00,76.1,98,0.0,0.0,0.0
2019-06-09 23:00:00,75.7,100,0.0,0.0,0.0
2019-06-10 00:00:00,75.1,100,0.0,0.0,0.0
2019-06-10 01:00:00,74.6,100,0.0,0.0,0.0
2019-06-10 02:00:00,74.1,100,0.0,0.0,0.0
2019-06-10 03:00:00,73.9,100,0.0,0.0,0.0
2019-06-10 04:00:00,73.8,100,0.0,0.0,0.0
2019-06-10 05:00:00,73.7,100,0.4,0.0,0.0
2019-06-10 06:00:00,73.6,100,0.0,0.0,0.0
2019-06-10 07:00:00,73.5,98,0.1,0.0,4.0
2019-06-10 08:00:00,74.9,98,0.0,0.04,82.0
2019-06-10 09:00:00,75.7,93,0.0,0.17,266.0
2019-06-10 10:00:00,76.8,90,0.2,0.29,429.0
2019-06-10 11:00:00,78.4,83,0.1,0.44,618.0
2019-06-10 12:00:00,80.2,77,0.1,0.52,716.0
2019-06-10 13:00:00,81.7,72,0.1,0.56,752.0
2019-06-10 14:00:00,82.1,78,1.6,0.47,680.0
2019-06-10 15:00:00,82.3,79,0.1,0.47,654.0
2019-06-10 16:00:00,81.4,86,0.3,0.19,250.0
2019-06-10 17:00:00,81.3,83,0.1,0.27,370.0
2019-06-10 18:00:00,81.1,84,0.0,0.24,338.0
2019-06-10 19:00:00,80.7,85,0.3,0.15,206.0
2019-06-10 20:00:00,80.2,100,0.1,0.07,105.0
2019-06-10 21:00:00,79.3,100,1.0,0.01,2.0
2019-06-10 22:00:00,78.4,100,0.4,0.0,0.0
2019-06-10 23:00:00,77.7,100,0.1,0.0,0.0
2019-06-11 00:00:00,77.0,100,0.1,0.0,0.0
2019-06-11 01:00:00,76.4,100,0.5,0.0,0.0
2019-06-11 02:00:00,76.0,100,0.5,0.0,0.0
2019-06-11 03:00:00,75.7,100,1.7,0.0,0.0
2019-06-11 04:00:00,75.2,100,0.7,0.0,0.0
2019-06-11 05:00:00,74.8,100,0.3,0.0,0.0
2019-06-11 06:00:00,74.6,100,0.0,0.0,0.0
2019-06-11 07:00:00,74.4,98,0.0,0.0,4.0
2019-06-11 08:00:00,76.1,99,0.0,0.05,87.0
2019-06-11 09:00:00,76.4,90,0.0,0.16,251.0
2019-06-11 10:00:00,77.2,88,0.1,0.27,393.0
2019-06-11 11:00:00,78.4,85,0.2,0.35,499.0
2019-06-11 12:00:00,80.0,79,0.2,0.48,658.0
2019-06-11 13:00:00,81.6,70,0.1,0.57,772.0
2019-06-11 14:00:00,82.9,63,0.0,0.58,774.0
2019-06-11 15:00:00,82.5,78,1.5,0.41,582.0
2019-06-11 16:00:00,81.9,82,0.3,0.34,467.0
2019-06-11 17:00:00,82.0,88,4.4,0.3,420.0
2019-06-11 18:00:00,80.2,93,1.8,0.14,197.0
2019-06-11 19:00:00,79.4,94,0.1,0.13,190.0
2019-06-11 20:00:00,77.0,100,0.4,0.06,95.0
2019-06-11 21:00:00,76.3,99,0.6,0.01,7.0
2019-06-11 22:00:00,75.7,99,0.2,0.0,0.0
2019-06-11 23:00:00,75.5,100,0.4,0.0,0.0
2019-06-12 00:00:00,75.1,99,0.7,0.0,0.0
2019-06-12 01:00:00,74.8,100,0.3,0.0,0.0
2019-06-12 02:00:00,74.4,100,0.1,0.0,0.0
2019-06-12 03:00:00,74.0,100,1.5,0.0,0.0
2019-06-12 04:00:00,73.8,100,0.4,0.0,0.0
2019-06-12 05:00:00,73.3,100,1.1,0.0,0.0
2019-06-12 06:00:00,73.2,100,0.1,0.0,0.0
2019-06-12 07:00:00,73.3,100,0.1,0.01,2.0
2019-06-12 08:00:00,74.7,99,0.3,0.03,50.0
2019-06-12 09:00:00,75.4,93,0.1,0.15,227.0
2019-06-12 10:00:00,76.5,94,0.4,0.25,362.0
2019-06-12 11:00:00,77.5,95,0.5,0.29,433.0
2019-06-12 12:00:00,78.4,91,0.6,0.42,601.0
2019-06-12 13:00:00,79.3,82,0.4,0.42,587.0
2019-06-12 14:00:00,78.7,92,12.4,0.21,319.0
2019-06-12 15:00:00,78.5,86,0.3,0.38,542.0
2019-06-12 16:00:00,79.6,80,0.1,0.47,657.0
2019-06-12 17:00:00,80.0,80,1.0,0.36,521.0
2019-06-12 18:00:00,79.9,82,0.2,0.31,465.0
2019-06-12 19:00:00,79.6,84,0.1,0.18,253.0
2019-06-12 20:00:00,79.6,91,0.0,0.09,136.0
2019-06-12 21:00:00,78.6,70,0.0,0.07,16.0
2019-06-12 22:00:00,77.9,78,0.0,0.04,0.0
2019-06-12 23:00:00,77.4,81,0.0,0.03,0.0
2019-06-13 00:00:00,77.0,82,0.0,0.02,0.0
2019-06-13 01:00:00,76.6,84,0.0,0.02,0.0
2019-06-13 02:00:00,76.4,86,0.0,0.01,0.0
2019-06-13 03:00:00,76.2,86,0.0,0.01,0.0
2019-06-13 04:00:00,76.0,88,0.0,0.01,0.0
2019-06-13 05:00:00,75.7,90,0.2,0.0,0.0
2019-06-13 06:00:00,75.1,93,0.6,0.0,0.0
2019-06-13 07:00:00,74.5,96,0.1,0.01,2.0
2019-06-13 08:00:00,75.1,96,0.0,0.04,77.0
2019-06-13 09:00:00,75.1,87,0.0,0.15,241.0
2019-06-13 10:00:00,75.6,74,0.0,0.26,380.0
2019-06-13 11:00:00,76.8,60,0.0,0.39,563.0
2019-06-13 12:00:00,78.1,50,0.0,0.5,703.0
2019-06-13 13:00:00,79.3,46,0.0,0.58,791.0
2019-06-13 14:00:00,80.5,44,0.0,0.63,860.0
2019-06-13 15:00:00,81.5,43,0.0,0.61,833.0
2019-06-13 16:00:00,81.9,45,0.0,0.51,673.0
2019-06-13 17:00:00,82.0,48,0.0,0.43,552.0
2019-06-13 18:00:00,81.6,54,0.0,0.32,411.0
2019-06-13 19:00:00,81.1,66,0.0,0.19,259.0
2019-06-13 20:00:00,80.1,86,0.0,0.08,122.0
2019-06-13 21:00:00,78.3,89,0.0,0.02,15.0
2019-06-13 22:00:00,76.6,89,0.0,0.0,0.0
2019-06-13 23:00:00,75.5,91,0.0,0.0,0.0
2019-06-14 00:00:00,74.5,88,0.0,0.0,0.0
2019-06-14 01:00:00,73.6,95,0.0,0.0,0.0
2019-06-14 02:00:00,72.8,95,0.0,0.0,0.0
2019-06-14 03:00:00,72.1,96,0.0,0.0,0.0
2019-06-14 04:00:00,71.5,94,0.0,0.0,0.0
2019-06-14 05:00:00,71.2,89,0.0,0.0,0.0
2019-06-14 06:00:00,70.9,71,0.0,0.03,0.0
2019-06-14 07:00:00,70.5,66,0.0,0.05,5.0
2019-06-14 08:00:00,72.6,67,0.0,0.1,109.0
2019-06-14 09:00:00,73.0,63,0.0,0.21,297.0
2019-06-14 10:00:00,74.2,57,0.0,0.35,503.0
2019-06-14 11:00:00,75.8,51,0.0,0.49,696.0
2019-06-14 12:00:00,77.5,48,0.0,0.61,849.0
2019-06-14 13:00:00,79.3,46,0.0,0.69,950.0
2019-06-14 14:00:00,80.7,44,0.0,0.72,990.0
2019-06-14 15:00:00,81.9,43,0.0,0.68,925.0
2019-06-14 16:00:00,82.7,41,0.0,0.63,850.0
2019-06-14 17:00:00,82.9,42,0.0,0.5,654.0
2019-06-14 18:00:00,82.7,46,0.0,0.37,470.0
2019-06-14 19:00:00,82.0,55,0.0,0.25,322.0
2019-06-14 20:00:00,80.7,66,0.0,0.12,132.0
2019-06-14 21:00:00,78.9,61,0.0,0.06,16.0
2019-06-14 22:00:00,77.5,60,0.0,0.05,0.0
2019-06-14 23:00:00,76.6,66,0.0,0.02,0.0
2019-06-15 00:00:00,75.7,71,0.0,0.02,0.0
2019-06-15 01:00:00,75.1,69,0.0,0.04,0.0
2019-06-15 02:00:00,74.8,74,0.0,0.04,0.0
2019-06-15 03:00:00,74.4,77,0.0,0.02,0.0
2019-06-15 04:00:00,73.9,79,0.0,0.02,0.0
2019-06-15 05:00:00,73.5,79,0.0,0.01,0.0
2019-06-15 06:00:00,73.1,80,0.0,0.01,0.0
2019-06-15 07:00:00,72.8,82,0.0,0.02,4.0
2019-06-15 08:00:00,74.3,82,0.0,0.06,82.0
2019-06-15 09:00:00,74.7,79,0.0,0.15,216.0
2019-06-15 10:00:00,75.6,75,0.0,0.26,382.0
2019-06-15 11:00:00,76.8,70,0.1,0.37,515.0
2019-06-15 12:00:00,78.1,66,0.1,0.43,587.0
2019-06-15 13:00:00,79.4,60,0.0,0.54,731.0
2019-06-15 14:00:00,80.6,58,0.1,0.57,767.0
2019-06-15 15:00:00,81.3,58,0.1,0.54,723.0
2019-06-15 16:00:00,82.0,58,0.0,0.5,659.0
2019-06-15 17:00:00,82.1,59,0.1,0.41,545.0
2019-06-15 18:00:00,82.0,61,0.0,0.31,407.0
2019-06-15 19:00:00,81.6,69,0.0,0.2,260.0
2019-06-15 20:00:00,81.2,73,0.0,0.09,120.0
2019-06-15 21:00:00,79.8,75,0.0,0.03,15.0
2019-06-15 22:00:00,78.5,76,0.0,0.01,0.0
2019-06-15 23:00:00,77.7,81,0.0,0.0,0.0
2019-06-16 00:00:00,76.8,81,0.0,0.01,0.0
2019-06-16 01:00:00,76.0,87,0.0,0.0,0.0
2019-06-16 02:00:00,75.5,91,0.0,0.0,0.0
2019-06-16 03:00:00,74.7,95,0.0,0.0,0.0
2019-06-16 04:00:00,74.0,95,0.0,0.0,0.0
2019-06-16 05:00:00,73.6,92,0.0,0.0,0.0
2019-06-16 06:00:00,73.0,94,0.0,0.0,0.0
2019-06-16 07:00:00,72.7,96,0.0,0.0,4.0
2019-06-16 08:00:00,74.9,91,0.0,0.06,98.0
2019-06-16 09:00:00,76.1,84,0.0,0.19,287.0
2019-06-16 10:00:00,77.7,76,0.0,0.34,484.0
2019-06-16 11:00:00,79.3,71,0.3,0.4,545.0
2019-06-16 12:00:00,80.6,70,0.0,0.44,597.0
2019-06-16 13:00:00,81.8,64,0.1,0.51,678.0
2019-06-16 14:00:00,82.6,67,0.3,0.45,602.0
2019-06-16 15:00:00,82.4,74,0.7,0.38,518.0
2019-06-16 16:00:00,82.9,68,0.0,0.42,568.0
2019-06-16 17:00:00,83.4,61,0.0,0.44,594.0
2019-06-16 18:00:00,83.6,62,0.0,0.36,468.0
2019-06-16 19:00:00,82.9,72,0.0,0.2,256.0
2019-06-16 20:00:00,82.4,76,0.0,0.11,127.0
2019-06-16 21:00:00,81.1,85,0.0,0.03,18.0
2019-06-16 22:00:00,80.0,92,0.0,0.0,0.0
2019-06-16 23:00:00,79.1,96,0.0,0.0,0.0
2019-06-17 00:00:00,78.2,97,0.0,0.0,0.0
2019-06-17 01:00:00,77.4,97,0.0,0.0,0.0
2019-06-17 02:00:00,76.6,97,0.0,0.0,0.0
2019-06-17 03:00:00,76.2,98,0.0,0.0,0.0
2019-06-17 04:00:00,75.9,99,0.0,0.0,0.0
2019-06-17 05:00:00,75.6,98,0.2,0.0,0.0
2019-06-17 06:00:00,75.1,98,0.0,0.0,0.0
2019-06-17 07:00:00,74.8,98,0.0,0.0,3.0
2019-06-17 08:00:00,75.5,94,0.0,0.05,91.0
2019-06-17 09:00:00,76.4,85,0.0,0.18,270.0
2019-06-17 10:00:00,77.5,84,0.1,0.28,427.0
2019-06-17 11:00:00,78.7,80,0.2,0.36,536.0
2019-06-17 12:00:00,79.6,75,0.2,0.43,628.0
2019-06-17 13:00:00,79.8,79,0.6,0.4,590.0
2019-06-17 14:00:00,80.6,74,0.1,0.47,662.0
2019-06-17 15:00:00,81.6,71,0.0,0.49,681.0
2019-06-17 16:00:00,82.8,67,0.0,0.55,746.0
2019-06-17 17:00:00,83.3,70,0.1,0.44,599.0
2019-06-17 18:00:00,83.2,72,0.9,0.33,459.0
2019-06-17 19:00:00,81.5,89,0.6,0.13,189.0
2019-06-17 20:00:00,79.5,88,0.0,0.07,92.0
2019-06-17 21:00:00,78.6,95,0.0,0.01,16.0
2019-06-17 22:00:00,77.8,97,0.3,0.0,0.0
2019-06-17 23:00:00,77.1,97,0.1,0.0,0.0
2019-06-18 00:00:00,76.5,97,0.0,0.0,0.0
2019-06-18 01:00:00,75.9,96,0.0,0.0,0.0
2019-06-18 02:00:00,75.5,96,0.0,0.0,0.0
2019-06-18 03:00:00,75.0,97,0.0,0.0,0.0
2019-06-18 04:00:00,74.7,97,0.0,0.0,0.0
2019-06-18 05:00:00,74.4,98,0.0,0.0,0.0
2019-06-18 06:00:00,74.1,99,0.0,0.0,0.0
2019-06-18 07:00:00,74.0,99,0.0,0.0,4.0
2019-06-18 08:00:00,75.3,92,0.0,0.05,82.0
2019-06-18 09:00:00,76.4,87,0.0,0.17,266.0
2019-06-18 10:00:00,77.8,77,0.0,0.3,426.0
2019-06-18 11:00:00,79.4,68,0.0,0.44,609.0
2019-06-18 12:00:00,81.1,61,0.1,0.53,716.0
2019-06-18 13:00:00,82.4,61,0.2,0.59,778.0
2019-06-18 14:00:00,83.2,61,0.2,0.51,663.0
2019-06-18 15:00:00,81.8,86,8.1,0.24,353.0
2019-06-18 16:00:00,79.7,94,0.4,0.11,149.0
2019-06-18 17:00:00,79.8,86,0.1,0.33,480.0
2019-06-18 18:00:00,79.5,88,0.2,0.18,255.0
2019-06-18 19:00:00,79.2,88,0.0,0.12,161.0
2019-06-18 20:00:00,79.0,88,0.1,0.06,81.0
2019-06-18 21:00:00,78.3,92,0.6,0.02,13.0
2019-06-18 22:00:00,77.4,95,0.1,0.0,0.0
2019-06-18 23:00:00,76.6,98,0.0,0.0,0.0
2019-06-19 00:00:00,76.1,98,0.0,0.0,0.0
2019-06-19 01:00:00,75.7,99,0.0,0.0,0.0
2019-06-19 02:00:00,75.4,98,0.0,0.0,0.0
2019-06-19 03:00:00,75.2,97,0.0,0.0,0.0
2019-06-19 04:00:00,75.1,96,0.4,0.0,0.0
2019-06-19 05:00:00,74.8,98,0.3,0.0,0.0
2019-06-19 06:00:00,74.6,98,0.1,0.0,0.0
2019-06-19 07:00:00,74.4,99,0.7,0.01,2.0
2019-06-19 08:00:00,76.5,97,0.7,0.03,24.0
2019-06-19 09:00:00,75.9,96,0.1,0.08,121.0
2019-06-19 10:00:00,76.5,87,0.0,0.23,352.0
2019-06-19 11:00:00,77.7,83,0.0,0.35,506.0
2019-06-19 12:00:00,78.8,83,0.0,0.31,422.0
2019-06-19 13:00:00,80.1,72,0.3,0.41,558.0
2019-06-19 14:00:00,80.8,71,0.3,0.47,642.0
2019-06-19 15:00:00,81.7,70,0.3,0.53,728.0
2019-06-19 16:00:00,82.5,65,0.3,0.54,723.0
2019-06-19 17:00:00,82.8,67,0.1,0.44,586.0
2019-06-19 18:00:00,82.6,74,0.1,0.31,418.0
2019-06-19 19:00:00,82.1,75,0.0,0.22,275.0
2019-06-19 20:00:00,81.1,80,0.0,0.12,128.0
2019-06-19 21:00:00,80.2,86,0.0,0.03,19.0
2019-06-19 22:00:00,79.4,88,0.0,0.01,0.0
2019-06-19 23:00:00,78.8,91,0.0,0.0,0.0
2019-06-20 00:00:00,78.3,94,0.0,0.0,0.0
2019-06-20 01:00:00,77.8,95,0.0,0.0,0.0
2019-06-20 02:00:00,77.5,96,0.0,0.0,0.0
2019-06-20 03:00:00,77.3,96,0.0,0.0,0.0
2019-06-20 04:00:00,77.1,96,0.0,0.0,0.0
2019-06-20 05:00:00,77.0,94,0.0,0.0,0.0
2019-06-20 06:00:00,77.0,94,0.1,0.0,0.0
2019-06-20 07:00:00,77.0,93,0.0,0.02,3.0
2019-06-20 08:00:00,79.0,86,0.0,0.07,71.0
2019-06-20 09:00:00,79.5,79,0.0,0.21,271.0
2019-06-20 10:00:00,80.2,79,0.3,0.28,407.0
2019-06-20 11:00:00,80.5,79,0.2,0.31,426.0
2019-06-20 12:00:00,81.2,80,0.1,0.36,508.0
2019-06-20 13:00:00,82.4,66,0.1,0.54,720.0
2019-06-20 14:00:00,83.7,62,0.0,0.61,812.0
2019-06-20 15:00:00,84.7,59,0.0,0.62,791.0
2019-06-20 16:00:00,85.5,59,0.0,0.62,792.0
2019-06-20 17:00:00,85.6,60,0.0,0.48,584.0
2019-06-20 18:00:00,85.4,63,0.0,0.39,454.0
2019-06-20 19:00:00,84.9,68,0.0,0.28,331.0
2019-06-20 20:00:00,83.5,73,0.0,0.15,133.0
2019-06-20 21:00:00,82.5,78,0.0,0.06,16.0
2019-06-20 22:00:00,81.6,84,0.0,0.02,0.0
2019-06-20 23:00:00,80.9,87,0.0,0.01,0.0
2019-06-21 00:00:00,80.2,91,0.0,0.0,0.0
2019-06-21 01:00:00,79.6,93,0.0,0.0,0.0
2019-06-21 02:00:00,79.3,96,0.0,0.0,0.0
2019-06-21 03:00:00,78.9,97,0.0,0.0,0.0
2019-06-21 04:00:00,78.7,96,0.0,0.0,0.0
2019-06-21 05:00:00,78.5,96,0.0,0.0,0.0
2019-06-21 06:00:00,78.4,96,0.0,0.0,0.0
2019-06-21 07:00:00,78.2,96,0.0,0.01,3.0
2019-06-21 08:00:00,80.6,91,0.0,0.05,76.0
2019-06-21 09:00:00,80.7,84,0.0,0.17,234.0
2019-06-21 10:00:00,81.4,79,0.0,0.28,379.0
2019-06-21 11:00:00,82.5,76,0.0,0.39,529.0
2019-06-21 12:00:00,83.8,72,0.0,0.5,671.0
2019-06-21 13:00:00,84.9,69,0.1,0.53,695.0
2019-06-21 14:00:00,85.9,65,0.2,0.59,761.0
2019-06-21 15:00:00,86.5,61,0.1,0.56,698.0
2019-06-21 16:00:00,87.0,63,0.3,0.51,639.0
2019-06-21 17:00:00,85.6,80,1.7,0.33,453.0
2019-06-21 18:00:00,84.6,79,0.0,0.23,293.0
2019-06-21 19:00:00,83.5,80,0.0,0.13,132.0
2019-06-21 20:00:00,85.3,72,0.0,0.13,102.0
2019-06-21 21:00:00,84.3,76,0.0,0.06,18.0
2019-06-21 22:00:00,83.2,82,0.0,0.03,0.0
2019-06-21 23:00:00,82.3,86,0.0,0.02,0.0
2019-06-22 00:00:00,81.4,91,0.0,0.0,0.0
2019-06-22 01:00:00,80.7,94,0.0,0.0,0.0
2019-06-22 02:00:00,80.0,97,0.0,0.0,0.0
2019-06-22 03:00:00,79.5,99,0.0,0.0,0.0
2019-06-22 04:00:00,79.1,99,0.0,0.0,0.0
2019-06-22 05:00:00,78.7,99,0.0,0.0,0.0
2019-06-22 06:00:00,78.5,99,0.0,0.0,0.0
2019-06-22 07:00:00,78.4,99,0.0,0.0,3.0
2019-06-22 08:00:00,80.3,93,0.1,0.06,84.0
2019-06-22 09:00:00,79.7,95,0.1,0.06,67.0
2019-06-22 10:00:00,79.2,93,0.0,0.09,110.0
2019-06-22 11:00:00,79.0,88,0.0,0.16,228.0
2019-06-22 12:00:00,79.3,82,0.0,0.22,299.0
2019-06-22 13:00:00,80.2,79,0.0,0.26,338.0
2019-06-22 14:00:00,82.6,64,0.0,0.69,925.0
2019-06-22 15:00:00,84.6,56,0.0,0.7,906.0
2019-06-22 16:00:00,85.8,52,0.0,0.62,760.0
2019-06-22 17:00:00,86.4,52,0.0,0.51,603.0
2019-06-22 18:00:00,86.3,56,0.0,0.37,415.0
2019-06-22 19:00:00,85.8,63,0.0,0.25,284.0
2019-06-22 20:00:00,86.1,67,0.0,0.15,138.0
2019-06-22 21:00:00,84.8,73,0.0,0.05,17.0
2019-06-22 22:00:00,83.6,78,0.0,0.03,0.0
2019-06-22 23:00:00,82.5,83,0.0,0.02,0.0
2019-06-23 00:00:00,81.6,88,0.0,0.0,0.0
2019-06-23 01:00:00,80.7,91,0.0,0.0,0.0
2019-06-23 02:00:00,79.9,95,0.0,0.0,0.0
2019-06-23 03:00:00,79.3,98,0.0,0.0,0.0
2019-06-23 04:00:00,78.9,99,0.0,0.0,0.0
2019-06-23 05:00:00,78.7,99,0.0,0.0,0.0
2019-06-23 06:00:00,78.7,98,0.0,0.0,0.0
2019-06-23 07:00:00,78.7,97,0.0,0.01,2.0
2019-06-23 08:00:00,78.4,91,0.0,0.04,47.0
2019-06-23 09:00:00,79.4,80,0.0,0.18,258.0
2019-06-23 10:00:00,80.8,71,0.0,0.3,405.0
2019-06-23 11:00:00,82.4,63,0.0,0.46,617.0
2019-06-23 12:00:00,84.3,55,0.0,0.61,796.0
2019-06-23 13:00:00,86.2,48,0.0,0.71,909.0
2019-06-23 14:00:00,87.5,45,0.0,0.66,823.0
2019-06-23 15:00:00,88.7,42,0.0,0.67,818.0
2019-06-23 16:00:00,89.6,40,0.0,0.67,814.0
2019-06-23 17:00:00,90.1,42,0.0,0.54,637.0
2019-06-23 18:00:00,89.7,54,0.0,0.38,458.0
2019-06-23 19:00:00,88.7,64,0.0,0.22,263.0
2019-06-23 20:00:00,87.0,75,0.0,0.12,134.0
2019-06-23 21:00:00,85.5,76,0.0,0.05,19.0
2019-06-23 22:00:00,84.0,84,0.0,0.01,0.0
2019-06-23 23:00:00,82.9,84,0.0,0.01,0.0
2019-06-24 00:00:00,81.8,91,0.0,0.0,0.0
2019-06-24 01:00:00,80.8,96,0.0,0.0,0.0
2019-06-24 02:00:00,80.0,98,0.0,0.0,0.0
2019-06-24 03:00:00,79.3,98,0.0,0.0,0.0
2019-06-24 04:00:00,78.8,99,0.0,0.0,0.0
2019-06-24 05:00:00,78.4,99,0.0,0.0,0.0
2019-06-24 06:00:00,78.0,99,0.0,0.0,0.0
2019-06-24 07:00:00,77.9,99,0.0,0.0,3.0
2019-06-24 08:00:00,78.5,94,0.0,0.04,49.0
2019-06-24 09:00:00,79.3,84,0.0,0.16,230.0
2019-06-24 10:00:00,80.9,72,0.0,0.34,464.0
2019-06-24 11:00:00,82.9,58,0.0,0.52,674.0
2019-06-24 12:00:00,84.8,51,0.0,0.65,821.0
2019-06-24 13:00:00,86.5,47,0.0,0.72,886.0
2019-06-24 14:00:00,88.0,45,0.0,0.74,885.0
2019-06-24 15:00:00,88.6,52,0.1,0.64,778.0
2019-06-24 16:00:00,88.6,54,0.0,0.54,639.0
2019-06-24 17:00:00,88.8,56,0.0,0.51,617.0
2019-06-24 18:00:00,88.5,60,0.0,0.41,476.0
2019-06-24 19:00:00,88.0,63,0.0,0.29,317.0
2019-06-24 20:00:00,87.1,66,0.0,0.17,155.0
2019-06-24 21:00:00,85.6,71,0.0,0.07,20.0
2019-06-24 22:00:00,84.4,77,0.0,0.03,0.0
2019-06-24 23:00:00,83.2,82,0.0,0.02,0.0
2019-06-25 00:00:00,82.2,88,0.0,0.01,0.0
2019-06-25 01:00:00,81.4,93,0.0,0.0,0.0
2019-06-25 02:00:00,80.6,97,0.0,0.0,0.0
2019-06-25 03:00:00,80.0,98,0.0,0.0,0.0
2019-06-25 04:00:00,79.6,98,0.0,0.0,0.0
2019-06-25 05:00:00,79.3,99,0.0,0.0,0.0
2019-06-25 06:00:00,79.3,99,0.0,0.0,0.0
2019-06-25 07:00:00,79.3,97,0.0,0.01,2.0
2019-06-25 08:00:00,80.5,89,0.0,0.05,47.0
2019-06-25 09:00:00,81.3,79,0.0,0.19,257.0
2019-06-25 10:00:00,82.6,69,0.0,0.34,443.0
2019-06-25 11:00:00,84.1,61,0.0,0.47,600.0
2019-06-25 12:00:00,85.9,56,0.0,0.6,750.0
2019-06-25 13:00:00,87.4,54,0.0,0.62,764.0
2019-06-25 14:00:00,88.7,50,0.0,0.64,766.0
2019-06-25 15:00:00,89.8,47,0.1,0.63,766.0
2019-06-25 16:00:00,88.3,86,2.2,0.41,627.0
2019-06-25 17:00:00,85.9,84,0.0,0.13,145.0
2019-06-25 18:00:00,85.9,67,0.0,0.33,405.0
2019-06-25 19:00:00,86.0,65,0.0,0.25,280.0
2019-06-25 20:00:00,85.9,80,0.0,0.09,109.0
2019-06-25 21:00:00,84.6,84,0.0,0.03,20.0
2019-06-25 22:00:00,83.5,81,0.0,0.02,0.0
2019-06-25 23:00:00,82.3,78,0.0,0.02,0.0
2019-06-26 00:00:00,81.4,78,0.0,0.02,0.0
2019-06-26 01:00:00,80.6,79,0.0,0.02,0.0
2019-06-26 02:00:00,80.0,80,0.0,0.02,0.0
2019-06-26 03:00:00,79.5,83,0.0,0.02,0.0
2019-06-26 04:00:00,79.1,82,0.0,0.02,0.0
2019-06-26 05:00:00,78.7,78,0.0,0.02,0.0
2019-06-26 06:00:00,78.4,75,0.0,0.03,0.0
2019-06-26 07:00:00,77.9,75,0.0,0.04,3.0
2019-06-26 08:00:00,77.3,75,0.0,0.08,91.0
2019-06-26 09:00:00,78.7,66,0.0,0.21,281.0
2019-06-26 10:00:00,80.7,56,0.0,0.38,482.0
2019-06-26 11:00:00,82.8,52,0.0,0.52,661.0
2019-06-26 12:00:00,84.8,47,0.0,0.65,806.0
2019-06-26 13:00:00,86.6,41,0.0,0.73,892.0
2019-06-26 14:00:00,88.2,41,0.0,0.75,900.0
2019-06-26 15:00:00,89.2,39,0.0,0.71,857.0
2019-06-26 16:00:00,89.9,37,0.0,0.61,711.0
2019-06-26 17:00:00,90.3,34,0.0,0.55,618.0
2019-06-26 18:00:00,90.2,36,0.0,0.41,433.0
2019-06-26 19:00:00,89.8,39,0.0,0.3,285.0
2019-06-26 20:00:00,88.1,46,0.0,0.15,126.0
2019-06-26 21:00:00,85.8,48,0.0,0.09,20.0
2019-06-26 22:00:00,83.8,56,0.0,0.03,0.0
2019-06-26 23:00:00,82.2,55,0.0,0.05,0.0
2019-06-27 00:00:00,81.1,58,0.0,0.04,0.0
2019-06-27 01:00:00,80.1,61,0.0,0.03,0.0
2019-06-27 02:00:00,79.3,61,0.0,0.04,0.0
2019-06-27 03:00:00,78.6,62,0.0,0.05,0.0
2019-06-27 04:00:00,78.1,63,0.0,0.04,0.0
2019-06-27 05:00:00,77.6,63,0.0,0.04,0.0
2019-06-27 06:00:00,77.3,61,0.0,0.04,0.0
2019-06-27 07:00:00,76.9,62,0.0,0.06,2.0
2019-06-27 08:00:00,76.6,67,0.0,0.08,69.0
2019-06-27 09:00:00,77.7,62,0.0,0.2,285.0
2019-06-27 10:00:00,79.4,58,0.0,0.32,449.0
2019-06-27 11:00:00,81.6,52,0.0,0.49,665.0
2019-06-27 12:00:00,83.7,48,0.2,0.6,795.0
2019-06-27 13:00:00,85.1,47,0.3,0.58,753.0
2019-06-27 14:00:00,86.3,46,0.1,0.59,755.0
2019-06-27 15:00:00,87.3,46,0.2,0.61,793.0
2019-06-27 16:00:00,87.9,45,0.0,0.55,694.0
2019-06-27 17:00:00,88.3,45,0.0,0.48,608.0
2019-06-27 18:00:00,87.7,55,0.0,0.33,379.0
2019-06-27 19:00:00,86.5,64,0.0,0.19,225.0
2019-06-27 20:00:00,85.4,62,0.0,0.1,137.0
2019-06-27 21:00:00,83.8,76,0.0,0.02,19.0
2019-06-27 22:00:00,82.1,76,0.0,0.0,0.0
2019-06-27 23:00:00,81.0,75,0.0,0.01,0.0
2019-06-28 00:00:00,80.0,70,0.0,0.02,0.0
2019-06-28 01:00:00,79.2,82,0.0,0.0,0.0
2019-06-28 02:00:00,78.4,87,0.0,0.0,0.0
2019-06-28 03:00:00,77.8,87,0.0,0.0,0.0
2019-06-28 04:00:00,77.5,84,0.0,0.01,0.0
2019-06-28 05:00:00,77.4,80,0.0,0.02,0.0
2019-06-28 06:00:00,77.1,81,0.0,0.02,0.0
2019-06-28 07:00:00,76.8,83,0.0,0.02,3.0
2019-06-28 08:00:00,77.0,81,0.0,0.07,78.0
2019-06-28 09:00:00,78.1,75,0.0,0.19,253.0
2019-06-28 10:00:00,79.6,63,0.0,0.35,466.0
2019-06-28 11:00:00,81.5,54,0.0,0.49,634.0
2019-06-28 12:00:00,83.1,49,0.0,0.54,683.0
2019-06-28 13:00:00,84.8,45,0.0,0.62,791.0
2019-06-28 14:00:00,86.3,43,0.3,0.67,846.0
2019-06-28 15:00:00,87.2,45,0.1,0.57,707.0
2019-06-28 16:00:00,87.8,44,0.0,0.53,666.0
2019-06-28 17:00:00,88.3,44,0.1,0.5,625.0
2019-06-28 18:00:00,87.8,48,0.0,0.3,362.0
2019-06-28 19:00:00,87.1,53,0.0,0.21,262.0
2019-06-28 20:00:00,83.7,74,0.0,0.08,122.0
2019-06-28 21:00:00,82.4,85,0.0,0.01,19.0
2019-06-28 22:00:00,81.1,85,0.1,0.0,0.0
2019-06-28 23:00:00,79.9,91,0.5,0.0,0.0
2019-06-29 00:00:00,78.8,93,0.2,0.0,0.0
2019-06-29 01:00:00,77.9,92,0.0,0.0,0.0
2019-06-29 02:00:00,77.1,95,0.0,0.0,0.0
2019-06-29 03:00:00,76.6,97,0.0,0.0,0.0
2019-06-29 04:00:00,76.0,96,0.0,0.0,0.0
2019-06-29 05:00:00,75.5,97,0.0,0.0,0.0
2019-06-29 06:00:00,75.0,97,0.0,0.0,0.0
2019-06-29 07:00:00,74.8,98,0.0,0.0,3.0
2019-06-29 08:00:00,74.6,95,0.0,0.04,69.0
2019-06-29 09:00:00,75.6,88,0.0,0.16,254.0
2019-06-29 10:00:00,77.1,79,0.0,0.29,435.0
2019-06-29 11:00:00,78.6,72,0.0,0.37,505.0
2019-06-29 12:00:00,80.1,68,0.0,0.4,535.0
2019-06-29 13:00:00,82.0,60,0.0,0.54,717.0
2019-06-29 14:00:00,83.2,56,0.0,0.5,628.0
2019-06-29 15:00:00,84.0,56,0.0,0.44,546.0
2019-06-29 16:00:00,84.9,53,0.0,0.48,609.0
2019-06-29 17:00:00,85.6,52,0.0,0.45,569.0
2019-06-29 18:00:00,85.6,60,0.3,0.35,435.0
2019-06-29 19:00:00,84.7,71,0.1,0.18,236.0
2019-06-29 20:00:00,83.2,95,0.1,0.07,112.0
2019-06-29 21:00:00,80.4,95,0.2,0.02,13.0
2019-06-29 22:00:00,78.4,96,0.0,0.0,0.0
2019-06-29 23:00:00,77.1,98,0.0,0.0,0.0
2019-06-30 00:00:00,76.3,98,0.0,0.0,0.0
2019-06-30 01:00:00,75.7,98,0.0,0.0,0.0
2019-06-30 02:00:00,75.1,98,0.0,0.0,0.0
2019-06-30 03:00:00,74.5,98,0.0,0.0,0.0
2019-06-30 04:00:00,73.9,98,0.0,0.0,0.0
2019-06-30 05:00:00,73.8,98,0.0,0.0,0.0
2019-06-30 06:00:00,73.6,98,0.0,0.0,0.0
2019-06-30 07:00:00,73.5,98,0.0,0.0,3.0
2019-06-30 08:00:00,74.8,93,0.0,0.05,82.0
2019-06-30 09:00:00,76.0,85,0.0,0.16,245.0
2019-06-30 10:00:00,77.7,78,0.0,0.31,441.0
2019-06-30 11:00:00,79.9,71,0.0,0.45,619.0
2019-06-30 12:00:00,81.9,67,0.1,0.52,703.0
2019-06-30 13:00:00,83.6,64,0.0,0.56,732.0
2019-06-30 14:00:00,84.8,63,0.1,0.54,702.0
2019-06-30 15:00:00,85.8,57,0.1,0.55,693.0
2019-06-30 16:00:00,86.5,53,0.0,0.49,594.0
2019-06-30 17:00:00,86.3,60,0.2,0.38,457.0
2019-06-30 18:00:00,85.6,63,0.3,0.34,428.0
2019-06-30 19:00:00,85.0,63,0.0,0.22,264.0
2019-06-30 20:00:00,84.5,79,0.0,0.1,137.0
2019-06-30 21:00:00,82.9,90,0.0,0.01,18.0
2019-06-30 22:00:00,81.7,87,0.0,0.01,0.0
2019-06-30 23:00:00,80.7,83,0.0,0.01,0.0
2019-07-01 00:00:00,79.9,85,0.0,0.01,0.0
2019-07-01 01:00:00,79.2,87,0.0,0.0,0.0
2019-07-01 02:00:00,78.5,90,0.0,0.0,0.0
2019-07-01 03:00:00,78.1,93,0.0,0.0,0.0
2019-07-01 04:00:00,77.7,95,0.0,0.0,0.0
2019-07-01 05:00:00,77.5,95,0.0,0.0,0.0
2019-07-01 06:00:00,77.1,95,0.0,0.0,0.0
2019-07-01 07:00:00,76.9,95,0.0,0.0,3.0
2019-07-01 08:00:00,76.8,91,0.0,0.06,89.0
2019-07-01 09:00:00,77.8,80,0.0,0.19,272.0
2019-07-01 10:00:00,79.5,69,0.0,0.35,470.0
2019-07-01 11:00:00,81.7,58,0.0,0.49,649.0
2019-07-01 12:00:00,84.0,51,0.0,0.63,801.0
2019-07-01 13:00:00,85.9,48,0.0,0.65,810.0
2019-07-01 14:00:00,87.5,47,0.0,0.69,853.0
2019-07-01 15:00:00,88.6,46,0.0,0.62,759.0
2019-07-01 16:00:00,89.5,46,0.0,0.58,710.0
2019-07-01 17:00:00,90.1,46,0.0,0.53,642.0
2019-07-01 18:00:00,90.1,48,0.0,0.4,458.0
2019-07-01 19:00:00,89.5,50,0.0,0.28,296.0
2019-07-01 20:00:00,87.5,60,0.0,0.13,111.0
2019-07-01 21:00:00,86.1,67,0.0,0.07,19.0
2019-07-01 22:00:00,85.0,72,0.0,0.05,0.0
2019-07-01 23:00:00,84.0,76,0.0,0.03,0.0
2019-07-02 00:00:00,83.2,77,0.0,0.03,0.0
2019-07-02 01:00:00,82.4,79,0.0,0.03,0.0
2019-07-02 02:00:00,81.7,82,0.0,0.02,0.0
2019-07-02 03:00:00,81.0,86,0.0,0.01,0.0
2019-07-02 04:00:00,80.4,88,0.0,0.01,0.0
2019-07-02 05:00:00,79.9,88,0.0,0.01,0.0
2019-07-02 06:00:00,79.3,89,0.0,0.0,0.0
2019-07-02 07:00:00,79.0,89,0.0,0.01,3.0
2019-07-02 08:00:00,80.0,82,0.0,0.07,88.0
2019-07-02 09:00:00,80.9,72,0.0,0.2,257.0
2019-07-02 10:00:00,82.4,64,0.0,0.34,437.0
2019-07-02 11:00:00,84.4,56,0.0,0.49,623.0
2019-07-02 12:00:00,86.4,51,0.0,0.59,749.0
2019-07-02 13:00:00,88.3,47,0.0,0.67,845.0
2019-07-02 14:00:00,90.1,44,0.0,0.73,915.0
2019-07-02 15:00:00,91.7,44,0.0,0.72,880.0
2019-07-02 16:00:00,92.5,40,0.0,0.65,761.0
2019-07-02 17:00:00,91.5,71,2.2,0.42,552.0
2019-07-02 18:00:00,88.7,84,0.9,0.26,352.0
2019-07-02 19:00:00,87.7,81,0.0,0.2,258.0
2019-07-02 20:00:00,88.0,61,0.0,0.14,78.0
2019-07-02 21:00:00,86.8,68,0.0,0.07,16.0
2019-07-02 22:00:00,85.7,73,0.0,0.04,0.0
2019-07-02 23:00:00,84.7,75,0.0,0.04,0.0
2019-07-03 00:00:00,83.8,78,0.0,0.03,0.0
2019-07-03 01:00:00,83.0,82,0.0,0.02,0.0
2019-07-03 02:00:00,82.2,85,0.0,0.01,0.0
2019-07-03 03:00:00,81.5,88,0.0,0.0,0.0
2019-07-03 04:00:00,80.9,89,0.0,0.0,0.0
2019-07-03 05:00:00,80.4,91,0.0,0.0,0.0
2019-07-03 06:00:00,80.0,91,0.0,0.0,0.0
2019-07-03 07:00:00,79.6,89,0.0,0.02,2.0
2019-07-03 08:00:00,79.4,78,0.0,0.08,89.0
2019-07-03 09:00:00,80.8,66,0.0,0.21,268.0
2019-07-03 10:00:00,82.6,59,0.0,0.35,440.0
2019-07-03 11:00:00,84.8,53,0.0,0.51,649.0
2019-07-03 12:00:00,86.9,49,0.0,0.57,710.0
2019-07-03 13:00:00,89.0,46,0.0,0.67,834.0
2019-07-03 14:00:00,90.4,47,0.0,0.64,779.0
2019-07-03 15:00:00,90.8,63,1.0,0.5,645.0
2019-07-03 16:00:00,90.1,58,0.0,0.41,499.0
2019-07-03 17:00:00,90.3,54,0.0,0.48,586.0
2019-07-03 18:00:00,89.5,72,1.3,0.29,368.0
2019-07-03 19:00:00,87.3,87,0.4,0.12,152.0
2019-07-03 20:00:00,89.2,58,0.0,0.08,101.0
2019-07-03 21:00:00,87.8,69,0.0,0.02,10.0
2019-07-03 22:00:00,86.1,71,0.0,0.0,0.0
2019-07-03 23:00:00,84.7,67,0.0,0.0,0.0
2019-07-04 00:00:00,83.7,69,0.0,0.0,0.0
2019-07-04 01:00:00,82.7,81,0.0,0.0,0.0
2019-07-04 02:00:00,81.8,82,0.0,0.0,0.0
2019-07-04 03:00:00,81.1,85,0.0,0.0,0.0
2019-07-04 04:00:00,80.4,81,0.0,0.0,0.0
2019-07-04 05:00:00,79.9,86,0.0,0.0,0.0
2019-07-04 06:00:00,79.3,89,0.0,0.0,0.0
2019-07-04 07:00:00,78.8,91,0.0,0.0,2.0
2019-07-04 08:00:00,79.0,78,0.0,0.06,85.0
2019-07-04 09:00:00,80.6,67,0.0,0.2,270.0
2019-07-04 10:00:00,82.6,59,0.0,0.35,469.0
2019-07-04 11:00:00,84.8,52,0.0,0.49,651.0
2019-07-04 12:00:00,86.6,49,0.0,0.5,651.0
2019-07-04 13:00:00,88.4,46,0.0,0.6,763.0
2019-07-04 14:00:00,89.7,44,0.0,0.6,739.0
2019-07-04 15:00:00,90.7,43,0.0,0.58,705.0
2019-07-04 16:00:00,91.7,42,0.0,0.6,720.0
2019-07-04 17:00:00,91.5,52,0.1,0.45,515.0
2019-07-04 18:00:00,90.8,54,0.0,0.33,388.0
2019-07-04 19:00:00,90.1,58,0.0,0.22,250.0
2019-07-04 20:00:00,88.0,69,0.0,0.1,111.0
2019-07-04 21:00:00,86.0,91,2.8,0.02,17.0
2019-07-04 22:00:00,83.4,95,4.8,0.0,0.0
2019-07-04 23:00:00,81.4,95,2.6,0.0,0.0
2019-07-05 00:00:00,80.3,96,0.0,0.0,0.0
2019-07-05 01:00:00,79.8,97,0.0,0.0,0.0
2019-07-05 02:00:00,79.3,98,0.0,0.0,0.0
2019-07-05 03:00:00,78.9,99,0.0,0.0,0.0
2019-07-05 04:00:00,78.6,99,0.0,0.0,0.0
2019-07-05 05:00:00,78.4,99,0.0,0.0,0.0
2019-07-05 06:00:00,78.3,99,0.0,0.0,0.0
2019-07-05 07:00:00,78.3,98,0.0,0.0,2.0
2019-07-05 08:00:00,79.0,92,0.0,0.04,63.0
2019-07-05 09:00:00,79.8,86,0.0,0.16,243.0
2019-07-05 10:00:00,81.5,76,0.0,0.31,441.0
2019-07-05 11:00:00,83.3,67,0.1,0.45,606.0
2019-07-05 12:00:00,85.2,63,0.1,0.53,691.0
2019-07-05 13:00:00,87.0,58,0.1,0.62,807.0
2019-07-05 14:00:00,86.4,87,7.0,0.34,501.0
2019-07-05 15:00:00,84.0,89,0.1,0.19,246.0
2019-07-05 16:00:00,83.3,87,0.1,0.23,309.0
2019-07-05 17:00:00,83.5,85,1.9,0.29,411.0
2019-07-05 18:00:00,82.6,87,0.6,0.18,238.0
2019-07-05 19:00:00,82.0,92,0.0,0.09,122.0
2019-07-05 20:00:00,82.7,74,0.0,0.1,91.0
2019-07-05 21:00:00,82.0,81,0.2,0.04,18.0
2019-07-05 22:00:00,81.1,90,0.9,0.0,0.0
2019-07-05 23:00:00,80.2,96,0.5,0.0,0.0
2019-07-06 00:00:00,79.3,97,0.9,0.0,0.0
2019-07-06 01:00:00,78.7,97,0.0,0.0,0.0
2019-07-06 02:00:00,78.2,100,3.3,0.0,0.0
2019-07-06 03:00:00,77.5,100,1.1,0.0,0.0
2019-07-06 04:00:00,77.0,100,0.7,0.0,0.0
2019-07-06 05:00:00,76.6,99,0.1,0.0,0.0
2019-07-06 06:00:00,76.5,99,0.0,0.0,0.0
2019-07-06 07:00:00,76.2,99,0.0,0.01,1.0
2019-07-06 08:00:00,76.0,97,0.0,0.03,53.0
2019-07-06 09:00:00,76.9,93,0.0,0.13,200.0
2019-07-06 10:00:00,78.2,82,0.0,0.27,394.0
2019-07-06 11:00:00,80.1,78,0.1,0.39,537.0
2019-07-06 12:00:00,82.0,77,0.7,0.48,643.0
2019-07-06 13:00:00,82.7,88,13.3,0.36,522.0
2019-07-06 14:00:00,81.2,91,0.6,0.18,239.0
2019-07-06 15:00:00,80.8,93,0.1,0.13,173.0
2019-07-06 16:00:00,80.2,93,0.3,0.14,197.0
2019-07-06 17:00:00,80.1,91,0.1,0.18,250.0
2019-07-06 18:00:00,80.0,87,0.0,0.16,211.0
2019-07-06 19:00:00,80.1,87,0.0,0.13,167.0
2019-07-06 20:00:00,79.1,96,0.0,0.05,70.0
2019-07-06 21:00:00,78.1,99,0.0,0.01,12.0
2019-07-06 22:00:00,77.4,98,0.0,0.0,0.0
2019-07-06 23:00:00,76.7,97,0.0,0.0,0.0
2019-07-07 00:00:00,76.3,98,0.0,0.0,0.0
2019-07-07 01:00:00,76.1,98,0.0,0.0,0.0
2019-07-07 02:00:00,75.9,98,0.0,0.0,0.0
2019-07-07 03:00:00,75.7,98,0.0,0.0,0.0
2019-07-07 04:00:00,75.7,98,0.0,0.0,0.0
2019-07-07 05:00:00,75.7,98,0.0,0.0,0.0
2019-07-07 06:00:00,75.9,98,0.0,0.0,0.0
2019-07-07 07:00:00,76.0,98,0.0,0.0,2.0
2019-07-07 08:00:00,75.7,95,0.4,0.05,78.0
2019-07-07 09:00:00,77.2,89,0.0,0.17,253.0
2019-07-07 10:00:00,79.0,84,0.0,0.32,452.0
2019-07-07 11:00:00,81.0,74,0.2,0.45,623.0
2019-07-07 12:00:00,81.4,81,0.3,0.32,429.0
2019-07-07 13:00:00,82.5,74,0.0,0.43,571.0
2019-07-07 14:00:00,84.0,62,0.0,0.57,741.0
2019-07-07 15:00:00,85.4,57,0.0,0.58,730.0
2019-07-07 16:00:00,86.2,56,0.0,0.51,628.0
2019-07-07 17:00:00,86.3,67,0.1,0.39,497.0
2019-07-07 18:00:00,85.7,69,0.0,0.27,331.0
2019-07-07 19:00:00,85.3,74,0.0,0.22,270.0
2019-07-07 20:00:00,84.7,68,0.0,0.12,149.0
2019-07-07 21:00:00,82.2,96,5.7,0.02,13.0
2019-07-07 22:00:00,80.2,96,0.2,0.0,0.0
2019-07-07 23:00:00,79.0,100,0.3,0.0,0.0
2019-07-08 00:00:00,78.3,100,0.4,0.0,0.0
2019-07-08 01:00:00,77.7,100,0.1,0.0,0.0
2019-07-08 02:00:00,77.3,98,0.0,0.0,0.0
2019-07-08 03:00:00,76.8,97,0.0,0.0,0.0
2019-07-08 04:00:00,76.4,97,0.0,0.0,0.0
2019-07-08 05:00:00,76.1,97,0.0,0.0,0.0
2019-07-08 06:00:00,75.8,97,0.0,0.0,0.0
2019-07-08 07:00:00,75.6,96,0.0,0.0,2.0
2019-07-08 08:00:00,73.3,92,0.0,0.05,81.0
2019-07-08 09:00:00,75.0,85,0.0,0.17,263.0
2019-07-08 10:00:00,77.0,75,0.0,0.32,462.0
2019-07-08 11:00:00,79.3,65,0.0,0.47,648.0
2019-07-08 12:00:00,81.5,58,0.0,0.6,799.0
2019-07-08 13:00:00,83.5,55,0.0,0.67,865.0
2019-07-08 14:00:00,85.1,55,0.1,0.69,881.0
2019-07-08 15:00:00,86.5,54,0.0,0.66,845.0
2019-07-08 16:00:00,86.5,73,1.9,0.55,770.0
2019-07-08 17:00:00,85.6,76,0.2,0.31,401.0
2019-07-08 18:00:00,85.3,80,0.7,0.32,431.0
2019-07-08 19:00:00,83.4,96,5.1,0.14,201.0
2019-07-08 20:00:00,82.9,78,0.0,0.09,77.0
2019-07-08 21:00:00,81.8,86,0.7,0.03,16.0
2019-07-08 22:00:00,80.8,90,0.1,0.0,0.0
2019-07-08 23:00:00,80.2,91,0.0,0.0,0.0
2019-07-09 00:00:00,79.5,93,0.0,0.0,0.0
2019-07-09 01:00:00,79.0,95,0.0,0.0,0.0
2019-07-09 02:00:00,78.4,97,0.0,0.0,0.0
2019-07-09 03:00:00,77.8,98,0.0,0.0,0.0
2019-07-09 04:00:00,77.4,99,0.0,0.0,0.0
2019-07-09 05:00:00,77.1,98,0.0,0.0,0.0
2019-07-09 06:00:00,76.7,96,0.0,0.0,0.0
2019-07-09 07:00:00,76.5,98,0.0,0.0,2.0
2019-07-09 08:00:00,77.9,93,0.0,0.04,75.0
2019-07-09 09:00:00,78.9,86,0.0,0.16,240.0
2019-07-09 10:00:00,80.3,77,0.0,0.32,445.0
2019-07-09 11:00:00,82.0,71,0.1,0.45,616.0
2019-07-09 12:00:00,83.5,71,0.4,0.5,670.0
2019-07-09 13:00:00,83.6,90,5.2,0.37,511.0
2019-07-09 14:00:00,82.7,87,1.2,0.31,419.0
2019-07-09 15:00:00,81.8,90,0.9,0.21,290.0
2019-07-09 16:00:00,81.2,89,0.1,0.17,225.0
2019-07-09 17:00:00,81.6,90,0.0,0.24,316.0
2019-07-09 18:00:00,82.0,84,0.0,0.21,283.0
2019-07-09 19:00:00,82.0,84,0.0,0.14,193.0
2019-07-09 20:00:00,82.1,98,0.0,0.06,97.0
2019-07-09 21:00:00,80.8,99,0.0,0.01,14.0
2019-07-09 22:00:00,79.8,99,0.0,0.0,0.0
2019-07-09 23:00:00,79.1,99,0.0,0.0,0.0
2019-07-10 00:00:00,78.4,98,0.0,0.0,0.0
2019-07-10 01:00:00,78.1,97,0.0,0.0,0.0
2019-07-10 02:00:00,77.7,97,0.0,0.0,0.0
2019-07-10 03:00:00,77.5,98,0.0,0.0,0.0
2019-07-10 04:00:00,77.4,99,0.0,0.0,0.0
2019-07-10 05:00:00,77.3,99,0.0,0.0,0.0
2019-07-10 06:00:00,77.3,99,0.0,0.0,0.0
2019-07-10 07:00:00,77.2,99,0.0,0.0,1.0
2019-07-10 08:00:00,78.3,96,0.1,0.04,53.0
2019-07-10 09:00:00,78.6,90,0.0,0.15,238.0
2019-07-10 10:00:00,79.6,85,0.1,0.28,411.0
2019-07-10 11:00:00,80.8,83,0.2,0.36,510.0
2019-07-10 12:00:00,81.4,84,3.0,0.4,613.0
2019-07-10 13:00:00,81.2,85,1.0,0.38,549.0
2019-07-10 14:00:00,82.2,81,0.3,0.5,708.0
2019-07-10 15:00:00,82.6,87,4.8,0.45,676.0
2019-07-10 16:00:00,81.9,92,2.1,0.32,500.0
2019-07-10 17:00:00,80.9,90,0.5,0.19,273.0
2019-07-10 18:00:00,80.8,85,0.3,0.26,381.0
2019-07-10 19:00:00,80.5,85,0.1,0.17,230.0
2019-07-10 20:00:00,81.7,86,0.0,0.09,98.0
2019-07-10 21:00:00,80.6,91,0.0,0.02,16.0
2019-07-10 22:00:00,79.8,93,0.0,0.0,0.0
2019-07-10 23:00:00,79.1,95,0.0,0.0,0.0
2019-07-11 00:00:00,78.4,96,0.0,0.0,0.0
2019-07-11 01:00:00,78.1,96,0.0,0.0,0.0
2019-07-11 02:00:00,77.7,96,0.0,0.0,0.0
2019-07-11 03:00:00,77.4,96,0.0,0.0,0.0
2019-07-11 04:00:00,77.1,95,0.0,0.0,0.0
2019-07-11 05:00:00,76.9,95,0.0,0.0,0.0
2019-07-11 06:00:00,76.7,95,0.0,0.0,0.0
2019-07-11 07:00:00,76.6,95,0.0,0.01,1.0
2019-07-11 08:00:00,77.5,87,0.1,0.06,69.0
2019-07-11 09:00:00,78.4,81,0.0,0.17,238.0
2019-07-11 10:00:00,79.5,76,0.2,0.3,415.0
2019-07-11 11:00:00,80.6,72,0.1,0.38,524.0
2019-07-11 12:00:00,81.7,73,0.2,0.44,611.0
2019-07-11 13:00:00,82.5,72,0.6,0.51,702.0
2019-07-11 14:00:00,82.0,90,3.3,0.36,578.0
2019-07-11 15:00:00,82.0,81,0.2,0.45,641.0
2019-07-11 16:00:00,81.7,90,2.1,0.32,530.0
2019-07-11 17:00:00,81.1,90,0.1,0.3,453.0
2019-07-11 18:00:00,80.9,86,0.4,0.25,375.0
2019-07-11 19:00:00,80.6,85,0.0,0.19,270.0
2019-07-11 20:00:00,79.5,86,0.0,0.09,131.0
2019-07-11 21:00:00,79.0,90,0.0,0.02,17.0
2019-07-11 22:00:00,78.5,93,0.0,0.0,0.0
2019-07-11 23:00:00,78.1,93,0.0,0.0,0.0
2019-07-12 00:00:00,77.7,93,0.0,0.0,0.0
2019-07-12 01:00:00,77.3,93,0.0,0.0,0.0
2019-07-12 02:00:00,77.0,92,0.0,0.0,0.0
2019-07-12 03:00:00,76.7,91,0.0,0.0,0.0
2019-07-12 04:00:00,76.6,92,0.0,0.0,0.0
2019-07-12 05:00:00,76.3,94,0.0,0.0,0.0
2019-07-12 06:00:00,76.2,95,0.0,0.0,0.0
2019-07-12 07:00:00,76.0,96,0.0,0.0,1.0
2019-07-12 08:00:00,76.2,90,0.0,0.05,71.0
2019-07-12 09:00:00,77.4,84,0.0,0.15,216.0
2019-07-12 10:00:00,78.8,79,0.1,0.3,427.0
2019-07-12 11:00:00,80.2,76,0.1,0.4,557.0
2019-07-12 12:00:00,81.8,76,0.9,0.48,671.0
2019-07-12 13:00:00,81.0,90,6.5,0.3,464.0
2019-07-12 14:00:00,80.3,92,1.0,0.26,387.0
2019-07-12 15:00:00,80.5,86,0.9,0.39,601.0
2019-07-12 16:00:00,80.8,80,0.1,0.35,487.0
2019-07-12 17:00:00,81.1,85,2.6,0.32,471.0
2019-07-12 18:00:00,81.0,88,1.5,0.26,390.0
2019-07-12 19:00:00,79.9,92,2.4,0.14,215.0
2019-07-12 20:00:00,80.2,81,0.1,0.07,68.0
2019-07-12 21:00:00,79.4,87,0.3,0.02,9.0
2019-07-12 22:00:00,78.6,90,0.3,0.0,0.0
2019-07-12 23:00:00,77.9,95,0.2,0.0,0.0
2019-07-13 00:00:00,77.5,96,0.2,0.0,0.0
2019-07-13 01:00:00,77.1,97,0.0,0.0,0.0
2019-07-13 02:00:00,76.9,97,0.0,0.0,0.0
2019-07-13 03:00:00,76.7,97,0.0,0.0,0.0
2019-07-13 04:00:00,76.6,97,0.0,0.0,0.0
2019-07-13 05:00:00,76.6,97,0.0,0.0,0.0
2019-07-13 06:00:00,76.6,97,0.0,0.0,0.0
2019-07-13 07:00:00,76.6,97,0.0,0.0,1.0
2019-07-13 08:00:00,75.1,97,0.0,0.03,45.0
2019-07-13 09:00:00,76.3,96,0.0,0.09,143.0
2019-07-13 10:00:00,77.8,90,0.0,0.21,303.0
2019-07-13 11:00:00,79.3,79,0.0,0.35,488.0
2019-07-13 12:00:00,81.1,62,0.0,0.56,748.0
2019-07-13 13:00:00,82.8,54,0.0,0.65,825.0
2019-07-13 14:00:00,83.9,53,0.0,0.63,787.0
2019-07-13 15:00:00,85.0,52,0.0,0.65,823.0
2019-07-13 16:00:00,85.6,55,0.0,0.55,682.0
2019-07-13 17:00:00,85.5,58,0.0,0.4,472.0
2019-07-13 18:00:00,85.2,66,0.0,0.31,382.0
2019-07-13 19:00:00,84.7,73,0.0,0.22,273.0
2019-07-13 20:00:00,82.9,79,0.0,0.11,130.0
2019-07-13 21:00:00,81.8,84,0.0,0.03,15.0
2019-07-13 22:00:00,80.9,89,0.0,0.0,0.0
2019-07-13 23:00:00,80.1,93,0.0,0.0,0.0
2019-07-14 00:00:00,79.3,94,0.0,0.0,0.0
2019-07-14 01:00:00,78.6,95,0.0,0.0,0.0
2019-07-14 02:00:00,77.9,98,0.0,0.0,0.0
2019-07-14 03:00:00,77.2,98,0.0,0.0,0.0
2019-07-14 04:00:00,76.5,97,0.0,0.0,0.0
2019-07-14 05:00:00,75.8,99,0.0,0.0,0.0
2019-07-14 06:00:00,75.4,99,0.0,0.0,0.0
2019-07-14 07:00:00,75.2,98,0.0,0.0,1.0
2019-07-14 08:00:00,77.0,92,0.0,0.05,72.0
2019-07-14 09:00:00,77.9,84,0.0,0.15,218.0
2019-07-14 10:00:00,79.1,78,0.0,0.27,372.0
2019-07-14 11:00:00,80.7,73,0.0,0.43,591.0
2019-07-14 12:00:00,82.0,72,0.0,0.45,596.0
2019-07-14 13:00:00,83.5,64,0.0,0.57,740.0
2019-07-14 14:00:00,84.8,50,0.0,0.66,828.0
2019-07-14 15:00:00,85.9,47,0.0,0.65,796.0
2019-07-14 16:00:00,86.5,47,0.0,0.59,717.0
2019-07-14 17:00:00,86.5,53,0.0,0.43,507.0
2019-07-14 18:00:00,86.2,57,0.0,0.35,433.0
2019-07-14 19:00:00,85.7,66,0.0,0.23,307.0
2019-07-14 20:00:00,84.6,85,0.0,0.1,138.0
2019-07-14 21:00:00,83.0,94,0.0,0.01,17.0
2019-07-14 22:00:00,81.6,94,0.0,0.0,0.0
2019-07-14 23:00:00,80.4,96,0.0,0.0,0.0
2019-07-15 00:00:00,79.4,97,0.0,0.0,0.0
2019-07-15 01:00:00,78.6,96,0.0,0.0,0.0
2019-07-15 02:00:00,77.9,95,0.0,0.0,0.0
2019-07-15 03:00:00,77.3,97,0.0,0.0,0.0
2019-07-15 04:00:00,76.6,99,0.0,0.0,0.0
2019-07-15 05:00:00,76.3,99,0.0,0.0,0.0
2019-07-15 06:00:00,76.1,99,0.0,0.0,0.0
2019-07-15 07:00:00,75.8,99,0.0,0.0,1.0
2019-07-15 08:00:00,76.3,96,0.0,0.04,63.0
2019-07-15 09:00:00,77.5,86,0.0,0.15,222.0
2019-07-15 10:00:00,79.3,71,0.0,0.32,454.0
2019-07-15 11:00:00,81.2,61,0.0,0.48,640.0
2019-07-15 12:00:00,83.0,57,0.0,0.58,761.0
2019-07-15 13:00:00,84.6,55,0.0,0.63,806.0
2019-07-15 14:00:00,85.9,52,0.0,0.67,847.0
2019-07-15 15:00:00,86.9,51,0.0,0.65,820.0
2019-07-15 16:00:00,87.4,53,0.0,0.53,663.0
2019-07-15 17:00:00,87.4,58,0.1,0.43,532.0
2019-07-15 18:00:00,87.0,68,0.1,0.34,439.0
2019-07-15 19:00:00,86.2,76,0.0,0.19,250.0
2019-07-15 20:00:00,84.5,96,0.0,0.07,114.0
2019-07-15 21:00:00,82.6,95,0.0,0.01,13.0
2019-07-15 22:00:00,81.1,97,0.0,0.0,0.0
2019-07-15 23:00:00,79.7,96,0.0,0.0,0.0
2019-07-16 00:00:00,78.7,96,0.0,0.0,0.0
2019-07-16 01:00:00,77.7,92,0.0,0.0,0.0
2019-07-16 02:00:00,76.9,89,0.0,0.0,0.0
2019-07-16 03:00:00,76.2,88,0.0,0.0,0.0
2019-07-16 04:00:00,75.7,88,0.0,0.0,0.0
2019-07-16 05:00:00,75.3,96,0.0,0.0,0.0
2019-07-16 06:00:00,75.3,99,0.0,0.0,0.0
2019-07-16 07:00:00,75.0,98,0.0,0.0,1.0
2019-07-16 08:00:00,75.7,99,0.0,0.04,73.0
2019-07-16 09:00:00,77.0,95,0.0,0.14,212.0
2019-07-16 10:00:00,79.1,87,0.0,0.3,433.0
2019-07-16 11:00:00,81.1,78,0.0,0.44,601.0
2019-07-16 12:00:00,82.9,63,0.0,0.55,727.0
2019-07-16 13:00:00,84.5,58,0.0,0.61,797.0
2019-07-16 14:00:00,86.0,57,0.0,0.66,851.0
2019-07-16 15:00:00,87.2,56,0.0,0.63,813.0
2019-07-16 16:00:00,86.2,91,3.0,0.31,499.0
2019-07-16 17:00:00,83.8,90,0.7,0.3,410.0
2019-07-16 18:00:00,84.0,88,0.0,0.3,418.0
2019-07-16 19:00:00,84.1,86,0.0,0.21,292.0
2019-07-16 20:00:00,84.6,86,0.0,0.09,132.0
2019-07-16 21:00:00,83.0,91,0.0,0.01,18.0
2019-07-16 22:00:00,81.6,91,0.0,0.0,0.0
2019-07-16 23:00:00,80.5,93,0.0,0.0,0.0
2019-07-17 00:00:00,79.5,93,0.0,0.0,0.0
2019-07-17 01:00:00,78.7,94,0.0,0.0,0.0
2019-07-17 02:00:00,78.0,95,0.0,0.0,0.0
2019-07-17 03:00:00,77.4,96,0.0,0.0,0.0
2019-07-17 04:00:00,76.9,97,0.0,0.0,0.0
2019-07-17 05:00:00,76.5,96,0.0,0.0,0.0
2019-07-17 06:00:00,76.3,96,0.0,0.0,0.0
2019-07-17 07:00:00,76.2,98,0.0,0.0,1.0
2019-07-17 08:00:00,77.1,96,0.0,0.04,66.0
2019-07-17 09:00:00,78.3,88,0.0,0.14,209.0
2019-07-17 10:00:00,80.0,77,0.0,0.31,424.0
2019-07-17 11:00:00,81.8,67,0.1,0.45,602.0
2019-07-17 12:00:00,83.4,63,0.0,0.51,669.0
2019-07-17 13:00:00,85.1,58,0.0,0.66,857.0
2019-07-17 14:00:00,86.5,55,0.0,0.69,880.0
2019-07-17 15:00:00,87.6,55,0.0,0.64,806.0
2019-07-17 16:00:00,87.7,61,0.5,0.49,615.0
2019-07-17 17:00:00,87.1,75,0.1,0.42,580.0
2019-07-17 18:00:00,85.8,81,0.0,0.17,207.0
2019-07-17 19:00:00,84.8,86,0.0,0.1,123.0
2019-07-17 20:00:00,82.0,89,0.0,0.08,112.0
2019-07-17 21:00:00,81.1,92,0.0,0.02,14.0
2019-07-17 22:00:00,80.5,93,0.0,0.0,0.0
2019-07-17 23:00:00,79.9,92,0.0,0.0,0.0
2019-07-18 00:00:00,79.4,92,0.0,0.0,0.0
2019-07-18 01:00:00,78.9,94,0.0,0.0,0.0
2019-07-18 02:00:00,78.4,95,0.0,0.0,0.0
2019-07-18 03:00:00,78.1,96,0.0,0.0,0.0
2019-07-18 04:00:00,77.7,96,0.0,0.0,0.0
2019-07-18 05:00:00,77.4,97,0.0,0.0,0.0
2019-07-18 06:00:00,76.8,98,0.0,0.0,0.0
2019-07-18 07:00:00,76.5,98,0.0,0.0,1.0
2019-07-18 08:00:00,76.6,96,0.0,0.04,69.0
2019-07-18 09:00:00,78.0,89,0.0,0.16,232.0
2019-07-18 10:00:00,79.8,81,0.0,0.3,420.0
2019-07-18 11:00:00,81.6,76,0.0,0.42,575.0
2019-07-18 12:00:00,83.1,72,0.1,0.49,644.0
2019-07-18 13:00:00,84.6,68,0.1,0.57,744.0
2019-07-18 14:00:00,85.5,61,0.0,0.54,683.0
2019-07-18 15:00:00,86.1,63,0.7,0.52,659.0
2019-07-18 16:00:00,85.1,75,0.4,0.38,505.0
2019-07-18 17:00:00,84.0,85,1.2,0.28,383.0
2019-07-18 18:00:00,83.6,79,0.0,0.27,366.0
2019-07-18 19:00:00,83.2,79,0.0,0.18,241.0
2019-07-18 20:00:00,83.6,80,0.0,0.09,97.0
2019-07-18 21:00:00,82.2,89,0.7,0.01,10.0
2019-07-18 22:00:00,81.0,95,1.6,0.0,0.0
2019-07-18 23:00:00,80.1,96,0.0,0.0,0.0
2019-07-19 00:00:00,79.4,97,0.0,0.0,0.0
2019-07-19 01:00:00,78.9,98,0.0,0.0,0.0
2019-07-19 02:00:00,78.4,99,0.0,0.0,0.0
2019-07-19 03:00:00,78.0,99,0.0,0.0,0.0
2019-07-19 04:00:00,77.7,99,0.0,0.0,0.0
2019-07-19 05:00:00,77.5,99,0.0,0.0,0.0
2019-07-19 06:00:00,77.3,99,0.0,0.0,0.0
2019-07-19 07:00:00,76.9,100,0.0,0.0,1.0
2019-07-19 08:00:00,77.0,98,0.0,0.04,65.0
2019-07-19 09:00:00,78.3,96,0.0,0.13,204.0
2019-07-19 10:00:00,79.8,84,0.1,0.29,406.0
2019-07-19 11:00:00,82.1,81,1.1,0.4,551.0
2019-07-19 12:00:00,82.7,79,1.0,0.37,500.0
2019-07-19 13:00:00,83.8,75,0.0,0.42,556.0
2019-07-19 14:00:00,82.3,89,2.4,0.28,392.0
2019-07-19 15:00:00,81.1,92,0.5,0.16,209.0
2019-07-19 16:00:00,81.5,87,0.2,0.33,462.0
2019-07-19 17:00:00,82.1,80,0.0,0.33,448.0
2019-07-19 18:00:00,82.0,83,0.0,0.18,235.0
2019-07-19 19:00:00,81.8,86,0.0,0.13,176.0
2019-07-19 20:00:00,80.0,94,0.0,0.05,76.0
2019-07-19 21:00:00,78.5,94,0.0,0.02,6.0
2019-07-19 22:00:00,77.6,94,0.0,0.0,0.0
2019-07-19 23:00:00,77.0,96,0.0,0.0,0.0
2019-07-20 00:00:00,76.5,96,0.0,0.0,0.0
2019-07-20 01:00:00,76.0,94,0.0,0.0,0.0
2019-07-20 02:00:00,75.7,95,0.0,0.0,0.0
2019-07-20 03:00:00,75.2,96,0.0,0.0,0.0
2019-07-20 04:00:00,74.8,96,0.0,0.0,0.0
2019-07-20 05:00:00,74.6,96,0.0,0.0,0.0
2019-07-20 06:00:00,74.5,96,0.0,0.0,0.0
2019-07-20 07:00:00,74.1,97,0.0,0.01,0.0
2019-07-20 08:00:00,73.0,96,0.0,0.03,57.0
2019-07-20 09:00:00,74.6,92,0.0,0.15,238.0
2019-07-20 10:00:00,76.4,86,0.0,0.28,420.0
2019-07-20 11:00:00,78.4,80,0.0,0.42,596.0
2019-07-20 12:00:00,80.2,79,0.1,0.48,668.0
2019-07-20 13:00:00,81.7,74,0.4,0.54,754.0
2019-07-20 14:00:00,81.1,85,7.0,0.39,606.0
2019-07-20 15:00:00,80.9,84,1.2,0.43,608.0
2019-07-20 16:00:00,81.3,83,0.4,0.46,680.0
2019-07-20 17:00:00,81.7,80,0.1,0.39,556.0
2019-07-20 18:00:00,81.7,77,0.1,0.31,443.0
2019-07-20 19:00:00,81.5,80,0.0,0.21,292.0
2019-07-20 20:00:00,82.3,85,0.0,0.09,137.0
2019-07-20 21:00:00,81.0,88,0.0,0.01,16.0
2019-07-20 22:00:00,79.7,90,0.0,0.0,0.0
2019-07-20 23:00:00,78.7,91,0.0,0.0,0.0
2019-07-21 00:00:00,77.9,94,0.0,0.0,0.0
2019-07-21 01:00:00,77.2,92,0.0,0.0,0.0
2019-07-21 02:00:00,76.5,96,0.0,0.0,0.0
2019-07-21 03:00:00,75.9,96,0.0,0.0,0.0
2019-07-21 04:00:00,75.6,94,0.0,0.0,0.0
2019-07-21 05:00:00,75.1,97,0.0,0.0,0.0
2019-07-21 06:00:00,74.8,97,0.0,0.0,0.0
2019-07-21 07:00:00,74.5,98,0.0,0.01,0.0
2019-07-21 08:00:00,75.4,95,0.0,0.03,67.0
2019-07-21 09:00:00,76.6,86,0.0,0.15,225.0
2019-07-21 10:00:00,78.3,77,0.1,0.3,426.0
2019-07-21 11:00:00,80.1,77,0.2,0.42,586.0
2019-07-21 12:00:00,79.8,90,3.3,0.29,439.0
2019-07-21 13:00:00,80.7,80,0.0,0.46,632.0
2019-07-21 14:00:00,82.5,67,0.0,0.63,843.0
2019-07-21 15:00:00,83.7,68,0.1,0.57,768.0
2019-07-21 16:00:00,83.8,69,0.5,0.48,643.0
2019-07-21 17:00:00,83.1,79,1.2,0.36,509.0
2019-07-21 18:00:00,82.7,78,0.0,0.31,427.0
2019-07-21 19:00:00,82.4,77,0.0,0.22,300.0
2019-07-21 20:00:00,81.4,86,0.0,0.08,118.0
2019-07-21 21:00:00,80.2,93,0.0,0.01,16.0
2019-07-21 22:00:00,79.1,91,0.0,0.0,0.0
2019-07-21 23:00:00,78.4,93,0.0,0.0,0.0
2019-07-22 00:00:00,77.8,94,0.0,0.0,0.0
2019-07-22 01:00:00,77.5,96,0.0,0.0,0.0
2019-07-22 02:00:00,77.1,97,0.0,0.0,0.0
2019-07-22 03:00:00,76.8,99,0.0,0.0,0.0
2019-07-22 04:00:00,76.6,99,0.0,0.0,0.0
2019-07-22 05:00:00,76.2,98,0.0,0.0,0.0
2019-07-22 06:00:00,75.7,99,0.0,0.0,0.0
2019-07-22 07:00:00,75.3,98,0.0,0.01,0.0
2019-07-22 08:00:00,75.7,93,0.0,0.03,56.0
2019-07-22 09:00:00,76.7,87,0.0,0.15,231.0
2019-07-22 10:00:00,78.1,83,0.0,0.27,391.0
2019-07-22 11:00:00,79.7,75,0.2,0.38,524.0
2019-07-22 12:00:00,80.0,85,3.1,0.34,486.0
2019-07-22 13:00:00,80.2,85,2.8,0.33,465.0
2019-07-22 14:00:00,80.8,80,2.1,0.4,546.0
2019-07-22 15:00:00,81.7,75,0.7,0.44,619.0
2019-07-22 16:00:00,81.7,78,1.3,0.41,575.0
2019-07-22 17:00:00,81.4,79,0.8,0.38,546.0
2019-07-22 18:00:00,81.3,78,0.2,0.3,416.0
2019-07-22 19:00:00,81.1,77,0.1,0.22,304.0
2019-07-22 20:00:00,82.1,81,0.0,0.09,119.0
2019-07-22 21:00:00,80.9,89,0.1,0.02,12.0
2019-07-22 22:00:00,80.0,85,0.1,0.01,0.0
2019-07-22 23:00:00,79.3,88,0.0,0.0,0.0
2019-07-23 00:00:00,78.6,91,0.0,0.0,0.0
2019-07-23 01:00:00,78.0,93,0.0,0.0,0.0
2019-07-23 02:00:00,77.4,94,0.0,0.0,0.0
2019-07-23 03:00:00,76.8,95,0.0,0.0,0.0
2019-07-23 04:00:00,76.3,95,0.0,0.0,0.0
2019-07-23 05:00:00,75.9,95,0.0,0.0,0.0
2019-07-23 06:00:00,75.6,95,0.0,0.0,0.0
2019-07-23 07:00:00,75.1,95,0.0,0.01,0.0
2019-07-23 08:00:00,75.2,91,0.0,0.04,65.0
2019-07-23 09:00:00,76.6,82,0.1,0.16,234.0
2019-07-23 10:00:00,78.0,78,1.0,0.26,369.0
2019-07-23 11:00:00,78.9,82,1.4,0.35,525.0
2019-07-23 12:00:00,79.8,76,0.2,0.47,677.0
2019-07-23 13:00:00,81.5,71,0.0,0.59,820.0
2019-07-23 14:00:00,82.8,70,1.7,0.58,829.0
2019-07-23 15:00:00,82.2,73,0.1,0.39,530.0
2019-07-23 16:00:00,81.9,81,3.9,0.46,672.0
2019-07-23 17:00:00,81.1,88,3.6,0.33,501.0
2019-07-23 18:00:00,80.3,91,1.6,0.2,312.0
2019-07-23 19:00:00,79.0,96,0.3,0.06,70.0
2019-07-23 20:00:00,79.1,94,0.4,0.05,69.0
2019-07-23 21:00:00,78.3,96,0.0,0.01,9.0
2019-07-23 22:00:00,77.5,96,0.0,0.0,0.0
2019-07-23 23:00:00,77.0,97,0.0,0.0,0.0
2019-07-24 00:00:00,76.6,98,0.0,0.0,0.0
2019-07-24 01:00:00,76.3,98,0.0,0.0,0.0
2019-07-24 02:00:00,76.0,95,0.2,0.0,0.0
2019-07-24 03:00:00,75.7,96,0.2,0.0,0.0
2019-07-24 04:00:00,75.5,98,0.0,0.0,0.0
2019-07-24 05:00:00,75.2,98,0.0,0.0,0.0
2019-07-24 06:00:00,75.0,99,0.0,0.0,0.0
2019-07-24 07:00:00,74.8,99,0.0,0.01,0.0
2019-07-24 08:00:00,76.1,96,0.0,0.03,49.0
2019-07-24 09:00:00,76.3,89,0.2,0.1,143.0
2019-07-24 10:00:00,76.6,86,0.5,0.19,283.0
2019-07-24 11:00:00,77.4,79,0.1,0.29,424.0
2019-07-24 12:00:00,78.7,79,0.1,0.39,539.0
2019-07-24 13:00:00,79.2,83,1.7,0.33,504.0
2019-07-24 14:00:00,78.9,82,0.1,0.33,474.0
2019-07-24 15:00:00,78.8,82,0.8,0.33,489.0
2019-07-24 16:00:00,79.3,77,0.1,0.39,564.0
2019-07-24 17:00:00,80.2,70,0.0,0.4,548.0
2019-07-24 18:00:00,80.5,73,0.1,0.28,389.0
2019-07-24 19:00:00,80.3,80,0.0,0.18,253.0
2019-07-24 20:00:00,79.5,82,0.0,0.08,107.0
2019-07-24 21:00:00,78.5,88,0.0,0.01,11.0
2019-07-24 22:00:00,77.5,88,0.0,0.0,0.0
2019-07-24 23:00:00,76.6,87,0.0,0.0,0.0
2019-07-25 00:00:00,75.7,91,0.0,0.0,0.0
2019-07-25 01:00:00,74.9,92,0.0,0.0,0.0
2019-07-25 02:00:00,74.3,92,0.0,0.0,0.0
2019-07-25 03:00:00,73.7,93,0.0,0.0,0.0
2019-07-25 04:00:00,73.2,95,0.0,0.0,0.0
2019-07-25 05:00:00,72.9,96,0.0,0.0,0.0
2019-07-25 06:00:00,72.7,97,0.0,0.0,0.0
2019-07-25 07:00:00,72.3,97,0.0,0.01,0.0
2019-07-25 08:00:00,73.5,93,0.0,0.03,59.0
2019-07-25 09:00:00,74.5,84,0.0,0.15,238.0
2019-07-25 10:00:00,75.9,74,0.0,0.3,449.0
2019-07-25 11:00:00,77.5,64,0.1,0.43,608.0
2019-07-25 12:00:00,78.7,60,0.0,0.48,658.0
2019-07-25 13:00:00,79.9,56,0.0,0.52,697.0
2019-07-25 14:00:00,81.1,54,0.1,0.6,807.0
2019-07-25 15:00:00,81.9,53,0.0,0.58,770.0
2019-07-25 16:00:00,82.1,56,0.0,0.45,584.0
2019-07-25 17:00:00,82.5,55,0.0,0.45,593.0
2019-07-25 18:00:00,82.6,57,0.0,0.36,475.0
2019-07-25 19:00:00,82.0,69,0.0,0.19,247.0
2019-07-25 20:00:00,81.3,81,0.0,0.08,96.0
2019-07-25 21:00:00,79.6,64,0.0,0.02,12.0
2019-07-25 22:00:00,78.0,78,0.0,0.0,0.0
2019-07-25 23:00:00,77.0,80,0.0,0.01,0.0
2019-07-26 00:00:00,76.4,80,0.0,0.02,0.0
2019-07-26 01:00:00,76.1,87,0.0,0.01,0.0
2019-07-26 02:00:00,75.8,89,0.0,0.0,0.0
2019-07-26 03:00:00,75.5,90,0.0,0.0,0.0
2019-07-26 04:00:00,75.0,93,0.0,0.0,0.0
2019-07-26 05:00:00,74.5,95,0.0,0.0,0.0
2019-07-26 06:00:00,74.0,96,0.0,0.0,0.0
2019-07-26 07:00:00,73.6,96,0.0,0.01,0.0
2019-07-26 08:00:00,74.5,91,0.0,0.04,60.0
2019-07-26 09:00:00,75.2,85,0.0,0.13,200.0
2019-07-26 10:00:00,76.2,80,0.0,0.22,313.0
2019-07-26 11:00:00,77.5,70,0.0,0.37,530.0
2019-07-26 12:00:00,78.9,61,0.0,0.47,635.0
2019-07-26 13:00:00,80.4,54,0.0,0.6,822.0
2019-07-26 14:00:00,81.9,50,0.0,0.68,912.0
2019-07-26 15:00:00,83.0,47,0.0,0.68,898.0
2019-07-26 16:00:00,84.0,46,0.0,0.64,844.0
2019-07-26 17:00:00,84.6,44,0.0,0.56,728.0
2019-07-26 18:00:00,84.7,46,0.0,0.42,545.0
2019-07-26 19:00:00,84.2,56,0.0,0.26,342.0
2019-07-26 20:00:00,83.0,59,0.0,0.13,145.0
2019-07-26 21:00:00,81.1,58,0.0,0.08,14.0
2019-07-26 22:00:00,79.8,62,0.0,0.06,0.0
2019-07-26 23:00:00,78.8,72,0.0,0.04,0.0
2019-07-27 00:00:00,78.0,81,0.0,0.02,0.0
2019-07-27 01:00:00,77.2,86,0.0,0.01,0.0
2019-07-27 02:00:00,76.3,88,0.0,0.0,0.0
2019-07-27 03:00:00,75.3,93,0.0,0.0,0.0
2019-07-27 04:00:00,74.5,91,0.0,0.0,0.0
2019-07-27 05:00:00,73.9,91,0.0,0.0,0.0
2019-07-27 06:00:00,73.5,91,0.0,0.0,0.0
2019-07-27 07:00:00,73.1,92,0.0,0.02,0.0
2019-07-27 08:00:00,74.5,88,0.0,0.04,64.0
2019-07-27 09:00:00,75.4,78,0.0,0.16,246.0
2019-07-27 10:00:00,76.8,71,0.0,0.31,451.0
2019-07-27 11:00:00,78.4,67,0.3,0.43,616.0
2019-07-27 12:00:00,79.6,65,0.1,0.49,666.0
2019-07-27 13:00:00,81.0,58,0.0,0.54,720.0
2019-07-27 14:00:00,82.0,54,0.0,0.56,738.0
2019-07-27 15:00:00,82.9,50,0.0,0.55,699.0
2019-07-27 16:00:00,83.6,46,0.0,0.53,671.0
2019-07-27 17:00:00,84.2,45,0.0,0.47,592.0
2019-07-27 18:00:00,84.4,49,0.0,0.37,463.0
2019-07-27 19:00:00,83.8,60,0.0,0.25,305.0
2019-07-27 20:00:00,82.9,39,0.0,0.2,123.0
2019-07-27 21:00:00,81.4,43,0.0,0.1,11.0
2019-07-27 22:00:00,80.0,48,0.0,0.08,0.0
2019-07-27 23:00:00,78.9,60,0.0,0.05,0.0
2019-07-28 00:00:00,78.0,74,0.0,0.02,0.0
2019-07-28 01:00:00,77.4,79,0.0,0.01,0.0
2019-07-28 02:00:00,76.8,82,0.0,0.01,0.0
2019-07-28 03:00:00,76.3,85,0.0,0.0,0.0
2019-07-28 04:00:00,75.7,88,0.0,0.0,0.0
2019-07-28 05:00:00,75.0,91,0.0,0.0,0.0
2019-07-28 06:00:00,74.6,92,0.0,0.0,0.0
2019-07-28 07:00:00,74.1,93,0.0,0.02,0.0
2019-07-28 08:00:00,75.8,88,0.0,0.04,58.0
2019-07-28 09:00:00,76.6,80,0.0,0.15,220.0
2019-07-28 10:00:00,77.8,72,0.0,0.29,413.0
2019-07-28 11:00:00,79.3,67,0.0,0.42,586.0
2019-07-28 12:00:00,80.7,63,0.0,0.49,661.0
2019-07-28 13:00:00,82.1,47,0.0,0.62,800.0
2019-07-28 14:00:00,83.4,44,0.0,0.63,804.0
2019-07-28 15:00:00,84.4,43,0.0,0.59,744.0
2019-07-28 16:00:00,85.0,43,0.0,0.56,702.0
2019-07-28 17:00:00,85.4,46,0.1,0.51,650.0
2019-07-28 18:00:00,85.1,50,0.0,0.36,440.0
2019-07-28 19:00:00,84.6,59,0.0,0.22,284.0
2019-07-28 20:00:00,83.0,77,0.0,0.09,119.0
2019-07-28 21:00:00,81.1,65,0.0,0.03,12.0
2019-07-28 22:00:00,79.4,76,0.0,0.02,0.0
2019-07-28 23:00:00,78.0,75,0.0,0.01,0.0
2019-07-29 00:00:00,76.9,68,0.0,0.03,0.0
2019-07-29 01:00:00,76.2,70,0.0,0.02,0.0
2019-07-29 02:00:00,75.3,78,0.0,0.01,0.0
2019-07-29 03:00:00,74.7,73,0.0,0.0,0.0
2019-07-29 04:00:00,74.0,84,0.0,0.0,0.0
2019-07-29 05:00:00,73.5,85,0.0,0.0,0.0
2019-07-29 06:00:00,73.0,86,0.0,0.0,0.0
2019-07-29 07:00:00,72.5,90,0.0,0.02,0.0
2019-07-29 08:00:00,73.4,85,0.0,0.04,61.0
2019-07-29 09:00:00,74.8,74,0.0,0.16,244.0
2019-07-29 10:00:00,76.6,61,0.0,0.32,454.0
2019-07-29 11:00:00,78.6,49,0.0,0.48,650.0
2019-07-29 12:00:00,80.7,43,0.0,0.62,811.0
2019-07-29 13:00:00,82.7,40,0.0,0.7,906.0
2019-07-29 14:00:00,84.4,37,0.0,0.72,933.0
2019-07-29 15:00:00,85.6,35,0.0,0.68,869.0
2019-07-29 16:00:00,86.7,34,0.0,0.61,803.0
2019-07-29 17:00:00,87.2,33,0.0,0.48,637.0
2019-07-29 18:00:00,87.3,34,0.0,0.38,475.0
2019-07-29 19:00:00,86.7,49,0.0,0.26,319.0
2019-07-29 20:00:00,84.7,51,0.0,0.14,129.0
2019-07-29 21:00:00,82.6,65,0.0,0.05,11.0
2019-07-29 22:00:00,80.6,68,0.0,0.04,0.0
2019-07-29 23:00:00,79.3,71,0.0,0.04,0.0
2019-07-30 00:00:00,78.3,76,0.0,0.02,0.0
2019-07-30 01:00:00,77.5,77,0.0,0.02,0.0
2019-07-30 02:00:00,76.4,87,0.0,0.0,0.0
2019-07-30 03:00:00,75.4,79,0.0,0.0,0.0
2019-07-30 04:00:00,74.6,93,0.0,0.0,0.0
2019-07-30 05:00:00,73.9,91,0.0,0.0,0.0
2019-07-30 06:00:00,73.2,87,0.0,0.0,0.0
2019-07-30 07:00:00,72.8,93,0.0,0.02,0.0
2019-07-30 08:00:00,74.3,79,0.0,0.04,61.0
2019-07-30 09:00:00,75.7,72,0.0,0.15,242.0
2019-07-30 10:00:00,77.8,61,0.0,0.31,451.0
2019-07-30 11:00:00,80.2,47,0.0,0.46,644.0
2019-07-30 12:00:00,82.1,43,0.0,0.54,706.0
2019-07-30 13:00:00,83.9,41,0.0,0.64,820.0
2019-07-30 14:00:00,85.4,39,0.0,0.65,822.0
2019-07-30 15:00:00,86.3,39,0.0,0.61,744.0
2019-07-30 16:00:00,86.8,38,0.0,0.55,655.0
2019-07-30 17:00:00,87.4,38,0.0,0.52,634.0
2019-07-30 18:00:00,87.2,42,0.0,0.42,482.0
2019-07-30 19:00:00,86.5,49,0.0,0.28,323.0
2019-07-30 20:00:00,84.8,59,0.0,0.13,133.0
2019-07-30 21:00:00,83.2,63,0.0,0.06,10.0
2019-07-30 22:00:00,81.7,66,0.0,0.03,0.0
2019-07-30 23:00:00,80.2,70,0.0,0.02,0.0
2019-07-31 00:00:00,79.3,73,0.0,0.03,0.0
2019-07-31 01:00:00,78.5,77,0.0,0.02,0.0
2019-07-31 02:00:00,77.6,80,0.0,0.01,0.0
2019-07-31 03:00:00,76.8,81,0.0,0.0,0.0
2019-07-31 04:00:00,76.0,87,0.0,0.0,0.0
2019-07-31 05:00:00,75.3,78,0.0,0.0,0.0
2019-07-31 06:00:00,74.6,89,0.0,0.0,0.0
2019-07-31 07:00:00,74.0,92,0.0,0.02,0.0
2019-07-31 08:00:00,75.0,83,0.0,0.04,58.0
2019-07-31 09:00:00,76.3,71,0.0,0.15,219.0
2019-07-31 10:00:00,78.3,60,0.0,0.31,416.0
2019-07-31 11:00:00,80.5,51,0.0,0.46,611.0
2019-07-31 12:00:00,82.6,49,0.0,0.55,710.0
2019-07-31 13:00:00,84.4,47,0.0,0.59,749.0
2019-07-31 14:00:00,85.8,46,0.0,0.61,766.0
2019-07-31 15:00:00,87.0,45,0.0,0.63,781.0
2019-07-31 16:00:00,87.6,49,0.0,0.55,665.0
2019-07-31 17:00:00,86.9,56,0.0,0.32,354.0
2019-07-31 18:00:00,86.5,55,0.0,0.28,327.0
2019-07-31 19:00:00,85.8,63,0.0,0.15,164.0
2019-07-31 20:00:00,84.9,71,0.0,0.1,83.0
2019-07-31 21:00:00,83.3,72,0.0,0.03,8.0
2019-07-31 22:00:00,82.0,76,0.0,0.0,0.0
2019-07-31 23:00:00,80.9,82,0.0,0.0,0.0
2019-08-01 00:00:00,80.0,73,0.0,0.0,0.0
2019-08-01 01:00:00,79.1,86,0.0,0.0,0.0
2019-08-01 02:00:00,78.4,85,0.0,0.0,0.0
2019-08-01 03:00:00,77.6,94,0.0,0.0,0.0
2019-08-01 04:00:00,77.0,94,0.0,0.0,0.0
2019-08-01 05:00:00,76.4,95,0.0,0.0,0.0
2019-08-01 06:00:00,75.7,96,0.0,0.0,0.0
2019-08-01 07:00:00,75.2,95,0.0,0.0,0.0
2019-08-01 08:00:00,75.4,92,0.0,0.03,52.0
2019-08-01 09:00:00,76.9,80,0.0,0.14,221.0
2019-08-01 10:00:00,79.1,67,0.0,0.3,435.0
2019-08-01 11:00:00,81.2,59,0.0,0.45,622.0
2019-08-01 12:00:00,83.3,53,0.0,0.57,755.0
2019-08-01 13:00:00,85.2,49,0.0,0.65,834.0
2019-08-01 14:00:00,86.8,47,0.0,0.68,855.0
2019-08-01 15:00:00,87.9,46,0.0,0.61,743.0
2019-08-01 16:00:00,88.3,49,0.0,0.5,590.0
2019-08-01 17:00:00,88.6,45,0.0,0.51,622.0
2019-08-01 18:00:00,88.6,46,0.0,0.41,464.0
2019-08-01 19:00:00,87.5,59,0.1,0.21,238.0
2019-08-01 20:00:00,82.8,67,0.0,0.13,99.0
2019-08-01 21:00:00,81.8,75,0.0,0.04,9.0
2019-08-01 22:00:00,80.8,79,0.0,0.01,0.0
2019-08-01 23:00:00,79.8,86,0.0,0.0,0.0
2019-08-02 00:00:00,78.8,88,0.0,0.0,0.0
2019-08-02 01:00:00,78.2,80,0.0,0.0,0.0
2019-08-02 02:00:00,77.5,90,0.0,0.0,0.0
2019-08-02 03:00:00,77.1,87,0.1,0.0,0.0
2019-08-02 04:00:00,76.8,87,0.1,0.0,0.0
2019-08-02 05:00:00,76.6,88,0.1,0.0,0.0
2019-08-02 06:00:00,76.1,90,0.0,0.0,0.0
2019-08-02 07:00:00,75.7,92,0.2,0.0,0.0
2019-08-02 08:00:00,75.0,89,0.4,0.03,36.0
2019-08-02 09:00:00,76.0,82,0.0,0.14,211.0
2019-08-02 10:00:00,77.5,76,0.0,0.25,367.0
2019-08-02 11:00:00,79.3,67,0.0,0.42,592.0
2019-08-02 12:00:00,81.4,60,0.0,0.57,770.0
2019-08-02 13:00:00,83.2,55,0.0,0.61,799.0
2019-08-02 14:00:00,84.6,54,0.0,0.58,745.0
2019-08-02 15:00:00,85.6,51,0.1,0.52,670.0
2019-08-02 16:00:00,85.5,75,2.0,0.41,561.0
2019-08-02 17:00:00,83.3,91,5.2,0.29,455.0
2019-08-02 18:00:00,81.3,93,2.2,0.2,307.0
2019-08-02 19:00:00,80.5,94,0.2,0.16,239.0
2019-08-02 20:00:00,83.4,77,0.0,0.08,96.0
2019-08-02 21:00:00,81.7,83,0.0,0.01,9.0
2019-08-02 22:00:00,80.2,84,0.0,0.0,0.0
2019-08-02 23:00:00,79.2,85,0.0,0.0,0.0
2019-08-03 00:00:00,78.4,87,0.0,0.0,0.0
2019-08-03 01:00:00,77.8,89,0.0,0.0,0.0
2019-08-03 02:00:00,77.4,91,0.0,0.0,0.0
2019-08-03 03:00:00,77.0,94,0.0,0.0,0.0
2019-08-03 04:00:00,76.6,96,0.0,0.0,0.0
2019-08-03 05:00:00,76.1,97,0.0,0.0,0.0
2019-08-03 06:00:00,75.7,98,0.0,0.0,0.0
2019-08-03 07:00:00,75.3,98,0.0,0.0,0.0
2019-08-03 08:00:00,77.0,98,0.0,0.02,47.0
2019-08-03 09:00:00,76.4,93,1.8,0.11,174.0
2019-08-03 10:00:00,76.6,89,0.7,0.21,315.0
2019-08-03 11:00:00,78.0,79,0.1,0.34,486.0
2019-08-03 12:00:00,79.9,74,0.1,0.45,626.0
2019-08-03 13:00:00,81.8,69,0.1,0.56,754.0
2019-08-03 14:00:00,83.4,66,0.1,0.59,792.0
2019-08-03 15:00:00,84.7,58,0.1,0.58,752.0
2019-08-03 16:00:00,85.1,77,2.1,0.4,537.0
2019-08-03 17:00:00,83.8,78,0.6,0.27,356.0
2019-08-03 18:00:00,83.8,75,0.1,0.32,437.0
2019-08-03 19:00:00,83.1,72,0.0,0.21,266.0
2019-08-03 20:00:00,81.7,89,0.0,0.07,109.0
2019-08-03 21:00:00,80.5,95,0.1,0.01,6.0
2019-08-03 22:00:00,79.3,92,0.0,0.0,0.0
2019-08-03 23:00:00,78.4,96,0.0,0.0,0.0
2019-08-04 00:00:00,77.7,97,0.0,0.0,0.0
2019-08-04 01:00:00,77.0,99,0.0,0.0,0.0
2019-08-04 02:00:00,76.4,99,0.0,0.0,0.0
2019-08-04 03:00:00,75.8,99,0.0,0.0,0.0
2019-08-04 04:00:00,75.5,99,0.0,0.0,0.0
2019-08-04 05:00:00,75.2,100,0.0,0.0,0.0
2019-08-04 06:00:00,75.3,99,0.0,0.0,0.0
2019-08-04 07:00:00,75.0,99,0.0,0.0,0.0
2019-08-04 08:00:00,73.9,99,0.0,0.02,38.0
2019-08-04 09:00:00,74.9,91,0.0,0.12,185.0
2019-08-04 10:00:00,76.6,87,0.0,0.26,380.0
2019-08-04 11:00:00,78.7,82,0.1,0.38,541.0
2019-08-04 12:00:00,81.0,74,0.1,0.52,706.0
2019-08-04 13:00:00,82.9,68,0.2,0.59,782.0
2019-08-04 14:00:00,84.5,57,0.1,0.6,784.0
2019-08-04 15:00:00,85.6,53,0.0,0.59,756.0
2019-08-04 16:00:00,86.4,54,0.0,0.56,732.0
2019-08-04 17:00:00,86.8,57,0.3,0.49,639.0
2019-08-04 18:00:00,85.7,69,0.2,0.28,368.0
2019-08-04 19:00:00,85.1,69,0.0,0.2,261.0
2019-08-04 20:00:00,84.0,68,0.0,0.1,110.0
2019-08-04 21:00:00,82.7,68,0.0,0.06,7.0
2019-08-04 22:00:00,81.9,71,0.0,0.04,0.0
2019-08-04 23:00:00,81.1,75,0.0,0.04,0.0
2019-08-05 00:00:00,80.4,82,0.0,0.01,0.0
2019-08-05 01:00:00,79.6,87,0.0,0.0,0.0
2019-08-05 02:00:00,78.8,91,0.0,0.0,0.0
2019-08-05 03:00:00,78.2,93,0.0,0.0,0.0
2019-08-05 04:00:00,77.7,95,0.0,0.0,0.0
2019-08-05 05:00:00,77.3,96,0.0,0.0,0.0
2019-08-05 06:00:00,76.9,96,0.0,0.0,0.0
2019-08-05 07:00:00,76.6,96,0.0,0.0,0.0
2019-08-05 08:00:00,76.7,90,0.0,0.03,48.0
2019-08-05 09:00:00,77.8,81,0.1,0.14,201.0
2019-08-05 10:00:00,79.1,79,0.3,0.23,309.0
2019-08-05 11:00:00,80.8,75,0.3,0.35,482.0
2019-08-05 12:00:00,80.6,92,6.4,0.29,480.0
2019-08-05 13:00:00,80.2,86,0.2,0.31,457.0
2019-08-05 14:00:00,80.3,83,0.3,0.28,387.0
2019-08-05 15:00:00,80.8,83,0.3,0.31,425.0
2019-08-05 16:00:00,81.5,82,0.2,0.34,481.0
2019-08-05 17:00:00,80.5,89,2.1,0.21,300.0
2019-08-05 18:00:00,79.9,87,0.1,0.15,195.0
2019-08-05 19:00:00,79.8,81,0.0,0.15,205.0
2019-08-05 20:00:00,79.5,86,0.0,0.06,82.0
2019-08-05 21:00:00,78.7,88,0.0,0.01,6.0
2019-08-05 22:00:00,78.1,90,0.0,0.0,0.0
2019-08-05 23:00:00,77.6,92,0.0,0.0,0.0
2019-08-06 00:00:00,77.3,94,0.0,0.0,0.0
2019-08-06 01:00:00,76.8,97,0.0,0.0,0.0
2019-08-06 02:00:00,76.5,97,0.0,0.0,0.0
2019-08-06 03:00:00,76.2,98,0.0,0.0,0.0
2019-08-06 04:00:00,75.8,98,0.0,0.0,0.0
2019-08-06 05:00:00,75.6,98,0.0,0.0,0.0
2019-08-06 06:00:00,75.4,98,0.0,0.0,0.0
2019-08-06 07:00:00,75.1,98,0.0,0.0,0.0
2019-08-06 08:00:00,76.8,92,0.0,0.03,45.0
2019-08-06 09:00:00,77.5,85,0.0,0.14,218.0
2019-08-06 10:00:00,78.7,75,0.1,0.29,417.0
2019-08-06 11:00:00,80.1,71,0.2,0.39,529.0
2019-08-06 12:00:00,81.5,73,0.1,0.47,646.0
2019-08-06 13:00:00,82.8,69,0.1,0.53,711.0
2019-08-06 14:00:00,83.9,60,0.0,0.57,749.0
2019-08-06 15:00:00,84.7,56,0.0,0.55,710.0
2019-08-06 16:00:00,85.6,53,0.0,0.54,701.0
2019-08-06 17:00:00,85.7,54,0.0,0.4,483.0
2019-08-06 18:00:00,84.9,74,0.2,0.28,364.0
2019-08-06 19:00:00,84.2,75,0.0,0.2,265.0
2019-08-06 20:00:00,82.7,83,0.0,0.08,93.0
2019-08-06 21:00:00,81.4,87,0.0,0.02,7.0
2019-08-06 22:00:00,80.4,88,0.0,0.01,0.0
2019-08-06 23:00:00,79.7,91,0.0,0.0,0.0
2019-08-07 00:00:00,79.1,93,0.0,0.0,0.0
2019-08-07 01:00:00,78.5,94,0.0,0.0,0.0
2019-08-07 02:00:00,78.2,95,0.0,0.0,0.0
2019-08-07 03:00:00,77.9,96,0.0,0.0,0.0
2019-08-07 04:00:00,77.5,96,0.0,0.0,0.0
2019-08-07 05:00:00,77.3,96,0.0,0.0,0.0
2019-08-07 06:00:00,77.0,97,0.0,0.0,0.0
2019-08-07 07:00:00,76.7,97,0.0,0.0,0.0
2019-08-07 08:00:00,76.6,93,0.0,0.03,48.0
2019-08-07 09:00:00,77.9,86,0.0,0.15,216.0
2019-08-07 10:00:00,79.6,79,0.1,0.3,423.0
2019-08-07 11:00:00,81.4,74,0.2,0.43,585.0
2019-08-07 12:00:00,83.2,64,0.2,0.54,709.0
2019-08-07 13:00:00,84.4,63,0.4,0.52,671.0
2019-08-07 14:00:00,85.9,56,0.1,0.66,838.0
2019-08-07 15:00:00,87.2,53,0.0,0.64,805.0
2019-08-07 16:00:00,86.9,65,0.6,0.44,555.0
2019-08-07 17:00:00,86.2,72,0.2,0.4,534.0
2019-08-07 18:00:00,85.7,70,0.0,0.33,425.0
2019-08-07 19:00:00,84.9,76,0.2,0.2,260.0
2019-08-07 20:00:00,84.5,75,0.0,0.09,107.0
2019-08-07 21:00:00,83.1,81,0.0,0.03,6.0
2019-08-07 22:00:00,82.3,81,0.0,0.02,0.0
2019-08-07 23:00:00,81.6,85,0.0,0.01,0.0
2019-08-08 00:00:00,81.0,89,0.0,0.0,0.0
2019-08-08 01:00:00,80.3,92,0.0,0.0,0.0
2019-08-08 02:00:00,79.8,95,0.0,0.0,0.0
2019-08-08 03:00:00,79.3,97,0.0,0.0,0.0
2019-08-08 04:00:00,79.2,98,0.0,0.0,0.0
2019-08-08 05:00:00,79.0,99,0.0,0.0,0.0
2019-08-08 06:00:00,78.9,99,0.0,0.0,0.0
2019-08-08 07:00:00,78.7,99,0.0,0.0,0.0
2019-08-08 08:00:00,78.8,96,0.0,0.03,46.0
2019-08-08 09:00:00,79.8,87,0.0,0.14,190.0
2019-08-08 10:00:00,81.1,84,0.1,0.24,336.0
2019-08-08 11:00:00,82.0,81,0.3,0.3,408.0
2019-08-08 12:00:00,83.6,73,0.0,0.49,651.0
2019-08-08 13:00:00,85.3,61,0.2,0.57,727.0
2019-08-08 14:00:00,86.1,82,4.8,0.52,747.0
2019-08-08 15:00:00,85.2,78,1.7,0.42,573.0
2019-08-08 16:00:00,85.2,73,0.1,0.46,622.0
2019-08-08 17:00:00,85.7,66,0.1,0.46,600.0
2019-08-08 18:00:00,84.8,87,1.3,0.22,318.0
2019-08-08 19:00:00,83.4,89,0.1,0.11,147.0
2019-08-08 20:00:00,84.5,81,0.0,0.08,95.0
2019-08-08 21:00:00,83.3,85,0.0,0.02,5.0
2019-08-08 22:00:00,82.3,90,0.0,0.0,0.0
2019-08-08 23:00:00,81.5,92,0.0,0.0,0.0
2019-08-09 00:00:00,81.1,94,0.0,0.0,0.0
2019-08-09 01:00:00,80.7,95,0.0,0.0,0.0
2019-08-09 02:00:00,80.2,97,0.0,0.0,0.0
2019-08-09 03:00:00,79.9,98,0.0,0.0,0.0
2019-08-09 04:00:00,79.6,99,0.0,0.0,0.0
2019-08-09 05:00:00,79.3,99,0.0,0.0,0.0
2019-08-09 06:00:00,79.2,99,0.0,0.0,0.0
2019-08-09 07:00:00,79.0,99,0.0,0.0,0.0
2019-08-09 08:00:00,79.3,95,0.0,0.02,40.0
2019-08-09 09:00:00,80.0,83,0.0,0.14,190.0
2019-08-09 10:00:00,81.2,73,0.0,0.28,376.0
2019-08-09 11:00:00,82.9,66,0.0,0.43,559.0
2019-08-09 12:00:00,84.4,63,0.0,0.49,630.0
2019-08-09 13:00:00,86.0,61,0.0,0.61,790.0
2019-08-09 14:00:00,87.4,61,0.0,0.61,774.0
2019-08-09 15:00:00,88.3,64,1.9,0.58,747.0
2019-08-09 16:00:00,86.5,81,1.4,0.4,552.0
2019-08-09 17:00:00,86.6,74,0.6,0.46,625.0
2019-08-09 18:00:00,86.3,74,0.0,0.32,408.0
2019-08-09 19:00:00,85.3,81,1.3,0.19,250.0
2019-08-09 20:00:00,84.8,76,0.0,0.1,95.0
2019-08-09 21:00:00,84.0,83,0.0,0.03,4.0
2019-08-09 22:00:00,83.4,87,0.0,0.01,0.0
2019-08-09 23:00:00,82.9,90,0.0,0.01,0.0
2019-08-10 00:00:00,82.3,92,0.0,0.0,0.0
2019-08-10 01:00:00,81.8,94,0.0,0.0,0.0
2019-08-10 02:00:00,81.2,96,0.0,0.0,0.0
2019-08-10 03:00:00,80.8,97,0.0,0.0,0.0
2019-08-10 04:00:00,80.4,98,0.0,0.0,0.0
2019-08-10 05:00:00,80.1,98,0.0,0.0,0.0
2019-08-10 06:00:00,79.8,98,0.0,0.0,0.0
2019-08-10 07:00:00,79.4,98,0.0,0.0,0.0
2019-08-10 08:00:00,79.0,96,0.0,0.02,43.0
2019-08-10 09:00:00,80.0,87,0.0,0.13,193.0
2019-08-10 10:00:00,81.5,74,0.0,0.3,409.0
2019-08-10 11:00:00,83.3,66,0.1,0.45,597.0
2019-08-10 12:00:00,85.1,61,0.1,0.54,699.0
2019-08-10 13:00:00,86.6,59,0.1,0.61,775.0
2019-08-10 14:00:00,87.6,58,0.0,0.53,658.0
2019-08-10 15:00:00,88.4,58,0.0,0.55,676.0
2019-08-10 16:00:00,89.3,49,0.0,0.61,725.0
2019-08-10 17:00:00,88.7,72,0.1,0.35,447.0
2019-08-10 18:00:00,87.6,75,0.0,0.23,273.0
2019-08-10 19:00:00,86.5,80,1.0,0.16,193.0
2019-08-10 20:00:00,83.1,99,0.0,0.03,49.0
2019-08-10 21:00:00,81.5,96,0.1,0.01,3.0
2019-08-10 22:00:00,80.6,97,0.0,0.0,0.0
2019-08-10 23:00:00,80.0,97,0.0,0.0,0.0
2019-08-11 00:00:00,79.7,97,0.0,0.0,0.0
2019-08-11 01:00:00,79.5,98,0.0,0.0,0.0
2019-08-11 02:00:00,79.3,98,0.0,0.0,0.0
2019-08-11 03:00:00,79.1,98,0.0,0.0,0.0
2019-08-11 04:00:00,78.7,98,0.0,0.0,0.0
2019-08-11 05:00:00,78.4,97,0.0,0.0,0.0
2019-08-11 06:00:00,78.1,97,0.0,0.0,0.0
2019-08-11 07:00:00,77.8,98,0.0,0.0,0.0
2019-08-11 08:00:00,77.6,97,0.0,0.02,42.0
2019-08-11 09:00:00,78.4,93,0.0,0.13,198.0
2019-08-11 10:00:00,79.7,83,0.0,0.25,350.0
2019-08-11 11:00:00,81.4,79,0.1,0.36,493.0
2019-08-11 12:00:00,83.2,75,0.2,0.46,610.0
2019-08-11 13:00:00,84.7,72,0.2,0.52,679.0
2019-08-11 14:00:00,86.1,69,0.3,0.56,734.0
2019-08-11 15:00:00,86.9,69,0.2,0.53,680.0
2019-08-11 16:00:00,85.5,91,6.1,0.27,395.0
2019-08-11 17:00:00,84.5,87,0.2,0.27,382.0
2019-08-11 18:00:00,83.9,85,0.1,0.18,233.0
2019-08-11 19:00:00,83.6,93,0.0,0.11,156.0
2019-08-11 20:00:00,86.1,80,0.0,0.06,76.0
2019-08-11 21:00:00,84.7,84,0.0,0.01,3.0
2019-08-11 22:00:00,83.8,88,0.0,0.0,0.0
2019-08-11 23:00:00,82.9,83,0.0,0.0,0.0
2019-08-12 00:00:00,82.1,85,0.0,0.0,0.0
2019-08-12 01:00:00,81.3,90,0.0,0.0,0.0
2019-08-12 02:00:00,80.7,90,0.0,0.0,0.0
2019-08-12 03:00:00,80.2,94,0.0,0.0,0.0
2019-08-12 04:00:00,79.6,97,0.0,0.0,0.0
2019-08-12 05:00:00,79.2,98,0.0,0.0,0.0
2019-08-12 06:00:00,78.7,98,0.0,0.0,0.0
2019-08-12 07:00:00,78.4,99,0.0,0.0,0.0
2019-08-12 08:00:00,79.6,95,0.0,0.02,38.0
2019-08-12 09:00:00,80.7,86,0.0,0.14,196.0
2019-08-12 10:00:00,82.2,76,0.0,0.28,380.0
2019-08-12 11:00:00,83.8,70,0.0,0.41,535.0
2019-08-12 12:00:00,85.4,67,0.1,0.49,637.0
2019-08-12 13:00:00,86.8,66,0.0,0.57,726.0
2019-08-12 14:00:00,88.0,64,0.0,0.58,739.0
2019-08-12 15:00:00,89.0,53,0.0,0.57,696.0
2019-08-12 16:00:00,89.1,62,0.0,0.44,539.0
2019-08-12 17:00:00,88.0,77,0.2,0.21,267.0
2019-08-12 18:00:00,87.1,79,0.0,0.21,283.0
2019-08-12 19:00:00,86.2,82,0.1,0.13,164.0
2019-08-12 20:00:00,85.4,81,0.0,0.06,78.0
2019-08-12 21:00:00,84.0,89,0.0,0.0,4.0
2019-08-12 22:00:00,82.9,91,0.0,0.0,0.0
2019-08-12 23:00:00,82.0,89,0.0,0.0,0.0
2019-08-13 00:00:00,81.4,93,0.0,0.0,0.0
2019-08-13 01:00:00,80.9,96,0.0,0.0,0.0
2019-08-13 02:00:00,80.5,97,0.0,0.0,0.0
2019-08-13 03:00:00,80.0,97,0.0,0.0,0.0
2019-08-13 04:00:00,79.5,97,0.0,0.0,0.0
2019-08-13 05:00:00,79.0,98,0.0,0.0,0.0
2019-08-13 06:00:00,78.7,99,0.0,0.0,0.0
2019-08-13 07:00:00,78.7,99,0.0,0.0,0.0
2019-08-13 08:00:00,79.0,97,0.0,0.02,31.0
2019-08-13 09:00:00,80.1,89,0.0,0.11,162.0
2019-08-13 10:00:00,81.6,78,0.0,0.27,366.0
2019-08-13 11:00:00,83.6,66,0.0,0.45,602.0
2019-08-13 12:00:00,85.2,61,0.0,0.52,669.0
2019-08-13 13:00:00,86.7,56,0.0,0.56,714.0
2019-08-13 14:00:00,87.9,55,0.0,0.55,691.0
2019-08-13 15:00:00,88.3,62,0.4,0.52,642.0
2019-08-13 16:00:00,88.1,71,0.1,0.42,538.0
2019-08-13 17:00:00,88.1,68,0.4,0.42,538.0
2019-08-13 18:00:00,87.7,72,0.0,0.31,403.0
2019-08-13 19:00:00,87.2,74,0.0,0.19,237.0
2019-08-13 20:00:00,87.5,88,0.0,0.06,84.0
2019-08-13 21:00:00,85.6,93,0.0,0.0,4.0
2019-08-13 22:00:00,84.4,95,0.0,0.0,0.0
2019-08-13 23:00:00,83.5,94,0.0,0.0,0.0
2019-08-14 00:00:00,82.7,93,0.0,0.0,0.0
2019-08-14 01:00:00,82.1,93,0.0,0.0,0.0
2019-08-14 02:00:00,81.5,95,0.0,0.0,0.0
2019-08-14 03:00:00,81.1,96,0.0,0.0,0.0
2019-08-14 04:00:00,80.6,96,0.0,0.0,0.0
2019-08-14 05:00:00,80.2,97,0.0,0.0,0.0
2019-08-14 06:00:00,79.7,98,0.0,0.0,0.0
2019-08-14 07:00:00,79.5,98,0.0,0.0,0.0
2019-08-14 08:00:00,79.0,98,0.0,0.02,34.0
2019-08-14 09:00:00,80.2,95,0.0,0.12,170.0
2019-08-14 10:00:00,81.9,84,0.0,0.26,363.0
2019-08-14 11:00:00,83.6,73,0.0,0.41,545.0
2019-08-14 12:00:00,85.4,65,0.0,0.53,693.0
2019-08-14 13:00:00,87.1,61,0.0,0.63,805.0
2019-08-14 14:00:00,88.5,57,0.0,0.65,807.0
2019-08-14 15:00:00,88.9,74,0.4,0.56,776.0
2019-08-14 16:00:00,88.7,70,0.1,0.52,676.0
2019-08-14 17:00:00,88.7,68,0.0,0.39,484.0
2019-08-14 18:00:00,87.6,84,1.6,0.23,307.0
2019-08-14 19:00:00,85.6,93,0.5,0.1,133.0
2019-08-14 20:00:00,84.0,84,0.0,0.05,48.0
2019-08-14 21:00:00,82.8,89,0.0,0.02,1.0
2019-08-14 22:00:00,81.8,89,0.2,0.0,0.0
2019-08-14 23:00:00,80.9,88,0.2,0.0,0.0
2019-08-15 00:00:00,80.2,90,0.0,0.0,0.0
2019-08-15 01:00:00,79.6,93,0.0,0.0,0.0
2019-08-15 02:00:00,79.2,91,0.0,0.0,0.0
2019-08-15 03:00:00,78.9,94,0.0,0.0,0.0
2019-08-15 04:00:00,78.4,94,0.0,0.0,0.0
2019-08-15 05:00:00,77.9,95,0.0,0.0,0.0
2019-08-15 06:00:00,77.6,95,0.0,0.0,0.0
2019-08-15 07:00:00,77.3,94,0.0,0.0,0.0
2019-08-15 08:00:00,77.0,93,0.0,0.02,39.0
2019-08-15 09:00:00,78.0,90,0.0,0.13,199.0
2019-08-15 10:00:00,80.0,81,0.0,0.28,394.0
2019-08-15 11:00:00,82.0,69,0.0,0.42,573.0
2019-08-15 12:00:00,83.8,62,0.0,0.48,628.0
2019-08-15 13:00:00,85.6,58,0.0,0.58,753.0
2019-08-15 14:00:00,87.0,56,0.0,0.6,760.0
2019-08-15 15:00:00,88.1,54,0.0,0.53,668.0
2019-08-15 16:00:00,87.9,76,0.8,0.34,447.0
2019-08-15 17:00:00,87.6,73,0.0,0.39,517.0
2019-08-15 18:00:00,87.3,72,0.0,0.26,340.0
2019-08-15 19:00:00,86.0,84,0.9,0.12,140.0
2019-08-15 20:00:00,83.2,97,0.9,0.03,27.0
2019-08-15 21:00:00,82.0,97,0.8,0.01,0.0
2019-08-15 22:00:00,81.0,100,0.5,0.0,0.0
2019-08-15 23:00:00,80.3,100,0.1,0.0,0.0
2019-08-16 00:00:00,79.9,100,0.1,0.0,0.0
2019-08-16 01:00:00,79.7,100,0.1,0.0,0.0
2019-08-16 02:00:00,79.4,100,0.0,0.0,0.0
2019-08-16 03:00:00,78.9,100,0.0,0.0,0.0
2019-08-16 04:00:00,78.4,98,0.0,0.0,0.0
2019-08-16 05:00:00,78.4,100,0.1,0.0,0.0
2019-08-16 06:00:00,78.4,99,0.0,0.0,0.0
2019-08-16 07:00:00,78.4,99,0.0,0.0,0.0
2019-08-16 08:00:00,78.2,99,0.0,0.02,25.0
2019-08-16 09:00:00,78.7,93,0.1,0.09,138.0
2019-08-16 10:00:00,79.5,92,1.4,0.18,253.0
2019-08-16 11:00:00,80.4,97,1.7,0.27,379.0
2019-08-16 12:00:00,81.5,93,0.9,0.4,544.0
2019-08-16 13:00:00,83.0,85,0.4,0.53,709.0
2019-08-16 14:00:00,85.4,73,0.1,0.62,809.0
2019-08-16 15:00:00,86.7,58,0.0,0.61,770.0
2019-08-16 16:00:00,86.9,75,0.8,0.4,519.0
2019-08-16 17:00:00,85.9,81,0.2,0.24,309.0
2019-08-16 18:00:00,85.6,82,0.0,0.28,389.0
2019-08-16 19:00:00,84.9,84,0.0,0.17,223.0
2019-08-16 20:00:00,83.6,81,0.0,0.08,78.0
2019-08-16 21:00:00,82.7,90,0.1,0.02,2.0
2019-08-16 22:00:00,81.7,94,0.3,0.0,0.0
2019-08-16 23:00:00,80.8,97,0.0,0.0,0.0
2019-08-17 00:00:00,80.0,98,0.0,0.0,0.0
2019-08-17 01:00:00,79.3,99,0.0,0.0,0.0
2019-08-17 02:00:00,78.9,99,0.0,0.0,0.0
2019-08-17 03:00:00,78.5,99,0.0,0.0,0.0
2019-08-17 04:00:00,78.3,99,0.0,0.0,0.0
2019-08-17 05:00:00,78.2,98,0.0,0.0,0.0
2019-08-17 06:00:00,78.1,99,0.0,0.0,0.0
2019-08-17 07:00:00,77.9,99,0.0,0.0,0.0
2019-08-17 08:00:00,78.4,96,0.0,0.02,33.0
2019-08-17 09:00:00,79.0,90,0.0,0.12,170.0
2019-08-17 10:00:00,80.1,84,0.0,0.24,335.0
2019-08-17 11:00:00,81.2,79,0.1,0.31,417.0
2019-08-17 12:00:00,81.9,78,1.0,0.4,567.0
2019-08-17 13:00:00,82.7,74,0.1,0.39,519.0
2019-08-17 14:00:00,84.1,68,0.0,0.53,695.0
2019-08-17 15:00:00,84.1,80,1.1,0.41,602.0
2019-08-17 16:00:00,83.9,79,0.3,0.38,521.0
2019-08-17 17:00:00,83.6,76,0.6,0.35,471.0
2019-08-17 18:00:00,83.3,76,0.3,0.28,383.0
2019-08-17 19:00:00,82.8,81,0.1,0.18,237.0
2019-08-17 20:00:00,82.9,82,0.0,0.08,80.0
2019-08-17 21:00:00,81.9,86,0.0,0.03,1.0
2019-08-17 22:00:00,81.1,90,0.0,0.0,0.0
2019-08-17 23:00:00,80.5,91,0.0,0.0,0.0
2019-08-18 00:00:00,80.0,93,0.0,0.0,0.0
2019-08-18 01:00:00,79.3,94,0.0,0.0,0.0
2019-08-18 02:00:00,78.9,95,0.0,0.0,0.0
2019-08-18 03:00:00,78.5,95,0.0,0.0,0.0
2019-08-18 04:00:00,78.3,93,0.0,0.0,0.0
2019-08-18 05:00:00,78.1,93,0.0,0.0,0.0
2019-08-18 06:00:00,77.9,94,0.0,0.0,0.0
2019-08-18 07:00:00,77.7,94,0.0,0.0,0.0
2019-08-18 08:00:00,78.5,88,0.5,0.03,21.0
2019-08-18 09:00:00,78.6,85,0.8,0.09,109.0
2019-08-18 10:00:00,79.3,82,0.1,0.2,269.0
2019-08-18 11:00:00,79.9,90,2.5,0.29,466.0
2019-08-18 12:00:00,80.0,91,0.7,0.29,433.0
2019-08-18 13:00:00,80.9,81,0.3,0.37,516.0
2019-08-18 14:00:00,80.3,98,6.5,0.17,272.0
2019-08-18 15:00:00,79.6,99,2.2,0.21,327.0
2019-08-18 16:00:00,79.9,97,0.9,0.22,333.0
2019-08-18 17:00:00,79.5,99,1.1,0.17,285.0
2019-08-18 18:00:00,79.0,99,1.6,0.11,184.0
2019-08-18 19:00:00,78.4,100,1.4,0.07,111.0
2019-08-18 20:00:00,78.3,95,2.8,0.03,28.0
2019-08-18 21:00:00,77.6,97,0.7,0.0,2.0
2019-08-18 22:00:00,77.1,99,1.6,0.0,0.0
2019-08-18 23:00:00,76.7,98,0.1,0.0,0.0
2019-08-19 00:00:00,76.5,98,0.0,0.0,0.0
2019-08-19 01:00:00,76.3,98,0.0,0.0,0.0
2019-08-19 02:00:00,76.1,99,0.7,0.0,0.0
2019-08-19 03:00:00,75.9,100,2.5,0.0,0.0
2019-08-19 04:00:00,75.7,100,3.4,0.0,0.0
2019-08-19 05:00:00,75.6,100,3.1,0.0,0.0
2019-08-19 06:00:00,75.2,100,5.3,0.0,0.0
2019-08-19 07:00:00,74.8,100,2.1,0.0,0.0
2019-08-19 08:00:00,76.1,99,2.0,0.01,18.0
2019-08-19 09:00:00,76.4,97,0.3,0.08,143.0
2019-08-19 10:00:00,76.9,92,0.4,0.19,295.0
2019-08-19 11:00:00,78.0,84,0.0,0.32,463.0
2019-08-19 12:00:00,79.1,82,0.0,0.31,434.0
2019-08-19 13:00:00,80.2,80,0.1,0.37,515.0
2019-08-19 14:00:00,80.7,85,3.4,0.34,503.0
2019-08-19 15:00:00,80.9,84,1.3,0.39,582.0
2019-08-19 16:00:00,81.5,78,0.4,0.48,695.0
2019-08-19 17:00:00,81.4,77,0.1,0.31,424.0
2019-08-19 18:00:00,81.1,86,1.1,0.21,300.0
2019-08-19 19:00:00,80.0,92,1.1,0.09,130.0
2019-08-19 20:00:00,80.4,90,0.0,0.04,31.0
2019-08-19 21:00:00,79.2,91,0.0,0.02,1.0
2019-08-19 22:00:00,78.4,92,0.0,0.0,0.0
2019-08-19 23:00:00,77.6,94,0.0,0.0,0.0
2019-08-20 00:00:00,77.2,95,0.0,0.0,0.0
2019-08-20 01:00:00,76.7,92,0.0,0.0,0.0
2019-08-20 02:00:00,76.2,91,0.0,0.0,0.0
2019-08-20 03:00:00,75.7,93,0.0,0.0,0.0
2019-08-20 04:00:00,75.5,94,0.0,0.0,0.0
2019-08-20 05:00:00,75.1,96,0.0,0.0,0.0
2019-08-20 06:00:00,74.8,96,0.0,0.0,0.0
2019-08-20 07:00:00,74.6,97,0.0,0.0,0.0
2019-08-20 08:00:00,74.7,100,0.0,0.01,24.0
2019-08-20 09:00:00,74.8,98,0.4,0.05,63.0
2019-08-20 10:00:00,75.5,96,0.1,0.12,163.0
2019-08-20 11:00:00,76.3,93,0.0,0.16,231.0
2019-08-20 12:00:00,77.8,83,0.0,0.36,511.0
2019-08-20 13:00:00,79.7,74,0.0,0.5,675.0
2019-08-20 14:00:00,81.7,65,0.0,0.61,820.0
2019-08-20 15:00:00,82.8,63,0.0,0.5,656.0
2019-08-20 16:00:00,83.2,64,0.0,0.37,485.0
2019-08-20 17:00:00,83.7,63,0.0,0.36,485.0
2019-08-20 18:00:00,83.6,66,0.0,0.25,323.0
2019-08-20 19:00:00,83.0,78,0.0,0.14,177.0
2019-08-20 20:00:00,80.2,100,0.0,0.03,47.0
2019-08-20 21:00:00,79.3,100,0.0,0.0,1.0
2019-08-20 22:00:00,78.7,99,0.0,0.0,0.0
2019-08-20 23:00:00,78.2,99,0.0,0.0,0.0
2019-08-21 00:00:00,77.9,99,0.0,0.0,0.0
2019-08-21 01:00:00,77.5,98,0.4,0.0,0.0
2019-08-21 02:00:00,77.3,97,0.0,0.0,0.0
2019-08-21 03:00:00,77.1,96,0.0,0.0,0.0
2019-08-21 04:00:00,76.6,94,0.0,0.0,0.0
2019-08-21 05:00:00,76.3,94,0.8,0.0,0.0
2019-08-21 06:00:00,75.7,97,0.1,0.0,0.0
2019-08-21 07:00:00,75.4,97,0.3,0.0,0.0
2019-08-21 08:00:00,75.4,97,0.0,0.02,20.0
2019-08-21 09:00:00,76.2,92,0.0,0.11,178.0
2019-08-21 10:00:00,77.5,86,0.0,0.25,368.0
2019-08-21 11:00:00,78.9,83,0.1,0.32,450.0
2019-08-21 12:00:00,80.1,80,0.2,0.32,438.0
2019-08-21 13:00:00,81.0,81,0.2,0.34,460.0
2019-08-21 14:00:00,81.5,82,0.2,0.37,507.0
2019-08-21 15:00:00,81.8,82,0.1,0.35,494.0
2019-08-21 16:00:00,82.1,78,0.0,0.35,478.0
2019-08-21 17:00:00,82.5,76,0.1,0.35,473.0
2019-08-21 18:00:00,82.4,79,0.0,0.24,333.0
2019-08-21 19:00:00,81.9,86,0.0,0.1,128.0
2019-08-21 20:00:00,81.1,90,0.0,0.04,41.0
2019-08-21 21:00:00,79.8,86,0.0,0.01,1.0
2019-08-21 22:00:00,78.7,96,0.0,0.0,0.0
2019-08-21 23:00:00,78.0,96,0.0,0.0,0.0
2019-08-22 00:00:00,77.2,96,0.0,0.0,0.0
2019-08-22 01:00:00,76.5,97,0.0,0.0,0.0
2019-08-22 02:00:00,75.9,98,0.0,0.0,0.0
2019-08-22 03:00:00,75.7,98,0.0,0.0,0.0
2019-08-22 04:00:00,75.7,99,0.0,0.0,0.0
2019-08-22 05:00:00,75.6,99,0.0,0.0,0.0
2019-08-22 06:00:00,75.5,100,0.0,0.0,0.0
2019-08-22 07:00:00,75.3,99,0.0,0.0,0.0
2019-08-22 08:00:00,75.5,97,0.0,0.01,24.0
2019-08-22 09:00:00,76.6,89,0.0,0.12,185.0
2019-08-22 10:00:00,78.2,78,0.0,0.26,371.0
2019-08-22 11:00:00,80.1,69,0.2,0.43,588.0
2019-08-22 12:00:00,81.4,69,0.1,0.45,609.0
2019-08-22 13:00:00,82.8,66,0.0,0.55,730.0
2019-08-22 14:00:00,84.1,61,0.1,0.62,817.0
2019-08-22 15:00:00,85.1,59,0.0,0.58,756.0
2019-08-22 16:00:00,85.6,61,0.1,0.51,672.0
2019-08-22 17:00:00,85.5,73,0.5,0.38,511.0
2019-08-22 18:00:00,84.8,77,0.0,0.27,374.0
2019-08-22 19:00:00,83.9,85,0.0,0.12,159.0
2019-08-22 20:00:00,82.7,89,0.0,0.04,47.0
2019-08-22 21:00:00,81.6,91,0.0,0.01,1.0
2019-08-22 22:00:00,80.7,91,0.0,0.0,0.0
2019-08-22 23:00:00,79.9,94,0.0,0.0,0.0
2019-08-23 00:00:00,79.3,93,0.0,0.0,0.0
2019-08-23 01:00:00,78.8,93,0.0,0.0,0.0
2019-08-23 02:00:00,78.2,94,0.0,0.0,0.0
2019-08-23 03:00:00,77.6,98,0.0,0.0,0.0
2019-08-23 04:00:00,77.2,99,0.0,0.0,0.0
2019-08-23 05:00:00,76.6,99,0.0,0.0,0.0
2019-08-23 06:00:00,76.3,99,0.0,0.0,0.0
2019-08-23 07:00:00,76.1,99,0.0,0.0,0.0
2019-08-23 08:00:00,76.6,97,0.0,0.01,29.0
2019-08-23 09:00:00,77.5,90,0.0,0.12,186.0
2019-08-23 10:00:00,79.1,78,0.0,0.27,392.0
2019-08-23 11:00:00,80.8,67,0.0,0.43,586.0
2019-08-23 12:00:00,82.6,60,0.1,0.54,734.0
2019-08-23 13:00:00,84.0,57,0.1,0.54,710.0
2019-08-23 14:00:00,85.2,56,0.1,0.58,762.0
2019-08-23 15:00:00,86.0,54,0.0,0.55,701.0
2019-08-23 16:00:00,86.5,56,0.0,0.49,620.0
2019-08-23 17:00:00,86.5,61,0.0,0.4,505.0
2019-08-23 18:00:00,86.0,65,0.0,0.26,336.0
2019-08-23 19:00:00,85.2,78,0.2,0.15,191.0
2019-08-23 20:00:00,84.4,92,0.0,0.04,67.0
2019-08-23 21:00:00,82.9,91,0.0,0.0,1.0
2019-08-23 22:00:00,81.7,90,0.0,0.0,0.0
2019-08-23 23:00:00,80.8,94,0.0,0.0,0.0
2019-08-24 00:00:00,80.1,92,0.0,0.0,0.0
2019-08-24 01:00:00,79.6,94,0.0,0.0,0.0
2019-08-24 02:00:00,79.3,96,0.0,0.0,0.0
2019-08-24 03:00:00,79.0,96,0.0,0.0,0.0
2019-08-24 04:00:00,78.6,96,0.0,0.0,0.0
2019-08-24 05:00:00,78.4,96,0.0,0.0,0.0
2019-08-24 06:00:00,78.1,96,0.0,0.0,0.0
2019-08-24 07:00:00,77.7,96,0.0,0.0,0.0
2019-08-24 08:00:00,78.3,96,0.0,0.02,30.0
2019-08-24 09:00:00,78.7,89,0.0,0.12,181.0
2019-08-24 10:00:00,79.9,81,0.0,0.26,378.0
2019-08-24 11:00:00,81.7,72,0.0,0.39,536.0
2019-08-24 12:00:00,83.3,66,0.1,0.49,647.0
2019-08-24 13:00:00,84.7,60,0.0,0.54,705.0
2019-08-24 14:00:00,85.9,56,0.0,0.55,715.0
2019-08-24 15:00:00,87.2,53,0.0,0.62,812.0
2019-08-24 16:00:00,88.2,52,0.0,0.56,733.0
2019-08-24 17:00:00,88.3,53,0.1,0.42,545.0
2019-08-24 18:00:00,88.3,56,0.0,0.31,399.0
2019-08-24 19:00:00,87.2,79,0.3,0.15,195.0
2019-08-24 20:00:00,86.2,95,0.0,0.03,52.0
2019-08-24 21:00:00,83.8,95,0.1,0.01,0.0
2019-08-24 22:00:00,82.1,98,0.0,0.0,0.0
2019-08-24 23:00:00,81.0,98,0.0,0.0,0.0
2019-08-25 00:00:00,80.1,97,0.0,0.0,0.0
2019-08-25 01:00:00,79.3,98,0.0,0.0,0.0
2019-08-25 02:00:00,78.5,98,0.0,0.0,0.0
2019-08-25 03:00:00,77.9,98,0.0,0.0,0.0
2019-08-25 04:00:00,77.5,99,0.0,0.0,0.0
2019-08-25 05:00:00,76.9,99,0.0,0.0,0.0
2019-08-25 06:00:00,76.7,99,0.0,0.0,0.0
2019-08-25 07:00:00,76.6,99,0.0,0.0,0.0
2019-08-25 08:00:00,77.3,98,0.0,0.01,20.0
2019-08-25 09:00:00,77.8,93,0.0,0.11,182.0
2019-08-25 10:00:00,78.7,91,0.1,0.2,305.0
2019-08-25 11:00:00,80.0,86,0.1,0.29,419.0
2019-08-25 12:00:00,81.1,79,0.0,0.35,490.0
2019-08-25 13:00:00,82.4,75,0.0,0.43,591.0
2019-08-25 14:00:00,83.6,74,0.1,0.47,634.0
2019-08-25 15:00:00,84.7,68,0.1,0.51,682.0
2019-08-25 16:00:00,84.9,69,0.0,0.39,507.0
2019-08-25 17:00:00,85.1,72,0.4,0.33,433.0
2019-08-25 18:00:00,84.6,79,0.0,0.2,273.0
2019-08-25 19:00:00,83.7,93,1.1,0.11,156.0
2019-08-25 20:00:00,81.1,96,0.1,0.03,41.0
2019-08-25 21:00:00,80.3,92,3.9,0.01,0.0
2019-08-25 22:00:00,79.2,96,1.2,0.0,0.0
2019-08-25 23:00:00,78.4,97,0.0,0.0,0.0
2019-08-26 00:00:00,77.6,98,0.0,0.0,0.0
2019-08-26 01:00:00,77.2,98,0.0,0.0,0.0
2019-08-26 02:00:00,76.8,97,0.0,0.0,0.0
2019-08-26 03:00:00,76.5,98,0.0,0.0,0.0
2019-08-26 04:00:00,76.1,98,0.0,0.0,0.0
2019-08-26 05:00:00,75.8,98,0.0,0.0,0.0
2019-08-26 06:00:00,75.5,98,0.0,0.0,0.0
2019-08-26 07:00:00,75.3,98,0.0,0.0,0.0
2019-08-26 08:00:00,75.7,96,0.0,0.02,23.0
2019-08-26 09:00:00,76.0,92,0.0,0.1,157.0
2019-08-26 10:00:00,76.7,85,0.0,0.19,286.0
2019-08-26 11:00:00,77.7,80,0.0,0.26,371.0
2019-08-26 12:00:00,79.1,78,0.1,0.34,473.0
2019-08-26 13:00:00,80.2,78,0.1,0.35,483.0
2019-08-26 14:00:00,81.1,79,0.1,0.32,439.0
2019-08-26 15:00:00,82.0,77,0.1,0.42,573.0
2019-08-26 16:00:00,82.5,80,0.1,0.35,492.0
2019-08-26 17:00:00,82.4,82,0.2,0.27,370.0
2019-08-26 18:00:00,81.6,88,0.5,0.17,238.0
2019-08-26 19:00:00,80.8,89,0.0,0.1,135.0
2019-08-26 20:00:00,79.3,97,0.1,0.03,48.0
2019-08-26 21:00:00,78.3,98,0.0,0.01,0.0
2019-08-26 22:00:00,77.5,97,0.0,0.0,0.0
2019-08-26 23:00:00,76.9,97,0.0,0.0,0.0
2019-08-27 00:00:00,76.5,98,0.0,0.0,0.0
2019-08-27 01:00:00,76.3,100,0.1,0.0,0.0
2019-08-27 02:00:00,76.2,100,0.0,0.0,0.0
2019-08-27 03:00:00,75.8,100,0.1,0.0,0.0
2019-08-27 04:00:00,75.7,100,0.1,0.0,0.0
2019-08-27 05:00:00,75.9,100,0.0,0.0,0.0
2019-08-27 06:00:00,75.8,100,0.0,0.0,0.0
2019-08-27 07:00:00,75.7,100,0.0,0.0,0.0
2019-08-27 08:00:00,76.3,100,0.0,0.01,19.0
2019-08-27 09:00:00,76.9,94,0.0,0.08,128.0
2019-08-27 10:00:00,78.1,95,0.1,0.21,304.0
2019-08-27 11:00:00,79.4,93,0.8,0.27,378.0
2019-08-27 12:00:00,80.1,92,0.5,0.32,459.0
2019-08-27 13:00:00,80.7,82,3.5,0.37,523.0
2019-08-27 14:00:00,79.9,91,2.0,0.2,267.0
2019-08-27 15:00:00,80.3,88,0.1,0.27,364.0
2019-08-27 16:00:00,81.8,85,0.3,0.38,517.0
2019-08-27 17:00:00,81.1,94,11.1,0.17,242.0
2019-08-27 18:00:00,80.2,92,0.0,0.08,94.0
2019-08-27 19:00:00,79.3,93,0.0,0.06,77.0
2019-08-27 20:00:00,81.7,83,0.0,0.04,32.0
2019-08-27 21:00:00,80.2,87,0.0,0.02,0.0
2019-08-27 22:00:00,79.2,89,0.0,0.0,0.0
2019-08-27 23:00:00,78.5,91,0.0,0.0,0.0
2019-08-28 00:00:00,78.1,93,0.0,0.0,0.0
2019-08-28 01:00:00,77.5,96,0.0,0.0,0.0
2019-08-28 02:00:00,77.3,97,0.0,0.0,0.0
2019-08-28 03:00:00,76.9,97,0.0,0.0,0.0
2019-08-28 04:00:00,76.6,97,0.0,0.0,0.0
2019-08-28 05:00:00,76.5,97,0.0,0.0,0.0
2019-08-28 06:00:00,76.3,97,0.0,0.0,0.0
2019-08-28 07:00:00,76.3,96,0.0,0.0,0.0
2019-08-28 08:00:00,75.2,95,0.0,0.02,21.0
2019-08-28 09:00:00,76.3,87,0.0,0.12,188.0
2019-08-28 10:00:00,77.7,77,0.0,0.27,384.0
2019-08-28 11:00:00,79.3,71,0.1,0.37,514.0
2019-08-28 12:00:00,80.7,68,0.1,0.4,518.0
2019-08-28 13:00:00,82.0,65,0.2,0.5,657.0
2019-08-28 14:00:00,83.4,61,0.1,0.59,770.0
2019-08-28 15:00:00,84.4,60,0.1,0.57,732.0
2019-08-28 16:00:00,85.1,58,0.0,0.56,717.0
2019-08-28 17:00:00,85.5,58,0.0,0.45,562.0
2019-08-28 18:00:00,85.5,58,0.0,0.34,418.0
2019-08-28 19:00:00,85.0,68,0.0,0.18,239.0
2019-08-28 20:00:00,84.2,74,0.0,0.06,67.0
2019-08-28 21:00:00,82.4,79,0.0,0.04,0.0
2019-08-28 22:00:00,81.0,74,0.0,0.02,0.0
2019-08-28 23:00:00,79.9,78,0.0,0.01,0.0
2019-08-29 00:00:00,79.0,79,0.0,0.01,0.0
2019-08-29 01:00:00,78.2,78,0.0,0.01,0.0
2019-08-29 02:00:00,77.5,78,0.0,0.01,0.0
2019-08-29 03:00:00,76.9,79,0.0,0.01,0.0
2019-08-29 04:00:00,76.4,80,0.0,0.02,0.0
2019-08-29 05:00:00,76.0,81,0.0,0.02,0.0
2019-08-29 06:00:00,75.7,82,0.0,0.01,0.0
2019-08-29 07:00:00,75.4,83,0.0,0.01,0.0
2019-08-29 08:00:00,75.6,78,0.0,0.04,30.0
2019-08-29 09:00:00,76.3,71,0.0,0.15,198.0
2019-08-29 10:00:00,77.6,62,0.0,0.3,412.0
2019-08-29 11:00:00,79.4,54,0.0,0.46,613.0
2019-08-29 12:00:00,81.4,49,0.0,0.59,775.0
2019-08-29 13:00:00,83.3,44,0.0,0.68,881.0
2019-08-29 14:00:00,85.1,41,0.0,0.72,930.0
2019-08-29 15:00:00,86.6,38,0.0,0.71,906.0
2019-08-29 16:00:00,87.6,36,0.0,0.65,817.0
2019-08-29 17:00:00,88.2,37,0.0,0.55,672.0
2019-08-29 18:00:00,88.0,41,0.0,0.41,481.0
2019-08-29 19:00:00,87.1,50,0.0,0.23,268.0
2019-08-29 20:00:00,85.5,56,0.0,0.09,72.0
2019-08-29 21:00:00,83.3,55,0.0,0.1,0.0
2019-08-29 22:00:00,81.9,56,0.0,0.07,0.0
2019-08-29 23:00:00,80.5,58,0.0,0.07,0.0
2019-08-30 00:00:00,79.3,58,0.0,0.07,0.0
2019-08-30 01:00:00,78.1,60,0.0,0.05,0.0
2019-08-30 02:00:00,77.2,62,0.0,0.05,0.0
2019-08-30 03:00:00,76.5,64,0.0,0.05,0.0
2019-08-30 04:00:00,75.8,63,0.0,0.05,0.0
2019-08-30 05:00:00,75.3,65,0.0,0.04,0.0
2019-08-30 06:00:00,74.8,68,0.0,0.03,0.0
2019-08-30 07:00:00,74.3,72,0.0,0.02,0.0
2019-08-30 08:00:00,74.8,82,0.0,0.03,30.0
2019-08-30 09:00:00,75.7,78,0.0,0.13,201.0
2019-08-30 10:00:00,77.3,70,0.0,0.29,416.0
2019-08-30 11:00:00,79.3,56,0.0,0.46,619.0
2019-08-30 12:00:00,81.3,49,0.0,0.59,782.0
2019-08-30 13:00:00,83.1,45,0.0,0.67,871.0
2019-08-30 14:00:00,84.6,43,0.0,0.67,845.0
2019-08-30 15:00:00,85.9,40,0.0,0.71,894.0
2019-08-30 16:00:00,86.8,38,0.0,0.66,807.0
2019-08-30 17:00:00,87.3,36,0.0,0.55,666.0
2019-08-30 18:00:00,87.2,37,0.0,0.4,481.0
2019-08-30 19:00:00,86.5,41,0.0,0.21,265.0
2019-08-30 20:00:00,84.6,52,0.0,0.09,65.0
2019-08-30 21:00:00,82.7,51,0.0,0.08,0.0
2019-08-30 22:00:00,81.4,55,0.0,0.07,0.0
2019-08-30 23:00:00,80.4,64,0.0,0.04,0.0
2019-08-31 00:00:00,79.9,72,0.0,0.04,0.0
2019-08-31 01:00:00,79.4,77,0.1,0.02,0.0
2019-08-31 02:00:00,79.0,82,0.0,0.01,0.0
2019-08-31 03:00:00,78.5,85,0.0,0.01,0.0
2019-08-31 04:00:00,78.1,88,0.0,0.0,0.0
2019-08-31 05:00:00,77.7,91,0.0,0.0,0.0
2019-08-31 06:00:00,77.5,92,0.0,0.0,0.0
2019-08-31 07:00:00,77.3,94,0.0,0.0,0.0
2019-08-31 08:00:00,78.7,91,0.0,0.02,25.0
2019-08-31 09:00:00,79.2,83,0.0,0.13,182.0
2019-08-31 10:00:00,80.1,76,0.1,0.25,333.0
2019-08-31 11:00:00,81.2,71,0.1,0.36,474.0
2019-08-31 12:00:00,82.7,70,0.1,0.45,609.0
2019-08-31 13:00:00,84.1,70,0.2,0.56,762.0
2019-08-31 14:00:00,85.1,65,0.3,0.54,713.0
2019-08-31 15:00:00,84.3,81,3.3,0.38,539.0
2019-08-31 16:00:00,84.5,72,0.0,0.38,505.0
2019-08-31 17:00:00,84.1,76,0.0,0.23,290.0
2019-08-31 18:00:00,83.6,80,0.0,0.17,208.0
2019-08-31 19:00:00,82.9,83,0.0,0.1,106.0
2019-08-31 20:00:00,83.6,76,0.0,0.07,29.0
2019-08-31 21:00:00,82.2,81,0.0,0.03,0.0
2019-08-31 22:00:00,81.1,83,0.0,0.02,0.0
2019-08-31 23:00:00,80.3,86,0.0,0.02,0.0
2019-09-01 00:00:00,79.6,86,0.0,0.01,0.0
2019-09-01 01:00:00,79.1,89,0.0,0.01,0.0
2019-09-01 02:00:00,78.6,92,0.0,0.0,0.0
2019-09-01 03:00:00,78.3,94,0.0,0.0,0.0
2019-09-01 04:00:00,78.0,95,0.0,0.0,0.0
2019-09-01 05:00:00,77.7,96,0.0,0.0,0.0
2019-09-01 06:00:00,77.5,97,0.0,0.0,0.0
2019-09-01 07:00:00,77.4,97,0.0,0.0,0.0
2019-09-01 08:00:00,78.5,92,0.0,0.02,13.0
2019-09-01 09:00:00,78.9,82,0.0,0.12,158.0
2019-09-01 10:00:00,79.8,74,0.0,0.21,270.0
2019-09-01 11:00:00,81.1,69,0.1,0.37,502.0
2019-09-01 12:00:00,82.4,71,0.0,0.43,586.0
2019-09-01 13:00:00,83.9,64,0.0,0.54,702.0
2019-09-01 14:00:00,85.3,59,0.0,0.58,736.0
2019-09-01 15:00:00,85.7,65,0.4,0.49,660.0
2019-09-01 16:00:00,85.8,65,0.2,0.42,548.0
2019-09-01 17:00:00,84.2,84,1.8,0.26,357.0
2019-09-01 18:00:00,83.0,86,0.1,0.19,269.0
2019-09-01 19:00:00,82.2,87,0.0,0.12,168.0
2019-09-01 20:00:00,83.5,69,0.0,0.09,48.0
2019-09-01 21:00:00,82.6,72,0.0,0.05,0.0
2019-09-01 22:00:00,81.9,75,0.0,0.04,0.0
2019-09-01 23:00:00,81.2,76,0.0,0.04,0.0
2019-09-02 00:00:00,80.7,80,0.0,0.03,0.0
2019-09-02 01:00:00,80.1,84,0.0,0.02,0.0
2019-09-02 02:00:00,79.5,86,0.0,0.01,0.0
2019-09-02 03:00:00,79.0,88,0.0,0.01,0.0
2019-09-02 04:00:00,78.4,91,0.0,0.0,0.0
2019-09-02 05:00:00,78.0,92,0.0,0.0,0.0
2019-09-02 06:00:00,77.5,93,0.0,0.0,0.0
2019-09-02 07:00:00,77.3,92,0.0,0.0,0.0
2019-09-02 08:00:00,78.0,88,0.0,0.03,17.0
2019-09-02 09:00:00,78.3,80,0.0,0.14,183.0
2019-09-02 10:00:00,79.3,70,0.0,0.28,377.0
2019-09-02 11:00:00,80.8,62,0.0,0.41,527.0
2019-09-02 12:00:00,82.4,57,0.0,0.5,636.0
2019-09-02 13:00:00,83.8,56,0.0,0.53,649.0
2019-09-02 14:00:00,85.2,51,0.0,0.63,775.0
2019-09-02 15:00:00,86.5,49,0.0,0.64,782.0
2019-09-02 16:00:00,87.4,47,0.0,0.59,704.0
2019-09-02 17:00:00,88.0,46,0.0,0.52,602.0
2019-09-02 18:00:00,88.0,46,0.0,0.4,427.0
2019-09-02 19:00:00,87.4,51,0.0,0.23,210.0
2019-09-02 20:00:00,85.7,61,0.0,0.09,50.0
2019-09-02 21:00:00,84.3,64,0.0,0.06,0.0
2019-09-02 22:00:00,83.2,65,0.0,0.06,0.0
2019-09-02 23:00:00,82.4,70,0.0,0.05,0.0
2019-09-03 00:00:00,81.7,75,0.0,0.04,0.0
2019-09-03 01:00:00,81.1,79,0.0,0.03,0.0
2019-09-03 02:00:00,80.4,81,0.0,0.02,0.0
2019-09-03 03:00:00,80.0,83,0.0,0.02,0.0
2019-09-03 04:00:00,79.4,85,0.0,0.01,0.0
2019-09-03 05:00:00,78.9,87,0.0,0.01,0.0
2019-09-03 06:00:00,78.4,88,0.0,0.01,0.0
2019-09-03 07:00:00,78.1,88,0.0,0.01,0.0
2019-09-03 08:00:00,77.3,85,0.0,0.03,25.0
2019-09-03 09:00:00,78.0,79,0.0,0.14,186.0
2019-09-03 10:00:00,79.4,72,0.0,0.29,395.0
2019-09-03 11:00:00,81.2,63,0.0,0.45,594.0
2019-09-03 12:00:00,83.0,58,0.0,0.53,679.0
2019-09-03 13:00:00,84.7,54,0.0,0.59,742.0
2019-09-03 14:00:00,86.1,52,0.0,0.58,713.0
2019-09-03 15:00:00,87.5,50,0.0,0.63,770.0
2019-09-03 16:00:00,88.5,49,0.0,0.6,722.0
2019-09-03 17:00:00,89.0,48,0.0,0.48,555.0
2019-09-03 18:00:00,89.0,48,0.0,0.38,405.0
2019-09-03 19:00:00,88.2,54,0.0,0.17,155.0
2019-09-03 20:00:00,87.1,61,0.0,0.06,43.0
2019-09-03 21:00:00,85.1,62,0.0,0.04,0.0
2019-09-03 22:00:00,83.6,64,0.0,0.04,0.0
2019-09-03 23:00:00,82.3,65,0.0,0.04,0.0
2019-09-04 00:00:00,81.3,66,0.0,0.04,0.0
2019-09-04 01:00:00,80.6,68,0.0,0.04,0.0
2019-09-04 02:00:00,79.9,70,0.0,0.04,0.0
2019-09-04 03:00:00,79.4,69,0.0,0.04,0.0
2019-09-04 04:00:00,79.1,69,0.0,0.05,0.0
2019-09-04 05:00:00,78.7,71,0.0,0.04,0.0
2019-09-04 06:00:00,78.4,72,0.0,0.05,0.0
2019-09-04 07:00:00,78.2,71,0.0,0.05,0.0
2019-09-04 08:00:00,77.4,72,0.0,0.07,25.0
2019-09-04 09:00:00,78.4,67,0.0,0.17,189.0
2019-09-04 10:00:00,80.0,61,0.0,0.33,402.0
2019-09-04 11:00:00,82.0,54,0.0,0.49,601.0
2019-09-04 12:00:00,83.9,49,0.0,0.62,756.0
2019-09-04 13:00:00,85.9,43,0.0,0.72,857.0
2019-09-04 14:00:00,87.7,38,0.0,0.78,897.0
2019-09-04 15:00:00,89.2,36,0.0,0.78,873.0
2019-09-04 16:00:00,90.2,35,0.0,0.73,788.0
2019-09-04 17:00:00,90.5,37,0.0,0.55,528.0
2019-09-04 18:00:00,90.4,36,0.0,0.41,354.0
2019-09-04 19:00:00,89.9,38,0.0,0.28,217.0
2019-09-04 20:00:00,88.1,47,0.0,0.12,44.0
2019-09-04 21:00:00,86.6,48,0.0,0.11,0.0
2019-09-04 22:00:00,85.7,50,0.0,0.11,0.0
2019-09-04 23:00:00,85.0,51,0.0,0.11,0.0
2019-09-05 00:00:00,84.4,53,0.0,0.09,0.0
2019-09-05 01:00:00,83.8,55,0.0,0.09,0.0
2019-09-05 02:00:00,83.3,54,0.0,0.11,0.0
2019-09-05 03:00:00,83.0,54,0.0,0.11,0.0
2019-09-05 04:00:00,82.7,56,0.0,0.1,0.0
2019-09-05 05:00:00,82.1,57,0.0,0.09,0.0
2019-09-05 06:00:00,81.6,58,0.0,0.08,0.0
2019-09-05 07:00:00,81.1,60,0.0,0.08,0.0
2019-09-05 08:00:00,79.4,66,0.0,0.07,25.0
2019-09-05 09:00:00,80.1,62,0.0,0.17,185.0
2019-09-05 10:00:00,81.6,55,0.0,0.33,401.0
2019-09-05 11:00:00,83.5,50,0.0,0.48,596.0
2019-09-05 12:00:00,85.6,46,0.0,0.61,747.0
2019-09-05 13:00:00,87.7,44,0.0,0.71,857.0
2019-09-05 14:00:00,89.6,40,0.0,0.77,895.0
2019-09-05 15:00:00,90.9,36,0.0,0.72,786.0
2019-09-05 16:00:00,91.7,35,0.0,0.62,633.0
2019-09-05 17:00:00,92.0,34,0.0,0.54,497.0
2019-09-05 18:00:00,91.9,36,0.0,0.43,343.0
2019-09-05 19:00:00,91.4,39,0.0,0.29,195.0
2019-09-05 20:00:00,90.4,50,0.0,0.13,45.0
2019-09-05 21:00:00,89.0,53,0.0,0.1,0.0
2019-09-05 22:00:00,87.8,56,0.0,0.08,0.0
2019-09-05 23:00:00,86.6,61,0.0,0.06,0.0
2019-09-06 00:00:00,85.6,63,0.0,0.05,0.0
2019-09-06 01:00:00,84.7,66,0.0,0.05,0.0
2019-09-06 02:00:00,83.5,70,0.0,0.04,0.0
2019-09-06 03:00:00,82.7,69,0.0,0.04,0.0
2019-09-06 04:00:00,81.7,68,0.0,0.04,0.0
2019-09-06 05:00:00,80.8,68,0.0,0.04,0.0
2019-09-06 06:00:00,79.9,67,0.0,0.04,0.0
2019-09-06 07:00:00,79.1,66,0.0,0.05,0.0
2019-09-06 08:00:00,76.2,67,0.0,0.06,25.0
2019-09-06 09:00:00,77.0,60,0.0,0.15,194.0
2019-09-06 10:00:00,78.7,54,0.0,0.3,413.0
2019-09-06 11:00:00,80.9,49,0.0,0.46,616.0
2019-09-06 12:00:00,83.1,44,0.0,0.59,779.0
2019-09-06 13:00:00,85.3,41,0.0,0.68,886.0
2019-09-06 14:00:00,87.0,37,0.0,0.73,927.0
2019-09-06 15:00:00,88.4,35,0.0,0.72,901.0
2019-09-06 16:00:00,89.3,35,0.0,0.66,809.0
2019-09-06 17:00:00,89.8,35,0.0,0.55,657.0
2019-09-06 18:00:00,89.8,36,0.0,0.38,460.0
2019-09-06 19:00:00,89.2,51,0.0,0.19,241.0
2019-09-06 20:00:00,87.1,60,0.0,0.07,50.0
2019-09-06 21:00:00,84.5,58,0.0,0.03,0.0
2019-09-06 22:00:00,82.4,63,0.0,0.03,0.0
2019-09-06 23:00:00,80.7,66,0.0,0.03,0.0
2019-09-07 00:00:00,79.3,64,0.0,0.02,0.0
2019-09-07 01:00:00,78.1,70,0.0,0.01,0.0
2019-09-07 02:00:00,77.1,69,0.0,0.01,0.0
2019-09-07 03:00:00,76.3,67,0.0,0.02,0.0
2019-09-07 04:00:00,75.7,67,0.0,0.02,0.0
2019-09-07 05:00:00,75.0,70,0.0,0.02,0.0
2019-09-07 06:00:00,74.5,69,0.0,0.03,0.0
2019-09-07 07:00:00,74.1,65,0.0,0.03,0.0
2019-09-07 08:00:00,71.3,69,0.0,0.04,24.0
2019-09-07 09:00:00,73.2,63,0.0,0.14,191.0
2019-09-07 10:00:00,75.7,55,0.0,0.29,408.0
2019-09-07 11:00:00,78.8,48,0.0,0.45,610.0
2019-09-07 12:00:00,81.9,40,0.0,0.59,770.0
2019-09-07 13:00:00,84.7,36,0.0,0.68,875.0
2019-09-07 14:00:00,87.0,34,0.0,0.73,915.0
2019-09-07 15:00:00,88.8,34,0.0,0.72,887.0
2019-09-07 16:00:00,90.1,34,0.0,0.65,793.0
2019-09-07 17:00:00,90.8,36,0.0,0.53,642.0
2019-09-07 18:00:00,90.8,39,0.0,0.37,448.0
2019-09-07 19:00:00,90.0,46,0.0,0.22,233.0
2019-09-07 20:00:00,88.4,54,0.0,0.08,46.0
2019-09-07 21:00:00,86.1,67,0.0,0.03,0.0
2019-09-07 22:00:00,84.2,72,0.0,0.01,0.0
2019-09-07 23:00:00,82.8,75,0.0,0.02,0.0
2019-09-08 00:00:00,81.5,80,0.0,0.01,0.0
2019-09-08 01:00:00,80.6,82,0.0,0.01,0.0
2019-09-08 02:00:00,79.7,84,0.0,0.01,0.0
2019-09-08 03:00:00,79.1,88,0.0,0.0,0.0
2019-09-08 04:00:00,78.6,90,0.0,0.0,0.0
2019-09-08 05:00:00,78.3,93,0.0,0.0,0.0
2019-09-08 06:00:00,77.9,95,0.0,0.0,0.0
2019-09-08 07:00:00,77.6,95,0.0,0.0,0.0
2019-09-08 08:00:00,76.9,94,0.0,0.01,22.0
2019-09-08 09:00:00,78.3,81,0.0,0.12,182.0
2019-09-08 10:00:00,80.6,64,0.0,0.28,384.0
2019-09-08 11:00:00,83.1,50,0.0,0.42,541.0
2019-09-08 12:00:00,85.2,47,0.0,0.45,556.0
2019-09-08 13:00:00,87.4,43,0.0,0.62,785.0
2019-09-08 14:00:00,89.1,41,0.0,0.59,733.0
2019-09-08 15:00:00,90.4,39,0.0,0.62,755.0
2019-09-08 16:00:00,91.4,38,0.0,0.56,674.0
2019-09-08 17:00:00,91.9,39,0.0,0.48,561.0
2019-09-08 18:00:00,91.5,44,0.0,0.35,354.0
2019-09-08 19:00:00,90.3,61,0.0,0.2,169.0
2019-09-08 20:00:00,88.9,65,0.0,0.08,39.0
2019-09-08 21:00:00,87.4,70,0.0,0.04,0.0
2019-09-08 22:00:00,86.1,78,0.0,0.03,0.0
2019-09-08 23:00:00,85.0,84,0.0,0.01,0.0
2019-09-09 00:00:00,83.9,90,0.0,0.0,0.0
2019-09-09 01:00:00,83.0,93,0.0,0.0,0.0
2019-09-09 02:00:00,82.3,94,0.0,0.0,0.0
2019-09-09 03:00:00,81.6,94,0.0,0.0,0.0
2019-09-09 04:00:00,81.1,95,0.0,0.0,0.0
2019-09-09 05:00:00,80.5,96,0.0,0.0,0.0
2019-09-09 06:00:00,79.9,93,0.0,0.0,0.0
2019-09-09 07:00:00,79.2,89,0.0,0.0,0.0
2019-09-09 08:00:00,77.5,84,0.0,0.02,21.0
2019-09-09 09:00:00,79.0,70,0.0,0.12,174.0
2019-09-09 10:00:00,81.1,55,0.0,0.29,380.0
2019-09-09 11:00:00,83.3,52,0.0,0.44,561.0
2019-09-09 12:00:00,85.6,46,0.0,0.58,740.0
2019-09-09 13:00:00,87.6,41,0.0,0.65,805.0
2019-09-09 14:00:00,89.4,36,0.0,0.69,850.0
2019-09-09 15:00:00,90.9,34,0.0,0.69,831.0
2019-09-09 16:00:00,91.5,36,0.0,0.58,665.0
2019-09-09 17:00:00,91.7,38,0.0,0.49,554.0
2019-09-09 18:00:00,91.3,42,0.0,0.34,369.0
2019-09-09 19:00:00,90.3,51,0.0,0.21,189.0
2019-09-09 20:00:00,88.4,57,0.0,0.11,38.0
2019-09-09 21:00:00,86.8,66,0.0,0.05,0.0
2019-09-09 22:00:00,85.1,70,0.0,0.03,0.0
2019-09-09 23:00:00,83.3,73,0.0,0.02,0.0
2019-09-10 00:00:00,81.9,77,0.0,0.01,0.0
2019-09-10 01:00:00,80.6,80,0.0,0.0,0.0
2019-09-10 02:00:00,79.7,82,0.0,0.0,0.0
2019-09-10 03:00:00,79.0,84,0.0,0.0,0.0
2019-09-10 04:00:00,78.3,85,0.0,0.0,0.0
2019-09-10 05:00:00,77.6,89,0.0,0.0,0.0
2019-09-10 06:00:00,77.0,89,0.0,0.0,0.0
2019-09-10 07:00:00,76.5,92,0.0,0.0,0.0
2019-09-10 08:00:00,75.1,87,0.0,0.01,21.0
2019-09-10 09:00:00,76.8,73,0.0,0.12,179.0
2019-09-10 10:00:00,79.3,57,0.0,0.29,391.0
2019-09-10 11:00:00,82.1,51,0.0,0.45,589.0
2019-09-10 12:00:00,84.7,44,0.0,0.57,709.0
2019-09-10 13:00:00,86.5,43,0.0,0.53,628.0
2019-09-10 14:00:00,87.6,43,0.0,0.51,587.0
2019-09-10 15:00:00,88.6,43,0.0,0.51,604.0
2019-09-10 16:00:00,89.2,43,0.0,0.47,558.0
2019-09-10 17:00:00,89.6,44,0.0,0.39,482.0
2019-09-10 18:00:00,89.4,46,0.0,0.26,321.0
2019-09-10 19:00:00,88.8,48,0.0,0.13,170.0
2019-09-10 20:00:00,87.4,78,0.0,0.03,28.0
2019-09-10 21:00:00,85.6,77,0.0,0.01,0.0
2019-09-10 22:00:00,84.0,85,0.0,0.0,0.0
2019-09-10 23:00:00,82.8,79,0.0,0.0,0.0
2019-09-11 00:00:00,81.7,88,0.0,0.0,0.0
2019-09-11 01:00:00,80.9,89,0.0,0.0,0.0
2019-09-11 02:00:00,80.2,89,0.0,0.0,0.0
2019-09-11 03:00:00,79.5,86,0.0,0.0,0.0
2019-09-11 04:00:00,79.0,87,0.0,0.01,0.0
2019-09-11 05:00:00,78.8,90,0.0,0.0,0.0
2019-09-11 06:00:00,78.4,90,0.0,0.0,0.0
2019-09-11 07:00:00,77.8,93,0.0,0.0,0.0
2019-09-11 08:00:00,77.1,95,0.0,0.01,20.0
2019-09-11 09:00:00,78.0,84,0.0,0.12,170.0
2019-09-11 10:00:00,79.5,73,0.0,0.25,345.0
2019-09-11 11:00:00,81.5,61,0.0,0.41,556.0
2019-09-11 12:00:00,83.8,50,0.0,0.56,738.0
2019-09-11 13:00:00,86.0,44,0.0,0.66,844.0
2019-09-11 14:00:00,88.0,41,0.0,0.7,859.0
2019-09-11 15:00:00,89.5,38,0.0,0.68,823.0
2019-09-11 16:00:00,90.5,36,0.0,0.63,735.0
2019-09-11 17:00:00,91.0,35,0.0,0.49,531.0
2019-09-11 18:00:00,90.8,34,0.0,0.37,348.0
2019-09-11 19:00:00,90.0,44,0.0,0.16,151.0
2019-09-11 20:00:00,87.8,49,0.0,0.07,27.0
2019-09-11 21:00:00,85.8,49,0.0,0.08,0.0
2019-09-11 22:00:00,84.7,49,0.0,0.09,0.0
2019-09-11 23:00:00,83.8,51,0.0,0.07,0.0
2019-09-12 00:00:00,82.7,56,0.0,0.07,0.0
2019-09-12 01:00:00,81.9,61,0.0,0.05,0.0
2019-09-12 02:00:00,81.0,65,0.0,0.04,0.0
2019-09-12 03:00:00,80.0,68,0.0,0.04,0.0
2019-09-12 04:00:00,79.3,72,0.0,0.03,0.0
2019-09-12 05:00:00,78.4,76,0.0,0.02,0.0
2019-09-12 06:00:00,77.7,80,0.0,0.01,0.0
2019-09-12 07:00:00,77.2,86,0.0,0.01,0.0
2019-09-12 08:00:00,76.6,88,0.0,0.02,19.0
2019-09-12 09:00:00,77.5,80,0.0,0.12,176.0
2019-09-12 10:00:00,79.3,69,0.0,0.28,386.0
2019-09-12 11:00:00,81.3,57,0.1,0.45,581.0
2019-09-12 12:00:00,83.2,50,0.1,0.54,668.0
2019-09-12 13:00:00,85.1,45,0.0,0.62,762.0
2019-09-12 14:00:00,86.9,40,0.0,0.68,809.0
2019-09-12 15:00:00,88.3,38,0.0,0.66,768.0
2019-09-12 16:00:00,89.4,37,0.0,0.62,710.0
2019-09-12 17:00:00,89.9,38,0.0,0.51,565.0
2019-09-12 18:00:00,89.7,41,0.0,0.36,369.0
2019-09-12 19:00:00,88.9,48,0.0,0.19,183.0
2019-09-12 20:00:00,87.4,48,0.0,0.11,31.0
2019-09-12 21:00:00,85.9,52,0.0,0.07,0.0
2019-09-12 22:00:00,84.5,55,0.0,0.08,0.0
2019-09-12 23:00:00,83.7,55,0.0,0.09,0.0
2019-09-13 00:00:00,82.9,61,0.0,0.05,0.0
2019-09-13 01:00:00,81.9,65,0.0,0.04,0.0
2019-09-13 02:00:00,80.7,70,0.0,0.03,0.0
2019-09-13 03:00:00,79.7,75,0.0,0.03,0.0
2019-09-13 04:00:00,78.8,80,0.0,0.02,0.0
2019-09-13 05:00:00,78.1,85,0.0,0.01,0.0
2019-09-13 06:00:00,77.5,89,0.0,0.0,0.0
2019-09-13 07:00:00,77.0,92,0.0,0.0,0.0
2019-09-13 08:00:00,75.7,94,0.0,0.01,19.0
2019-09-13 09:00:00,76.7,83,0.0,0.12,179.0
2019-09-13 10:00:00,78.5,68,0.0,0.28,389.0
2019-09-13 11:00:00,80.6,56,0.0,0.42,546.0
2019-09-13 12:00:00,82.9,48,0.0,0.57,733.0
2019-09-13 13:00:00,85.1,44,0.0,0.65,818.0
2019-09-13 14:00:00,86.8,41,0.0,0.64,776.0
2019-09-13 15:00:00,88.1,39,0.0,0.59,690.0
2019-09-13 16:00:00,89.2,38,0.0,0.58,673.0
2019-09-13 17:00:00,89.7,38,0.0,0.49,536.0
2019-09-13 18:00:00,89.5,38,0.0,0.34,338.0
2019-09-13 19:00:00,88.9,43,0.0,0.2,199.0
2019-09-13 20:00:00,86.5,50,0.0,0.1,30.0
2019-09-13 21:00:00,84.7,54,0.0,0.07,0.0
2019-09-13 22:00:00,83.3,56,0.0,0.08,0.0
2019-09-13 23:00:00,82.2,54,0.0,0.08,0.0
2019-09-14 00:00:00,81.4,55,0.0,0.08,0.0
2019-09-14 01:00:00,80.7,61,0.0,0.07,0.0
2019-09-14 02:00:00,80.0,68,0.0,0.05,0.0
2019-09-14 03:00:00,79.3,75,0.0,0.03,0.0
2019-09-14 04:00:00,78.5,79,0.0,0.02,0.0
2019-09-14 05:00:00,78.1,80,0.0,0.03,0.0
2019-09-14 06:00:00,77.8,81,0.0,0.03,0.0
2019-09-14 07:00:00,77.6,83,0.0,0.03,0.0
2019-09-14 08:00:00,76.6,85,0.0,0.03,18.0
2019-09-14 09:00:00,77.4,79,0.0,0.13,171.0
2019-09-14 10:00:00,78.9,68,0.0,0.28,376.0
2019-09-14 11:00:00,80.7,59,0.0,0.42,546.0
2019-09-14 12:00:00,82.9,51,0.0,0.58,733.0
2019-09-14 13:00:00,84.7,46,0.0,0.6,714.0
2019-09-14 14:00:00,86.5,43,0.0,0.64,747.0
2019-09-14 15:00:00,88.1,37,0.0,0.71,817.0
2019-09-14 16:00:00,89.3,32,0.0,0.67,742.0
2019-09-14 17:00:00,90.0,33,0.0,0.59,598.0
2019-09-14 18:00:00,89.4,48,0.0,0.39,365.0
2019-09-14 19:00:00,88.4,49,0.0,0.21,126.0
2019-09-14 20:00:00,86.2,64,0.0,0.11,22.0
2019-09-14 21:00:00,84.8,66,0.0,0.08,0.0
2019-09-14 22:00:00,83.7,68,0.0,0.07,0.0
2019-09-14 23:00:00,82.8,69,0.0,0.06,0.0
2019-09-15 00:00:00,82.0,70,0.0,0.06,0.0
2019-09-15 01:00:00,81.1,73,0.0,0.04,0.0
2019-09-15 02:00:00,80.5,75,0.0,0.04,0.0
2019-09-15 03:00:00,79.9,76,0.0,0.03,0.0
2019-09-15 04:00:00,79.3,78,0.0,0.03,0.0
2019-09-15 05:00:00,78.8,81,0.0,0.02,0.0
2019-09-15 06:00:00,78.4,84,0.0,0.02,0.0
2019-09-15 07:00:00,78.0,87,0.0,0.01,0.0
2019-09-15 08:00:00,77.7,88,0.0,0.02,16.0
2019-09-15 09:00:00,78.2,81,0.0,0.12,146.0
2019-09-15 10:00:00,79.5,70,0.0,0.27,357.0
2019-09-15 11:00:00,81.3,62,0.0,0.43,564.0
2019-09-15 12:00:00,83.4,53,0.0,0.56,714.0
2019-09-15 13:00:00,85.5,49,0.0,0.65,796.0
2019-09-15 14:00:00,87.3,45,0.0,0.68,816.0
2019-09-15 15:00:00,88.6,43,0.0,0.64,737.0
2019-09-15 16:00:00,89.5,42,0.0,0.58,654.0
2019-09-15 17:00:00,90.1,40,0.0,0.51,554.0
2019-09-15 18:00:00,89.9,42,0.0,0.32,322.0
2019-09-15 19:00:00,89.3,46,0.0,0.18,187.0
2019-09-15 20:00:00,86.8,57,0.0,0.06,24.0
2019-09-15 21:00:00,85.1,57,0.0,0.05,0.0
2019-09-15 22:00:00,83.8,58,0.0,0.05,0.0
2019-09-15 23:00:00,82.6,63,0.0,0.03,0.0
2019-09-16 00:00:00,81.5,67,0.0,0.02,0.0
2019-09-16 01:00:00,80.6,72,0.0,0.01,0.0
2019-09-16 02:00:00,79.9,82,0.0,0.0,0.0
2019-09-16 03:00:00,79.3,78,0.0,0.01,0.0
2019-09-16 04:00:00,78.7,79,0.0,0.01,0.0
2019-09-16 05:00:00,78.1,80,0.0,0.01,0.0
2019-09-16 06:00:00,77.5,81,0.0,0.01,0.0
2019-09-16 07:00:00,77.1,82,0.0,0.01,0.0
2019-09-16 08:00:00,76.0,82,0.0,0.02,17.0
2019-09-16 09:00:00,77.3,72,0.0,0.12,158.0
2019-09-16 10:00:00,79.0,68,0.0,0.2,255.0
2019-09-16 11:00:00,80.9,60,0.0,0.32,410.0
2019-09-16 12:00:00,83.0,53,0.0,0.45,562.0
2019-09-16 13:00:00,84.8,49,0.0,0.46,559.0
2019-09-16 14:00:00,85.7,47,0.0,0.34,386.0
2019-09-16 15:00:00,86.5,44,0.0,0.28,318.0
2019-09-16 16:00:00,87.2,41,0.0,0.28,310.0
2019-09-16 17:00:00,87.7,37,0.0,0.24,264.0
2019-09-16 18:00:00,87.8,39,0.0,0.17,175.0
2019-09-16 19:00:00,87.5,68,0.0,0.12,142.0
2019-09-16 20:00:00,86.5,55,0.0,0.07,25.0
2019-09-16 21:00:00,84.4,49,0.0,0.05,0.0
2019-09-16 22:00:00,82.9,49,0.0,0.07,0.0
2019-09-16 23:00:00,81.7,51,0.0,0.05,0.0
2019-09-17 00:00:00,80.4,61,0.0,0.04,0.0
2019-09-17 01:00:00,79.3,60,0.0,0.03,0.0
2019-09-17 02:00:00,78.4,70,0.0,0.03,0.0
2019-09-17 03:00:00,77.5,59,0.0,0.0,0.0
2019-09-17 04:00:00,76.8,68,0.0,0.02,0.0
2019-09-17 05:00:00,76.2,72,0.0,0.01,0.0
2019-09-17 06:00:00,75.7,75,0.0,0.02,0.0
2019-09-17 07:00:00,75.4,80,0.0,0.01,0.0
2019-09-17 08:00:00,73.9,93,0.0,0.01,17.0
2019-09-17 09:00:00,75.7,75,0.0,0.12,170.0
2019-09-17 10:00:00,78.4,56,0.0,0.29,381.0
2019-09-17 11:00:00,81.3,44,0.0,0.45,578.0
2019-09-17 12:00:00,84.3,39,0.0,0.58,735.0
2019-09-17 13:00:00,86.7,34,0.0,0.59,739.0
2019-09-17 14:00:00,88.8,32,0.0,0.62,791.0
2019-09-17 15:00:00,90.4,30,0.0,0.61,790.0
2019-09-17 16:00:00,91.4,30,0.0,0.51,649.0
2019-09-17 17:00:00,91.9,31,0.0,0.43,532.0
2019-09-17 18:00:00,91.9,35,0.0,0.3,364.0
2019-09-17 19:00:00,91.0,38,0.0,0.19,172.0
2019-09-17 20:00:00,89.3,49,0.0,0.14,22.0
2019-09-17 21:00:00,87.7,56,0.0,0.09,0.0
2019-09-17 22:00:00,86.4,62,0.0,0.06,0.0
2019-09-17 23:00:00,85.1,67,0.0,0.06,0.0
2019-09-18 00:00:00,84.1,73,0.0,0.04,0.0
2019-09-18 01:00:00,83.1,75,0.0,0.03,0.0
2019-09-18 02:00:00,82.3,77,0.0,0.03,0.0
2019-09-18 03:00:00,81.5,77,0.0,0.03,0.0
2019-09-18 04:00:00,80.9,74,0.0,0.03,0.0
2019-09-18 05:00:00,80.2,71,0.0,0.04,0.0
2019-09-18 06:00:00,79.7,69,0.0,0.04,0.0
2019-09-18 07:00:00,79.1,68,0.0,0.03,0.0
2019-09-18 08:00:00,77.5,72,0.0,0.04,16.0
2019-09-18 09:00:00,78.6,63,0.0,0.12,166.0
2019-09-18 10:00:00,80.6,53,0.0,0.26,366.0
2019-09-18 11:00:00,83.0,47,0.0,0.39,524.0
2019-09-18 12:00:00,85.8,40,0.0,0.55,715.0
2019-09-18 13:00:00,88.4,35,0.0,0.64,795.0
2019-09-18 14:00:00,90.6,32,0.0,0.65,783.0
2019-09-18 15:00:00,92.0,31,0.0,0.64,687.0
2019-09-18 16:00:00,92.1,34,0.0,0.4,427.0
2019-09-18 17:00:00,92.1,35,0.0,0.33,387.0
2019-09-18 18:00:00,91.7,38,0.0,0.29,265.0
2019-09-18 19:00:00,90.5,46,0.0,0.19,121.0
2019-09-18 20:00:00,89.2,65,0.0,0.07,18.0
2019-09-18 21:00:00,87.2,72,0.0,0.02,0.0
2019-09-18 22:00:00,85.5,77,0.0,0.02,0.0
2019-09-18 23:00:00,84.1,81,0.0,0.02,0.0
2019-09-19 00:00:00,83.0,82,0.0,0.02,0.0
2019-09-19 01:00:00,82.3,82,0.0,0.03,0.0
2019-09-19 02:00:00,81.6,84,0.0,0.03,0.0
2019-09-19 03:00:00,81.0,84,0.0,0.02,0.0
2019-09-19 04:00:00,80.3,82,0.0,0.02,0.0
2019-09-19 05:00:00,79.9,79,0.0,0.03,0.0
2019-09-19 06:00:00,79.5,77,0.1,0.03,0.0
2019-09-19 07:00:00,78.8,77,0.2,0.03,0.0
2019-09-19 08:00:00,77.4,69,0.0,0.07,9.0
2019-09-19 09:00:00,77.9,66,0.0,0.13,100.0
2019-09-19 10:00:00,79.0,60,0.0,0.26,309.0
2019-09-19 11:00:00,80.5,54,0.0,0.4,510.0
2019-09-19 12:00:00,82.3,48,0.0,0.55,704.0
2019-09-19 13:00:00,84.0,44,0.0,0.61,757.0
2019-09-19 14:00:00,84.9,44,0.0,0.48,540.0
2019-09-19 15:00:00,86.4,39,0.0,0.63,758.0
2019-09-19 16:00:00,87.3,36,0.0,0.61,741.0
2019-09-19 17:00:00,87.8,29,0.0,0.53,588.0
2019-09-19 18:00:00,87.6,25,0.0,0.41,390.0
2019-09-19 19:00:00,86.8,26,0.0,0.21,177.0
2019-09-19 20:00:00,84.9,35,0.0,0.11,22.0
2019-09-19 21:00:00,83.0,35,0.0,0.11,0.0
2019-09-19 22:00:00,81.5,35,0.0,0.11,0.0
2019-09-19 23:00:00,80.2,42,0.0,0.09,0.0
2019-09-20 00:00:00,79.3,61,0.0,0.07,0.0
2019-09-20 01:00:00,78.5,65,0.0,0.06,0.0
2019-09-20 02:00:00,77.8,65,0.0,0.05,0.0
2019-09-20 03:00:00,77.2,64,0.0,0.06,0.0
2019-09-20 04:00:00,76.6,65,0.0,0.05,0.0
2019-09-20 05:00:00,76.1,67,0.0,0.04,0.0
2019-09-20 06:00:00,75.7,68,0.0,0.05,0.0
2019-09-20 07:00:00,75.3,69,0.0,0.04,0.0
2019-09-20 08:00:00,73.0,70,0.0,0.05,14.0
2019-09-20 09:00:00,73.8,67,0.0,0.13,147.0
2019-09-20 10:00:00,75.3,63,0.0,0.27,367.0
2019-09-20 11:00:00,77.3,58,0.0,0.41,567.0
2019-09-20 12:00:00,79.5,49,0.0,0.55,721.0
2019-09-20 13:00:00,81.2,46,0.0,0.54,657.0
2019-09-20 14:00:00,82.5,43,0.0,0.49,555.0
2019-09-20 15:00:00,83.6,41,0.0,0.5,549.0
2019-09-20 16:00:00,84.1,43,0.0,0.42,435.0
2019-09-20 17:00:00,84.2,44,0.0,0.3,289.0
2019-09-20 18:00:00,84.4,42,0.0,0.28,276.0
2019-09-20 19:00:00,83.9,45,0.0,0.15,113.0
2019-09-20 20:00:00,83.0,46,0.0,0.09,14.0
2019-09-20 21:00:00,81.9,50,0.0,0.11,0.0
2019-09-20 22:00:00,81.1,51,0.0,0.13,0.0
2019-09-20 23:00:00,80.4,61,0.0,0.08,0.0
2019-09-21 00:00:00,79.5,67,0.0,0.06,0.0
2019-09-21 01:00:00,78.7,72,0.0,0.05,0.0
2019-09-21 02:00:00,77.9,77,0.0,0.03,0.0
2019-09-21 03:00:00,77.2,82,0.0,0.02,0.0
2019-09-21 04:00:00,76.5,86,0.0,0.01,0.0
2019-09-21 05:00:00,75.8,89,0.0,0.0,0.0
2019-09-21 06:00:00,75.2,90,0.0,0.0,0.0
2019-09-21 07:00:00,74.7,91,0.0,0.0,0.0
2019-09-21 08:00:00,73.3,87,0.0,0.02,14.0
2019-09-21 09:00:00,74.2,76,0.0,0.12,163.0
2019-09-21 10:00:00,76.0,65,0.0,0.27,364.0
2019-09-21 11:00:00,78.0,55,0.0,0.41,540.0
2019-09-21 12:00:00,79.8,47,0.0,0.48,599.0
2019-09-21 13:00:00,81.6,40,0.0,0.56,680.0
2019-09-21 14:00:00,82.8,39,0.0,0.51,572.0
2019-09-21 15:00:00,83.6,38,0.0,0.48,519.0
2019-09-21 16:00:00,84.6,41,0.0,0.56,657.0
2019-09-21 17:00:00,84.5,44,0.0,0.38,400.0
2019-09-21 18:00:00,84.5,40,0.0,0.3,326.0
2019-09-21 19:00:00,83.8,44,0.0,0.14,126.0
2019-09-21 20:00:00,83.0,51,0.0,0.06,14.0
2019-09-21 21:00:00,81.5,54,0.0,0.06,0.0
2019-09-21 22:00:00,80.2,56,0.0,0.06,0.0
2019-09-21 23:00:00,79.3,54,0.0,0.1,0.0
2019-09-22 00:00:00,78.5,61,0.0,0.06,0.0
2019-09-22 01:00:00,77.5,67,0.0,0.04,0.0
2019-09-22 02:00:00,76.6,72,0.0,0.03,0.0
2019-09-22 03:00:00,75.7,74,0.0,0.03,0.0
2019-09-22 04:00:00,74.9,74,0.0,0.02,0.0
2019-09-22 05:00:00,74.0,76,0.0,0.02,0.0
2019-09-22 06:00:00,73.3,79,0.0,0.01,0.0
2019-09-22 07:00:00,72.8,82,0.0,0.01,0.0
2019-09-22 08:00:00,71.2,84,0.0,0.02,14.0
2019-09-22 09:00:00,72.3,75,0.0,0.11,164.0
2019-09-22 10:00:00,74.3,64,0.0,0.26,374.0
2019-09-22 11:00:00,76.7,49,0.0,0.42,571.0
2019-09-22 12:00:00,79.1,44,0.0,0.54,729.0
2019-09-22 13:00:00,81.3,42,0.0,0.62,825.0
2019-09-22 14:00:00,83.2,40,0.0,0.66,862.0
2019-09-22 15:00:00,84.7,39,0.0,0.62,806.0
2019-09-22 16:00:00,85.8,38,0.0,0.58,740.0
2019-09-22 17:00:00,86.3,39,0.0,0.47,588.0
2019-09-22 18:00:00,86.1,40,0.0,0.31,389.0
2019-09-22 19:00:00,85.1,59,0.0,0.13,174.0
2019-09-22 20:00:00,83.1,63,0.0,0.04,17.0
2019-09-22 21:00:00,80.9,66,0.0,0.03,0.0
2019-09-22 22:00:00,79.3,60,0.0,0.06,0.0
2019-09-22 23:00:00,78.4,64,0.0,0.05,0.0
2019-09-23 00:00:00,77.5,69,0.0,0.04,0.0
2019-09-23 01:00:00,76.6,71,0.0,0.03,0.0
2019-09-23 02:00:00,75.7,73,0.0,0.03,0.0
2019-09-23 03:00:00,74.8,77,0.0,0.01,0.0
2019-09-23 04:00:00,73.9,80,0.0,0.0,0.0
2019-09-23 05:00:00,73.0,90,0.0,0.0,0.0
2019-09-23 06:00:00,72.3,87,0.0,0.0,0.0
2019-09-23 07:00:00,71.8,90,0.0,0.0,0.0
2019-09-23 08:00:00,69.4,90,0.0,0.01,13.0
2019-09-23 09:00:00,71.1,78,0.0,0.09,151.0
2019-09-23 10:00:00,73.4,66,0.0,0.23,339.0
2019-09-23 11:00:00,76.2,52,0.0,0.4,546.0
2019-09-23 12:00:00,78.6,46,0.0,0.47,613.0
2019-09-23 13:00:00,80.9,42,0.0,0.55,728.0
2019-09-23 14:00:00,83.0,39,0.0,0.62,818.0
2019-09-23 15:00:00,84.7,37,0.0,0.59,779.0
2019-09-23 16:00:00,85.8,36,0.0,0.56,729.0
2019-09-23 17:00:00,86.5,36,0.0,0.44,559.0
2019-09-23 18:00:00,86.5,38,0.0,0.31,381.0
2019-09-23 19:00:00,85.5,54,0.0,0.13,167.0
2019-09-23 20:00:00,83.8,53,0.0,0.04,15.0
2019-09-23 21:00:00,81.7,53,0.0,0.06,0.0
2019-09-23 22:00:00,79.8,60,0.0,0.03,0.0
2019-09-23 23:00:00,78.1,67,0.0,0.03,0.0
2019-09-24 00:00:00,76.6,66,0.0,0.02,0.0
2019-09-24 01:00:00,75.4,65,0.0,0.02,0.0
2019-09-24 02:00:00,74.8,79,0.0,0.02,0.0
2019-09-24 03:00:00,74.2,85,0.0,0.01,0.0
2019-09-24 04:00:00,73.7,89,0.0,0.0,0.0
2019-09-24 05:00:00,73.2,91,0.0,0.0,0.0
2019-09-24 06:00:00,72.8,91,0.0,0.0,0.0
2019-09-24 07:00:00,72.4,93,0.0,0.0,0.0
2019-09-24 08:00:00,69.3,87,0.0,0.01,13.0
2019-09-24 09:00:00,71.1,72,0.0,0.11,161.0
2019-09-24 10:00:00,73.9,55,0.0,0.26,374.0
2019-09-24 11:00:00,77.1,44,0.0,0.43,572.0
2019-09-24 12:00:00,80.4,39,0.0,0.56,727.0
2019-09-24 13:00:00,83.3,34,0.0,0.64,826.0
2019-09-24 14:00:00,85.7,32,0.0,0.67,843.0
2019-09-24 15:00:00,87.3,31,0.0,0.53,623.0
2019-09-24 16:00:00,87.8,33,0.0,0.38,396.0
2019-09-24 17:00:00,88.1,36,0.0,0.31,331.0
2019-09-24 18:00:00,88.1,37,0.0,0.28,287.0
2019-09-24 19:00:00,87.4,47,0.0,0.14,149.0
2019-09-24 20:00:00,85.6,52,0.0,0.04,11.0
2019-09-24 21:00:00,84.1,62,0.0,0.08,0.0
2019-09-24 22:00:00,82.9,72,0.0,0.04,0.0
2019-09-24 23:00:00,81.9,76,0.0,0.03,0.0
2019-09-25 00:00:00,80.9,76,0.0,0.03,0.0
2019-09-25 01:00:00,80.1,79,0.0,0.02,0.0
2019-09-25 02:00:00,79.4,83,0.0,0.01,0.0
2019-09-25 03:00:00,78.7,85,0.0,0.01,0.0
2019-09-25 04:00:00,78.2,88,0.0,0.0,0.0
2019-09-25 05:00:00,77.8,89,0.0,0.0,0.0
2019-09-25 06:00:00,77.5,89,0.0,0.0,0.0
2019-09-25 07:00:00,77.1,87,0.0,0.0,0.0
2019-09-25 08:00:00,75.0,90,0.0,0.01,11.0
2019-09-25 09:00:00,76.2,77,0.0,0.1,145.0
2019-09-25 10:00:00,78.2,65,0.0,0.25,342.0
2019-09-25 11:00:00,80.8,55,0.0,0.41,549.0
2019-09-25 12:00:00,83.6,45,0.0,0.55,703.0
2019-09-25 13:00:00,85.6,42,0.0,0.49,590.0
2019-09-25 14:00:00,87.5,38,0.0,0.59,704.0
2019-09-25 15:00:00,89.2,37,0.0,0.6,707.0
2019-09-25 16:00:00,90.1,36,0.0,0.49,587.0
2019-09-25 17:00:00,90.5,36,0.0,0.37,434.0
2019-09-25 18:00:00,90.3,41,0.0,0.24,280.0
2019-09-25 19:00:00,89.3,52,0.0,0.12,125.0
2019-09-25 20:00:00,88.0,60,0.0,0.09,10.0
2019-09-25 21:00:00,86.5,70,0.0,0.04,0.0
2019-09-25 22:00:00,85.0,75,0.0,0.01,0.0
2019-09-25 23:00:00,83.5,75,0.0,0.01,0.0
2019-09-26 00:00:00,82.4,76,0.0,0.02,0.0
2019-09-26 01:00:00,81.4,80,0.0,0.01,0.0
2019-09-26 02:00:00,80.4,87,0.0,0.0,0.0
2019-09-26 03:00:00,79.6,84,0.0,0.0,0.0
2019-09-26 04:00:00,79.1,86,0.0,0.01,0.0
2019-09-26 05:00:00,78.6,89,0.0,0.0,0.0
2019-09-26 06:00:00,78.3,91,0.0,0.0,0.0
2019-09-26 07:00:00,77.8,91,0.0,0.0,0.0
2019-09-26 08:00:00,76.4,91,0.0,0.01,11.0
2019-09-26 09:00:00,77.5,74,0.0,0.11,138.0
2019-09-26 10:00:00,79.5,59,0.0,0.26,343.0
2019-09-26 11:00:00,82.1,47,0.0,0.41,543.0
2019-09-26 12:00:00,84.9,37,0.0,0.54,696.0
2019-09-26 13:00:00,87.4,32,0.0,0.58,762.0
2019-09-26 14:00:00,89.4,30,0.0,0.56,739.0
2019-09-26 15:00:00,90.9,29,0.0,0.53,680.0
2019-09-26 16:00:00,91.9,28,0.0,0.49,626.0
2019-09-26 17:00:00,92.4,29,0.0,0.39,497.0
2019-09-26 18:00:00,92.2,29,0.0,0.25,293.0
2019-09-26 19:00:00,91.0,51,0.0,0.14,102.0
2019-09-26 20:00:00,89.9,69,0.0,0.07,9.0
2019-09-26 21:00:00,88.1,72,0.0,0.05,0.0
2019-09-26 22:00:00,86.5,75,0.0,0.03,0.0
2019-09-26 23:00:00,85.2,76,0.0,0.02,0.0
2019-09-27 00:00:00,84.0,75,0.0,0.02,0.0
2019-09-27 01:00:00,83.1,77,0.0,0.03,0.0
2019-09-27 02:00:00,82.5,79,0.0,0.02,0.0
2019-09-27 03:00:00,82.0,80,0.0,0.01,0.0
2019-09-27 04:00:00,81.2,83,0.0,0.01,0.0
2019-09-27 05:00:00,80.6,87,0.0,0.0,0.0
2019-09-27 06:00:00,80.1,90,0.0,0.0,0.0
2019-09-27 07:00:00,79.4,93,0.0,0.0,0.0
2019-09-27 08:00:00,77.7,90,0.0,0.01,10.0
2019-09-27 09:00:00,78.8,80,0.0,0.1,136.0
2019-09-27 10:00:00,80.8,68,0.0,0.24,322.0
2019-09-27 11:00:00,83.1,57,0.0,0.4,513.0
2019-09-27 12:00:00,85.6,48,0.0,0.53,675.0
2019-09-27 13:00:00,87.7,44,0.0,0.55,698.0
2019-09-27 14:00:00,89.3,41,0.0,0.55,660.0
2019-09-27 15:00:00,90.6,40,0.0,0.55,656.0
2019-09-27 16:00:00,91.1,40,0.0,0.45,513.0
2019-09-27 17:00:00,91.1,44,0.0,0.39,425.0
2019-09-27 18:00:00,90.3,58,0.0,0.25,272.0
2019-09-27 19:00:00,89.2,63,0.0,0.13,121.0
2019-09-27 20:00:00,88.3,65,0.0,0.05,8.0
2019-09-27 21:00:00,86.5,72,0.0,0.03,0.0
2019-09-27 22:00:00,85.1,80,0.0,0.01,0.0
2019-09-27 23:00:00,83.9,86,0.0,0.01,0.0
2019-09-28 00:00:00,82.9,92,0.0,0.0,0.0
2019-09-28 01:00:00,82.0,96,0.0,0.0,0.0
2019-09-28 02:00:00,81.1,96,0.0,0.0,0.0
2019-09-28 03:00:00,80.3,97,0.0,0.0,0.0
2019-09-28 04:00:00,79.6,99,0.0,0.0,0.0
2019-09-28 05:00:00,79.1,99,0.0,0.0,0.0
2019-09-28 06:00:00,78.5,100,0.0,0.0,0.0
2019-09-28 07:00:00,78.4,100,0.0,0.0,0.0
2019-09-28 08:00:00,77.0,99,0.0,0.0,6.0
2019-09-28 09:00:00,78.0,87,0.0,0.08,120.0
2019-09-28 10:00:00,79.6,74,0.0,0.2,273.0
2019-09-28 11:00:00,81.3,65,0.0,0.29,385.0
2019-09-28 12:00:00,83.3,58,0.1,0.42,550.0
2019-09-28 13:00:00,85.2,53,0.1,0.51,654.0
2019-09-28 14:00:00,86.6,52,0.2,0.51,641.0
2019-09-28 15:00:00,87.5,51,0.1,0.48,591.0
2019-09-28 16:00:00,88.2,51,0.0,0.43,527.0
2019-09-28 17:00:00,88.6,49,0.0,0.38,468.0
2019-09-28 18:00:00,88.5,49,0.0,0.27,308.0
2019-09-28 19:00:00,87.8,65,0.0,0.1,125.0
2019-09-28 20:00:00,86.1,58,0.0,0.07,7.0
2019-09-28 21:00:00,85.0,66,0.0,0.04,0.0
2019-09-28 22:00:00,83.7,71,0.0,0.02,0.0
2019-09-28 23:00:00,82.3,80,0.0,0.01,0.0
2019-09-29 00:00:00,81.1,77,0.0,0.01,0.0
2019-09-29 01:00:00,80.1,74,0.0,0.02,0.0
2019-09-29 02:00:00,79.5,73,0.0,0.03,0.0
2019-09-29 03:00:00,79.0,78,0.0,0.02,0.0
2019-09-29 04:00:00,78.4,83,0.0,0.01,0.0
2019-09-29 05:00:00,77.7,86,0.0,0.0,0.0
2019-09-29 06:00:00,77.2,88,0.0,0.0,0.0
2019-09-29 07:00:00,76.7,91,0.0,0.0,0.0
2019-09-29 08:00:00,75.3,90,0.0,0.01,10.0
2019-09-29 09:00:00,76.2,81,0.0,0.1,144.0
2019-09-29 10:00:00,77.9,70,0.0,0.25,353.0
2019-09-29 11:00:00,80.0,59,0.0,0.4,548.0
2019-09-29 12:00:00,82.0,52,0.0,0.5,649.0
2019-09-29 13:00:00,83.9,46,0.0,0.57,725.0
2019-09-29 14:00:00,85.9,42,0.0,0.65,818.0
2019-09-29 15:00:00,87.4,41,0.0,0.63,782.0
2019-09-29 16:00:00,88.3,39,0.0,0.55,684.0
2019-09-29 17:00:00,88.9,37,0.0,0.42,528.0
2019-09-29 18:00:00,89.0,38,0.0,0.28,340.0
2019-09-29 19:00:00,88.0,55,0.0,0.13,139.0
2019-09-29 20:00:00,86.6,50,0.0,0.04,8.0
2019-09-29 21:00:00,84.1,60,0.0,0.03,0.0
2019-09-29 22:00:00,82.2,52,0.0,0.05,0.0
2019-09-29 23:00:00,81.1,54,0.0,0.07,0.0
2019-09-30 00:00:00,80.3,60,0.0,0.06,0.0
2019-09-30 01:00:00,79.8,64,0.0,0.05,0.0
2019-09-30 02:00:00,79.3,70,0.0,0.03,0.0
2019-09-30 03:00:00,78.6,75,0.0,0.02,0.0
2019-09-30 04:00:00,77.9,79,0.0,0.01,0.0
2019-09-30 05:00:00,77.2,83,0.0,0.01,0.0
2019-09-30 06:00:00,76.6,87,0.0,0.0,0.0
2019-09-30 07:00:00,75.9,90,0.0,0.0,0.0
2019-09-30 08:00:00,75.1,93,0.0,0.0,9.0
2019-09-30 09:00:00,76.2,83,0.0,0.09,144.0
2019-09-30 10:00:00,78.2,71,0.0,0.24,350.0
2019-09-30 11:00:00,80.6,58,0.0,0.4,543.0
2019-09-30 12:00:00,83.1,49,0.0,0.54,696.0
2019-09-30 13:00:00,85.6,43,0.0,0.63,791.0
2019-09-30 14:00:00,87.5,39,0.0,0.64,790.0
2019-09-30 15:00:00,89.1,37,0.0,0.61,729.0
2019-09-30 16:00:00,90.2,35,0.0,0.55,646.0
2019-09-30 17:00:00,90.8,34,0.0,0.45,512.0
2019-09-30 18:00:00,90.8,35,0.0,0.32,324.0
2019-09-30 19:00:00,89.7,50,0.0,0.13,131.0
2019-09-30 20:00:00,87.2,47,0.0,0.07,7.0
2019-09-30 21:00:00,85.4,52,0.0,0.08,0.0
2019-09-30 22:00:00,83.9,57,0.0,0.05,0.0
2019-09-30 23:00:00,82.8,60,0.0,0.05,0.0
2019-10-01 00:00:00,81.7,65,0.0,0.02,0.0
2019-10-01 01:00:00,80.6,71,0.0,0.02,0.0
2019-10-01 02:00:00,79.7,70,0.0,0.02,0.0
2019-10-01 03:00:00,79.1,71,0.0,0.01,0.0
2019-10-01 04:00:00,78.4,71,0.0,0.02,0.0
2019-10-01 05:00:00,78.0,72,0.0,0.03,0.0
2019-10-01 06:00:00,77.6,75,0.0,0.02,0.0
2019-10-01 07:00:00,77.3,79,0.0,0.02,0.0
2019-10-01 08:00:00,75.7,81,0.0,0.02,9.0
2019-10-01 09:00:00,76.8,75,0.0,0.1,137.0
2019-10-01 10:00:00,78.6,71,0.0,0.23,313.0
2019-10-01 11:00:00,80.8,60,0.0,0.38,494.0
2019-10-01 12:00:00,82.9,53,0.1,0.5,613.0
2019-10-01 13:00:00,84.7,49,0.1,0.54,643.0
2019-10-01 14:00:00,86.4,45,0.1,0.58,677.0
2019-10-01 15:00:00,87.6,43,0.1,0.58,662.0
2019-10-01 16:00:00,88.6,42,0.0,0.52,573.0
2019-10-01 17:00:00,89.1,42,0.0,0.44,439.0
2019-10-01 18:00:00,88.9,44,0.0,0.3,253.0
2019-10-01 19:00:00,88.1,49,0.0,0.19,101.0
2019-10-01 20:00:00,85.6,55,0.0,0.09,4.0
2019-10-01 21:00:00,84.5,59,0.0,0.06,0.0
2019-10-01 22:00:00,83.4,59,0.0,0.07,0.0
2019-10-01 23:00:00,82.5,61,0.0,0.05,0.0
2019-10-02 00:00:00,81.7,64,0.0,0.05,0.0
2019-10-02 01:00:00,81.0,69,0.0,0.04,0.0
2019-10-02 02:00:00,80.2,73,0.0,0.02,0.0
2019-10-02 03:00:00,79.3,77,0.0,0.02,0.0
2019-10-02 04:00:00,78.6,81,0.0,0.01,0.0
2019-10-02 05:00:00,78.0,85,0.0,0.0,0.0
2019-10-02 06:00:00,77.2,88,0.0,0.0,0.0
2019-10-02 07:00:00,76.6,92,0.0,0.0,0.0
2019-10-02 08:00:00,74.5,92,0.0,0.01,8.0
2019-10-02 09:00:00,75.7,82,0.0,0.09,141.0
2019-10-02 10:00:00,77.5,69,0.0,0.25,347.0
2019-10-02 11:00:00,80.0,55,0.0,0.41,541.0
2019-10-02 12:00:00,82.5,48,0.0,0.54,692.0
2019-10-02 13:00:00,84.8,42,0.0,0.64,789.0
2019-10-02 14:00:00,86.6,39,0.0,0.63,726.0
2019-10-02 15:00:00,87.8,37,0.0,0.56,617.0
2019-10-02 16:00:00,88.8,35,0.0,0.53,571.0
2019-10-02 17:00:00,89.2,36,0.0,0.4,392.0
2019-10-02 18:00:00,89.2,36,0.0,0.29,290.0
2019-10-02 19:00:00,88.3,46,0.0,0.12,113.0
2019-10-02 20:00:00,86.2,53,0.0,0.04,5.0
2019-10-02 21:00:00,84.5,53,0.0,0.07,0.0
2019-10-02 22:00:00,83.4,57,0.0,0.04,0.0
2019-10-02 23:00:00,81.9,68,0.0,0.01,0.0
2019-10-03 00:00:00,80.5,73,0.0,0.02,0.0
2019-10-03 01:00:00,79.3,73,0.0,0.01,0.0
2019-10-03 02:00:00,78.4,78,0.0,0.01,0.0
2019-10-03 03:00:00,77.7,81,0.0,0.01,0.0
2019-10-03 04:00:00,77.0,84,0.0,0.0,0.0
2019-10-03 05:00:00,76.3,87,0.0,0.0,0.0
2019-10-03 06:00:00,75.7,88,0.0,0.0,0.0
2019-10-03 07:00:00,75.1,89,0.0,0.0,0.0
2019-10-03 08:00:00,72.4,90,0.0,0.0,8.0
2019-10-03 09:00:00,74.1,78,0.0,0.08,139.0
2019-10-03 10:00:00,76.6,71,0.0,0.23,345.0
2019-10-03 11:00:00,79.4,56,0.0,0.4,538.0
2019-10-03 12:00:00,82.2,48,0.0,0.55,692.0
2019-10-03 13:00:00,84.7,41,0.0,0.65,786.0
2019-10-03 14:00:00,86.7,37,0.0,0.64,739.0
2019-10-03 15:00:00,88.4,34,0.0,0.65,742.0
2019-10-03 16:00:00,89.5,32,0.0,0.58,655.0
2019-10-03 17:00:00,90.1,33,0.0,0.47,523.0
2019-10-03 18:00:00,90.1,35,0.0,0.29,330.0
2019-10-03 19:00:00,88.7,54,0.0,0.12,124.0
2019-10-03 20:00:00,87.1,51,0.0,0.07,4.0
2019-10-03 21:00:00,85.3,67,0.0,0.04,0.0
2019-10-03 22:00:00,83.8,78,0.0,0.02,0.0
2019-10-03 23:00:00,82.3,80,0.0,0.01,0.0
2019-10-04 00:00:00,81.0,85,0.0,0.0,0.0
2019-10-04 01:00:00,79.7,85,0.0,0.0,0.0
2019-10-04 02:00:00,78.9,85,0.0,0.01,0.0
2019-10-04 03:00:00,78.1,87,0.0,0.0,0.0
2019-10-04 04:00:00,77.4,89,0.0,0.0,0.0
2019-10-04 05:00:00,76.8,92,0.0,0.0,0.0
2019-10-04 06:00:00,76.5,93,0.0,0.0,0.0
2019-10-04 07:00:00,76.0,94,0.0,0.0,0.0
2019-10-04 08:00:00,73.7,94,0.0,0.0,7.0
2019-10-04 09:00:00,75.2,80,0.0,0.08,123.0
2019-10-04 10:00:00,77.5,64,0.0,0.22,316.0
2019-10-04 11:00:00,80.2,54,0.0,0.38,510.0
2019-10-04 12:00:00,83.0,45,0.0,0.54,689.0
2019-10-04 13:00:00,85.6,38,0.0,0.6,731.0
2019-10-04 14:00:00,87.5,35,0.0,0.58,686.0
2019-10-04 15:00:00,89.2,33,0.0,0.58,686.0
2019-10-04 16:00:00,90.1,32,0.0,0.5,580.0
2019-10-04 17:00:00,90.5,32,0.0,0.37,414.0
2019-10-04 18:00:00,90.3,37,0.0,0.23,261.0
2019-10-04 19:00:00,89.4,41,0.0,0.21,96.0
2019-10-04 20:00:00,87.8,56,0.0,0.1,3.0
2019-10-04 21:00:00,86.0,72,0.0,0.04,0.0
2019-10-04 22:00:00,84.5,75,0.0,0.03,0.0
2019-10-04 23:00:00,83.2,78,0.0,0.02,0.0
2019-10-05 00:00:00,82.0,83,0.0,0.01,0.0
2019-10-05 01:00:00,81.0,86,0.0,0.0,0.0
2019-10-05 02:00:00,79.9,87,0.0,0.0,0.0
2019-10-05 03:00:00,78.9,88,0.0,0.0,0.0
2019-10-05 04:00:00,78.0,89,0.0,0.0,0.0
2019-10-05 05:00:00,77.3,91,0.0,0.0,0.0
2019-10-05 06:00:00,76.6,91,0.0,0.0,0.0
2019-10-05 07:00:00,75.9,94,0.0,0.0,0.0
2019-10-05 08:00:00,73.9,96,0.0,0.0,7.0
2019-10-05 09:00:00,75.2,84,0.0,0.09,136.0
2019-10-05 10:00:00,77.4,67,0.0,0.25,342.0
2019-10-05 11:00:00,80.0,54,0.0,0.41,538.0
2019-10-05 12:00:00,82.6,47,0.0,0.54,691.0
2019-10-05 13:00:00,84.9,41,0.0,0.61,759.0
2019-10-05 14:00:00,86.8,39,0.0,0.61,742.0
2019-10-05 15:00:00,88.3,37,0.0,0.6,720.0
2019-10-05 16:00:00,89.1,37,0.0,0.52,618.0
2019-10-05 17:00:00,89.3,36,0.0,0.43,487.0
2019-10-05 18:00:00,89.0,36,0.0,0.31,309.0
2019-10-05 19:00:00,87.8,52,0.0,0.12,114.0
2019-10-05 20:00:00,86.0,58,0.0,0.05,3.0
2019-10-05 21:00:00,84.4,52,0.0,0.09,0.0
2019-10-05 22:00:00,83.5,55,0.0,0.08,0.0
2019-10-05 23:00:00,82.5,60,0.0,0.06,0.0
2019-10-06 00:00:00,81.8,65,0.0,0.06,0.0
2019-10-06 01:00:00,81.1,66,0.0,0.05,0.0
2019-10-06 02:00:00,80.4,73,0.0,0.04,0.0
2019-10-06 03:00:00,79.6,83,0.0,0.02,0.0
2019-10-06 04:00:00,79.1,86,0.0,0.01,0.0
2019-10-06 05:00:00,78.6,85,0.0,0.02,0.0
2019-10-06 06:00:00,78.3,87,0.0,0.01,0.0
2019-10-06 07:00:00,78.1,85,0.0,0.02,0.0
2019-10-06 08:00:00,78.2,82,0.2,0.04,3.0
2019-10-06 09:00:00,78.4,78,0.0,0.1,118.0
2019-10-06 10:00:00,79.3,68,0.0,0.25,309.0
2019-10-06 11:00:00,80.7,63,0.1,0.35,444.0
2019-10-06 12:00:00,82.3,58,0.0,0.45,579.0
2019-10-06 13:00:00,84.0,55,0.0,0.52,659.0
2019-10-06 14:00:00,85.3,54,0.0,0.5,610.0
2019-10-06 15:00:00,86.3,51,0.0,0.47,557.0
2019-10-06 16:00:00,87.1,47,0.0,0.45,521.0
2019-10-06 17:00:00,87.4,46,0.0,0.38,393.0
2019-10-06 18:00:00,87.2,48,0.0,0.28,246.0
2019-10-06 19:00:00,86.3,51,0.0,0.15,88.0
2019-10-06 20:00:00,83.8,62,0.0,0.1,2.0
2019-10-06 21:00:00,82.7,69,0.0,0.07,0.0
2019-10-06 22:00:00,81.5,71,0.0,0.06,0.0
2019-10-06 23:00:00,80.7,71,0.0,0.06,0.0
2019-10-07 00:00:00,80.0,72,0.0,0.06,0.0
2019-10-07 01:00:00,79.3,76,0.0,0.04,0.0
2019-10-07 02:00:00,78.8,79,0.0,0.03,0.0
2019-10-07 03:00:00,78.4,81,0.0,0.02,0.0
2019-10-07 04:00:00,77.8,83,0.0,0.02,0.0
2019-10-07 05:00:00,77.4,85,0.0,0.01,0.0
2019-10-07 06:00:00,76.9,86,0.0,0.01,0.0
2019-10-07 07:00:00,76.6,86,0.0,0.01,0.0
2019-10-07 08:00:00,76.5,85,0.0,0.02,6.0
2019-10-07 09:00:00,76.8,75,0.0,0.1,127.0
2019-10-07 10:00:00,78.0,67,0.0,0.24,323.0
2019-10-07 11:00:00,79.8,59,0.0,0.37,479.0
2019-10-07 12:00:00,81.6,53,0.0,0.44,551.0
2019-10-07 13:00:00,83.1,50,0.0,0.42,507.0
2019-10-07 14:00:00,84.4,47,0.0,0.43,489.0
2019-10-07 15:00:00,85.6,46,0.0,0.47,532.0
2019-10-07 16:00:00,85.6,52,0.0,0.36,387.0
2019-10-07 17:00:00,85.8,52,0.0,0.36,405.0
2019-10-07 18:00:00,85.6,55,0.0,0.24,236.0
2019-10-07 19:00:00,84.4,64,0.1,0.11,82.0
2019-10-07 20:00:00,80.8,64,0.2,0.07,2.0
2019-10-07 21:00:00,80.2,68,0.0,0.05,0.0
2019-10-07 22:00:00,79.4,76,0.0,0.02,0.0
2019-10-07 23:00:00,78.6,80,0.0,0.01,0.0
2019-10-08 00:00:00,77.8,84,0.0,0.01,0.0
2019-10-08 01:00:00,77.2,86,0.0,0.01,0.0
2019-10-08 02:00:00,76.5,88,0.0,0.0,0.0
2019-10-08 03:00:00,75.9,89,0.0,0.0,0.0
2019-10-08 04:00:00,75.5,90,0.0,0.0,0.0
2019-10-08 05:00:00,75.1,90,0.0,0.0,0.0
2019-10-08 06:00:00,74.9,90,0.0,0.0,0.0
2019-10-08 07:00:00,74.7,91,0.0,0.0,0.0
2019-10-08 08:00:00,72.7,86,0.0,0.02,5.0
2019-10-08 09:00:00,73.6,75,0.0,0.1,124.0
2019-10-08 10:00:00,75.3,62,0.0,0.25,321.0
2019-10-08 11:00:00,77.5,53,0.0,0.4,513.0
2019-10-08 12:00:00,80.0,47,0.0,0.52,660.0
2019-10-08 13:00:00,82.2,42,0.0,0.6,754.0
2019-10-08 14:00:00,84.3,38,0.0,0.63,788.0
2019-10-08 15:00:00,85.9,35,0.0,0.6,730.0
2019-10-08 16:00:00,86.9,34,0.0,0.51,606.0
2019-10-08 17:00:00,87.4,35,0.0,0.4,455.0
2019-10-08 18:00:00,87.2,35,0.0,0.28,286.0
2019-10-08 19:00:00,85.9,46,0.0,0.1,94.0
2019-10-08 20:00:00,84.3,51,0.0,0.09,2.0
2019-10-08 21:00:00,82.9,52,0.0,0.08,0.0
2019-10-08 22:00:00,81.7,53,0.0,0.08,0.0
2019-10-08 23:00:00,80.7,58,0.0,0.06,0.0
2019-10-09 00:00:00,79.5,66,0.0,0.02,0.0
2019-10-09 01:00:00,78.4,71,0.0,0.03,0.0
2019-10-09 02:00:00,77.6,79,0.0,0.01,0.0
2019-10-09 03:00:00,76.9,86,0.0,0.0,0.0
2019-10-09 04:00:00,76.4,89,0.0,0.0,0.0
2019-10-09 05:00:00,76.0,88,0.0,0.0,0.0
2019-10-09 06:00:00,75.6,86,0.0,0.0,0.0
2019-10-09 07:00:00,75.2,86,0.0,0.01,0.0
2019-10-09 08:00:00,74.7,90,0.0,0.01,5.0
2019-10-09 09:00:00,75.1,81,0.0,0.09,118.0
2019-10-09 10:00:00,76.3,69,0.0,0.23,317.0
2019-10-09 11:00:00,78.1,58,0.0,0.38,508.0
2019-10-09 12:00:00,80.2,51,0.0,0.5,663.0
2019-10-09 13:00:00,82.1,46,0.0,0.56,714.0
2019-10-09 14:00:00,83.7,43,0.0,0.57,715.0
2019-10-09 15:00:00,84.9,41,0.0,0.55,675.0
2019-10-09 16:00:00,85.6,41,0.0,0.48,556.0
2019-10-09 17:00:00,85.5,44,0.0,0.38,413.0
2019-10-09 18:00:00,85.0,44,0.0,0.27,266.0
2019-10-09 19:00:00,84.0,48,0.0,0.11,90.0
2019-10-09 20:00:00,82.9,58,0.0,0.1,1.0
2019-10-09 21:00:00,81.5,61,0.0,0.08,0.0
2019-10-09 22:00:00,80.2,62,0.0,0.08,0.0
2019-10-09 23:00:00,79.1,66,0.0,0.06,0.0
2019-10-10 00:00:00,78.0,70,0.0,0.04,0.0
2019-10-10 01:00:00,77.0,75,0.0,0.02,0.0
2019-10-10 02:00:00,76.0,80,0.0,0.01,0.0
2019-10-10 03:00:00,75.1,83,0.0,0.01,0.0
2019-10-10 04:00:00,74.3,84,0.0,0.01,0.0
2019-10-10 05:00:00,73.7,85,0.0,0.01,0.0
2019-10-10 06:00:00,73.0,85,0.0,0.01,0.0
2019-10-10 07:00:00,72.6,87,0.0,0.01,0.0
2019-10-10 08:00:00,70.5,84,0.0,0.02,5.0
2019-10-10 09:00:00,71.3,75,0.0,0.09,128.0
2019-10-10 10:00:00,73.0,66,0.0,0.23,334.0
2019-10-10 11:00:00,75.2,60,0.0,0.37,528.0
2019-10-10 12:00:00,77.5,54,0.0,0.49,679.0
2019-10-10 13:00:00,79.9,48,0.0,0.58,776.0
2019-10-10 14:00:00,82.0,42,0.0,0.62,806.0
2019-10-10 15:00:00,83.7,38,0.0,0.61,761.0
2019-10-10 16:00:00,84.7,34,0.0,0.54,629.0
2019-10-10 17:00:00,85.1,31,0.0,0.43,453.0
2019-10-10 18:00:00,84.8,31,0.0,0.31,299.0
2019-10-10 19:00:00,83.8,35,0.0,0.15,101.0
2019-10-10 20:00:00,82.7,39,0.0,0.12,1.0
2019-10-10 21:00:00,81.0,42,0.0,0.1,0.0
2019-10-10 22:00:00,79.5,45,0.0,0.09,0.0
2019-10-10 23:00:00,78.2,48,0.0,0.08,0.0
2019-10-11 00:00:00,77.1,52,0.0,0.07,0.0
2019-10-11 01:00:00,76.0,58,0.0,0.05,0.0
2019-10-11 02:00:00,75.0,66,0.0,0.03,0.0
2019-10-11 03:00:00,74.1,75,0.0,0.02,0.0
2019-10-11 04:00:00,73.3,84,0.0,0.01,0.0
2019-10-11 05:00:00,72.5,90,0.0,0.0,0.0
2019-10-11 06:00:00,71.8,94,0.0,0.0,0.0
2019-10-11 07:00:00,71.2,94,0.0,0.0,0.0
2019-10-11 08:00:00,68.9,91,0.0,0.0,5.0
2019-10-11 09:00:00,69.8,78,0.0,0.08,128.0
2019-10-11 10:00:00,71.5,66,0.0,0.23,337.0
2019-10-11 11:00:00,73.8,53,0.0,0.37,533.0
2019-10-11 12:00:00,76.3,43,0.0,0.49,687.0
2019-10-11 13:00:00,78.7,38,0.0,0.57,783.0
2019-10-11 14:00:00,80.9,35,0.0,0.59,813.0
2019-10-11 15:00:00,82.6,33,0.0,0.57,773.0
2019-10-11 16:00:00,83.7,31,0.0,0.5,667.0
2019-10-11 17:00:00,84.1,31,0.0,0.39,504.0
2019-10-11 18:00:00,83.8,32,0.0,0.25,303.0
2019-10-11 19:00:00,82.2,42,0.0,0.09,98.0
2019-10-11 20:00:00,80.7,43,0.0,0.08,1.0
2019-10-11 21:00:00,79.0,42,0.0,0.08,0.0
2019-10-11 22:00:00,76.9,53,0.0,0.05,0.0
2019-10-11 23:00:00,75.1,49,0.0,0.04,0.0
2019-10-12 00:00:00,73.7,45,0.0,0.06,0.0
2019-10-12 01:00:00,72.8,48,0.0,0.07,0.0
2019-10-12 02:00:00,72.3,60,0.0,0.05,0.0
2019-10-12 03:00:00,72.0,72,0.0,0.02,0.0
2019-10-12 04:00:00,71.4,79,0.0,0.01,0.0
2019-10-12 05:00:00,71.0,84,0.0,0.0,0.0
2019-10-12 06:00:00,70.4,87,0.0,0.0,0.0
2019-10-12 07:00:00,69.9,89,0.0,0.0,0.0
2019-10-12 08:00:00,66.9,89,0.0,0.0,4.0
2019-10-12 09:00:00,68.5,77,0.0,0.07,119.0
2019-10-12 10:00:00,70.8,67,0.0,0.2,313.0
2019-10-12 11:00:00,73.7,60,0.0,0.34,496.0
2019-10-12 12:00:00,76.6,48,0.0,0.45,648.0
2019-10-12 13:00:00,79.3,43,0.0,0.49,681.0
2019-10-12 14:00:00,81.5,37,0.0,0.52,718.0
2019-10-12 15:00:00,83.2,33,0.0,0.44,600.0
2019-10-12 16:00:00,84.9,30,0.0,0.46,630.0
2019-10-12 17:00:00,85.4,35,0.0,0.41,411.0
2019-10-12 18:00:00,84.7,39,0.0,0.2,167.0
2019-10-12 19:00:00,83.2,55,0.0,0.08,81.0
2019-10-12 20:00:00,82.0,68,0.0,0.06,0.0
2019-10-12 21:00:00,80.3,72,0.0,0.03,0.0
2019-10-12 22:00:00,79.0,75,0.0,0.02,0.0
2019-10-12 23:00:00,77.7,79,0.0,0.01,0.0
2019-10-13 00:00:00,76.5,83,0.0,0.0,0.0
2019-10-13 01:00:00,75.3,84,0.0,0.0,0.0
2019-10-13 02:00:00,74.4,86,0.0,0.0,0.0
2019-10-13 03:00:00,73.5,90,0.0,0.0,0.0
2019-10-13 04:00:00,72.7,94,0.0,0.0,0.0
2019-10-13 05:00:00,71.9,95,0.0,0.0,0.0
2019-10-13 06:00:00,71.2,94,0.0,0.0,0.0
2019-10-13 07:00:00,70.8,95,0.0,0.0,0.0
2019-10-13 08:00:00,67.5,94,0.0,0.0,4.0
2019-10-13 09:00:00,69.1,82,0.0,0.07,118.0
2019-10-13 10:00:00,71.6,72,0.0,0.21,317.0
2019-10-13 11:00:00,74.7,60,0.0,0.37,506.0
2019-10-13 12:00:00,77.5,52,0.0,0.44,580.0
2019-10-13 13:00:00,80.0,46,0.0,0.51,657.0
2019-10-13 14:00:00,82.1,41,0.0,0.53,672.0
2019-10-13 15:00:00,83.6,39,0.0,0.42,514.0
2019-10-13 16:00:00,84.3,38,0.0,0.29,334.0
2019-10-13 17:00:00,84.4,47,0.0,0.29,237.0
2019-10-13 18:00:00,83.6,54,0.0,0.21,179.0
2019-10-13 19:00:00,82.6,58,0.0,0.11,74.0
2019-10-13 20:00:00,82.3,72,0.0,0.05,0.0
2019-10-13 21:00:00,80.5,77,0.0,0.02,0.0
2019-10-13 22:00:00,79.1,79,0.0,0.01,0.0
2019-10-13 23:00:00,78.0,79,0.0,0.02,0.0
2019-10-14 00:00:00,77.1,79,0.0,0.02,0.0
2019-10-14 01:00:00,76.4,80,0.0,0.01,0.0
2019-10-14 02:00:00,75.8,83,0.0,0.0,0.0
2019-10-14 03:00:00,75.3,88,0.0,0.0,0.0
2019-10-14 04:00:00,74.7,92,0.0,0.0,0.0
2019-10-14 05:00:00,74.2,94,0.0,0.0,0.0
2019-10-14 06:00:00,73.8,94,0.0,0.0,0.0
2019-10-14 07:00:00,73.3,96,0.0,0.0,0.0
2019-10-14 08:00:00,71.6,94,0.0,0.0,3.0
2019-10-14 09:00:00,72.6,84,0.0,0.06,112.0
2019-10-14 10:00:00,74.5,73,0.0,0.2,305.0
2019-10-14 11:00:00,77.0,62,0.0,0.34,487.0
2019-10-14 12:00:00,79.6,53,0.0,0.44,616.0
2019-10-14 13:00:00,82.0,49,0.0,0.49,668.0
2019-10-14 14:00:00,83.8,48,0.0,0.49,653.0
2019-10-14 15:00:00,84.8,50,0.3,0.41,524.0
2019-10-14 16:00:00,85.4,52,0.1,0.38,503.0
2019-10-14 17:00:00,85.2,53,0.0,0.21,283.0
2019-10-14 18:00:00,84.2,70,0.4,0.12,143.0
2019-10-14 19:00:00,82.1,89,0.2,0.03,29.0
2019-10-14 20:00:00,82.3,86,0.3,0.02,0.0
2019-10-14 21:00:00,80.3,92,0.5,0.0,0.0
2019-10-14 22:00:00,78.3,100,1.0,0.0,0.0
2019-10-14 23:00:00,76.8,100,0.2,0.0,0.0
2019-10-15 00:00:00,75.9,100,0.1,0.0,0.0
2019-10-15 01:00:00,75.3,99,0.0,0.0,0.0
2019-10-15 02:00:00,74.7,99,0.0,0.0,0.0
2019-10-15 03:00:00,74.3,99,0.0,0.0,0.0
2019-10-15 04:00:00,73.9,99,0.1,0.0,0.0
2019-10-15 05:00:00,73.7,98,0.0,0.0,0.0
2019-10-15 06:00:00,73.3,98,0.2,0.0,0.0
2019-10-15 07:00:00,73.0,98,0.0,0.0,0.0
2019-10-15 08:00:00,74.1,96,0.0,0.01,2.0
2019-10-15 09:00:00,74.2,88,0.0,0.05,71.0
2019-10-15 10:00:00,74.7,83,0.0,0.09,101.0
2019-10-15 11:00:00,75.6,77,0.0,0.15,181.0
2019-10-15 12:00:00,76.5,75,0.0,0.17,199.0
2019-10-15 13:00:00,77.8,68,0.0,0.23,284.0
2019-10-15 14:00:00,78.5,71,0.3,0.18,207.0
2019-10-15 15:00:00,78.7,86,6.1,0.2,280.0
2019-10-15 16:00:00,77.5,92,7.3,0.1,136.0
2019-10-15 17:00:00,76.6,94,1.3,0.08,102.0
2019-10-15 18:00:00,75.8,100,2.0,0.04,48.0
2019-10-15 19:00:00,75.2,99,1.2,0.02,18.0
2019-10-15 20:00:00,75.8,100,0.6,0.01,0.0
2019-10-15 21:00:00,74.9,100,6.3,0.0,0.0
2019-10-15 22:00:00,74.3,100,4.2,0.0,0.0
2019-10-15 23:00:00,74.0,100,3.9,0.0,0.0
2019-10-16 00:00:00,73.9,100,3.0,0.0,0.0
2019-10-16 01:00:00,73.8,98,0.5,0.0,0.0
2019-10-16 02:00:00,73.8,98,0.0,0.0,0.0
2019-10-16 03:00:00,73.8,100,0.2,0.0,0.0
2019-10-16 04:00:00,73.7,98,0.2,0.0,0.0
2019-10-16 05:00:00,73.7,98,0.0,0.0,0.0
2019-10-16 06:00:00,73.9,98,0.0,0.0,0.0
2019-10-16 07:00:00,74.1,98,0.1,0.0,0.0
2019-10-16 08:00:00,75.3,100,0.0,0.0,2.0
2019-10-16 09:00:00,75.0,92,1.1,0.06,79.0
2019-10-16 10:00:00,74.8,92,1.1,0.09,137.0
2019-10-16 11:00:00,75.1,91,0.4,0.18,284.0
2019-10-16 12:00:00,76.3,84,0.1,0.31,485.0
2019-10-16 13:00:00,77.5,75,0.1,0.38,551.0
2019-10-16 14:00:00,78.9,62,0.0,0.46,621.0
2019-10-16 15:00:00,79.3,66,0.0,0.3,367.0
2019-10-16 16:00:00,78.5,76,0.2,0.14,134.0
2019-10-16 17:00:00,78.3,74,0.0,0.17,206.0
2019-10-16 18:00:00,77.8,76,0.0,0.12,128.0
2019-10-16 19:00:00,77.3,81,0.0,0.05,75.0
2019-10-16 20:00:00,75.7,76,0.0,0.04,0.0
2019-10-16 21:00:00,74.4,79,0.0,0.01,0.0
2019-10-16 22:00:00,73.6,82,0.0,0.02,0.0
2019-10-16 23:00:00,73.4,78,0.0,0.03,0.0
2019-10-17 00:00:00,72.9,80,0.0,0.02,0.0
2019-10-17 01:00:00,72.1,80,0.0,0.02,0.0
2019-10-17 02:00:00,71.2,80,0.0,0.02,0.0
2019-10-17 03:00:00,70.2,82,0.0,0.01,0.0
2019-10-17 04:00:00,69.1,82,0.0,0.01,0.0
2019-10-17 05:00:00,68.1,82,0.0,0.01,0.0
2019-10-17 06:00:00,67.2,79,0.0,0.01,0.0
2019-10-17 07:00:00,66.3,76,0.0,0.02,0.0
2019-10-17 08:00:00,64.8,75,0.0,0.02,3.0
2019-10-17 09:00:00,64.8,68,0.0,0.07,96.0
2019-10-17 10:00:00,65.5,59,0.0,0.17,287.0
2019-10-17 11:00:00,66.7,51,0.0,0.28,480.0
2019-10-17 12:00:00,68.4,46,0.0,0.38,613.0
2019-10-17 13:00:00,69.9,42,0.0,0.41,637.0
2019-10-17 14:00:00,71.4,39,0.0,0.45,681.0
2019-10-17 15:00:00,72.7,38,0.0,0.44,657.0
2019-10-17 16:00:00,73.4,39,0.0,0.37,547.0
2019-10-17 17:00:00,73.7,41,0.0,0.29,437.0
2019-10-17 18:00:00,73.2,52,0.0,0.15,226.0
2019-10-17 19:00:00,71.6,68,0.0,0.05,56.0
2019-10-17 20:00:00,69.3,63,0.0,0.04,0.0
2019-10-17 21:00:00,68.0,59,0.0,0.03,0.0
2019-10-17 22:00:00,67.2,60,0.0,0.04,0.0
2019-10-17 23:00:00,66.5,63,0.0,0.02,0.0
2019-10-18 00:00:00,65.9,67,0.0,0.02,0.0
2019-10-18 01:00:00,65.5,67,0.0,0.01,0.0
2019-10-18 02:00:00,65.2,68,0.0,0.02,0.0
2019-10-18 03:00:00,65.0,66,0.0,0.03,0.0
2019-10-18 04:00:00,64.9,64,0.0,0.03,0.0
2019-10-18 05:00:00,64.8,64,0.0,0.02,0.0
2019-10-18 06:00:00,64.6,65,0.0,0.02,0.0
2019-10-18 07:00:00,64.3,66,0.0,0.03,0.0
2019-10-18 08:00:00,63.5,55,0.0,0.05,2.0
2019-10-18 09:00:00,63.9,57,0.0,0.08,29.0
2019-10-18 10:00:00,64.3,57,0.0,0.09,69.0
2019-10-18 11:00:00,65.0,56,0.0,0.13,139.0
2019-10-18 12:00:00,65.5,61,0.3,0.14,153.0
2019-10-18 13:00:00,65.2,70,0.8,0.13,161.0
2019-10-18 14:00:00,64.8,75,0.7,0.13,188.0
2019-10-18 15:00:00,64.3,83,0.7,0.11,173.0
2019-10-18 16:00:00,63.9,90,0.7,0.09,132.0
2019-10-18 17:00:00,63.3,99,1.1,0.04,59.0
2019-10-18 18:00:00,63.1,99,1.2,0.03,41.0
2019-10-18 19:00:00,62.7,99,1.4,0.02,10.0
2019-10-18 20:00:00,63.1,99,1.2,0.01,0.0
2019-10-18 21:00:00,62.5,99,0.9,0.0,0.0
2019-10-18 22:00:00,61.9,99,1.4,0.0,0.0
2019-10-18 23:00:00,61.5,99,2.4,0.0,0.0
2019-10-19 00:00:00,61.5,99,2.9,0.0,0.0
2019-10-19 01:00:00,61.9,99,1.5,0.0,0.0
2019-10-19 02:00:00,62.3,99,3.0,0.0,0.0
2019-10-19 03:00:00,62.8,99,1.9,0.0,0.0
2019-10-19 04:00:00,63.3,100,0.3,0.0,0.0
2019-10-19 05:00:00,63.9,100,1.9,0.0,0.0
2019-10-19 06:00:00,64.5,99,4.3,0.0,0.0
2019-10-19 07:00:00,65.2,99,7.8,0.0,0.0
2019-10-19 08:00:00,66.8,99,6.4,0.01,1.0
2019-10-19 09:00:00,67.7,100,2.5,0.01,14.0
2019-10-19 10:00:00,68.8,97,0.1,0.05,69.0
2019-10-19 11:00:00,69.4,96,0.4,0.07,115.0
2019-10-19 12:00:00,70.3,95,0.4,0.12,219.0
2019-10-19 13:00:00,71.2,100,1.7,0.14,287.0
2019-10-19 14:00:00,72.5,96,1.4,0.21,389.0
2019-10-19 15:00:00,73.8,90,0.5,0.25,424.0
2019-10-19 16:00:00,74.8,93,0.3,0.21,344.0
2019-10-19 17:00:00,75.4,93,1.0,0.14,208.0
2019-10-19 18:00:00,75.4,97,0.4,0.08,138.0
2019-10-19 19:00:00,74.8,96,0.0,0.03,28.0
2019-10-19 20:00:00,73.3,94,0.0,0.0,0.0
2019-10-19 21:00:00,72.7,96,0.4,0.0,0.0
2019-10-19 22:00:00,71.9,97,0.4,0.0,0.0
2019-10-19 23:00:00,70.7,96,0.0,0.0,0.0
2019-10-20 00:00:00,69.7,96,0.0,0.0,0.0
2019-10-20 01:00:00,68.8,96,0.0,0.0,0.0
2019-10-20 02:00:00,68.3,95,0.0,0.0,0.0
2019-10-20 03:00:00,67.6,96,0.0,0.0,0.0
2019-10-20 04:00:00,67.2,96,0.0,0.0,0.0
2019-10-20 05:00:00,66.7,98,0.0,0.0,0.0
2019-10-20 06:00:00,66.1,97,0.0,0.0,0.0
2019-10-20 07:00:00,65.7,97,0.0,0.0,0.0
2019-10-20 08:00:00,66.0,97,0.0,0.0,2.0
2019-10-20 09:00:00,65.8,88,0.0,0.05,103.0
2019-10-20 10:00:00,66.6,80,0.0,0.16,303.0
2019-10-20 11:00:00,68.1,75,0.0,0.29,495.0
2019-10-20 12:00:00,70.0,70,0.0,0.4,644.0
2019-10-20 13:00:00,71.9,67,0.0,0.47,737.0
2019-10-20 14:00:00,73.6,64,0.0,0.51,764.0
2019-10-20 15:00:00,74.8,61,0.0,0.48,718.0
2019-10-20 16:00:00,75.6,58,0.0,0.42,613.0
2019-10-20 17:00:00,75.8,60,0.0,0.31,456.0
2019-10-20 18:00:00,75.5,69,0.0,0.16,261.0
2019-10-20 19:00:00,73.9,73,0.0,0.04,67.0
2019-10-20 20:00:00,72.6,83,0.0,0.0,0.0
2019-10-20 21:00:00,70.7,92,0.0,0.0,0.0
2019-10-20 22:00:00,69.4,94,0.0,0.0,0.0
2019-10-20 23:00:00,68.2,97,0.0,0.0,0.0
2019-10-21 00:00:00,67.3,95,0.0,0.0,0.0
2019-10-21 01:00:00,66.5,96,0.0,0.0,0.0
2019-10-21 02:00:00,65.8,99,0.0,0.0,0.0
2019-10-21 03:00:00,65.7,100,0.0,0.0,0.0
2019-10-21 04:00:00,65.8,99,0.0,0.0,0.0
2019-10-21 05:00:00,65.9,99,0.0,0.0,0.0
2019-10-21 06:00:00,66.1,100,0.0,0.0,0.0
2019-10-21 07:00:00,66.2,99,0.0,0.0,0.0
2019-10-21 08:00:00,65.2,99,0.0,0.0,1.0
2019-10-21 09:00:00,65.7,97,0.0,0.03,64.0
2019-10-21 10:00:00,66.7,90,0.0,0.12,201.0
2019-10-21 11:00:00,68.5,81,0.0,0.28,458.0
2019-10-21 12:00:00,70.6,72,0.0,0.38,591.0
2019-10-21 13:00:00,72.2,69,0.0,0.39,573.0
2019-10-21 14:00:00,73.3,69,0.0,0.33,464.0
2019-10-21 15:00:00,74.4,67,0.0,0.36,519.0
2019-10-21 16:00:00,75.1,64,0.0,0.31,420.0
2019-10-21 17:00:00,75.5,69,0.0,0.22,294.0
2019-10-21 18:00:00,75.1,80,0.0,0.1,107.0
2019-10-21 19:00:00,74.4,85,0.0,0.04,19.0
2019-10-21 20:00:00,75.8,86,0.0,0.01,0.0
2019-10-21 21:00:00,74.7,86,0.2,0.01,0.0
2019-10-21 22:00:00,73.7,90,0.0,0.0,0.0
2019-10-21 23:00:00,73.0,94,0.0,0.0,0.0
2019-10-22 00:00:00,72.5,95,0.0,0.0,0.0
2019-10-22 01:00:00,72.2,97,0.0,0.0,0.0
2019-10-22 02:00:00,72.3,97,0.0,0.0,0.0
2019-10-22 03:00:00,72.5,98,0.0,0.0,0.0
2019-10-22 04:00:00,72.8,98,0.1,0.0,0.0
2019-10-22 05:00:00,72.9,98,0.8,0.0,0.0
2019-10-22 06:00:00,72.8,100,1.1,0.0,0.0
2019-10-22 07:00:00,72.6,100,1.2,0.0,0.0
2019-10-22 08:00:00,70.9,96,5.2,0.02,0.0
2019-10-22 09:00:00,71.4,96,0.1,0.04,76.0
2019-10-22 10:00:00,72.4,93,0.2,0.11,176.0
2019-10-22 11:00:00,73.1,94,1.8,0.12,184.0
2019-10-22 12:00:00,72.9,94,1.0,0.16,280.0
2019-10-22 13:00:00,72.1,81,0.6,0.23,377.0
2019-10-22 14:00:00,71.3,70,0.1,0.19,231.0
2019-10-22 15:00:00,72.6,55,0.0,0.44,646.0
2019-10-22 16:00:00,73.7,48,0.0,0.41,596.0
2019-10-22 17:00:00,73.9,49,0.0,0.32,445.0
2019-10-22 18:00:00,73.6,58,0.0,0.18,259.0
2019-10-22 19:00:00,72.2,57,0.0,0.08,64.0
2019-10-22 20:00:00,71.8,39,0.0,0.12,0.0
2019-10-22 21:00:00,70.5,41,0.0,0.09,0.0
2019-10-22 22:00:00,68.9,42,0.0,0.08,0.0
2019-10-22 23:00:00,67.4,43,0.0,0.07,0.0
2019-10-23 00:00:00,65.9,48,0.0,0.05,0.0
2019-10-23 01:00:00,64.9,52,0.0,0.06,0.0
2019-10-23 02:00:00,64.2,55,0.0,0.05,0.0
2019-10-23 03:00:00,63.9,53,0.0,0.06,0.0
2019-10-23 04:00:00,63.4,52,0.0,0.06,0.0
2019-10-23 05:00:00,62.9,53,0.0,0.06,0.0
2019-10-23 06:00:00,62.3,57,0.0,0.05,0.0
2019-10-23 07:00:00,61.8,60,0.0,0.05,0.0
2019-10-23 08:00:00,59.7,61,0.0,0.05,1.0
2019-10-23 09:00:00,60.3,65,0.0,0.07,102.0
2019-10-23 10:00:00,61.5,57,0.0,0.18,319.0
2019-10-23 11:00:00,63.2,50,0.0,0.3,518.0
2019-10-23 12:00:00,65.0,44,0.0,0.39,656.0
2019-10-23 13:00:00,66.7,41,0.0,0.44,721.0
2019-10-23 14:00:00,68.2,39,0.0,0.47,744.0
2019-10-23 15:00:00,69.3,38,0.0,0.45,702.0
2019-10-23 16:00:00,69.9,38,0.0,0.38,575.0
2019-10-23 17:00:00,69.8,42,0.0,0.26,383.0
2019-10-23 18:00:00,69.3,53,0.0,0.15,221.0
2019-10-23 19:00:00,67.7,52,0.0,0.08,51.0
2019-10-23 20:00:00,65.7,54,0.0,0.05,0.0
2019-10-23 21:00:00,64.2,55,0.0,0.04,0.0
2019-10-23 22:00:00,63.1,57,0.0,0.04,0.0
2019-10-23 23:00:00,62.5,58,0.0,0.04,0.0
2019-10-24 00:00:00,62.2,59,0.0,0.04,0.0
2019-10-24 01:00:00,62.0,60,0.0,0.04,0.0
2019-10-24 02:00:00,61.7,62,0.0,0.04,0.0
2019-10-24 03:00:00,61.4,66,0.0,0.03,0.0
2019-10-24 04:00:00,61.0,71,0.0,0.02,0.0
2019-10-24 05:00:00,60.6,74,0.0,0.02,0.0
2019-10-24 06:00:00,60.3,75,0.0,0.01,0.0
2019-10-24 07:00:00,60.2,75,0.0,0.02,0.0
2019-10-24 08:00:00,58.1,73,0.0,0.03,1.0
2019-10-24 09:00:00,59.4,73,0.0,0.06,83.0
2019-10-24 10:00:00,61.0,70,0.0,0.11,141.0
2019-10-24 11:00:00,62.6,70,0.0,0.15,198.0
2019-10-24 12:00:00,64.4,70,0.0,0.2,286.0
2019-10-24 13:00:00,66.2,71,0.1,0.26,374.0
2019-10-24 14:00:00,67.9,71,0.0,0.28,399.0
2019-10-24 15:00:00,69.5,70,0.0,0.34,512.0
2019-10-24 16:00:00,70.7,71,0.0,0.29,428.0
2019-10-24 17:00:00,71.4,71,0.0,0.23,326.0
2019-10-24 18:00:00,71.3,79,0.0,0.08,80.0
2019-10-24 19:00:00,70.9,80,0.0,0.05,38.0
2019-10-24 20:00:00,71.5,81,0.0,0.02,0.0
2019-10-24 21:00:00,70.4,81,0.0,0.02,0.0
2019-10-24 22:00:00,69.7,81,0.0,0.02,0.0
2019-10-24 23:00:00,69.1,83,0.0,0.02,0.0
2019-10-25 00:00:00,68.8,87,0.0,0.01,0.0
2019-10-25 01:00:00,68.6,90,0.0,0.01,0.0
2019-10-25 02:00:00,68.5,91,0.0,0.0,0.0
2019-10-25 03:00:00,68.5,93,0.0,0.0,0.0
2019-10-25 04:00:00,68.5,93,0.0,0.0,0.0
2019-10-25 05:00:00,68.4,95,0.1,0.0,0.0
2019-10-25 06:00:00,68.3,97,1.3,0.0,0.0
2019-10-25 07:00:00,68.1,98,0.2,0.0,0.0
2019-10-25 08:00:00,69.4,95,0.0,0.0,1.0
2019-10-25 09:00:00,69.8,92,0.0,0.04,59.0
2019-10-25 10:00:00,70.7,87,0.0,0.12,185.0
2019-10-25 11:00:00,72.1,77,0.0,0.27,389.0
2019-10-25 12:00:00,73.5,76,0.0,0.3,419.0
2019-10-25 13:00:00,74.9,71,0.1,0.37,509.0
2019-10-25 14:00:00,76.2,67,0.1,0.43,593.0
2019-10-25 15:00:00,77.2,66,0.2,0.44,605.0
2019-10-25 16:00:00,77.5,70,0.4,0.32,427.0
2019-10-25 17:00:00,76.9,82,0.5,0.2,285.0
2019-10-25 18:00:00,76.1,89,0.5,0.1,145.0
2019-10-25 19:00:00,75.1,96,0.0,0.02,42.0
2019-10-25 20:00:00,76.4,91,0.0,0.0,0.0
2019-10-25 21:00:00,75.0,92,0.7,0.0,0.0
2019-10-25 22:00:00,73.9,95,0.0,0.0,0.0
2019-10-25 23:00:00,73.3,96,0.0,0.0,0.0
2019-10-26 00:00:00,72.8,96,0.0,0.0,0.0
2019-10-26 01:00:00,72.2,96,0.0,0.0,0.0
2019-10-26 02:00:00,71.8,96,0.0,0.0,0.0
2019-10-26 03:00:00,71.4,96,0.0,0.0,0.0
2019-10-26 04:00:00,71.2,96,0.0,0.0,0.0
2019-10-26 05:00:00,71.0,97,0.0,0.0,0.0
2019-10-26 06:00:00,70.9,98,0.0,0.0,0.0
2019-10-26 07:00:00,70.9,98,0.0,0.0,0.0
2019-10-26 08:00:00,73.0,93,0.0,0.02,0.0
2019-10-26 09:00:00,72.8,92,0.0,0.04,56.0
2019-10-26 10:00:00,73.1,87,0.0,0.13,186.0
2019-10-26 11:00:00,73.8,83,0.1,0.18,260.0
2019-10-26 12:00:00,74.8,81,0.2,0.26,384.0
2019-10-26 13:00:00,75.8,71,0.1,0.36,510.0
2019-10-26 14:00:00,76.9,72,0.1,0.37,530.0
2019-10-26 15:00:00,77.7,73,0.0,0.36,497.0
2019-10-26 16:00:00,78.2,78,0.2,0.3,448.0
2019-10-26 17:00:00,77.7,87,0.2,0.16,221.0
2019-10-26 18:00:00,77.4,89,0.2,0.11,157.0
2019-10-26 19:00:00,76.5,94,0.3,0.03,29.0
2019-10-26 20:00:00,76.4,92,0.2,0.0,0.0
2019-10-26 21:00:00,75.5,94,0.0,0.0,0.0
2019-10-26 22:00:00,74.8,95,0.0,0.0,0.0
2019-10-26 23:00:00,74.4,96,0.1,0.0,0.0
2019-10-27 00:00:00,74.2,97,0.3,0.0,0.0
2019-10-27 01:00:00,74.0,100,2.0,0.0,0.0
2019-10-27 02:00:00,73.8,100,0.9,0.0,0.0
2019-10-27 03:00:00,73.5,98,0.3,0.0,0.0
2019-10-27 04:00:00,73.2,98,0.0,0.0,0.0
2019-10-27 05:00:00,72.9,98,0.0,0.0,0.0
2019-10-27 06:00:00,72.1,96,0.0,0.0,0.0
2019-10-27 07:00:00,71.2,95,0.0,0.0,0.0
2019-10-27 08:00:00,71.9,90,0.0,0.02,0.0
2019-10-27 09:00:00,70.8,89,0.0,0.04,62.0
2019-10-27 10:00:00,70.8,82,0.0,0.15,251.0
2019-10-27 11:00:00,71.5,76,0.0,0.22,345.0
2019-10-27 12:00:00,72.4,73,0.0,0.24,356.0
2019-10-27 13:00:00,73.8,65,0.0,0.37,540.0
2019-10-27 14:00:00,75.3,61,0.0,0.47,696.0
2019-10-27 15:00:00,76.5,58,0.0,0.47,691.0
2019-10-27 16:00:00,77.0,56,0.0,0.39,579.0
2019-10-27 17:00:00,77.1,57,0.0,0.29,425.0
2019-10-27 18:00:00,76.6,69,0.0,0.15,232.0
2019-10-27 19:00:00,75.0,73,0.0,0.05,50.0
2019-10-27 20:00:00,74.5,75,0.0,0.02,0.0
2019-10-27 21:00:00,72.6,77,0.0,0.01,0.0
2019-10-27 22:00:00,71.1,78,0.0,0.01,0.0
2019-10-27 23:00:00,69.8,81,0.0,0.0,0.0
2019-10-28 00:00:00,68.8,82,0.0,0.0,0.0
2019-10-28 01:00:00,67.9,88,0.0,0.0,0.0
2019-10-28 02:00:00,67.2,86,0.0,0.0,0.0
2019-10-28 03:00:00,66.7,86,0.0,0.0,0.0
2019-10-28 04:00:00,66.2,90,0.0,0.0,0.0
2019-10-28 05:00:00,65.8,89,0.0,0.0,0.0
2019-10-28 06:00:00,65.5,89,0.0,0.0,0.0
2019-10-28 07:00:00,65.2,89,0.0,0.0,0.0
2019-10-28 08:00:00,64.7,88,0.0,0.02,0.0
2019-10-28 09:00:00,65.3,79,0.0,0.04,85.0
2019-10-28 10:00:00,66.9,69,0.0,0.15,270.0
2019-10-28 11:00:00,69.1,62,0.0,0.28,443.0
2019-10-28 12:00:00,71.3,60,0.0,0.39,591.0
2019-10-28 13:00:00,73.5,60,0.0,0.46,677.0
2019-10-28 14:00:00,75.1,60,0.0,0.46,656.0
2019-10-28 15:00:00,76.4,61,0.0,0.42,585.0
2019-10-28 16:00:00,77.0,62,0.0,0.32,429.0
2019-10-28 17:00:00,76.9,68,0.0,0.16,198.0
2019-10-28 18:00:00,76.7,75,0.0,0.1,138.0
2019-10-28 19:00:00,75.6,79,0.0,0.02,39.0
2019-10-28 20:00:00,76.4,79,1.2,0.0,0.0
2019-10-28 21:00:00,75.0,90,0.0,0.0,0.0
2019-10-28 22:00:00,73.9,87,0.0,0.0,0.0
2019-10-28 23:00:00,73.2,87,0.2,0.0,0.0
2019-10-29 00:00:00,72.5,88,0.3,0.0,0.0
2019-10-29 01:00:00,72.0,91,0.6,0.0,0.0
2019-10-29 02:00:00,71.3,99,1.6,0.0,0.0
2019-10-29 03:00:00,71.0,100,1.0,0.0,0.0
2019-10-29 04:00:00,70.7,99,1.2,0.0,0.0
2019-10-29 05:00:00,70.4,100,1.6,0.0,0.0
2019-10-29 06:00:00,70.3,100,1.2,0.0,0.0
2019-10-29 07:00:00,70.3,100,2.3,0.0,0.0
2019-10-29 08:00:00,72.5,100,2.5,0.01,0.0
2019-10-29 09:00:00,71.9,100,3.1,0.02,11.0
2019-10-29 10:00:00,71.6,100,5.1,0.02,10.0
2019-10-29 11:00:00,71.5,100,2.9,0.03,36.0
2019-10-29 12:00:00,71.8,99,0.6,0.08,120.0
2019-10-29 13:00:00,72.5,91,0.3,0.18,276.0
2019-10-29 14:00:00,73.3,88,0.1,0.22,333.0
2019-10-29 15:00:00,73.9,86,0.1,0.18,254.0
2019-10-29 16:00:00,74.0,90,0.6,0.12,170.0
2019-10-29 17:00:00,74.0,90,0.1,0.09,110.0
2019-10-29 18:00:00,73.9,93,0.1,0.06,72.0
2019-10-29 19:00:00,73.5,96,0.1,0.02,14.0
2019-10-29 20:00:00,73.5,89,0.0,0.01,0.0
2019-10-29 21:00:00,72.7,94,1.2,0.0,0.0
2019-10-29 22:00:00,71.6,99,0.5,0.0,0.0
2019-10-29 23:00:00,70.9,97,0.1,0.0,0.0
2019-10-30 00:00:00,70.6,98,0.0,0.0,0.0
2019-10-30 01:00:00,70.6,98,0.0,0.0,0.0
2019-10-30 02:00:00,70.8,99,0.0,0.0,0.0
2019-10-30 03:00:00,71.0,99,0.0,0.0,0.0
2019-10-30 04:00:00,71.2,99,0.0,0.0,0.0
2019-10-30 05:00:00,71.3,100,0.0,0.0,0.0
2019-10-30 06:00:00,71.5,100,0.0,0.0,0.0
2019-10-30 07:00:00,71.6,99,0.0,0.0,0.0
2019-10-30 08:00:00,73.2,98,0.0,0.01,0.0
2019-10-30 09:00:00,73.1,95,0.0,0.03,16.0
2019-10-30 10:00:00,73.5,91,0.0,0.07,66.0
2019-10-30 11:00:00,73.9,88,0.2,0.09,92.0
2019-10-30 12:00:00,74.7,84,0.1,0.16,203.0
2019-10-30 13:00:00,75.8,77,0.1,0.29,389.0
2019-10-30 14:00:00,76.7,74,0.0,0.29,374.0
2019-10-30 15:00:00,77.5,72,0.0,0.3,384.0
2019-10-30 16:00:00,77.8,74,0.0,0.21,248.0
2019-10-30 17:00:00,77.6,78,0.0,0.12,119.0
2019-10-30 18:00:00,77.2,84,0.1,0.06,48.0
2019-10-30 19:00:00,76.5,87,0.0,0.03,16.0
2019-10-30 20:00:00,77.0,94,0.0,0.0,0.0
2019-10-30 21:00:00,76.0,98,0.0,0.0,0.0
2019-10-30 22:00:00,75.4,99,0.0,0.0,0.0
2019-10-30 23:00:00,74.9,99,0.0,0.0,0.0
2019-10-31 00:00:00,74.7,99,0.0,0.0,0.0
2019-10-31 01:00:00,74.7,100,0.0,0.0,0.0
2019-10-31 02:00:00,74.7,100,0.0,0.0,0.0
2019-10-31 03:00:00,74.6,100,0.0,0.0,0.0
2019-10-31 04:00:00,74.6,100,0.0,0.0,0.0
2019-10-31 05:00:00,74.6,100,0.0,0.0,0.0
2019-10-31 06:00:00,74.6,100,0.0,0.0,0.0
2019-10-31 07:00:00,74.6,100,0.0,0.0,0.0
2019-10-31 08:00:00,75.7,99,0.0,0.01,0.0
2019-10-31 09:00:00,75.5,94,0.0,0.04,57.0
2019-10-31 10:00:00,75.9,85,0.1,0.15,214.0
2019-10-31 11:00:00,76.8,77,0.0,0.26,361.0
2019-10-31 12:00:00,78.0,68,0.0,0.37,497.0
2019-10-31 13:00:00,79.2,63,0.1,0.43,555.0
2019-10-31 14:00:00,79.9,69,0.4,0.42,567.0
2019-10-31 15:00:00,80.0,80,0.4,0.35,537.0
2019-10-31 16:00:00,78.7,91,1.5,0.15,230.0
2019-10-31 17:00:00,76.0,93,1.1,0.11,210.0
2019-10-31 18:00:00,73.5,90,0.0,0.08,140.0
2019-10-31 19:00:00,71.2,84,0.0,0.04,34.0
2019-10-31 20:00:00,70.1,82,0.0,0.03,0.0
2019-10-31 21:00:00,67.9,74,0.0,0.04,0.0
2019-10-31 22:00:00,66.1,70,0.0,0.05,0.0
2019-10-31 23:00:00,64.7,70,0.0,0.04,0.0
