datetime,soil_temperature,relative_humidity,precipitation,evapotranspiration,solar_radiation
2020-05-01 00:00:00,65.0,59,0.0,0.04,0.0
2020-05-01 01:00:00,63.8,62,0.0,0.04,0.0
2020-05-01 02:00:00,62.3,73,0.0,0.02,0.0
2020-05-01 03:00:00,61.0,73,0.0,0.01,0.0
2020-05-01 04:00:00,59.9,77,0.0,0.0,0.0
2020-05-01 05:00:00,59.0,74,0.0,0.01,0.0
2020-05-01 06:00:00,58.6,68,0.0,0.03,0.0
2020-05-01 07:00:00,58.6,70,0.0,0.05,0.0
2020-05-01 08:00:00,57.9,72,0.0,0.05,73.0
2020-05-01 09:00:00,59.5,60,0.0,0.15,279.0
2020-05-01 10:00:00,61.8,49,0.0,0.3,505.0
2020-05-01 11:00:00,64.3,36,0.0,0.45,711.0
2020-05-01 12:00:00,66.7,33,0.0,0.57,872.0
2020-05-01 13:00:00,68.6,33,0.0,0.64,977.0
2020-05-01 14:00:00,70.4,33,0.0,0.68,1016.0
2020-05-01 15:00:00,71.9,32,0.0,0.67,987.0
2020-05-01 16:00:00,73.0,32,0.0,0.61,891.0
2020-05-01 17:00:00,73.4,34,0.0,0.51,737.0
2020-05-01 18:00:00,73.4,37,0.0,0.38,537.0
2020-05-01 19:00:00,72.8,48,0.0,0.21,313.0
2020-05-01 20:00:00,71.5,63,0.0,0.08,104.0
2020-05-01 21:00:00,68.8,63,0.0,0.04,2.0
2020-05-01 22:00:00,66.6,68,0.0,0.02,0.0
2020-05-01 23:00:00,64.8,71,0.0,0.02,0.0
2020-05-02 00:00:00,63.3,75,0.0,0.01,0.0
2020-05-02 01:00:00,62.1,78,0.0,0.0,0.0
2020-05-02 02:00:00,61.0,76,0.0,0.01,0.0
2020-05-02 03:00:00,60.0,83,0.0,0.0,0.0
2020-05-02 04:00:00,59.1,90,0.0,0.0,0.0
2020-05-02 05:00:00,58.4,87,0.0,0.0,0.0
2020-05-02 06:00:00,57.7,86,0.0,0.0,0.0
2020-05-02 07:00:00,57.2,85,0.0,0.02,0.0
2020-05-02 08:00:00,58.3,84,0.0,0.03,75.0
2020-05-02 09:00:00,60.4,69,0.0,0.15,274.0
2020-05-02 10:00:00,63.3,51,0.0,0.31,495.0
2020-05-02 11:00:00,66.3,41,0.0,0.46,697.0
2020-05-02 12:00:00,69.1,36,0.0,0.58,857.0
2020-05-02 13:00:00,71.6,33,0.0,0.66,961.0
2020-05-02 14:00:00,73.9,31,0.0,0.7,1001.0
2020-05-02 15:00:00,75.6,29,0.0,0.69,971.0
2020-05-02 16:00:00,76.8,29,0.0,0.62,876.0
2020-05-02 17:00:00,77.5,30,0.0,0.51,713.0
2020-05-02 18:00:00,77.5,33,0.0,0.34,475.0
2020-05-02 19:00:00,76.9,53,0.0,0.2,286.0
2020-05-02 20:00:00,75.5,73,0.0,0.07,97.0
2020-05-02 21:00:00,72.5,72,0.0,0.03,2.0
2020-05-02 22:00:00,70.6,72,0.0,0.03,0.0
2020-05-02 23:00:00,69.4,64,0.0,0.04,0.0
2020-05-03 00:00:00,68.1,67,0.0,0.04,0.0
2020-05-03 01:00:00,66.7,72,0.0,0.01,0.0
2020-05-03 02:00:00,65.4,78,0.0,0.0,0.0
2020-05-03 03:00:00,64.1,86,0.0,0.0,0.0
2020-05-03 04:00:00,63.2,86,0.0,0.0,0.0
2020-05-03 05:00:00,62.4,88,0.0,0.0,0.0
2020-05-03 06:00:00,61.9,88,0.0,0.0,0.0
2020-05-03 07:00:00,61.3,90,0.0,0.02,0.0
2020-05-03 08:00:00,60.8,85,0.0,0.04,75.0
2020-05-03 09:00:00,63.0,74,0.0,0.15,273.0
2020-05-03 10:00:00,65.8,59,0.0,0.3,489.0
2020-05-03 11:00:00,68.6,46,0.0,0.45,667.0
2020-05-03 12:00:00,71.3,40,0.0,0.56,801.0
2020-05-03 13:00:00,73.5,39,0.0,0.59,810.0
2020-05-03 14:00:00,75.4,38,0.0,0.64,867.0
2020-05-03 15:00:00,77.2,34,0.0,0.69,928.0
2020-05-03 16:00:00,78.5,33,0.0,0.63,830.0
2020-05-03 17:00:00,79.2,35,0.0,0.51,633.0
2020-05-03 18:00:00,79.3,38,0.0,0.4,470.0
2020-05-03 19:00:00,78.5,49,0.0,0.24,248.0
2020-05-03 20:00:00,77.6,56,0.0,0.13,90.0
2020-05-03 21:00:00,75.6,61,0.0,0.07,2.0
2020-05-03 22:00:00,73.7,69,0.0,0.04,0.0
2020-05-03 23:00:00,72.0,78,0.0,0.02,0.0
2020-05-04 00:00:00,70.3,85,0.0,0.0,0.0
2020-05-04 01:00:00,68.8,91,0.0,0.0,0.0
2020-05-04 02:00:00,67.6,93,0.0,0.0,0.0
2020-05-04 03:00:00,66.7,94,0.0,0.0,0.0
2020-05-04 04:00:00,66.1,96,0.0,0.0,0.0
2020-05-04 05:00:00,65.6,96,0.0,0.0,0.0
2020-05-04 06:00:00,65.1,96,0.0,0.0,0.0
2020-05-04 07:00:00,64.8,97,0.0,0.01,0.0
2020-05-04 08:00:00,65.0,93,0.0,0.03,75.0
2020-05-04 09:00:00,66.4,80,0.0,0.15,268.0
2020-05-04 10:00:00,68.4,68,0.0,0.3,468.0
2020-05-04 11:00:00,70.8,55,0.0,0.45,671.0
2020-05-04 12:00:00,73.3,45,0.0,0.58,827.0
2020-05-04 13:00:00,75.7,41,0.0,0.69,956.0
2020-05-04 14:00:00,77.9,39,0.0,0.73,993.0
2020-05-04 15:00:00,79.7,37,0.0,0.72,962.0
2020-05-04 16:00:00,81.0,36,0.0,0.67,866.0
2020-05-04 17:00:00,81.7,37,0.0,0.57,717.0
2020-05-04 18:00:00,81.7,41,0.0,0.44,525.0
2020-05-04 19:00:00,80.8,48,0.0,0.29,309.0
2020-05-04 20:00:00,79.3,50,0.0,0.15,105.0
2020-05-04 21:00:00,77.4,64,0.0,0.07,3.0
2020-05-04 22:00:00,75.5,77,0.0,0.03,0.0
2020-05-04 23:00:00,73.7,87,0.0,0.01,0.0
2020-05-05 00:00:00,72.2,95,0.0,0.0,0.0
2020-05-05 01:00:00,71.0,98,0.0,0.0,0.0
2020-05-05 02:00:00,70.1,98,0.0,0.0,0.0
2020-05-05 03:00:00,69.4,99,0.0,0.0,0.0
2020-05-05 04:00:00,68.8,99,0.0,0.0,0.0
2020-05-05 05:00:00,68.4,99,0.0,0.0,0.0
2020-05-05 06:00:00,68.2,99,0.0,0.0,0.0
2020-05-05 07:00:00,68.2,99,0.0,0.01,0.0
2020-05-05 08:00:00,69.2,95,0.0,0.02,30.0
2020-05-05 09:00:00,69.9,88,0.1,0.07,101.0
2020-05-05 10:00:00,71.3,78,0.1,0.21,300.0
2020-05-05 11:00:00,73.0,66,0.0,0.34,460.0
2020-05-05 12:00:00,75.3,54,0.0,0.5,664.0
2020-05-05 13:00:00,77.5,46,0.0,0.61,771.0
2020-05-05 14:00:00,79.3,43,0.0,0.62,756.0
2020-05-05 15:00:00,81.2,40,0.0,0.72,904.0
2020-05-05 16:00:00,82.5,40,0.0,0.69,855.0
2020-05-05 17:00:00,82.9,45,0.0,0.57,697.0
2020-05-05 18:00:00,82.8,47,0.0,0.43,511.0
2020-05-05 19:00:00,82.0,52,0.0,0.28,307.0
2020-05-05 20:00:00,80.5,56,0.0,0.14,105.0
2020-05-05 21:00:00,78.9,64,0.0,0.08,3.0
2020-05-05 22:00:00,77.3,73,0.0,0.04,0.0
2020-05-05 23:00:00,75.7,83,0.0,0.02,0.0
2020-05-06 00:00:00,74.4,91,0.0,0.0,0.0
2020-05-06 01:00:00,73.2,97,0.0,0.0,0.0
2020-05-06 02:00:00,72.4,98,0.0,0.0,0.0
2020-05-06 03:00:00,71.7,98,0.0,0.0,0.0
2020-05-06 04:00:00,71.1,97,0.0,0.0,0.0
2020-05-06 05:00:00,70.4,98,0.0,0.0,0.0
2020-05-06 06:00:00,70.0,94,0.0,0.0,0.0
2020-05-06 07:00:00,69.8,86,0.0,0.04,0.0
2020-05-06 08:00:00,70.9,79,0.0,0.06,53.0
2020-05-06 09:00:00,71.7,70,0.0,0.17,222.0
2020-05-06 10:00:00,72.6,54,0.0,0.28,352.0
2020-05-06 11:00:00,74.0,41,0.0,0.45,615.0
2020-05-06 12:00:00,75.7,28,0.0,0.55,740.0
2020-05-06 13:00:00,77.5,22,0.0,0.65,864.0
2020-05-06 14:00:00,79.3,23,0.0,0.76,996.0
2020-05-06 15:00:00,80.8,23,0.0,0.77,980.0
2020-05-06 16:00:00,81.7,20,0.0,0.74,882.0
2020-05-06 17:00:00,82.3,13,0.0,0.68,741.0
2020-05-06 18:00:00,82.2,16,0.0,0.57,554.0
2020-05-06 19:00:00,81.5,17,0.0,0.42,327.0
2020-05-06 20:00:00,80.1,25,0.0,0.22,114.0
2020-05-06 21:00:00,77.8,27,0.0,0.12,3.0
2020-05-06 22:00:00,75.4,30,0.0,0.11,0.0
2020-05-06 23:00:00,73.6,31,0.0,0.11,0.0
2020-05-07 00:00:00,72.4,29,0.0,0.14,0.0
2020-05-07 01:00:00,71.3,32,0.0,0.15,0.0
2020-05-07 02:00:00,70.0,40,0.0,0.12,0.0
2020-05-07 03:00:00,68.5,46,0.0,0.1,0.0
2020-05-07 04:00:00,67.2,49,0.0,0.09,0.0
2020-05-07 05:00:00,65.8,53,0.0,0.07,0.0
2020-05-07 06:00:00,64.5,54,0.0,0.06,0.0
2020-05-07 07:00:00,63.3,55,0.0,0.03,1.0
2020-05-07 08:00:00,62.6,51,0.0,0.08,87.0
2020-05-07 09:00:00,63.1,44,0.0,0.18,295.0
2020-05-07 10:00:00,64.2,37,0.0,0.3,519.0
2020-05-07 11:00:00,66.0,31,0.0,0.43,724.0
2020-05-07 12:00:00,68.0,27,0.0,0.54,886.0
2020-05-07 13:00:00,70.1,24,0.0,0.63,993.0
2020-05-07 14:00:00,72.0,21,0.0,0.68,1035.0
2020-05-07 15:00:00,73.5,21,0.0,0.67,1006.0
2020-05-07 16:00:00,74.5,21,0.0,0.61,910.0
2020-05-07 17:00:00,75.1,21,0.0,0.51,754.0
2020-05-07 18:00:00,75.2,19,0.0,0.39,556.0
2020-05-07 19:00:00,74.7,20,0.0,0.25,334.0
2020-05-07 20:00:00,73.0,38,0.0,0.09,118.0
2020-05-07 21:00:00,70.0,37,0.0,0.04,4.0
2020-05-07 22:00:00,67.5,39,0.0,0.04,0.0
2020-05-07 23:00:00,65.4,46,0.0,0.05,0.0
2020-05-08 00:00:00,63.7,48,0.0,0.05,0.0
2020-05-08 01:00:00,62.2,49,0.0,0.05,0.0
2020-05-08 02:00:00,61.0,54,0.0,0.03,0.0
2020-05-08 03:00:00,60.1,63,0.0,0.03,0.0
2020-05-08 04:00:00,59.3,68,0.0,0.02,0.0
2020-05-08 05:00:00,58.5,64,0.0,0.02,0.0
2020-05-08 06:00:00,57.7,58,0.0,0.02,0.0
2020-05-08 07:00:00,57.1,62,0.0,0.01,1.0
2020-05-08 08:00:00,52.7,59,0.0,0.05,85.0
2020-05-08 09:00:00,56.4,47,0.0,0.17,284.0
2020-05-08 10:00:00,60.3,45,0.0,0.32,498.0
2020-05-08 11:00:00,63.9,41,0.0,0.46,694.0
2020-05-08 12:00:00,67.1,35,0.0,0.58,837.0
2020-05-08 13:00:00,70.1,34,0.0,0.67,949.0
2020-05-08 14:00:00,72.4,36,0.0,0.67,926.0
2020-05-08 15:00:00,74.2,39,0.0,0.64,875.0
2020-05-08 16:00:00,75.4,39,0.0,0.61,816.0
2020-05-08 17:00:00,76.1,41,0.0,0.53,701.0
2020-05-08 18:00:00,76.1,44,0.0,0.41,506.0
2020-05-08 19:00:00,75.2,50,0.0,0.25,197.0
2020-05-08 20:00:00,74.2,61,0.0,0.13,95.0
2020-05-08 21:00:00,72.9,66,0.0,0.07,3.0
2020-05-08 22:00:00,71.7,70,0.0,0.05,0.0
2020-05-08 23:00:00,70.7,74,0.0,0.04,0.0
2020-05-09 00:00:00,70.0,79,0.0,0.02,0.0
2020-05-09 01:00:00,69.6,80,0.0,0.02,0.0
2020-05-09 02:00:00,69.3,82,0.2,0.01,0.0
2020-05-09 03:00:00,68.8,85,0.4,0.01,0.0
2020-05-09 04:00:00,68.0,89,0.3,0.01,0.0
2020-05-09 05:00:00,67.0,86,0.0,0.01,0.0
2020-05-09 06:00:00,65.9,85,0.0,0.02,0.0
2020-05-09 07:00:00,65.1,80,0.0,0.05,0.0
2020-05-09 08:00:00,65.8,61,0.0,0.1,62.0
2020-05-09 09:00:00,65.2,42,0.0,0.2,243.0
2020-05-09 10:00:00,65.6,34,0.0,0.31,453.0
2020-05-09 11:00:00,66.9,27,0.0,0.45,696.0
2020-05-09 12:00:00,68.9,23,0.0,0.58,877.0
2020-05-09 13:00:00,71.0,20,0.0,0.65,966.0
2020-05-09 14:00:00,73.0,17,0.0,0.71,1024.0
2020-05-09 15:00:00,74.8,15,0.0,0.69,977.0
2020-05-09 16:00:00,76.0,14,0.0,0.63,852.0
2020-05-09 17:00:00,76.4,14,0.0,0.5,615.0
2020-05-09 18:00:00,75.8,16,0.0,0.34,332.0
2020-05-09 19:00:00,75.0,19,0.0,0.23,195.0
2020-05-09 20:00:00,73.0,32,0.0,0.13,53.0
2020-05-09 21:00:00,71.2,35,0.0,0.1,3.0
2020-05-09 22:00:00,69.6,38,0.0,0.09,0.0
2020-05-09 23:00:00,68.5,37,0.0,0.09,0.0
2020-05-10 00:00:00,67.6,39,0.0,0.08,0.0
2020-05-10 01:00:00,66.7,41,0.0,0.08,0.0
2020-05-10 02:00:00,65.9,43,0.0,0.07,0.0
2020-05-10 03:00:00,65.3,44,0.0,0.07,0.0
2020-05-10 04:00:00,64.8,48,0.0,0.06,0.0
2020-05-10 05:00:00,64.3,55,0.0,0.04,0.0
2020-05-10 06:00:00,64.0,61,0.0,0.03,0.0
2020-05-10 07:00:00,63.7,68,0.0,0.03,1.0
2020-05-10 08:00:00,65.0,64,0.0,0.07,41.0
2020-05-10 09:00:00,65.2,61,0.1,0.11,118.0
2020-05-10 10:00:00,65.8,57,0.0,0.17,209.0
2020-05-10 11:00:00,66.8,54,0.0,0.24,323.0
2020-05-10 12:00:00,68.5,49,0.0,0.39,566.0
2020-05-10 13:00:00,71.0,46,0.0,0.57,845.0
2020-05-10 14:00:00,73.3,44,0.0,0.61,884.0
2020-05-10 15:00:00,75.6,36,0.0,0.64,910.0
2020-05-10 16:00:00,77.3,33,0.0,0.55,785.0
2020-05-10 17:00:00,77.9,32,0.0,0.36,488.0
2020-05-10 18:00:00,78.0,32,0.0,0.24,324.0
2020-05-10 19:00:00,77.7,36,0.0,0.17,249.0
2020-05-10 20:00:00,76.2,41,0.0,0.16,94.0
2020-05-10 21:00:00,74.3,46,0.0,0.08,4.0
2020-05-10 22:00:00,72.4,49,0.0,0.06,0.0
2020-05-10 23:00:00,70.5,50,0.0,0.04,0.0
2020-05-11 00:00:00,68.6,60,0.0,0.04,0.0
2020-05-11 01:00:00,67.0,64,0.0,0.03,0.0
2020-05-11 02:00:00,65.6,58,0.0,0.02,0.0
2020-05-11 03:00:00,64.4,60,0.0,0.02,0.0
2020-05-11 04:00:00,64.1,60,0.0,0.05,0.0
2020-05-11 05:00:00,63.9,59,0.0,0.05,0.0
2020-05-11 06:00:00,63.5,51,0.0,0.06,0.0
2020-05-11 07:00:00,63.0,48,0.0,0.07,1.0
2020-05-11 08:00:00,61.6,42,0.0,0.11,91.0
2020-05-11 09:00:00,63.5,35,0.0,0.22,294.0
2020-05-11 10:00:00,66.2,27,0.0,0.37,512.0
2020-05-11 11:00:00,69.1,22,0.0,0.53,712.0
2020-05-11 12:00:00,71.9,21,0.0,0.64,871.0
2020-05-11 13:00:00,74.4,21,0.0,0.72,970.0
2020-05-11 14:00:00,76.6,21,0.0,0.76,1005.0
2020-05-11 15:00:00,78.4,21,0.0,0.75,976.0
2020-05-11 16:00:00,79.6,22,0.0,0.7,883.0
2020-05-11 17:00:00,80.2,22,0.0,0.59,734.0
2020-05-11 18:00:00,80.3,20,0.0,0.47,543.0
2020-05-11 19:00:00,79.8,21,0.0,0.33,329.0
2020-05-11 20:00:00,78.3,31,0.0,0.15,120.0
2020-05-11 21:00:00,75.3,35,0.0,0.08,5.0
2020-05-11 22:00:00,72.9,36,0.0,0.09,0.0
2020-05-11 23:00:00,70.7,36,0.0,0.09,0.0
2020-05-12 00:00:00,68.9,36,0.0,0.09,0.0
2020-05-12 01:00:00,67.5,35,0.0,0.09,0.0
2020-05-12 02:00:00,66.4,35,0.0,0.09,0.0
2020-05-12 03:00:00,65.5,35,0.0,0.08,0.0
2020-05-12 04:00:00,64.6,35,0.0,0.08,0.0
2020-05-12 05:00:00,63.7,36,0.0,0.07,0.0
2020-05-12 06:00:00,63.0,37,0.0,0.07,0.0
2020-05-12 07:00:00,62.2,40,0.0,0.08,1.0
2020-05-12 08:00:00,61.4,39,0.0,0.12,82.0
2020-05-12 09:00:00,62.9,33,0.0,0.22,282.0
2020-05-12 10:00:00,65.1,28,0.0,0.36,513.0
2020-05-12 11:00:00,67.6,25,0.0,0.48,696.0
2020-05-12 12:00:00,70.3,23,0.0,0.59,850.0
2020-05-12 13:00:00,72.9,21,0.0,0.67,944.0
2020-05-12 14:00:00,75.3,19,0.0,0.72,1008.0
2020-05-12 15:00:00,77.3,18,0.0,0.71,979.0
2020-05-12 16:00:00,78.8,18,0.0,0.65,885.0
2020-05-12 17:00:00,79.6,18,0.0,0.55,735.0
2020-05-12 18:00:00,79.9,19,0.0,0.42,543.0
2020-05-12 19:00:00,79.3,21,0.0,0.27,327.0
2020-05-12 20:00:00,77.7,29,0.0,0.13,120.0
2020-05-12 21:00:00,75.0,33,0.0,0.1,5.0
2020-05-12 22:00:00,72.9,36,0.0,0.1,0.0
2020-05-12 23:00:00,71.2,38,0.0,0.09,0.0
2020-05-13 00:00:00,69.7,39,0.0,0.08,0.0
2020-05-13 01:00:00,68.5,42,0.0,0.09,0.0
2020-05-13 02:00:00,67.8,59,0.0,0.06,0.0
2020-05-13 03:00:00,66.9,70,0.0,0.03,0.0
2020-05-13 04:00:00,66.0,74,0.0,0.02,0.0
2020-05-13 05:00:00,65.3,77,0.0,0.02,0.0
2020-05-13 06:00:00,64.6,78,0.0,0.01,0.0
2020-05-13 07:00:00,64.0,80,0.0,0.03,1.0
2020-05-13 08:00:00,63.0,78,0.0,0.05,89.0
2020-05-13 09:00:00,64.8,67,0.0,0.18,288.0
2020-05-13 10:00:00,67.4,57,0.0,0.33,500.0
2020-05-13 11:00:00,70.3,48,0.0,0.48,689.0
2020-05-13 12:00:00,73.2,39,0.0,0.61,838.0
2020-05-13 13:00:00,75.7,34,0.0,0.65,844.0
2020-05-13 14:00:00,78.1,30,0.0,0.74,963.0
2020-05-13 15:00:00,80.0,29,0.0,0.74,956.0
2020-05-13 16:00:00,81.3,28,0.0,0.69,882.0
2020-05-13 17:00:00,82.0,29,0.0,0.58,725.0
2020-05-13 18:00:00,82.2,30,0.0,0.43,536.0
2020-05-13 19:00:00,81.7,32,0.0,0.27,322.0
2020-05-13 20:00:00,80.0,49,0.0,0.1,117.0
2020-05-13 21:00:00,77.3,51,0.0,0.05,5.0
2020-05-13 22:00:00,75.6,51,0.0,0.09,0.0
2020-05-13 23:00:00,74.8,55,0.0,0.09,0.0
2020-05-14 00:00:00,73.9,61,0.0,0.08,0.0
2020-05-14 01:00:00,73.1,65,0.0,0.07,0.0
2020-05-14 02:00:00,72.2,72,0.0,0.04,0.0
2020-05-14 03:00:00,71.4,79,0.0,0.03,0.0
2020-05-14 04:00:00,70.5,84,0.0,0.02,0.0
2020-05-14 05:00:00,69.8,88,0.0,0.01,0.0
2020-05-14 06:00:00,69.1,90,0.0,0.0,0.0
2020-05-14 07:00:00,68.5,91,0.0,0.02,1.0
2020-05-14 08:00:00,68.5,79,0.0,0.07,90.0
2020-05-14 09:00:00,69.6,69,0.0,0.2,285.0
2020-05-14 10:00:00,71.3,57,0.0,0.36,505.0
2020-05-14 11:00:00,73.3,49,0.0,0.46,613.0
2020-05-14 12:00:00,75.7,43,0.0,0.6,819.0
2020-05-14 13:00:00,77.9,40,0.0,0.67,897.0
2020-05-14 14:00:00,79.9,37,0.0,0.71,943.0
2020-05-14 15:00:00,81.5,34,0.0,0.7,902.0
2020-05-14 16:00:00,82.3,32,0.0,0.58,696.0
2020-05-14 17:00:00,83.0,29,0.0,0.52,609.0
2020-05-14 18:00:00,83.2,28,0.0,0.42,431.0
2020-05-14 19:00:00,82.6,37,0.0,0.24,193.0
2020-05-14 20:00:00,81.8,43,0.0,0.18,91.0
2020-05-14 21:00:00,80.0,47,0.0,0.12,5.0
2020-05-14 22:00:00,78.4,50,0.0,0.1,0.0
2020-05-14 23:00:00,77.0,53,0.0,0.09,0.0
2020-05-15 00:00:00,75.8,56,0.0,0.08,0.0
2020-05-15 01:00:00,74.6,60,0.0,0.06,0.0
2020-05-15 02:00:00,73.5,65,0.0,0.05,0.0
2020-05-15 03:00:00,72.4,69,0.0,0.04,0.0
2020-05-15 04:00:00,71.3,74,0.0,0.03,0.0
2020-05-15 05:00:00,70.5,78,0.0,0.02,0.0
2020-05-15 06:00:00,69.6,82,0.0,0.01,0.0
2020-05-15 07:00:00,68.9,86,0.0,0.01,2.0
2020-05-15 08:00:00,68.2,80,0.0,0.06,89.0
2020-05-15 09:00:00,69.5,72,0.0,0.18,285.0
2020-05-15 10:00:00,71.7,62,0.0,0.33,501.0
2020-05-15 11:00:00,74.2,51,0.0,0.49,694.0
2020-05-15 12:00:00,76.8,42,0.0,0.61,832.0
2020-05-15 13:00:00,79.1,38,0.0,0.65,855.0
2020-05-15 14:00:00,81.4,34,0.0,0.74,969.0
2020-05-15 15:00:00,83.2,31,0.0,0.7,917.0
2020-05-15 16:00:00,84.5,29,0.0,0.61,775.0
2020-05-15 17:00:00,84.9,29,0.0,0.46,551.0
2020-05-15 18:00:00,84.7,30,0.0,0.37,373.0
2020-05-15 19:00:00,84.3,31,0.0,0.29,253.0
2020-05-15 20:00:00,82.2,50,0.0,0.11,101.0
2020-05-15 21:00:00,79.8,47,0.0,0.06,6.0
2020-05-15 22:00:00,77.7,55,0.0,0.03,0.0
2020-05-15 23:00:00,76.1,54,0.0,0.05,0.0
2020-05-16 00:00:00,75.1,59,0.0,0.06,0.0
2020-05-16 01:00:00,74.5,65,0.0,0.04,0.0
2020-05-16 02:00:00,73.9,71,0.0,0.04,0.0
2020-05-16 03:00:00,73.1,78,0.0,0.02,0.0
2020-05-16 04:00:00,72.3,82,0.0,0.01,0.0
2020-05-16 05:00:00,71.6,85,0.0,0.01,0.0
2020-05-16 06:00:00,70.8,90,0.0,0.0,0.0
2020-05-16 07:00:00,70.0,93,0.0,0.0,2.0
2020-05-16 08:00:00,70.9,84,0.0,0.05,92.0
2020-05-16 09:00:00,72.0,70,0.0,0.19,287.0
2020-05-16 10:00:00,73.9,60,0.0,0.34,500.0
2020-05-16 11:00:00,76.3,49,0.0,0.5,693.0
2020-05-16 12:00:00,78.7,41,0.0,0.61,819.0
2020-05-16 13:00:00,81.1,35,0.0,0.7,924.0
2020-05-16 14:00:00,83.4,31,0.0,0.73,964.0
2020-05-16 15:00:00,85.4,28,0.0,0.74,949.0
2020-05-16 16:00:00,86.6,28,0.0,0.67,847.0
2020-05-16 17:00:00,87.4,29,0.0,0.58,711.0
2020-05-16 18:00:00,87.4,29,0.0,0.43,533.0
2020-05-16 19:00:00,86.9,30,0.0,0.29,303.0
2020-05-16 20:00:00,84.9,46,0.0,0.15,105.0
2020-05-16 21:00:00,83.3,50,0.0,0.13,5.0
2020-05-16 22:00:00,81.9,58,0.0,0.06,0.0
2020-05-16 23:00:00,80.3,66,0.0,0.02,0.0
2020-05-17 00:00:00,78.8,75,0.0,0.01,0.0
2020-05-17 01:00:00,78.0,68,0.0,0.05,0.0
2020-05-17 02:00:00,77.3,74,0.0,0.03,0.0
2020-05-17 03:00:00,76.4,80,0.0,0.01,0.0
2020-05-17 04:00:00,75.2,84,0.0,0.0,0.0
2020-05-17 05:00:00,74.1,88,0.0,0.0,0.0
2020-05-17 06:00:00,73.2,91,0.0,0.0,0.0
2020-05-17 07:00:00,72.4,92,0.0,0.0,2.0
2020-05-17 08:00:00,71.9,88,0.0,0.05,89.0
2020-05-17 09:00:00,73.0,75,0.0,0.18,266.0
2020-05-17 10:00:00,74.9,61,0.0,0.33,454.0
2020-05-17 11:00:00,77.3,51,0.0,0.46,607.0
2020-05-17 12:00:00,79.9,43,0.0,0.59,765.0
2020-05-17 13:00:00,82.1,41,0.0,0.61,774.0
2020-05-17 14:00:00,83.9,38,0.0,0.63,773.0
2020-05-17 15:00:00,85.7,36,0.0,0.69,833.0
2020-05-17 16:00:00,86.9,35,0.0,0.63,725.0
2020-05-17 17:00:00,86.9,40,0.1,0.45,459.0
2020-05-17 18:00:00,86.0,45,0.0,0.32,306.0
2020-05-17 19:00:00,85.2,47,0.0,0.26,248.0
2020-05-17 20:00:00,83.0,63,0.0,0.11,107.0
2020-05-17 21:00:00,81.2,74,0.0,0.02,5.0
2020-05-17 22:00:00,79.4,77,0.0,0.01,0.0
2020-05-17 23:00:00,78.0,84,0.0,0.01,0.0
2020-05-18 00:00:00,77.0,93,0.0,0.0,0.0
2020-05-18 01:00:00,76.0,98,0.0,0.0,0.0
2020-05-18 02:00:00,75.2,99,0.0,0.0,0.0
2020-05-18 03:00:00,74.7,99,0.1,0.0,0.0
2020-05-18 04:00:00,74.4,98,0.3,0.0,0.0
2020-05-18 05:00:00,73.9,99,0.3,0.0,0.0
2020-05-18 06:00:00,73.5,99,0.8,0.0,0.0
2020-05-18 07:00:00,72.9,100,0.7,0.0,1.0
2020-05-18 08:00:00,74.1,85,1.7,0.04,14.0
2020-05-18 09:00:00,75.1,77,0.1,0.19,269.0
2020-05-18 10:00:00,76.2,75,0.1,0.26,358.0
2020-05-18 11:00:00,76.2,77,0.6,0.21,273.0
2020-05-18 12:00:00,76.5,78,0.4,0.26,360.0
2020-05-18 13:00:00,76.6,82,1.7,0.28,474.0
2020-05-18 14:00:00,75.4,87,0.5,0.19,283.0
2020-05-18 15:00:00,76.2,78,0.4,0.38,609.0
2020-05-18 16:00:00,76.6,71,0.0,0.31,420.0
2020-05-18 17:00:00,77.6,61,0.1,0.4,525.0
2020-05-18 18:00:00,78.2,62,0.2,0.32,400.0
2020-05-18 19:00:00,78.1,64,0.2,0.22,244.0
2020-05-18 20:00:00,76.8,56,0.1,0.14,94.0
2020-05-18 21:00:00,76.3,63,0.0,0.08,4.0
2020-05-18 22:00:00,75.6,72,0.0,0.04,0.0
2020-05-18 23:00:00,74.7,81,0.3,0.02,0.0
2020-05-19 00:00:00,73.9,91,0.1,0.0,0.0
2020-05-19 01:00:00,73.1,97,0.0,0.0,0.0
2020-05-19 02:00:00,72.9,91,0.0,0.0,0.0
2020-05-19 03:00:00,72.6,89,1.0,0.01,0.0
2020-05-19 04:00:00,71.6,99,3.7,0.0,0.0
2020-05-19 05:00:00,71.0,100,1.3,0.0,0.0
2020-05-19 06:00:00,70.6,98,0.0,0.0,0.0
2020-05-19 07:00:00,70.3,99,0.0,0.0,2.0
2020-05-19 08:00:00,73.3,86,0.0,0.05,82.0
2020-05-19 09:00:00,73.9,72,0.0,0.18,272.0
2020-05-19 10:00:00,75.1,58,0.0,0.33,477.0
2020-05-19 11:00:00,77.0,45,0.0,0.47,639.0
2020-05-19 12:00:00,79.1,37,0.0,0.62,800.0
2020-05-19 13:00:00,81.0,33,0.0,0.69,885.0
2020-05-19 14:00:00,82.7,29,0.0,0.75,936.0
2020-05-19 15:00:00,84.3,27,0.0,0.78,969.0
2020-05-19 16:00:00,85.4,27,0.0,0.73,883.0
2020-05-19 17:00:00,85.9,25,0.0,0.58,689.0
2020-05-19 18:00:00,86.0,31,0.0,0.5,526.0
2020-05-19 19:00:00,85.1,35,0.0,0.33,329.0
2020-05-19 20:00:00,83.7,46,0.0,0.16,126.0
2020-05-19 21:00:00,81.9,51,0.0,0.13,8.0
2020-05-19 22:00:00,80.1,57,0.0,0.08,0.0
2020-05-19 23:00:00,78.4,64,0.0,0.04,0.0
2020-05-20 00:00:00,77.0,71,0.0,0.03,0.0
2020-05-20 01:00:00,75.8,78,0.0,0.02,0.0
2020-05-20 02:00:00,74.9,83,0.0,0.01,0.0
2020-05-20 03:00:00,74.3,86,0.0,0.01,0.0
2020-05-20 04:00:00,73.9,89,0.0,0.0,0.0
2020-05-20 05:00:00,73.5,91,0.0,0.0,0.0
2020-05-20 06:00:00,73.3,92,0.0,0.0,0.0
2020-05-20 07:00:00,73.1,91,0.0,0.02,2.0
2020-05-20 08:00:00,74.4,82,0.0,0.06,61.0
2020-05-20 09:00:00,74.6,77,0.0,0.11,105.0
2020-05-20 10:00:00,75.3,72,0.4,0.18,200.0
2020-05-20 11:00:00,75.6,77,1.7,0.24,328.0
2020-05-20 12:00:00,76.0,74,1.2,0.32,457.0
2020-05-20 13:00:00,76.7,70,0.2,0.32,424.0
2020-05-20 14:00:00,77.7,70,0.3,0.4,562.0
2020-05-20 15:00:00,77.9,83,4.4,0.34,573.0
2020-05-20 16:00:00,76.4,86,1.7,0.19,278.0
2020-05-20 17:00:00,76.4,79,0.3,0.27,398.0
2020-05-20 18:00:00,76.4,75,0.0,0.22,291.0
2020-05-20 19:00:00,76.3,74,0.2,0.16,181.0
2020-05-20 20:00:00,74.0,96,0.1,0.04,60.0
2020-05-20 21:00:00,72.3,96,0.5,0.01,5.0
2020-05-20 22:00:00,71.4,97,0.0,0.0,0.0
2020-05-20 23:00:00,70.8,98,0.0,0.0,0.0
2020-05-21 00:00:00,70.3,98,0.0,0.0,0.0
2020-05-21 01:00:00,69.7,98,0.0,0.0,0.0
2020-05-21 02:00:00,69.4,96,0.0,0.0,0.0
2020-05-21 03:00:00,69.3,96,0.0,0.0,0.0
2020-05-21 04:00:00,69.3,98,0.0,0.0,0.0
2020-05-21 05:00:00,69.3,98,0.0,0.0,0.0
2020-05-21 06:00:00,69.3,99,0.1,0.0,0.0
2020-05-21 07:00:00,69.3,99,0.1,0.01,1.0
2020-05-21 08:00:00,69.2,98,0.1,0.02,22.0
2020-05-21 09:00:00,69.8,93,0.2,0.09,146.0
2020-05-21 10:00:00,70.8,88,0.4,0.19,297.0
2020-05-21 11:00:00,72.5,87,0.0,0.22,319.0
2020-05-21 12:00:00,73.7,81,0.1,0.25,356.0
2020-05-21 13:00:00,74.9,77,0.1,0.29,403.0
2020-05-21 14:00:00,76.6,69,0.1,0.41,555.0
2020-05-21 15:00:00,78.4,65,0.1,0.55,750.0
2020-05-21 16:00:00,79.4,62,0.1,0.46,616.0
2020-05-21 17:00:00,80.4,61,0.2,0.45,610.0
2020-05-21 18:00:00,80.1,77,1.2,0.24,337.0
2020-05-21 19:00:00,79.7,73,0.0,0.21,303.0
2020-05-21 20:00:00,79.1,57,0.0,0.11,121.0
2020-05-21 21:00:00,77.3,59,0.0,0.06,6.0
2020-05-21 22:00:00,75.5,72,0.0,0.02,0.0
2020-05-21 23:00:00,73.9,80,0.0,0.0,0.0
2020-05-22 00:00:00,73.0,88,0.0,0.0,0.0
2020-05-22 01:00:00,72.2,94,0.0,0.0,0.0
2020-05-22 02:00:00,71.6,95,0.0,0.0,0.0
2020-05-22 03:00:00,71.2,96,0.0,0.0,0.0
2020-05-22 04:00:00,70.9,97,0.0,0.0,0.0
2020-05-22 05:00:00,70.3,97,0.0,0.0,0.0
2020-05-22 06:00:00,70.2,96,0.0,0.0,0.0
2020-05-22 07:00:00,70.0,97,0.0,0.0,3.0
2020-05-22 08:00:00,71.9,92,0.0,0.05,92.0
2020-05-22 09:00:00,73.2,84,0.0,0.18,274.0
2020-05-22 10:00:00,75.1,72,0.0,0.33,476.0
2020-05-22 11:00:00,77.1,63,0.0,0.45,612.0
2020-05-22 12:00:00,79.0,58,0.1,0.55,730.0
2020-05-22 13:00:00,80.5,57,0.1,0.57,738.0
2020-05-22 14:00:00,81.3,63,0.1,0.52,697.0
2020-05-22 15:00:00,82.1,58,0.0,0.51,647.0
2020-05-22 16:00:00,81.3,73,1.2,0.35,484.0
2020-05-22 17:00:00,81.3,72,0.0,0.33,455.0
2020-05-22 18:00:00,81.6,64,0.1,0.31,426.0
2020-05-22 19:00:00,81.3,67,0.1,0.17,241.0
2020-05-22 20:00:00,81.1,65,0.0,0.1,97.0
2020-05-22 21:00:00,79.4,70,0.0,0.03,8.0
2020-05-22 22:00:00,77.4,92,3.2,0.01,0.0
2020-05-22 23:00:00,75.0,98,0.9,0.0,0.0
2020-05-23 00:00:00,73.7,99,0.0,0.0,0.0
2020-05-23 01:00:00,72.8,98,0.0,0.0,0.0
2020-05-23 02:00:00,72.1,99,0.0,0.0,0.0
2020-05-23 03:00:00,71.8,99,0.0,0.0,0.0
2020-05-23 04:00:00,71.6,98,0.0,0.0,0.0
2020-05-23 05:00:00,71.3,98,0.0,0.0,0.0
2020-05-23 06:00:00,71.0,98,0.0,0.0,0.0
2020-05-23 07:00:00,70.6,98,0.0,0.0,3.0
2020-05-23 08:00:00,71.5,85,0.0,0.06,94.0
2020-05-23 09:00:00,72.7,76,0.0,0.18,288.0
2020-05-23 10:00:00,74.6,68,0.0,0.34,493.0
2020-05-23 11:00:00,77.0,59,0.0,0.49,680.0
2020-05-23 12:00:00,79.5,51,0.0,0.61,829.0
2020-05-23 13:00:00,81.8,46,0.0,0.68,902.0
2020-05-23 14:00:00,83.7,43,0.0,0.67,866.0
2020-05-23 15:00:00,84.8,41,0.0,0.59,748.0
2020-05-23 16:00:00,82.9,89,2.5,0.32,487.0
2020-05-23 17:00:00,81.1,80,0.0,0.3,421.0
2020-05-23 18:00:00,80.2,75,0.0,0.22,292.0
2020-05-23 19:00:00,80.0,78,0.0,0.18,264.0
2020-05-23 20:00:00,78.4,88,0.0,0.06,101.0
2020-05-23 21:00:00,76.7,90,0.0,0.01,7.0
2020-05-23 22:00:00,75.4,85,0.0,0.0,0.0
2020-05-23 23:00:00,74.7,79,0.0,0.02,0.0
2020-05-24 00:00:00,74.2,77,0.0,0.01,0.0
2020-05-24 01:00:00,73.5,83,0.0,0.0,0.0
2020-05-24 02:00:00,73.0,83,0.0,0.0,0.0
2020-05-24 03:00:00,72.4,84,0.0,0.01,0.0
2020-05-24 04:00:00,72.0,88,0.0,0.0,0.0
2020-05-24 05:00:00,71.6,92,0.0,0.0,0.0
2020-05-24 06:00:00,71.3,93,0.0,0.0,0.0
2020-05-24 07:00:00,71.2,93,0.0,0.01,2.0
2020-05-24 08:00:00,71.5,84,0.0,0.06,72.0
2020-05-24 09:00:00,72.7,75,0.0,0.18,273.0
2020-05-24 10:00:00,74.5,69,0.0,0.33,472.0
2020-05-24 11:00:00,76.6,63,0.0,0.48,667.0
2020-05-24 12:00:00,78.4,58,0.0,0.5,657.0
2020-05-24 13:00:00,80.0,54,0.0,0.52,658.0
2020-05-24 14:00:00,81.4,50,0.0,0.55,684.0
2020-05-24 15:00:00,82.7,47,0.0,0.57,698.0
2020-05-24 16:00:00,83.3,48,0.0,0.45,514.0
2020-05-24 17:00:00,82.9,58,0.4,0.3,344.0
2020-05-24 18:00:00,82.0,72,0.0,0.18,206.0
2020-05-24 19:00:00,81.5,70,0.0,0.16,210.0
2020-05-24 20:00:00,80.4,79,0.0,0.06,60.0
2020-05-24 21:00:00,78.6,71,0.0,0.04,9.0
2020-05-24 22:00:00,77.5,72,0.0,0.04,0.0
2020-05-24 23:00:00,76.7,73,0.0,0.04,0.0
2020-05-25 00:00:00,76.2,75,0.0,0.04,0.0
2020-05-25 01:00:00,75.8,76,0.0,0.04,0.0
2020-05-25 02:00:00,75.3,78,0.0,0.03,0.0
2020-05-25 03:00:00,74.8,82,0.0,0.02,0.0
2020-05-25 04:00:00,74.0,86,0.0,0.01,0.0
2020-05-25 05:00:00,73.3,89,0.0,0.0,0.0
2020-05-25 06:00:00,72.8,92,0.0,0.0,0.0
2020-05-25 07:00:00,72.3,93,0.0,0.01,3.0
2020-05-25 08:00:00,73.9,86,0.0,0.06,94.0
2020-05-25 09:00:00,74.8,77,0.0,0.19,274.0
2020-05-25 10:00:00,75.9,68,0.0,0.3,399.0
2020-05-25 11:00:00,77.2,56,0.0,0.38,464.0
2020-05-25 12:00:00,79.0,44,0.0,0.6,759.0
2020-05-25 13:00:00,80.2,43,0.1,0.61,776.0
2020-05-25 14:00:00,80.4,47,0.0,0.45,526.0
2020-05-25 15:00:00,79.9,58,0.0,0.23,199.0
2020-05-25 16:00:00,80.2,54,0.0,0.38,417.0
2020-05-25 17:00:00,80.0,62,0.1,0.25,230.0
2020-05-25 18:00:00,79.1,78,0.3,0.17,206.0
2020-05-25 19:00:00,78.0,82,0.2,0.09,81.0
2020-05-25 20:00:00,79.2,78,0.1,0.08,27.0
2020-05-25 21:00:00,77.8,74,0.0,0.07,4.0
2020-05-25 22:00:00,76.6,79,0.8,0.03,0.0
2020-05-25 23:00:00,75.2,83,0.0,0.02,0.0
2020-05-26 00:00:00,74.5,81,0.0,0.03,0.0
2020-05-26 01:00:00,73.9,80,0.0,0.03,0.0
2020-05-26 02:00:00,73.4,80,0.2,0.04,0.0
2020-05-26 03:00:00,72.7,84,0.3,0.02,0.0
2020-05-26 04:00:00,72.1,82,0.1,0.02,0.0
2020-05-26 05:00:00,71.7,73,0.1,0.03,0.0
2020-05-26 06:00:00,71.3,75,0.1,0.03,0.0
2020-05-26 07:00:00,70.3,86,1.0,0.03,1.0
2020-05-26 08:00:00,75.8,79,0.0,0.07,50.0
2020-05-26 09:00:00,75.7,75,0.0,0.15,185.0
2020-05-26 10:00:00,76.5,67,0.0,0.27,350.0
2020-05-26 11:00:00,76.6,70,0.1,0.16,138.0
2020-05-26 12:00:00,76.6,70,0.3,0.19,198.0
2020-05-26 13:00:00,77.2,62,0.0,0.3,334.0
2020-05-26 14:00:00,79.2,49,0.0,0.59,765.0
2020-05-26 15:00:00,80.2,44,0.0,0.45,505.0
2020-05-26 16:00:00,81.2,47,0.0,0.46,498.0
2020-05-26 17:00:00,80.9,60,0.0,0.25,257.0
2020-05-26 18:00:00,80.2,64,0.6,0.27,328.0
2020-05-26 19:00:00,79.2,73,0.1,0.14,147.0
2020-05-26 20:00:00,77.5,75,0.0,0.11,107.0
2020-05-26 21:00:00,76.2,82,0.2,0.04,8.0
2020-05-26 22:00:00,75.2,87,0.0,0.01,0.0
2020-05-26 23:00:00,74.4,88,0.0,0.0,0.0
2020-05-27 00:00:00,73.7,88,0.0,0.0,0.0
2020-05-27 01:00:00,73.1,86,0.0,0.01,0.0
2020-05-27 02:00:00,72.8,86,0.0,0.02,0.0
2020-05-27 03:00:00,72.4,89,0.0,0.0,0.0
2020-05-27 04:00:00,72.3,88,0.0,0.0,0.0
2020-05-27 05:00:00,72.2,90,0.0,0.0,0.0
2020-05-27 06:00:00,72.1,91,0.0,0.0,0.0
2020-05-27 07:00:00,72.0,91,0.0,0.02,1.0
2020-05-27 08:00:00,74.5,91,0.0,0.04,33.0
2020-05-27 09:00:00,75.0,78,0.0,0.17,241.0
2020-05-27 10:00:00,76.1,71,0.1,0.27,374.0
2020-05-27 11:00:00,77.4,69,0.5,0.36,508.0
2020-05-27 12:00:00,79.0,66,0.2,0.49,682.0
2020-05-27 13:00:00,80.2,69,2.1,0.5,705.0
2020-05-27 14:00:00,79.0,83,0.4,0.22,297.0
2020-05-27 15:00:00,80.3,70,0.1,0.59,820.0
2020-05-27 16:00:00,81.5,68,0.8,0.53,744.0
2020-05-27 17:00:00,80.8,74,0.0,0.3,409.0
2020-05-27 18:00:00,80.0,88,1.7,0.27,422.0
2020-05-27 19:00:00,79.1,87,0.1,0.16,236.0
2020-05-27 20:00:00,78.7,78,0.0,0.08,101.0
2020-05-27 21:00:00,77.5,90,0.0,0.01,10.0
2020-05-27 22:00:00,76.5,91,0.0,0.0,0.0
2020-05-27 23:00:00,75.9,95,0.0,0.0,0.0
2020-05-28 00:00:00,75.4,96,0.0,0.0,0.0
2020-05-28 01:00:00,74.8,95,0.0,0.0,0.0
2020-05-28 02:00:00,74.2,95,0.0,0.0,0.0
2020-05-28 03:00:00,73.8,97,0.0,0.0,0.0
2020-05-28 04:00:00,73.6,99,0.0,0.0,0.0
2020-05-28 05:00:00,73.4,99,0.0,0.0,0.0
2020-05-28 06:00:00,73.6,100,0.0,0.0,0.0
2020-05-28 07:00:00,73.6,100,0.0,0.0,2.0
2020-05-28 08:00:00,75.9,92,0.0,0.05,69.0
2020-05-28 09:00:00,76.6,78,0.0,0.19,269.0
2020-05-28 10:00:00,77.9,67,0.1,0.32,440.0
2020-05-28 11:00:00,78.1,85,1.9,0.3,460.0
2020-05-28 12:00:00,78.9,73,0.1,0.44,631.0
2020-05-28 13:00:00,80.6,62,0.1,0.56,748.0
2020-05-28 14:00:00,82.0,63,0.1,0.58,772.0
2020-05-28 15:00:00,81.5,84,2.6,0.4,622.0
2020-05-28 16:00:00,80.9,74,0.0,0.37,509.0
2020-05-28 17:00:00,81.0,68,0.0,0.34,445.0
2020-05-28 18:00:00,81.1,68,0.0,0.28,345.0
2020-05-28 19:00:00,80.9,65,0.0,0.19,207.0
2020-05-28 20:00:00,78.2,63,0.0,0.13,87.0
2020-05-28 21:00:00,77.9,76,0.0,0.04,8.0
2020-05-28 22:00:00,76.9,86,0.0,0.0,0.0
2020-05-28 23:00:00,76.4,90,0.0,0.0,0.0
2020-05-29 00:00:00,75.7,96,0.0,0.0,0.0
2020-05-29 01:00:00,75.3,98,0.0,0.0,0.0
2020-05-29 02:00:00,74.8,98,0.0,0.0,0.0
2020-05-29 03:00:00,74.6,99,0.0,0.0,0.0
2020-05-29 04:00:00,74.4,99,0.0,0.0,0.0
2020-05-29 05:00:00,74.4,98,0.0,0.0,0.0
2020-05-29 06:00:00,74.4,96,0.0,0.0,0.0
2020-05-29 07:00:00,74.4,96,0.0,0.01,1.0
2020-05-29 08:00:00,75.2,89,0.0,0.05,67.0
2020-05-29 09:00:00,76.0,80,0.1,0.18,258.0
2020-05-29 10:00:00,76.8,81,0.1,0.19,265.0
2020-05-29 11:00:00,78.0,80,0.2,0.3,427.0
2020-05-29 12:00:00,79.3,69,0.3,0.41,550.0
2020-05-29 13:00:00,79.0,87,5.5,0.39,606.0
2020-05-29 14:00:00,78.6,86,2.7,0.26,384.0
2020-05-29 15:00:00,77.8,87,1.3,0.27,382.0
2020-05-29 16:00:00,79.1,80,0.1,0.47,695.0
2020-05-29 17:00:00,79.6,74,0.0,0.35,492.0
2020-05-29 18:00:00,80.2,70,0.0,0.34,469.0
2020-05-29 19:00:00,80.4,70,0.1,0.22,282.0
2020-05-29 20:00:00,78.0,81,0.1,0.07,81.0
2020-05-29 21:00:00,76.7,86,0.0,0.02,10.0
2020-05-29 22:00:00,76.0,88,0.0,0.0,0.0
2020-05-29 23:00:00,75.2,92,0.0,0.0,0.0
2020-05-30 00:00:00,74.4,94,0.0,0.0,0.0
2020-05-30 01:00:00,73.9,96,0.0,0.0,0.0
2020-05-30 02:00:00,73.3,97,0.0,0.0,0.0
2020-05-30 03:00:00,72.9,98,0.0,0.0,0.0
2020-05-30 04:00:00,72.5,98,0.0,0.0,0.0
2020-05-30 05:00:00,72.3,99,0.0,0.0,0.0
2020-05-30 06:00:00,72.4,99,0.0,0.0,0.0
2020-05-30 07:00:00,72.5,99,0.0,0.0,3.0
2020-05-30 08:00:00,73.4,97,0.0,0.03,54.0
2020-05-30 09:00:00,74.1,88,0.0,0.14,209.0
2020-05-30 10:00:00,75.5,74,0.0,0.28,414.0
2020-05-30 11:00:00,77.1,61,0.0,0.42,592.0
2020-05-30 12:00:00,79.1,53,0.0,0.59,818.0
2020-05-30 13:00:00,81.0,49,0.0,0.67,905.0
2020-05-30 14:00:00,82.2,49,0.0,0.6,791.0
2020-05-30 15:00:00,83.2,51,0.2,0.58,751.0
2020-05-30 16:00:00,83.8,52,0.0,0.5,650.0
2020-05-30 17:00:00,84.0,52,0.0,0.4,503.0
2020-05-30 18:00:00,83.8,54,0.0,0.33,388.0
2020-05-30 19:00:00,83.0,66,0.0,0.19,208.0
2020-05-30 20:00:00,79.3,85,0.0,0.06,82.0
2020-05-30 21:00:00,77.8,94,0.0,0.01,11.0
2020-05-30 22:00:00,76.8,92,0.0,0.0,0.0
2020-05-30 23:00:00,76.1,93,0.0,0.0,0.0
2020-05-31 00:00:00,75.4,94,0.0,0.0,0.0
2020-05-31 01:00:00,74.8,94,0.0,0.0,0.0
2020-05-31 02:00:00,74.3,92,0.0,0.0,0.0
2020-05-31 03:00:00,73.9,92,0.0,0.0,0.0
2020-05-31 04:00:00,73.5,96,0.0,0.0,0.0
2020-05-31 05:00:00,73.2,98,0.0,0.0,0.0
2020-05-31 06:00:00,73.0,96,0.0,0.0,0.0
2020-05-31 07:00:00,72.7,90,0.0,0.01,4.0
2020-05-31 08:00:00,74.6,83,0.0,0.07,102.0
2020-05-31 09:00:00,75.3,69,0.0,0.2,291.0
2020-05-31 10:00:00,76.7,60,0.0,0.35,486.0
2020-05-31 11:00:00,78.5,53,0.0,0.47,629.0
2020-05-31 12:00:00,80.5,47,0.0,0.59,777.0
2020-05-31 13:00:00,82.4,43,0.0,0.72,933.0
2020-05-31 14:00:00,83.7,43,0.0,0.66,831.0
2020-05-31 15:00:00,84.6,39,0.0,0.66,823.0
2020-05-31 16:00:00,85.5,36,0.0,0.66,834.0
2020-05-31 17:00:00,85.9,37,0.0,0.57,700.0
2020-05-31 18:00:00,85.9,39,0.0,0.44,525.0
2020-05-31 19:00:00,85.4,44,0.0,0.28,327.0
2020-05-31 20:00:00,83.6,56,0.0,0.13,139.0
2020-05-31 21:00:00,81.1,70,0.0,0.03,13.0
2020-05-31 22:00:00,79.0,68,0.0,0.02,0.0
2020-05-31 23:00:00,77.3,58,0.0,0.06,0.0
2020-06-01 00:00:00,76.4,52,0.0,0.08,0.0
2020-06-01 01:00:00,75.6,55,0.0,0.06,0.0
2020-06-01 02:00:00,74.1,69,0.0,0.03,0.0
2020-06-01 03:00:00,73.0,69,0.0,0.02,0.0
2020-06-01 04:00:00,72.1,62,0.0,0.03,0.0
2020-06-01 05:00:00,71.5,59,0.0,0.05,0.0
2020-06-01 06:00:00,71.2,63,0.0,0.04,0.0
2020-06-01 07:00:00,70.8,68,0.0,0.05,4.0
2020-06-01 08:00:00,72.8,75,0.0,0.08,97.0
2020-06-01 09:00:00,73.9,77,0.0,0.19,271.0
2020-06-01 10:00:00,75.7,71,0.0,0.32,455.0
2020-06-01 11:00:00,77.9,57,0.0,0.48,638.0
2020-06-01 12:00:00,80.1,48,0.0,0.58,749.0
2020-06-01 13:00:00,82.0,44,0.0,0.62,774.0
2020-06-01 14:00:00,83.7,41,0.0,0.69,862.0
2020-06-01 15:00:00,84.4,42,0.0,0.55,628.0
2020-06-01 16:00:00,84.8,44,0.0,0.51,570.0
2020-06-01 17:00:00,84.9,48,0.4,0.52,628.0
2020-06-01 18:00:00,83.6,64,0.6,0.29,358.0
2020-06-01 19:00:00,82.5,73,0.2,0.18,235.0
2020-06-01 20:00:00,82.1,56,0.3,0.15,64.0
2020-06-01 21:00:00,81.1,60,0.0,0.09,11.0
2020-06-01 22:00:00,80.0,63,0.0,0.07,0.0
2020-06-01 23:00:00,79.2,64,0.0,0.07,0.0
2020-06-02 00:00:00,78.4,65,0.0,0.07,0.0
2020-06-02 01:00:00,77.6,67,0.0,0.06,0.0
2020-06-02 02:00:00,76.9,71,0.0,0.05,0.0
2020-06-02 03:00:00,76.1,75,0.0,0.03,0.0
2020-06-02 04:00:00,75.5,79,0.0,0.02,0.0
2020-06-02 05:00:00,74.8,81,0.0,0.02,0.0
2020-06-02 06:00:00,74.3,83,0.0,0.02,0.0
2020-06-02 07:00:00,73.9,84,0.0,0.03,3.0
2020-06-02 08:00:00,73.9,77,0.0,0.07,75.0
2020-06-02 09:00:00,74.7,71,0.0,0.18,229.0
2020-06-02 10:00:00,75.9,66,0.0,0.29,384.0
2020-06-02 11:00:00,77.5,60,0.0,0.4,537.0
2020-06-02 12:00:00,79.5,56,0.0,0.55,736.0
2020-06-02 13:00:00,81.1,54,0.0,0.53,692.0
2020-06-02 14:00:00,82.9,50,0.0,0.62,798.0
2020-06-02 15:00:00,84.0,48,0.0,0.59,745.0
2020-06-02 16:00:00,84.7,47,0.0,0.53,661.0
2020-06-02 17:00:00,84.1,60,0.3,0.32,378.0
2020-06-02 18:00:00,83.2,67,0.1,0.25,332.0
2020-06-02 19:00:00,82.6,64,0.0,0.17,232.0
2020-06-02 20:00:00,81.0,83,0.0,0.07,104.0
2020-06-02 21:00:00,79.6,84,0.0,0.03,7.0
2020-06-02 22:00:00,78.5,77,0.0,0.02,0.0
2020-06-02 23:00:00,77.8,66,0.0,0.04,0.0
2020-06-03 00:00:00,77.2,63,0.0,0.05,0.0
2020-06-03 01:00:00,76.6,64,0.0,0.04,0.0
2020-06-03 02:00:00,75.9,68,0.0,0.04,0.0
2020-06-03 03:00:00,75.4,72,0.0,0.03,0.0
2020-06-03 04:00:00,74.9,74,0.0,0.02,0.0
2020-06-03 05:00:00,74.5,78,0.0,0.02,0.0
2020-06-03 06:00:00,73.9,81,0.0,0.01,0.0
2020-06-03 07:00:00,73.5,81,0.0,0.02,4.0
2020-06-03 08:00:00,73.9,82,0.0,0.05,54.0
2020-06-03 09:00:00,74.5,82,0.1,0.09,126.0
2020-06-03 10:00:00,75.1,83,0.2,0.11,136.0
2020-06-03 11:00:00,76.0,82,0.1,0.16,209.0
2020-06-03 12:00:00,76.8,80,0.2,0.2,260.0
2020-06-03 13:00:00,77.9,74,0.1,0.25,334.0
2020-06-03 14:00:00,79.1,65,0.1,0.33,428.0
2020-06-03 15:00:00,79.9,63,0.2,0.29,364.0
2020-06-03 16:00:00,80.2,64,0.2,0.3,367.0
2020-06-03 17:00:00,80.1,69,0.2,0.18,202.0
2020-06-03 18:00:00,79.6,76,0.0,0.1,106.0
2020-06-03 19:00:00,79.0,81,0.1,0.06,54.0
2020-06-03 20:00:00,77.9,74,0.1,0.06,37.0
2020-06-03 21:00:00,76.8,83,0.0,0.02,10.0
2020-06-03 22:00:00,75.9,87,0.0,0.0,0.0
2020-06-03 23:00:00,75.1,93,0.0,0.0,0.0
2020-06-04 00:00:00,74.4,92,0.0,0.0,0.0
2020-06-04 01:00:00,73.8,94,0.0,0.0,0.0
2020-06-04 02:00:00,73.2,96,0.0,0.0,0.0
2020-06-04 03:00:00,72.4,98,0.0,0.0,0.0
2020-06-04 04:00:00,71.9,98,0.0,0.0,0.0
2020-06-04 05:00:00,71.5,97,0.0,0.0,0.0
2020-06-04 06:00:00,71.4,97,0.0,0.0,0.0
2020-06-04 07:00:00,71.5,98,0.0,0.01,2.0
2020-06-04 08:00:00,72.4,89,0.0,0.04,54.0
2020-06-04 09:00:00,73.2,84,0.0,0.1,142.0
2020-06-04 10:00:00,74.4,73,0.0,0.17,230.0
2020-06-04 11:00:00,75.7,65,0.0,0.25,339.0
2020-06-04 12:00:00,78.1,51,0.0,0.52,714.0
2020-06-04 13:00:00,80.2,46,0.0,0.61,832.0
2020-06-04 14:00:00,82.0,45,0.0,0.62,823.0
2020-06-04 15:00:00,83.1,45,0.3,0.56,739.0
2020-06-04 16:00:00,83.7,50,0.7,0.45,599.0
2020-06-04 17:00:00,83.6,49,0.4,0.36,446.0
2020-06-04 18:00:00,83.6,52,0.0,0.37,462.0
2020-06-04 19:00:00,83.2,53,0.0,0.26,316.0
2020-06-04 20:00:00,82.1,62,0.0,0.11,124.0
2020-06-04 21:00:00,80.9,64,0.0,0.08,10.0
2020-06-04 22:00:00,79.7,74,0.0,0.03,0.0
2020-06-04 23:00:00,78.5,81,0.0,0.01,0.0
2020-06-05 00:00:00,77.4,87,0.0,0.0,0.0
2020-06-05 01:00:00,76.1,90,0.0,0.0,0.0
2020-06-05 02:00:00,75.2,93,0.0,0.0,0.0
2020-06-05 03:00:00,74.3,94,0.0,0.0,0.0
2020-06-05 04:00:00,73.5,95,0.0,0.0,0.0
2020-06-05 05:00:00,72.9,94,0.0,0.0,0.0
2020-06-05 06:00:00,72.3,95,0.0,0.0,0.0
2020-06-05 07:00:00,71.9,95,0.0,0.0,4.0
2020-06-05 08:00:00,72.5,85,0.0,0.05,100.0
2020-06-05 09:00:00,74.2,75,0.0,0.19,288.0
2020-06-05 10:00:00,76.3,65,0.1,0.32,454.0
2020-06-05 11:00:00,78.4,59,0.2,0.42,579.0
2020-06-05 12:00:00,80.4,54,0.2,0.53,724.0
2020-06-05 13:00:00,81.6,55,0.1,0.46,604.0
2020-06-05 14:00:00,83.0,53,0.0,0.54,708.0
2020-06-05 15:00:00,83.7,53,0.1,0.47,577.0
2020-06-05 16:00:00,82.9,74,0.2,0.31,416.0
2020-06-05 17:00:00,82.7,77,0.8,0.32,457.0
2020-06-05 18:00:00,80.3,91,1.3,0.16,232.0
2020-06-05 19:00:00,79.2,88,0.0,0.15,222.0
2020-06-05 20:00:00,82.2,72,0.1,0.11,83.0
2020-06-05 21:00:00,80.9,77,0.0,0.06,8.0
2020-06-05 22:00:00,79.6,85,0.0,0.01,0.0
2020-06-05 23:00:00,78.5,90,0.0,0.0,0.0
2020-06-06 00:00:00,77.6,93,0.0,0.0,0.0
2020-06-06 01:00:00,76.7,95,0.0,0.0,0.0
2020-06-06 02:00:00,76.1,95,0.0,0.0,0.0
2020-06-06 03:00:00,75.6,94,0.0,0.0,0.0
2020-06-06 04:00:00,75.0,95,0.0,0.0,0.0
2020-06-06 05:00:00,74.6,94,0.0,0.0,0.0
2020-06-06 06:00:00,74.4,91,0.0,0.0,0.0
2020-06-06 07:00:00,74.2,90,0.0,0.01,3.0
2020-06-06 08:00:00,75.1,82,0.0,0.06,49.0
2020-06-06 09:00:00,76.1,79,0.3,0.16,193.0
2020-06-06 10:00:00,76.6,80,0.4,0.19,247.0
2020-06-06 11:00:00,76.6,87,0.5,0.12,148.0
2020-06-06 12:00:00,76.8,88,0.4,0.14,183.0
2020-06-06 13:00:00,76.8,90,0.3,0.12,149.0
2020-06-06 14:00:00,76.8,88,0.4,0.13,156.0
2020-06-06 15:00:00,76.2,99,1.4,0.07,93.0
2020-06-06 16:00:00,75.6,99,1.2,0.08,118.0
2020-06-06 17:00:00,75.1,99,2.2,0.1,157.0
2020-06-06 18:00:00,74.8,99,0.6,0.07,117.0
2020-06-06 19:00:00,74.3,99,0.6,0.05,85.0
2020-06-06 20:00:00,74.3,100,0.8,0.02,23.0
2020-06-06 21:00:00,73.5,100,0.8,0.01,4.0
2020-06-06 22:00:00,72.9,100,1.3,0.0,0.0
2020-06-06 23:00:00,72.7,100,2.2,0.0,0.0
2020-06-07 00:00:00,72.6,99,1.0,0.0,0.0
2020-06-07 01:00:00,72.5,100,3.2,0.0,0.0
2020-06-07 02:00:00,72.3,100,3.1,0.0,0.0
2020-06-07 03:00:00,72.1,100,3.3,0.0,0.0
2020-06-07 04:00:00,72.2,100,2.9,0.0,0.0
2020-06-07 05:00:00,72.4,100,1.9,0.0,0.0
2020-06-07 06:00:00,72.6,100,1.8,0.0,0.0
2020-06-07 07:00:00,72.7,100,1.4,0.01,1.0
2020-06-07 08:00:00,73.9,98,1.3,0.02,23.0
2020-06-07 09:00:00,73.5,95,0.2,0.09,153.0
2020-06-07 10:00:00,73.7,99,5.4,0.12,225.0
2020-06-07 11:00:00,73.2,100,15.3,0.02,14.0
2020-06-07 12:00:00,73.0,99,4.0,0.04,55.0
2020-06-07 13:00:00,73.7,95,0.2,0.18,289.0
2020-06-07 14:00:00,74.9,88,0.0,0.28,413.0
2020-06-07 15:00:00,76.4,85,0.1,0.35,522.0
2020-06-07 16:00:00,77.0,85,0.2,0.24,356.0
2020-06-07 17:00:00,76.9,88,0.1,0.16,213.0
2020-06-07 18:00:00,77.0,88,0.0,0.16,235.0
2020-06-07 19:00:00,76.9,87,0.0,0.1,122.0
2020-06-07 20:00:00,78.0,88,0.0,0.06,45.0
2020-06-07 21:00:00,77.4,90,0.0,0.03,9.0
2020-06-07 22:00:00,76.9,89,0.0,0.02,0.0
2020-06-07 23:00:00,76.6,93,0.7,0.01,0.0
2020-06-08 00:00:00,76.0,99,1.8,0.0,0.0
2020-06-08 01:00:00,75.7,100,0.6,0.0,0.0
2020-06-08 02:00:00,75.6,98,0.3,0.0,0.0
2020-06-08 03:00:00,75.5,98,0.2,0.0,0.0
2020-06-08 04:00:00,75.4,98,0.0,0.0,0.0
2020-06-08 05:00:00,75.4,98,0.0,0.0,0.0
2020-06-08 06:00:00,75.3,98,0.1,0.0,0.0
2020-06-08 07:00:00,75.3,98,0.0,0.01,2.0
2020-06-08 08:00:00,77.4,96,0.0,0.04,44.0
2020-06-08 09:00:00,77.3,93,0.0,0.1,152.0
2020-06-08 10:00:00,77.9,88,0.0,0.23,345.0
2020-06-08 11:00:00,78.9,78,0.0,0.35,489.0
2020-06-08 12:00:00,80.2,66,0.1,0.5,672.0
2020-06-08 13:00:00,81.5,62,0.1,0.59,789.0
2020-06-08 14:00:00,82.6,59,0.0,0.63,838.0
2020-06-08 15:00:00,83.4,61,0.0,0.62,837.0
2020-06-08 16:00:00,83.4,68,0.1,0.45,593.0
2020-06-08 17:00:00,83.2,75,0.1,0.39,531.0
2020-06-08 18:00:00,82.5,83,0.9,0.27,390.0
2020-06-08 19:00:00,81.6,86,0.2,0.18,256.0
2020-06-08 20:00:00,80.3,83,0.0,0.09,106.0
2020-06-08 21:00:00,79.5,90,0.0,0.02,14.0
2020-06-08 22:00:00,78.7,94,0.0,0.0,0.0
2020-06-08 23:00:00,78.0,93,0.2,0.0,0.0
2020-06-09 00:00:00,77.5,98,0.0,0.0,0.0
2020-06-09 01:00:00,77.3,99,0.0,0.0,0.0
2020-06-09 02:00:00,77.2,99,0.0,0.0,0.0
2020-06-09 03:00:00,77.2,98,0.0,0.0,0.0
2020-06-09 04:00:00,77.1,98,0.0,0.0,0.0
2020-06-09 05:00:00,77.0,98,0.0,0.0,0.0
2020-06-09 06:00:00,76.8,95,1.2,0.0,0.0
2020-06-09 07:00:00,76.2,100,1.9,0.0,3.0
2020-06-09 08:00:00,77.9,99,1.4,0.03,52.0
2020-06-09 09:00:00,78.1,95,0.2,0.13,217.0
2020-06-09 10:00:00,78.4,94,0.3,0.19,292.0
2020-06-09 11:00:00,79.0,86,0.1,0.27,391.0
2020-06-09 12:00:00,80.1,77,0.1,0.42,585.0
2020-06-09 13:00:00,81.0,75,0.1,0.42,583.0
2020-06-09 14:00:00,81.7,68,0.0,0.43,557.0
2020-06-09 15:00:00,82.2,68,0.4,0.46,612.0
2020-06-09 16:00:00,82.3,68,0.0,0.35,438.0
2020-06-09 17:00:00,82.2,72,0.1,0.28,357.0
2020-06-09 18:00:00,81.6,85,0.8,0.18,242.0
2020-06-09 19:00:00,81.0,89,0.2,0.14,198.0
2020-06-09 20:00:00,80.2,94,0.1,0.07,112.0
2020-06-09 21:00:00,79.1,99,0.2,0.01,9.0
2020-06-09 22:00:00,78.2,98,0.2,0.0,0.0
2020-06-09 23:00:00,77.5,97,0.0,0.0,0.0
2020-06-10 00:00:00,77.0,97,0.0,0.0,0.0
2020-06-10 01:00:00,76.6,98,0.0,0.0,0.0
2020-06-10 02:00:00,76.2,98,0.0,0.0,0.0
2020-06-10 03:00:00,75.7,99,0.0,0.0,0.0
2020-06-10 04:00:00,75.4,99,0.0,0.0,0.0
2020-06-10 05:00:00,75.3,99,0.0,0.0,0.0
2020-06-10 06:00:00,75.2,100,0.0,0.0,0.0
2020-06-10 07:00:00,75.2,99,0.0,0.01,2.0
2020-06-10 08:00:00,76.3,95,0.0,0.03,24.0
2020-06-10 09:00:00,76.8,91,0.1,0.11,151.0
2020-06-10 10:00:00,78.1,82,0.1,0.28,405.0
2020-06-10 11:00:00,79.2,82,0.1,0.29,408.0
2020-06-10 12:00:00,80.2,76,0.0,0.42,569.0
2020-06-10 13:00:00,81.4,71,0.4,0.47,632.0
2020-06-10 14:00:00,82.3,70,0.2,0.52,689.0
2020-06-10 15:00:00,83.3,62,0.0,0.54,705.0
2020-06-10 16:00:00,84.0,55,0.0,0.54,677.0
2020-06-10 17:00:00,84.2,57,0.0,0.47,581.0
2020-06-10 18:00:00,84.1,60,0.0,0.37,448.0
2020-06-10 19:00:00,83.6,68,0.0,0.23,278.0
2020-06-10 20:00:00,82.5,73,0.0,0.12,122.0
2020-06-10 21:00:00,81.4,77,0.0,0.05,12.0
2020-06-10 22:00:00,80.5,81,0.0,0.02,0.0
2020-06-10 23:00:00,79.7,88,0.0,0.01,0.0
2020-06-11 00:00:00,78.9,92,0.0,0.0,0.0
2020-06-11 01:00:00,78.2,96,0.0,0.0,0.0
2020-06-11 02:00:00,77.6,98,0.0,0.0,0.0
2020-06-11 03:00:00,77.2,98,0.0,0.0,0.0
2020-06-11 04:00:00,76.8,98,0.0,0.0,0.0
2020-06-11 05:00:00,76.5,99,0.0,0.0,0.0
2020-06-11 06:00:00,76.3,99,0.0,0.0,0.0
2020-06-11 07:00:00,76.1,98,0.0,0.0,4.0
2020-06-11 08:00:00,78.1,93,0.0,0.06,92.0
2020-06-11 09:00:00,78.3,87,0.2,0.16,244.0
2020-06-11 10:00:00,78.8,82,0.2,0.23,332.0
2020-06-11 11:00:00,79.9,81,0.1,0.34,466.0
2020-06-11 12:00:00,81.1,77,0.0,0.45,616.0
2020-06-11 13:00:00,82.2,75,0.1,0.49,652.0
2020-06-11 14:00:00,83.6,71,0.1,0.58,766.0
2020-06-11 15:00:00,84.3,65,0.1,0.5,656.0
2020-06-11 16:00:00,84.8,71,1.1,0.51,695.0
2020-06-11 17:00:00,83.2,90,0.8,0.3,465.0
2020-06-11 18:00:00,82.3,86,0.2,0.25,366.0
2020-06-11 19:00:00,81.6,86,0.4,0.17,238.0
2020-06-11 20:00:00,78.9,100,0.2,0.06,108.0
2020-06-11 21:00:00,78.2,98,0.2,0.01,13.0
2020-06-11 22:00:00,77.3,100,0.5,0.0,0.0
2020-06-11 23:00:00,76.7,100,0.0,0.0,0.0
2020-06-12 00:00:00,76.2,100,0.0,0.0,0.0
2020-06-12 01:00:00,75.7,100,0.0,0.0,0.0
2020-06-12 02:00:00,75.2,100,0.1,0.0,0.0
2020-06-12 03:00:00,74.8,98,0.1,0.0,0.0
2020-06-12 04:00:00,74.6,100,0.1,0.0,0.0
2020-06-12 05:00:00,74.5,99,0.0,0.0,0.0
2020-06-12 06:00:00,73.9,96,0.0,0.0,0.0
2020-06-12 07:00:00,73.0,94,0.0,0.01,4.0
2020-06-12 08:00:00,74.7,91,0.0,0.05,94.0
2020-06-12 09:00:00,74.7,81,0.0,0.18,279.0
2020-06-12 10:00:00,75.8,72,0.0,0.32,482.0
2020-06-12 11:00:00,77.6,66,0.0,0.47,663.0
2020-06-12 12:00:00,79.7,60,0.0,0.59,811.0
2020-06-12 13:00:00,81.6,54,0.0,0.68,910.0
2020-06-12 14:00:00,83.2,51,0.1,0.69,915.0
2020-06-12 15:00:00,84.3,50,0.1,0.64,843.0
2020-06-12 16:00:00,84.7,52,0.0,0.56,715.0
2020-06-12 17:00:00,84.7,56,0.0,0.39,497.0
2020-06-12 18:00:00,83.8,71,0.4,0.29,384.0
2020-06-12 19:00:00,82.8,77,0.0,0.17,220.0
2020-06-12 20:00:00,81.7,84,0.0,0.09,118.0
2020-06-12 21:00:00,80.4,90,0.1,0.02,12.0
2020-06-12 22:00:00,79.3,93,0.0,0.0,0.0
2020-06-12 23:00:00,77.8,94,0.4,0.0,0.0
2020-06-13 00:00:00,76.6,97,0.1,0.0,0.0
2020-06-13 01:00:00,75.6,96,0.0,0.0,0.0
2020-06-13 02:00:00,74.9,97,0.0,0.0,0.0
2020-06-13 03:00:00,74.5,98,0.0,0.0,0.0
2020-06-13 04:00:00,74.1,98,0.0,0.0,0.0
2020-06-13 05:00:00,74.0,96,0.0,0.0,0.0
2020-06-13 06:00:00,73.9,96,0.0,0.0,0.0
2020-06-13 07:00:00,73.8,98,0.0,0.0,3.0
2020-06-13 08:00:00,73.9,90,0.0,0.05,64.0
2020-06-13 09:00:00,74.3,78,0.0,0.17,247.0
2020-06-13 10:00:00,75.3,67,0.0,0.29,415.0
2020-06-13 11:00:00,76.9,57,0.0,0.46,645.0
2020-06-13 12:00:00,78.6,51,0.0,0.6,831.0
2020-06-13 13:00:00,80.0,57,0.0,0.57,772.0
2020-06-13 14:00:00,81.0,55,0.1,0.6,808.0
2020-06-13 15:00:00,81.8,52,0.0,0.58,755.0
2020-06-13 16:00:00,82.5,50,0.0,0.56,734.0
2020-06-13 17:00:00,82.9,50,0.0,0.5,645.0
2020-06-13 18:00:00,82.8,53,0.0,0.37,459.0
2020-06-13 19:00:00,82.1,60,0.0,0.22,270.0
2020-06-13 20:00:00,81.0,84,0.0,0.08,118.0
2020-06-13 21:00:00,79.4,81,0.0,0.03,16.0
2020-06-13 22:00:00,78.5,70,0.0,0.04,0.0
2020-06-13 23:00:00,77.8,65,0.0,0.05,0.0
2020-06-14 00:00:00,77.0,68,0.0,0.05,0.0
2020-06-14 01:00:00,76.4,75,0.0,0.03,0.0
2020-06-14 02:00:00,75.7,82,0.0,0.02,0.0
2020-06-14 03:00:00,75.0,87,0.0,0.01,0.0
2020-06-14 04:00:00,74.3,92,0.0,0.0,0.0
2020-06-14 05:00:00,73.7,95,0.0,0.0,0.0
2020-06-14 06:00:00,73.1,95,0.0,0.0,0.0
2020-06-14 07:00:00,72.6,95,0.0,0.0,5.0
2020-06-14 08:00:00,73.9,85,0.0,0.07,106.0
2020-06-14 09:00:00,74.5,74,0.0,0.2,302.0
2020-06-14 10:00:00,75.6,64,0.0,0.35,511.0
2020-06-14 11:00:00,77.0,56,0.0,0.49,700.0
2020-06-14 12:00:00,78.6,48,0.0,0.62,849.0
2020-06-14 13:00:00,80.2,42,0.0,0.71,949.0
2020-06-14 14:00:00,81.7,38,0.0,0.75,984.0
2020-06-14 15:00:00,82.8,37,0.0,0.74,964.0
2020-06-14 16:00:00,83.6,36,0.0,0.69,885.0
2020-06-14 17:00:00,83.8,37,0.0,0.6,749.0
2020-06-14 18:00:00,83.8,39,0.0,0.47,567.0
2020-06-14 19:00:00,83.0,47,0.0,0.3,363.0
2020-06-14 20:00:00,81.7,50,0.0,0.17,161.0
2020-06-14 21:00:00,79.6,54,0.0,0.07,19.0
2020-06-14 22:00:00,77.8,56,0.0,0.06,0.0
2020-06-14 23:00:00,76.3,60,0.0,0.04,0.0
2020-06-15 00:00:00,74.9,67,0.0,0.02,0.0
2020-06-15 01:00:00,73.8,64,0.0,0.03,0.0
2020-06-15 02:00:00,72.8,77,0.0,0.01,0.0
2020-06-15 03:00:00,71.8,78,0.0,0.0,0.0
2020-06-15 04:00:00,71.1,75,0.0,0.01,0.0
2020-06-15 05:00:00,70.4,77,0.0,0.01,0.0
2020-06-15 06:00:00,69.8,78,0.0,0.01,0.0
2020-06-15 07:00:00,69.4,77,0.0,0.02,5.0
2020-06-15 08:00:00,70.9,78,0.0,0.06,108.0
2020-06-15 09:00:00,72.2,71,0.0,0.19,299.0
2020-06-15 10:00:00,74.2,63,0.0,0.34,504.0
2020-06-15 11:00:00,76.5,54,0.0,0.49,692.0
2020-06-15 12:00:00,78.6,48,0.0,0.62,841.0
2020-06-15 13:00:00,80.3,43,0.0,0.66,863.0
2020-06-15 14:00:00,81.6,37,0.0,0.66,839.0
2020-06-15 15:00:00,82.6,37,0.0,0.63,790.0
2020-06-15 16:00:00,82.9,41,0.0,0.55,685.0
2020-06-15 17:00:00,82.8,44,0.0,0.44,551.0
2020-06-15 18:00:00,82.6,45,0.0,0.38,476.0
2020-06-15 19:00:00,82.0,51,0.0,0.26,317.0
2020-06-15 20:00:00,80.6,59,0.0,0.16,144.0
2020-06-15 21:00:00,79.3,65,0.0,0.07,15.0
2020-06-15 22:00:00,78.0,72,0.0,0.03,0.0
2020-06-15 23:00:00,77.0,74,0.0,0.02,0.0
2020-06-16 00:00:00,76.0,84,0.0,0.0,0.0
2020-06-16 01:00:00,75.0,83,0.1,0.0,0.0
2020-06-16 02:00:00,74.1,84,0.2,0.0,0.0
2020-06-16 03:00:00,73.3,81,0.1,0.01,0.0
2020-06-16 04:00:00,72.7,82,0.0,0.01,0.0
2020-06-16 05:00:00,72.1,81,0.0,0.02,0.0
2020-06-16 06:00:00,71.4,83,0.2,0.01,0.0
2020-06-16 07:00:00,70.7,85,0.1,0.02,4.0
2020-06-16 08:00:00,73.0,79,0.0,0.07,98.0
2020-06-16 09:00:00,73.0,71,0.0,0.18,281.0
2020-06-16 10:00:00,73.6,67,0.2,0.28,429.0
2020-06-16 11:00:00,74.5,63,0.2,0.38,573.0
2020-06-16 12:00:00,75.7,59,0.0,0.43,615.0
2020-06-16 13:00:00,77.7,51,0.0,0.61,860.0
2020-06-16 14:00:00,79.0,49,0.0,0.55,753.0
2020-06-16 15:00:00,80.2,46,0.0,0.58,784.0
2020-06-16 16:00:00,81.1,43,0.0,0.58,778.0
2020-06-16 17:00:00,81.6,42,0.0,0.5,663.0
2020-06-16 18:00:00,81.5,44,0.0,0.36,446.0
2020-06-16 19:00:00,80.9,49,0.0,0.22,242.0
2020-06-16 20:00:00,78.9,55,0.0,0.15,129.0
2020-06-16 21:00:00,77.5,59,0.0,0.09,20.0
2020-06-16 22:00:00,76.1,62,0.0,0.06,0.0
2020-06-16 23:00:00,74.8,65,0.0,0.05,0.0
2020-06-17 00:00:00,73.6,71,0.0,0.03,0.0
2020-06-17 01:00:00,72.4,75,0.0,0.02,0.0
2020-06-17 02:00:00,71.3,79,0.0,0.01,0.0
2020-06-17 03:00:00,70.4,82,0.0,0.01,0.0
2020-06-17 04:00:00,69.6,84,0.0,0.0,0.0
2020-06-17 05:00:00,68.8,86,0.0,0.0,0.0
2020-06-17 06:00:00,68.3,87,0.0,0.0,0.0
2020-06-17 07:00:00,67.9,86,0.0,0.01,4.0
2020-06-17 08:00:00,70.0,77,0.0,0.06,75.0
2020-06-17 09:00:00,70.3,71,0.0,0.14,214.0
2020-06-17 10:00:00,71.4,64,0.0,0.24,354.0
2020-06-17 11:00:00,73.1,59,0.0,0.38,562.0
2020-06-17 12:00:00,75.2,51,0.0,0.53,772.0
2020-06-17 13:00:00,77.4,46,0.0,0.63,881.0
2020-06-17 14:00:00,79.2,43,0.0,0.66,911.0
2020-06-17 15:00:00,80.8,40,0.0,0.68,915.0
2020-06-17 16:00:00,81.6,40,0.0,0.56,705.0
2020-06-17 17:00:00,81.1,45,0.0,0.35,363.0
2020-06-17 18:00:00,80.9,45,0.0,0.31,363.0
2020-06-17 19:00:00,80.2,53,0.0,0.16,173.0
2020-06-17 20:00:00,79.6,69,0.0,0.07,108.0
2020-06-17 21:00:00,77.4,80,0.0,0.02,20.0
2020-06-17 22:00:00,75.6,81,0.0,0.01,0.0
2020-06-17 23:00:00,74.0,92,0.0,0.0,0.0
2020-06-18 00:00:00,72.7,86,0.0,0.0,0.0
2020-06-18 01:00:00,71.4,88,0.0,0.0,0.0
2020-06-18 02:00:00,70.4,90,0.0,0.0,0.0
2020-06-18 03:00:00,69.7,95,0.0,0.0,0.0
2020-06-18 04:00:00,69.2,95,0.0,0.0,0.0
2020-06-18 05:00:00,68.5,95,0.0,0.0,0.0
2020-06-18 06:00:00,68.1,94,0.0,0.0,0.0
2020-06-18 07:00:00,67.8,93,0.0,0.0,4.0
2020-06-18 08:00:00,70.1,84,0.0,0.05,99.0
2020-06-18 09:00:00,71.7,71,0.0,0.18,282.0
2020-06-18 10:00:00,73.9,61,0.0,0.33,491.0
2020-06-18 11:00:00,76.1,49,0.0,0.47,676.0
2020-06-18 12:00:00,78.2,46,0.0,0.52,738.0
2020-06-18 13:00:00,79.8,43,0.0,0.56,764.0
2020-06-18 14:00:00,81.5,40,0.0,0.67,890.0
2020-06-18 15:00:00,82.9,39,0.0,0.67,863.0
2020-06-18 16:00:00,83.5,41,0.0,0.59,745.0
2020-06-18 17:00:00,83.7,43,0.1,0.51,658.0
2020-06-18 18:00:00,83.5,44,0.1,0.38,477.0
2020-06-18 19:00:00,82.9,47,0.0,0.27,300.0
2020-06-18 20:00:00,82.4,69,0.0,0.1,144.0
2020-06-18 21:00:00,80.3,61,0.0,0.04,15.0
2020-06-18 22:00:00,78.6,66,0.0,0.03,0.0
2020-06-18 23:00:00,77.3,73,0.0,0.01,0.0
2020-06-19 00:00:00,76.1,78,0.0,0.01,0.0
2020-06-19 01:00:00,75.0,77,0.0,0.01,0.0
2020-06-19 02:00:00,74.2,82,0.0,0.01,0.0
2020-06-19 03:00:00,73.3,91,0.0,0.0,0.0
2020-06-19 04:00:00,72.4,91,0.0,0.0,0.0
2020-06-19 05:00:00,71.6,93,0.0,0.0,0.0
2020-06-19 06:00:00,71.0,92,0.0,0.0,0.0
2020-06-19 07:00:00,70.5,91,0.0,0.0,4.0
2020-06-19 08:00:00,71.2,79,0.0,0.07,105.0
2020-06-19 09:00:00,72.9,66,0.0,0.2,294.0
2020-06-19 10:00:00,75.1,57,0.0,0.35,499.0
2020-06-19 11:00:00,77.6,50,0.0,0.5,686.0
2020-06-19 12:00:00,80.1,43,0.0,0.61,823.0
2020-06-19 13:00:00,82.2,38,0.0,0.65,864.0
2020-06-19 14:00:00,83.7,36,0.0,0.59,764.0
2020-06-19 15:00:00,84.7,35,0.0,0.6,766.0
2020-06-19 16:00:00,85.6,35,0.0,0.59,742.0
2020-06-19 17:00:00,86.1,36,0.0,0.52,650.0
2020-06-19 18:00:00,86.2,37,0.0,0.43,519.0
2020-06-19 19:00:00,85.6,42,0.0,0.26,311.0
2020-06-19 20:00:00,84.4,47,0.0,0.15,123.0
2020-06-19 21:00:00,82.0,48,0.0,0.04,19.0
2020-06-19 22:00:00,80.0,65,0.0,0.02,0.0
2020-06-19 23:00:00,78.4,62,0.0,0.02,0.0
2020-06-20 00:00:00,77.2,71,0.0,0.02,0.0
2020-06-20 01:00:00,76.4,63,0.0,0.03,0.0
2020-06-20 02:00:00,75.6,78,0.0,0.01,0.0
2020-06-20 03:00:00,74.6,80,0.0,0.0,0.0
2020-06-20 04:00:00,73.6,85,0.0,0.0,0.0
2020-06-20 05:00:00,72.8,83,0.0,0.0,0.0
2020-06-20 06:00:00,72.0,87,0.0,0.0,0.0
2020-06-20 07:00:00,71.5,84,0.0,0.01,4.0
2020-06-20 08:00:00,74.2,81,0.0,0.07,102.0
2020-06-20 09:00:00,75.7,70,0.0,0.19,290.0
2020-06-20 10:00:00,77.8,58,0.0,0.34,492.0
2020-06-20 11:00:00,80.2,51,0.0,0.49,680.0
2020-06-20 12:00:00,82.5,42,0.0,0.61,824.0
2020-06-20 13:00:00,84.5,36,0.0,0.62,828.0
2020-06-20 14:00:00,86.0,33,0.0,0.62,786.0
2020-06-20 15:00:00,87.1,33,0.0,0.6,759.0
2020-06-20 16:00:00,88.1,32,0.1,0.61,758.0
2020-06-20 17:00:00,88.4,34,0.1,0.55,650.0
2020-06-20 18:00:00,87.4,52,0.0,0.35,335.0
2020-06-20 19:00:00,86.3,53,0.0,0.26,272.0
2020-06-20 20:00:00,85.3,62,0.0,0.17,142.0
2020-06-20 21:00:00,83.8,67,0.0,0.07,19.0
2020-06-20 22:00:00,82.3,73,0.0,0.03,0.0
2020-06-20 23:00:00,81.1,76,0.0,0.02,0.0
2020-06-21 00:00:00,80.0,79,0.0,0.01,0.0
2020-06-21 01:00:00,79.0,85,0.0,0.01,0.0
2020-06-21 02:00:00,78.1,89,0.0,0.0,0.0
2020-06-21 03:00:00,77.4,91,0.0,0.0,0.0
2020-06-21 04:00:00,76.6,93,0.0,0.0,0.0
2020-06-21 05:00:00,76.0,95,0.0,0.0,0.0
2020-06-21 06:00:00,75.4,96,0.0,0.0,0.0
2020-06-21 07:00:00,74.8,97,0.0,0.0,4.0
2020-06-21 08:00:00,74.8,89,0.0,0.06,100.0
2020-06-21 09:00:00,76.2,77,0.0,0.19,287.0
2020-06-21 10:00:00,78.2,63,0.0,0.35,487.0
2020-06-21 11:00:00,80.5,50,0.0,0.5,671.0
2020-06-21 12:00:00,82.7,41,0.0,0.59,758.0
2020-06-21 13:00:00,84.5,36,0.0,0.64,793.0
2020-06-21 14:00:00,86.2,34,0.0,0.71,869.0
2020-06-21 15:00:00,87.6,33,0.0,0.73,892.0
2020-06-21 16:00:00,88.7,33,0.0,0.7,847.0
2020-06-21 17:00:00,89.1,34,0.0,0.59,678.0
2020-06-21 18:00:00,89.0,37,0.0,0.48,521.0
2020-06-21 19:00:00,88.2,45,0.0,0.33,310.0
2020-06-21 20:00:00,86.5,52,0.0,0.18,152.0
2020-06-21 21:00:00,84.7,63,0.0,0.08,20.0
2020-06-21 22:00:00,83.1,70,0.0,0.05,0.0
2020-06-21 23:00:00,81.6,76,0.0,0.03,0.0
2020-06-22 00:00:00,80.3,82,0.0,0.01,0.0
2020-06-22 01:00:00,79.1,86,0.0,0.0,0.0
2020-06-22 02:00:00,77.8,90,0.0,0.0,0.0
2020-06-22 03:00:00,76.8,93,0.0,0.0,0.0
2020-06-22 04:00:00,76.1,94,0.0,0.0,0.0
2020-06-22 05:00:00,75.5,95,0.0,0.0,0.0
2020-06-22 06:00:00,74.8,94,0.0,0.0,0.0
2020-06-22 07:00:00,74.3,94,0.0,0.0,4.0
2020-06-22 08:00:00,73.7,87,0.0,0.06,98.0
2020-06-22 09:00:00,75.6,77,0.0,0.19,282.0
2020-06-22 10:00:00,77.8,63,0.0,0.35,483.0
2020-06-22 11:00:00,80.1,56,0.0,0.47,626.0
2020-06-22 12:00:00,82.1,51,0.0,0.55,716.0
2020-06-22 13:00:00,84.2,45,0.0,0.66,834.0
2020-06-22 14:00:00,85.9,45,0.0,0.69,866.0
2020-06-22 15:00:00,87.4,46,0.0,0.7,858.0
2020-06-22 16:00:00,87.0,54,0.1,0.5,604.0
2020-06-22 17:00:00,87.1,48,0.0,0.49,558.0
2020-06-22 18:00:00,86.7,49,0.0,0.38,401.0
2020-06-22 19:00:00,86.2,52,0.0,0.29,300.0
2020-06-22 20:00:00,85.0,72,0.0,0.12,133.0
2020-06-22 21:00:00,83.3,77,0.0,0.05,11.0
2020-06-22 22:00:00,81.7,82,0.7,0.01,0.0
2020-06-22 23:00:00,80.0,88,0.2,0.0,0.0
2020-06-23 00:00:00,78.7,90,0.0,0.0,0.0
2020-06-23 01:00:00,77.6,94,0.0,0.0,0.0
2020-06-23 02:00:00,76.7,95,0.0,0.0,0.0
2020-06-23 03:00:00,76.1,95,0.0,0.0,0.0
2020-06-23 04:00:00,75.6,98,0.0,0.0,0.0
2020-06-23 05:00:00,75.4,99,0.0,0.0,0.0
2020-06-23 06:00:00,75.4,99,0.1,0.0,0.0
2020-06-23 07:00:00,75.2,98,1.8,0.01,2.0
2020-06-23 08:00:00,76.2,90,3.2,0.04,38.0
2020-06-23 09:00:00,77.4,81,0.1,0.16,209.0
2020-06-23 10:00:00,79.0,75,0.1,0.3,410.0
2020-06-23 11:00:00,80.1,79,1.8,0.38,598.0
2020-06-23 12:00:00,79.6,82,0.1,0.23,313.0
2020-06-23 13:00:00,80.2,83,0.5,0.35,545.0
2020-06-23 14:00:00,80.5,79,0.4,0.34,480.0
2020-06-23 15:00:00,82.0,71,0.1,0.54,768.0
2020-06-23 16:00:00,82.0,76,0.6,0.39,572.0
2020-06-23 17:00:00,82.3,73,0.1,0.38,511.0
2020-06-23 18:00:00,82.7,69,0.0,0.34,443.0
2020-06-23 19:00:00,82.6,70,0.0,0.21,220.0
2020-06-23 20:00:00,80.7,75,0.0,0.1,108.0
2020-06-23 21:00:00,79.7,80,0.0,0.04,18.0
2020-06-23 22:00:00,78.9,84,0.0,0.01,0.0
2020-06-23 23:00:00,78.2,88,0.0,0.01,0.0
2020-06-24 00:00:00,77.6,92,0.0,0.0,0.0
2020-06-24 01:00:00,77.3,96,0.0,0.0,0.0
2020-06-24 02:00:00,77.0,98,0.0,0.0,0.0
2020-06-24 03:00:00,76.8,97,0.0,0.0,0.0
2020-06-24 04:00:00,76.8,97,0.0,0.0,0.0
2020-06-24 05:00:00,76.6,98,0.0,0.0,0.0
2020-06-24 06:00:00,76.5,98,0.0,0.0,0.0
2020-06-24 07:00:00,76.2,98,0.0,0.0,3.0
2020-06-24 08:00:00,76.5,90,0.0,0.06,81.0
2020-06-24 09:00:00,77.5,80,0.0,0.18,258.0
2020-06-24 10:00:00,79.3,70,0.0,0.33,444.0
2020-06-24 11:00:00,81.2,64,0.1,0.49,660.0
2020-06-24 12:00:00,83.2,59,0.0,0.58,756.0
2020-06-24 13:00:00,84.9,54,0.0,0.63,795.0
2020-06-24 14:00:00,85.4,57,0.7,0.53,655.0
2020-06-24 15:00:00,86.2,54,0.0,0.56,708.0
2020-06-24 16:00:00,87.0,53,0.0,0.59,726.0
2020-06-24 17:00:00,87.2,55,0.1,0.49,584.0
2020-06-24 18:00:00,86.5,59,0.1,0.37,433.0
2020-06-24 19:00:00,85.6,62,0.2,0.24,259.0
2020-06-24 20:00:00,84.0,66,0.0,0.12,125.0
2020-06-24 21:00:00,82.7,81,0.0,0.03,17.0
2020-06-24 22:00:00,81.6,92,0.0,0.0,0.0
2020-06-24 23:00:00,80.6,90,0.1,0.0,0.0
2020-06-25 00:00:00,79.8,89,0.2,0.0,0.0
2020-06-25 01:00:00,79.1,94,0.2,0.0,0.0
2020-06-25 02:00:00,78.4,95,0.0,0.0,0.0
2020-06-25 03:00:00,77.9,97,0.0,0.0,0.0
2020-06-25 04:00:00,77.5,97,0.0,0.0,0.0
2020-06-25 05:00:00,77.1,98,0.0,0.0,0.0
2020-06-25 06:00:00,76.8,98,0.0,0.0,0.0
2020-06-25 07:00:00,76.5,98,0.0,0.0,3.0
2020-06-25 08:00:00,77.4,94,0.0,0.05,83.0
2020-06-25 09:00:00,78.3,84,0.0,0.14,194.0
2020-06-25 10:00:00,79.8,73,0.1,0.3,403.0
2020-06-25 11:00:00,81.2,69,0.0,0.35,456.0
2020-06-25 12:00:00,82.2,70,0.0,0.3,366.0
2020-06-25 13:00:00,83.0,69,0.1,0.3,381.0
2020-06-25 14:00:00,84.4,60,0.0,0.47,595.0
2020-06-25 15:00:00,83.2,91,2.6,0.23,319.0
2020-06-25 16:00:00,82.0,86,0.0,0.24,326.0
2020-06-25 17:00:00,82.5,84,0.0,0.33,446.0
2020-06-25 18:00:00,82.5,80,0.0,0.2,265.0
2020-06-25 19:00:00,82.5,80,0.0,0.17,231.0
2020-06-25 20:00:00,83.6,68,0.0,0.11,127.0
2020-06-25 21:00:00,82.1,80,0.0,0.03,16.0
2020-06-25 22:00:00,80.8,82,0.0,0.0,0.0
2020-06-25 23:00:00,79.4,89,0.0,0.0,0.0
2020-06-26 00:00:00,78.1,92,0.0,0.0,0.0
2020-06-26 01:00:00,77.1,87,0.0,0.0,0.0
2020-06-26 02:00:00,76.2,84,0.0,0.0,0.0
2020-06-26 03:00:00,75.5,87,0.0,0.0,0.0
2020-06-26 04:00:00,74.9,87,0.0,0.0,0.0
2020-06-26 05:00:00,74.5,90,0.0,0.0,0.0
2020-06-26 06:00:00,74.2,85,0.0,0.0,0.0
2020-06-26 07:00:00,74.1,80,0.0,0.03,3.0
2020-06-26 08:00:00,76.1,85,0.0,0.05,63.0
2020-06-26 09:00:00,77.6,74,0.0,0.2,279.0
2020-06-26 10:00:00,79.3,69,0.0,0.3,396.0
2020-06-26 11:00:00,81.3,60,0.0,0.46,618.0
2020-06-26 12:00:00,83.7,51,0.0,0.61,798.0
2020-06-26 13:00:00,85.6,44,0.0,0.61,781.0
2020-06-26 14:00:00,86.2,45,0.0,0.38,439.0
2020-06-26 15:00:00,86.7,46,0.0,0.4,456.0
2020-06-26 16:00:00,87.6,44,0.0,0.49,591.0
2020-06-26 17:00:00,87.7,48,0.0,0.35,383.0
2020-06-26 18:00:00,87.5,50,0.0,0.29,308.0
2020-06-26 19:00:00,86.9,59,0.0,0.14,148.0
2020-06-26 20:00:00,86.0,76,0.0,0.05,54.0
2020-06-26 21:00:00,84.4,80,0.0,0.02,18.0
2020-06-26 22:00:00,82.9,85,0.0,0.0,0.0
2020-06-26 23:00:00,81.9,81,0.0,0.0,0.0
2020-06-27 00:00:00,81.0,84,0.0,0.0,0.0
2020-06-27 01:00:00,80.2,83,0.0,0.0,0.0
2020-06-27 02:00:00,79.3,84,0.0,0.0,0.0
2020-06-27 03:00:00,78.4,84,0.0,0.0,0.0
2020-06-27 04:00:00,77.7,86,0.0,0.0,0.0
2020-06-27 05:00:00,77.5,85,0.0,0.0,0.0
2020-06-27 06:00:00,77.2,87,0.0,0.0,0.0
2020-06-27 07:00:00,77.0,85,0.0,0.02,1.0
2020-06-27 08:00:00,77.5,77,0.0,0.05,17.0
2020-06-27 09:00:00,78.4,68,0.0,0.18,225.0
2020-06-27 10:00:00,80.3,58,0.0,0.36,476.0
2020-06-27 11:00:00,82.4,54,0.0,0.47,612.0
2020-06-27 12:00:00,84.7,48,0.0,0.59,763.0
2020-06-27 13:00:00,86.3,45,0.0,0.58,716.0
2020-06-27 14:00:00,88.0,42,0.0,0.68,835.0
2020-06-27 15:00:00,89.2,42,0.0,0.63,747.0
2020-06-27 16:00:00,90.1,40,0.0,0.64,740.0
2020-06-27 17:00:00,89.2,61,1.5,0.37,433.0
2020-06-27 18:00:00,86.9,83,0.0,0.15,181.0
2020-06-27 19:00:00,85.9,73,0.0,0.16,166.0
2020-06-27 20:00:00,82.5,77,0.0,0.07,51.0
2020-06-27 21:00:00,81.2,81,0.0,0.03,15.0
2020-06-27 22:00:00,80.3,83,0.0,0.01,0.0
2020-06-27 23:00:00,79.5,87,0.0,0.0,0.0
2020-06-28 00:00:00,78.8,90,0.0,0.0,0.0
2020-06-28 01:00:00,78.2,91,0.0,0.0,0.0
2020-06-28 02:00:00,77.8,89,0.0,0.0,0.0
2020-06-28 03:00:00,77.5,88,0.0,0.0,0.0
2020-06-28 04:00:00,77.2,88,0.0,0.0,0.0
2020-06-28 05:00:00,76.9,89,0.0,0.0,0.0
2020-06-28 06:00:00,76.5,91,0.0,0.0,0.0
2020-06-28 07:00:00,76.2,93,0.0,0.01,2.0
2020-06-28 08:00:00,76.9,89,0.0,0.05,63.0
2020-06-28 09:00:00,78.4,79,0.0,0.19,265.0
2020-06-28 10:00:00,80.4,63,0.0,0.36,474.0
2020-06-28 11:00:00,82.6,53,0.0,0.5,639.0
2020-06-28 12:00:00,84.5,50,0.0,0.57,700.0
2020-06-28 13:00:00,86.1,46,0.0,0.59,719.0
2020-06-28 14:00:00,86.7,49,0.0,0.44,494.0
2020-06-28 15:00:00,87.4,48,0.0,0.44,506.0
2020-06-28 16:00:00,87.9,44,0.0,0.47,512.0
2020-06-28 17:00:00,88.1,43,0.0,0.4,434.0
2020-06-28 18:00:00,88.4,44,0.0,0.42,470.0
2020-06-28 19:00:00,88.2,48,0.0,0.31,312.0
2020-06-28 20:00:00,88.0,55,0.0,0.18,158.0
2020-06-28 21:00:00,86.5,64,0.0,0.09,20.0
2020-06-28 22:00:00,85.0,72,0.0,0.05,0.0
2020-06-28 23:00:00,83.8,81,0.0,0.02,0.0
2020-06-29 00:00:00,82.6,90,0.0,0.01,0.0
2020-06-29 01:00:00,81.5,95,0.0,0.0,0.0
2020-06-29 02:00:00,80.7,98,0.0,0.0,0.0
2020-06-29 03:00:00,80.0,99,0.0,0.0,0.0
2020-06-29 04:00:00,79.4,99,0.0,0.0,0.0
2020-06-29 05:00:00,79.2,99,0.0,0.0,0.0
2020-06-29 06:00:00,79.1,96,0.0,0.0,0.0
2020-06-29 07:00:00,79.0,96,0.0,0.01,2.0
2020-06-29 08:00:00,80.4,91,0.0,0.05,65.0
2020-06-29 09:00:00,81.0,83,0.1,0.16,218.0
2020-06-29 10:00:00,82.1,76,0.1,0.29,391.0
2020-06-29 11:00:00,83.7,67,0.1,0.42,551.0
2020-06-29 12:00:00,85.4,57,0.1,0.54,688.0
2020-06-29 13:00:00,87.0,52,0.0,0.59,743.0
2020-06-29 14:00:00,88.5,49,0.0,0.63,778.0
2020-06-29 15:00:00,89.6,53,1.1,0.6,734.0
2020-06-29 16:00:00,87.4,70,1.4,0.5,668.0
2020-06-29 17:00:00,87.5,63,0.1,0.45,583.0
2020-06-29 18:00:00,87.8,58,0.0,0.4,493.0
2020-06-29 19:00:00,87.6,57,0.0,0.27,302.0
2020-06-29 20:00:00,85.6,70,0.0,0.12,132.0
2020-06-29 21:00:00,84.4,78,0.0,0.04,19.0
2020-06-29 22:00:00,83.4,73,0.0,0.04,0.0
2020-06-29 23:00:00,82.6,76,0.0,0.03,0.0
2020-06-30 00:00:00,81.9,83,0.0,0.02,0.0
2020-06-30 01:00:00,81.2,87,0.0,0.01,0.0
2020-06-30 02:00:00,80.6,90,0.0,0.0,0.0
2020-06-30 03:00:00,80.0,93,0.0,0.0,0.0
2020-06-30 04:00:00,79.5,94,0.0,0.0,0.0
2020-06-30 05:00:00,79.1,95,0.0,0.0,0.0
2020-06-30 06:00:00,78.7,97,0.0,0.0,0.0
2020-06-30 07:00:00,78.4,97,0.0,0.0,3.0
2020-06-30 08:00:00,78.9,88,0.0,0.06,90.0
2020-06-30 09:00:00,80.1,77,0.0,0.19,264.0
2020-06-30 10:00:00,81.7,66,0.1,0.35,455.0
2020-06-30 11:00:00,83.4,60,0.2,0.46,595.0
2020-06-30 12:00:00,85.1,57,0.1,0.54,692.0
2020-06-30 13:00:00,86.6,54,0.0,0.56,704.0
2020-06-30 14:00:00,88.1,52,0.0,0.59,735.0
2020-06-30 15:00:00,89.3,49,0.0,0.65,790.0
2020-06-30 16:00:00,90.3,42,0.1,0.63,706.0
2020-06-30 17:00:00,87.6,79,2.9,0.38,518.0
2020-06-30 18:00:00,86.6,89,1.0,0.2,273.0
2020-06-30 19:00:00,84.5,94,0.8,0.1,137.0
2020-06-30 20:00:00,85.2,66,0.0,0.11,55.0
2020-06-30 21:00:00,83.9,78,0.0,0.03,10.0
2020-06-30 22:00:00,82.6,87,0.0,0.0,0.0
2020-06-30 23:00:00,81.5,89,0.0,0.0,0.0
2020-07-01 00:00:00,80.7,90,0.0,0.0,0.0
2020-07-01 01:00:00,80.1,91,0.0,0.0,0.0
2020-07-01 02:00:00,79.5,92,0.0,0.0,0.0
2020-07-01 03:00:00,79.1,94,0.0,0.0,0.0
2020-07-01 04:00:00,78.5,96,0.0,0.0,0.0
2020-07-01 05:00:00,78.3,97,0.0,0.0,0.0
2020-07-01 06:00:00,78.1,98,0.0,0.0,0.0
2020-07-01 07:00:00,77.8,98,0.0,0.0,3.0
2020-07-01 08:00:00,76.6,90,0.0,0.06,87.0
2020-07-01 09:00:00,78.3,81,0.0,0.19,273.0
2020-07-01 10:00:00,80.3,69,0.0,0.35,464.0
2020-07-01 11:00:00,82.7,59,0.0,0.49,632.0
2020-07-01 12:00:00,84.7,56,0.0,0.55,699.0
2020-07-01 13:00:00,86.6,51,0.0,0.6,746.0
2020-07-01 14:00:00,85.1,93,6.7,0.28,444.0
2020-07-01 15:00:00,83.2,88,0.0,0.17,217.0
2020-07-01 16:00:00,82.9,78,0.1,0.29,375.0
2020-07-01 17:00:00,83.4,73,0.1,0.32,412.0
2020-07-01 18:00:00,83.6,70,0.1,0.27,328.0
2020-07-01 19:00:00,83.6,73,0.0,0.19,223.0
2020-07-01 20:00:00,79.3,95,0.0,0.08,125.0
2020-07-01 21:00:00,78.4,96,0.0,0.01,19.0
2020-07-01 22:00:00,77.5,95,0.0,0.0,0.0
2020-07-01 23:00:00,76.8,94,0.0,0.0,0.0
2020-07-02 00:00:00,76.4,94,0.0,0.0,0.0
2020-07-02 01:00:00,76.0,95,0.0,0.0,0.0
2020-07-02 02:00:00,75.7,96,0.0,0.0,0.0
2020-07-02 03:00:00,75.5,98,0.0,0.0,0.0
2020-07-02 04:00:00,75.4,98,0.0,0.0,0.0
2020-07-02 05:00:00,75.3,99,0.0,0.0,0.0
2020-07-02 06:00:00,75.2,98,0.0,0.0,0.0
2020-07-02 07:00:00,75.0,97,0.0,0.0,3.0
2020-07-02 08:00:00,73.8,90,0.3,0.04,49.0
2020-07-02 09:00:00,75.2,81,0.0,0.16,238.0
2020-07-02 10:00:00,77.2,70,0.0,0.33,470.0
2020-07-02 11:00:00,79.3,55,0.0,0.47,625.0
2020-07-02 12:00:00,81.3,47,0.0,0.63,820.0
2020-07-02 13:00:00,83.2,46,0.0,0.72,928.0
2020-07-02 14:00:00,84.7,46,0.0,0.72,918.0
2020-07-02 15:00:00,85.9,44,0.0,0.69,860.0
2020-07-02 16:00:00,87.0,42,0.0,0.69,865.0
2020-07-02 17:00:00,87.5,42,0.0,0.57,697.0
2020-07-02 18:00:00,87.6,44,0.0,0.44,533.0
2020-07-02 19:00:00,87.3,49,0.0,0.3,338.0
2020-07-02 20:00:00,85.6,68,0.0,0.14,146.0
2020-07-02 21:00:00,83.8,74,0.0,0.03,20.0
2020-07-02 22:00:00,82.4,78,0.0,0.02,0.0
2020-07-02 23:00:00,81.3,87,0.0,0.01,0.0
2020-07-03 00:00:00,80.4,90,0.0,0.0,0.0
2020-07-03 01:00:00,79.7,93,0.0,0.0,0.0
2020-07-03 02:00:00,79.0,95,0.0,0.0,0.0
2020-07-03 03:00:00,78.5,97,0.0,0.0,0.0
2020-07-03 04:00:00,78.1,96,0.0,0.0,0.0
2020-07-03 05:00:00,77.8,91,0.0,0.0,0.0
2020-07-03 06:00:00,77.4,89,0.0,0.0,0.0
2020-07-03 07:00:00,76.9,89,0.0,0.01,2.0
2020-07-03 08:00:00,78.2,88,0.0,0.05,86.0
2020-07-03 09:00:00,79.0,80,0.0,0.16,238.0
2020-07-03 10:00:00,80.4,70,0.0,0.29,402.0
2020-07-03 11:00:00,82.4,60,0.0,0.47,641.0
2020-07-03 12:00:00,84.2,57,0.0,0.54,710.0
2020-07-03 13:00:00,85.7,54,0.0,0.57,721.0
2020-07-03 14:00:00,86.8,58,0.2,0.55,713.0
2020-07-03 15:00:00,85.2,92,8.0,0.32,461.0
2020-07-03 16:00:00,83.2,91,1.6,0.21,291.0
2020-07-03 17:00:00,82.9,94,0.7,0.31,430.0
2020-07-03 18:00:00,82.5,93,0.4,0.19,273.0
2020-07-03 19:00:00,81.3,95,1.5,0.11,157.0
2020-07-03 20:00:00,82.7,80,0.2,0.08,85.0
2020-07-03 21:00:00,81.1,83,0.0,0.02,14.0
2020-07-03 22:00:00,80.0,87,0.0,0.0,0.0
2020-07-03 23:00:00,79.0,89,0.0,0.0,0.0
2020-07-04 00:00:00,78.2,91,0.0,0.0,0.0
2020-07-04 01:00:00,77.5,89,0.0,0.0,0.0
2020-07-04 02:00:00,77.1,90,0.0,0.0,0.0
2020-07-04 03:00:00,76.6,92,0.0,0.0,0.0
2020-07-04 04:00:00,76.3,94,0.0,0.0,0.0
2020-07-04 05:00:00,75.8,96,0.0,0.0,0.0
2020-07-04 06:00:00,75.5,97,0.0,0.0,0.0
2020-07-04 07:00:00,75.2,96,0.0,0.0,2.0
2020-07-04 08:00:00,74.8,92,0.0,0.05,84.0
2020-07-04 09:00:00,76.0,86,0.0,0.16,253.0
2020-07-04 10:00:00,77.9,76,0.0,0.32,455.0
2020-07-04 11:00:00,79.7,72,0.1,0.4,552.0
2020-07-04 12:00:00,81.3,72,0.1,0.47,640.0
2020-07-04 13:00:00,82.9,62,0.1,0.55,719.0
2020-07-04 14:00:00,82.9,82,1.0,0.4,593.0
2020-07-04 15:00:00,83.6,71,0.1,0.57,786.0
2020-07-04 16:00:00,83.8,72,0.1,0.41,545.0
2020-07-04 17:00:00,83.7,79,0.3,0.28,372.0
2020-07-04 18:00:00,82.9,89,0.3,0.15,202.0
2020-07-04 19:00:00,81.5,95,1.1,0.09,125.0
2020-07-04 20:00:00,80.8,82,0.0,0.07,73.0
2020-07-04 21:00:00,79.9,89,0.0,0.02,11.0
2020-07-04 22:00:00,79.1,92,0.0,0.0,0.0
2020-07-04 23:00:00,78.4,94,0.0,0.0,0.0
2020-07-05 00:00:00,77.9,97,0.0,0.0,0.0
2020-07-05 01:00:00,77.4,96,0.0,0.0,0.0
2020-07-05 02:00:00,76.9,96,0.0,0.0,0.0
2020-07-05 03:00:00,76.5,97,0.0,0.0,0.0
2020-07-05 04:00:00,76.1,97,0.1,0.0,0.0
2020-07-05 05:00:00,75.9,99,0.2,0.0,0.0
2020-07-05 06:00:00,75.8,99,0.1,0.0,0.0
2020-07-05 07:00:00,75.6,97,0.3,0.0,2.0
2020-07-05 08:00:00,75.8,96,0.1,0.04,56.0
2020-07-05 09:00:00,76.6,86,0.0,0.15,231.0
2020-07-05 10:00:00,77.7,80,0.0,0.26,375.0
2020-07-05 11:00:00,79.3,75,0.1,0.4,566.0
2020-07-05 12:00:00,80.9,69,0.1,0.5,689.0
2020-07-05 13:00:00,81.2,82,4.3,0.36,533.0
2020-07-05 14:00:00,80.2,90,1.0,0.29,421.0
2020-07-05 15:00:00,79.8,91,0.6,0.21,282.0
2020-07-05 16:00:00,80.0,94,0.7,0.26,376.0
2020-07-05 17:00:00,79.9,90,3.6,0.22,335.0
2020-07-05 18:00:00,78.9,91,0.9,0.11,143.0
2020-07-05 19:00:00,78.2,95,1.1,0.07,93.0
2020-07-05 20:00:00,78.7,97,0.1,0.05,61.0
2020-07-05 21:00:00,77.8,96,0.6,0.01,9.0
2020-07-05 22:00:00,77.1,97,0.0,0.0,0.0
2020-07-05 23:00:00,76.6,98,0.0,0.0,0.0
2020-07-06 00:00:00,76.3,98,0.0,0.0,0.0
2020-07-06 01:00:00,76.1,98,0.0,0.0,0.0
2020-07-06 02:00:00,75.8,98,0.0,0.0,0.0
2020-07-06 03:00:00,75.6,98,0.2,0.0,0.0
2020-07-06 04:00:00,75.3,97,0.2,0.0,0.0
2020-07-06 05:00:00,75.1,95,0.2,0.0,0.0
2020-07-06 06:00:00,75.0,100,0.2,0.0,0.0
2020-07-06 07:00:00,74.9,100,1.3,0.0,1.0
2020-07-06 08:00:00,75.4,97,0.4,0.03,33.0
2020-07-06 09:00:00,75.7,94,0.0,0.1,157.0
2020-07-06 10:00:00,76.6,87,0.1,0.22,329.0
2020-07-06 11:00:00,77.8,83,0.1,0.33,490.0
2020-07-06 12:00:00,79.3,76,0.1,0.43,603.0
2020-07-06 13:00:00,80.2,83,3.3,0.41,618.0
2020-07-06 14:00:00,79.7,94,3.8,0.34,522.0
2020-07-06 15:00:00,79.7,91,0.6,0.27,400.0
2020-07-06 16:00:00,80.0,88,0.1,0.31,468.0
2020-07-06 17:00:00,79.9,90,2.3,0.27,430.0
2020-07-06 18:00:00,78.9,91,0.4,0.14,200.0
2020-07-06 19:00:00,78.4,93,0.1,0.12,175.0
2020-07-06 20:00:00,77.4,92,1.4,0.06,84.0
2020-07-06 21:00:00,76.8,96,0.1,0.01,11.0
2020-07-06 22:00:00,76.5,97,0.0,0.0,0.0
2020-07-06 23:00:00,76.1,97,0.0,0.0,0.0
2020-07-07 00:00:00,75.7,98,0.0,0.0,0.0
2020-07-07 01:00:00,75.3,98,0.0,0.0,0.0
2020-07-07 02:00:00,75.1,98,0.2,0.0,0.0
2020-07-07 03:00:00,74.9,98,0.2,0.0,0.0
2020-07-07 04:00:00,74.8,100,0.7,0.0,0.0
2020-07-07 05:00:00,74.5,100,0.6,0.0,0.0
2020-07-07 06:00:00,74.3,99,0.3,0.0,0.0
2020-07-07 07:00:00,74.3,98,0.0,0.01,1.0
2020-07-07 08:00:00,76.0,97,0.0,0.03,28.0
2020-07-07 09:00:00,76.3,94,0.0,0.1,155.0
2020-07-07 10:00:00,77.0,93,0.3,0.19,298.0
2020-07-07 11:00:00,77.8,96,0.6,0.27,455.0
2020-07-07 12:00:00,77.5,99,1.3,0.1,147.0
2020-07-07 13:00:00,77.8,91,1.8,0.24,385.0
2020-07-07 14:00:00,77.5,96,1.2,0.16,263.0
2020-07-07 15:00:00,77.2,97,1.1,0.15,231.0
2020-07-07 16:00:00,77.5,96,0.8,0.21,352.0
2020-07-07 17:00:00,77.4,96,0.4,0.12,188.0
2020-07-07 18:00:00,77.5,95,1.2,0.15,233.0
2020-07-07 19:00:00,77.2,93,1.8,0.08,119.0
2020-07-07 20:00:00,76.7,89,0.1,0.06,61.0
2020-07-07 21:00:00,76.6,91,0.1,0.03,10.0
2020-07-07 22:00:00,76.3,93,0.1,0.0,0.0
2020-07-07 23:00:00,76.1,95,0.1,0.0,0.0
2020-07-08 00:00:00,75.9,97,0.1,0.0,0.0
2020-07-08 01:00:00,75.7,98,0.1,0.0,0.0
2020-07-08 02:00:00,75.6,98,0.0,0.0,0.0
2020-07-08 03:00:00,75.4,98,0.0,0.0,0.0
2020-07-08 04:00:00,75.3,97,0.0,0.0,0.0
2020-07-08 05:00:00,75.2,97,0.0,0.0,0.0
2020-07-08 06:00:00,75.0,98,0.0,0.0,0.0
2020-07-08 07:00:00,74.8,98,0.0,0.0,1.0
2020-07-08 08:00:00,76.2,94,0.0,0.04,67.0
2020-07-08 09:00:00,76.3,87,0.0,0.15,228.0
2020-07-08 10:00:00,76.9,80,0.0,0.21,284.0
2020-07-08 11:00:00,77.9,77,0.0,0.29,388.0
2020-07-08 12:00:00,79.4,74,0.1,0.44,614.0
2020-07-08 13:00:00,80.8,70,0.2,0.53,736.0
2020-07-08 14:00:00,82.0,65,0.2,0.56,754.0
2020-07-08 15:00:00,82.9,62,0.0,0.56,730.0
2020-07-08 16:00:00,83.7,61,0.1,0.52,673.0
2020-07-08 17:00:00,84.1,63,0.1,0.48,616.0
2020-07-08 18:00:00,84.1,64,0.1,0.35,439.0
2020-07-08 19:00:00,83.8,68,0.0,0.24,305.0
2020-07-08 20:00:00,83.1,75,0.0,0.11,134.0
2020-07-08 21:00:00,82.0,77,0.0,0.06,17.0
2020-07-08 22:00:00,80.9,84,0.2,0.02,0.0
2020-07-08 23:00:00,79.9,90,0.0,0.0,0.0
2020-07-09 00:00:00,79.0,93,0.0,0.0,0.0
2020-07-09 01:00:00,78.3,96,0.0,0.0,0.0
2020-07-09 02:00:00,77.8,96,0.0,0.0,0.0
2020-07-09 03:00:00,77.4,97,0.0,0.0,0.0
2020-07-09 04:00:00,77.0,97,0.0,0.0,0.0
2020-07-09 05:00:00,76.6,97,0.0,0.0,0.0
2020-07-09 06:00:00,76.3,98,0.0,0.0,0.0
2020-07-09 07:00:00,75.9,98,0.0,0.01,1.0
2020-07-09 08:00:00,76.6,90,0.0,0.05,79.0
2020-07-09 09:00:00,77.2,80,0.0,0.17,254.0
2020-07-09 10:00:00,78.4,70,0.0,0.31,441.0
2020-07-09 11:00:00,79.9,65,0.0,0.44,607.0
2020-07-09 12:00:00,81.3,63,0.0,0.53,721.0
2020-07-09 13:00:00,82.6,64,0.0,0.56,754.0
2020-07-09 14:00:00,83.9,64,0.0,0.63,849.0
2020-07-09 15:00:00,84.9,61,0.0,0.62,806.0
2020-07-09 16:00:00,84.2,77,2.5,0.4,548.0
2020-07-09 17:00:00,83.0,82,2.4,0.32,458.0
2020-07-09 18:00:00,82.3,84,0.0,0.19,247.0
2020-07-09 19:00:00,82.1,81,0.0,0.21,280.0
2020-07-09 20:00:00,82.9,78,0.0,0.11,144.0
2020-07-09 21:00:00,81.8,88,0.0,0.02,13.0
2020-07-09 22:00:00,80.8,85,0.1,0.01,0.0
2020-07-09 23:00:00,80.2,88,0.1,0.0,0.0
2020-07-10 00:00:00,79.5,91,0.0,0.0,0.0
2020-07-10 01:00:00,79.0,93,0.0,0.0,0.0
2020-07-10 02:00:00,78.5,96,0.0,0.0,0.0
2020-07-10 03:00:00,78.2,98,0.0,0.0,0.0
2020-07-10 04:00:00,77.8,97,0.0,0.0,0.0
2020-07-10 05:00:00,77.5,96,0.0,0.0,0.0
2020-07-10 06:00:00,77.4,94,0.0,0.0,0.0
2020-07-10 07:00:00,77.3,95,0.0,0.01,1.0
2020-07-10 08:00:00,79.8,92,0.0,0.05,73.0
2020-07-10 09:00:00,80.1,84,0.0,0.16,218.0
2020-07-10 10:00:00,80.9,80,0.0,0.29,412.0
2020-07-10 11:00:00,82.0,76,0.0,0.4,551.0
2020-07-10 12:00:00,83.5,70,0.0,0.55,738.0
2020-07-10 13:00:00,84.8,66,0.0,0.6,793.0
2020-07-10 14:00:00,86.0,59,0.1,0.62,796.0
2020-07-10 15:00:00,86.9,56,0.0,0.62,782.0
2020-07-10 16:00:00,87.5,56,0.1,0.57,710.0
2020-07-10 17:00:00,87.6,58,0.2,0.48,583.0
2020-07-10 18:00:00,87.2,64,0.1,0.34,411.0
2020-07-10 19:00:00,86.2,72,0.1,0.21,254.0
2020-07-10 20:00:00,85.6,67,0.0,0.13,133.0
2020-07-10 21:00:00,84.1,71,0.0,0.05,17.0
2020-07-10 22:00:00,82.8,74,0.0,0.03,0.0
2020-07-10 23:00:00,81.9,80,0.0,0.02,0.0
2020-07-11 00:00:00,81.1,83,0.0,0.01,0.0
2020-07-11 01:00:00,80.4,84,0.0,0.01,0.0
2020-07-11 02:00:00,80.0,86,0.0,0.01,0.0
2020-07-11 03:00:00,79.5,87,0.0,0.01,0.0
2020-07-11 04:00:00,79.2,89,0.0,0.0,0.0
2020-07-11 05:00:00,78.9,91,0.0,0.0,0.0
2020-07-11 06:00:00,78.6,92,0.0,0.0,0.0
2020-07-11 07:00:00,78.4,93,0.0,0.01,1.0
2020-07-11 08:00:00,80.5,90,0.0,0.06,80.0
2020-07-11 09:00:00,81.1,81,0.0,0.19,261.0
2020-07-11 10:00:00,82.2,70,0.0,0.34,458.0
2020-07-11 11:00:00,83.7,61,0.0,0.5,645.0
2020-07-11 12:00:00,85.3,55,0.0,0.63,801.0
2020-07-11 13:00:00,86.5,54,0.0,0.64,792.0
2020-07-11 14:00:00,87.7,51,0.0,0.73,911.0
2020-07-11 15:00:00,88.8,48,0.0,0.75,941.0
2020-07-11 16:00:00,89.4,49,0.0,0.67,819.0
2020-07-11 17:00:00,89.7,47,0.0,0.58,705.0
2020-07-11 18:00:00,89.7,46,0.0,0.47,561.0
2020-07-11 19:00:00,89.3,49,0.0,0.3,356.0
2020-07-11 20:00:00,88.2,59,0.0,0.16,161.0
2020-07-11 21:00:00,85.8,61,0.0,0.05,21.0
2020-07-11 22:00:00,83.5,74,0.0,0.02,0.0
2020-07-11 23:00:00,81.6,71,0.0,0.01,0.0
2020-07-12 00:00:00,80.2,73,0.0,0.02,0.0
2020-07-12 01:00:00,78.8,81,0.0,0.01,0.0
2020-07-12 02:00:00,77.6,75,0.0,0.01,0.0
2020-07-12 03:00:00,76.7,73,0.0,0.0,0.0
2020-07-12 04:00:00,75.9,75,0.0,0.02,0.0
2020-07-12 05:00:00,75.6,79,0.0,0.02,0.0
2020-07-12 06:00:00,75.0,86,0.0,0.0,0.0
2020-07-12 07:00:00,74.6,88,0.0,0.01,1.0
2020-07-12 08:00:00,74.8,74,0.0,0.07,85.0
2020-07-12 09:00:00,76.3,65,0.0,0.19,271.0
2020-07-12 10:00:00,78.4,58,0.0,0.35,472.0
2020-07-12 11:00:00,80.7,51,0.0,0.49,658.0
2020-07-12 12:00:00,82.9,46,0.0,0.6,779.0
2020-07-12 13:00:00,84.9,42,0.0,0.71,913.0
2020-07-12 14:00:00,86.8,38,0.0,0.76,959.0
2020-07-12 15:00:00,88.3,37,0.0,0.75,934.0
2020-07-12 16:00:00,89.2,38,0.0,0.7,857.0
2020-07-12 17:00:00,89.6,42,0.0,0.61,735.0
2020-07-12 18:00:00,89.6,44,0.0,0.43,563.0
2020-07-12 19:00:00,89.1,45,0.0,0.27,352.0
2020-07-12 20:00:00,87.8,72,0.0,0.11,143.0
2020-07-12 21:00:00,85.8,66,0.0,0.07,16.0
2020-07-12 22:00:00,84.7,65,0.0,0.07,0.0
2020-07-12 23:00:00,83.4,71,0.1,0.03,0.0
2020-07-13 00:00:00,82.0,77,0.1,0.03,0.0
2020-07-13 01:00:00,81.0,83,0.0,0.02,0.0
2020-07-13 02:00:00,80.1,87,0.0,0.0,0.0
2020-07-13 03:00:00,79.3,90,0.0,0.0,0.0
2020-07-13 04:00:00,78.8,89,0.0,0.0,0.0
2020-07-13 05:00:00,78.4,89,0.1,0.0,0.0
2020-07-13 06:00:00,78.2,90,0.3,0.0,0.0
2020-07-13 07:00:00,77.5,95,1.2,0.0,1.0
2020-07-13 08:00:00,77.1,86,0.0,0.04,59.0
2020-07-13 09:00:00,78.0,81,0.0,0.13,190.0
2020-07-13 10:00:00,79.4,73,0.0,0.27,377.0
2020-07-13 11:00:00,80.8,69,0.0,0.3,388.0
2020-07-13 12:00:00,82.1,67,0.1,0.35,440.0
2020-07-13 13:00:00,83.8,64,0.1,0.53,689.0
2020-07-13 14:00:00,85.4,60,0.1,0.61,791.0
2020-07-13 15:00:00,86.8,55,0.0,0.66,837.0
2020-07-13 16:00:00,87.9,51,0.0,0.62,772.0
2020-07-13 17:00:00,88.4,52,0.0,0.49,591.0
2020-07-13 18:00:00,87.8,68,0.2,0.27,329.0
2020-07-13 19:00:00,86.6,80,0.4,0.2,251.0
2020-07-13 20:00:00,84.9,69,0.0,0.13,124.0
2020-07-13 21:00:00,83.8,77,0.0,0.05,19.0
2020-07-13 22:00:00,82.9,85,0.0,0.02,0.0
2020-07-13 23:00:00,82.1,91,0.0,0.0,0.0
2020-07-14 00:00:00,81.3,95,0.0,0.0,0.0
2020-07-14 01:00:00,80.7,97,0.0,0.0,0.0
2020-07-14 02:00:00,80.2,98,0.0,0.0,0.0
2020-07-14 03:00:00,79.7,98,0.0,0.0,0.0
2020-07-14 04:00:00,79.4,98,0.0,0.0,0.0
2020-07-14 05:00:00,79.2,98,0.0,0.0,0.0
2020-07-14 06:00:00,78.9,98,0.0,0.0,0.0
2020-07-14 07:00:00,78.6,99,0.0,0.0,1.0
2020-07-14 08:00:00,79.8,94,0.0,0.04,71.0
2020-07-14 09:00:00,80.7,87,0.0,0.16,228.0
2020-07-14 10:00:00,82.0,80,0.0,0.29,393.0
2020-07-14 11:00:00,83.5,75,0.0,0.4,527.0
2020-07-14 12:00:00,85.0,63,0.1,0.51,657.0
2020-07-14 13:00:00,86.3,60,0.4,0.54,684.0
2020-07-14 14:00:00,86.5,75,1.8,0.5,657.0
2020-07-14 15:00:00,87.2,65,0.7,0.57,746.0
2020-07-14 16:00:00,87.1,67,0.3,0.5,655.0
2020-07-14 17:00:00,87.5,64,0.0,0.48,621.0
2020-07-14 18:00:00,86.8,77,0.6,0.26,348.0
2020-07-14 19:00:00,85.7,83,0.0,0.17,231.0
2020-07-14 20:00:00,85.5,73,0.0,0.1,105.0
2020-07-14 21:00:00,84.3,78,0.0,0.04,16.0
2020-07-14 22:00:00,83.2,80,0.0,0.01,0.0
2020-07-14 23:00:00,82.3,84,0.0,0.01,0.0
2020-07-15 00:00:00,81.7,91,0.0,0.0,0.0
2020-07-15 01:00:00,81.1,96,0.0,0.0,0.0
2020-07-15 02:00:00,80.4,99,0.0,0.0,0.0
2020-07-15 03:00:00,80.0,99,0.0,0.0,0.0
2020-07-15 04:00:00,79.3,99,0.0,0.0,0.0
2020-07-15 05:00:00,79.0,99,0.0,0.0,0.0
2020-07-15 06:00:00,79.0,99,0.0,0.0,0.0
2020-07-15 07:00:00,79.0,99,0.0,0.01,0.0
2020-07-15 08:00:00,79.8,96,0.0,0.03,39.0
2020-07-15 09:00:00,79.8,93,0.0,0.1,152.0
2020-07-15 10:00:00,80.7,88,0.1,0.23,318.0
2020-07-15 11:00:00,81.9,88,0.2,0.32,441.0
2020-07-15 12:00:00,83.0,84,0.2,0.4,542.0
2020-07-15 13:00:00,84.4,75,0.2,0.5,671.0
2020-07-15 14:00:00,85.9,64,0.0,0.62,806.0
2020-07-15 15:00:00,87.1,53,0.0,0.63,794.0
2020-07-15 16:00:00,87.1,79,1.2,0.45,618.0
2020-07-15 17:00:00,86.5,75,0.0,0.28,353.0
2020-07-15 18:00:00,86.1,69,0.0,0.29,361.0
2020-07-15 19:00:00,85.5,73,0.0,0.19,220.0
2020-07-15 20:00:00,84.1,75,0.0,0.09,114.0
2020-07-15 21:00:00,82.7,82,0.0,0.02,17.0
2020-07-15 22:00:00,81.3,81,0.0,0.0,0.0
2020-07-15 23:00:00,80.2,91,0.0,0.0,0.0
2020-07-16 00:00:00,79.3,94,0.0,0.0,0.0
2020-07-16 01:00:00,78.4,96,0.0,0.0,0.0
2020-07-16 02:00:00,77.7,94,0.0,0.0,0.0
2020-07-16 03:00:00,77.1,96,0.0,0.0,0.0
2020-07-16 04:00:00,76.5,98,0.0,0.0,0.0
2020-07-16 05:00:00,76.1,98,0.0,0.0,0.0
2020-07-16 06:00:00,75.8,98,0.0,0.0,0.0
2020-07-16 07:00:00,75.7,98,0.0,0.0,1.0
2020-07-16 08:00:00,74.8,92,0.0,0.04,66.0
2020-07-16 09:00:00,76.5,84,0.0,0.16,249.0
2020-07-16 10:00:00,78.4,75,0.0,0.32,449.0
2020-07-16 11:00:00,80.6,66,0.0,0.44,600.0
2020-07-16 12:00:00,82.6,59,0.0,0.54,709.0
2020-07-16 13:00:00,84.5,55,0.0,0.62,799.0
2020-07-16 14:00:00,86.3,52,0.0,0.71,900.0
2020-07-16 15:00:00,87.7,51,0.0,0.68,857.0
2020-07-16 16:00:00,88.4,50,0.0,0.57,703.0
2020-07-16 17:00:00,88.5,47,0.0,0.4,494.0
2020-07-16 18:00:00,87.6,64,0.3,0.23,262.0
2020-07-16 19:00:00,86.6,70,0.0,0.21,246.0
2020-07-16 20:00:00,85.2,88,0.0,0.08,117.0
2020-07-16 21:00:00,83.5,93,0.0,0.01,17.0
2020-07-16 22:00:00,82.0,88,0.0,0.0,0.0
2020-07-16 23:00:00,80.9,79,0.0,0.01,0.0
2020-07-17 00:00:00,80.0,75,0.0,0.02,0.0
2020-07-17 01:00:00,79.3,75,0.0,0.03,0.0
2020-07-17 02:00:00,78.8,76,0.0,0.04,0.0
2020-07-17 03:00:00,78.6,76,0.0,0.03,0.0
2020-07-17 04:00:00,78.3,78,0.0,0.02,0.0
2020-07-17 05:00:00,77.8,82,0.0,0.01,0.0
2020-07-17 06:00:00,77.3,85,0.0,0.01,0.0
2020-07-17 07:00:00,76.6,87,0.0,0.0,1.0
2020-07-17 08:00:00,77.2,86,0.0,0.05,75.0
2020-07-17 09:00:00,78.1,79,0.0,0.18,256.0
2020-07-17 10:00:00,79.7,71,0.0,0.33,461.0
2020-07-17 11:00:00,81.6,60,0.0,0.49,652.0
2020-07-17 12:00:00,83.7,49,0.0,0.62,806.0
2020-07-17 13:00:00,85.6,42,0.0,0.72,911.0
2020-07-17 14:00:00,87.4,40,0.0,0.78,964.0
2020-07-17 15:00:00,88.5,42,0.0,0.7,851.0
2020-07-17 16:00:00,89.1,44,0.0,0.62,746.0
2020-07-17 17:00:00,89.3,45,0.0,0.52,627.0
2020-07-17 18:00:00,89.1,46,0.0,0.37,428.0
2020-07-17 19:00:00,88.6,50,0.0,0.25,283.0
2020-07-17 20:00:00,87.4,57,0.0,0.15,112.0
2020-07-17 21:00:00,85.7,66,0.0,0.06,16.0
2020-07-17 22:00:00,84.3,69,0.0,0.03,0.0
2020-07-17 23:00:00,83.0,70,0.0,0.04,0.0
2020-07-18 00:00:00,82.0,75,0.0,0.02,0.0
2020-07-18 01:00:00,80.9,84,0.0,0.0,0.0
2020-07-18 02:00:00,80.0,81,0.0,0.01,0.0
2020-07-18 03:00:00,79.3,83,0.0,0.0,0.0
2020-07-18 04:00:00,78.7,85,0.0,0.0,0.0
2020-07-18 05:00:00,78.2,87,0.0,0.0,0.0
2020-07-18 06:00:00,77.7,88,0.0,0.0,0.0
2020-07-18 07:00:00,77.4,90,0.0,0.0,1.0
2020-07-18 08:00:00,78.6,85,0.0,0.05,73.0
2020-07-18 09:00:00,79.4,77,0.0,0.17,255.0
2020-07-18 10:00:00,81.1,69,0.0,0.33,460.0
2020-07-18 11:00:00,82.9,57,0.0,0.49,652.0
2020-07-18 12:00:00,84.7,48,0.0,0.57,722.0
2020-07-18 13:00:00,86.6,41,0.0,0.68,850.0
2020-07-18 14:00:00,88.3,39,0.0,0.71,872.0
2020-07-18 15:00:00,89.3,41,0.2,0.68,832.0
2020-07-18 16:00:00,89.8,43,0.0,0.58,694.0
2020-07-18 17:00:00,89.9,43,0.0,0.48,568.0
2020-07-18 18:00:00,89.8,44,0.0,0.39,456.0
2020-07-18 19:00:00,89.2,52,0.0,0.26,281.0
2020-07-18 20:00:00,88.1,57,0.0,0.11,110.0
2020-07-18 21:00:00,86.3,68,0.0,0.04,16.0
2020-07-18 22:00:00,84.6,73,0.0,0.01,0.0
2020-07-18 23:00:00,83.5,74,0.0,0.02,0.0
2020-07-19 00:00:00,82.6,77,0.0,0.02,0.0
2020-07-19 01:00:00,81.8,79,0.0,0.01,0.0
2020-07-19 02:00:00,81.0,81,0.0,0.01,0.0
2020-07-19 03:00:00,80.2,85,0.0,0.0,0.0
2020-07-19 04:00:00,79.5,87,0.0,0.0,0.0
2020-07-19 05:00:00,79.0,88,0.0,0.0,0.0
2020-07-19 06:00:00,78.5,89,0.0,0.0,0.0
2020-07-19 07:00:00,78.2,89,0.0,0.02,0.0
2020-07-19 08:00:00,79.3,86,0.0,0.05,68.0
2020-07-19 09:00:00,80.2,79,0.0,0.17,245.0
2020-07-19 10:00:00,81.7,69,0.0,0.33,450.0
2020-07-19 11:00:00,83.5,63,0.0,0.45,596.0
2020-07-19 12:00:00,85.2,59,0.0,0.52,670.0
2020-07-19 13:00:00,86.8,54,0.0,0.6,764.0
2020-07-19 14:00:00,88.3,49,0.0,0.66,831.0
2020-07-19 15:00:00,89.8,46,0.0,0.67,833.0
2020-07-19 16:00:00,90.8,44,0.0,0.64,784.0
2020-07-19 17:00:00,91.2,42,0.0,0.55,638.0
2020-07-19 18:00:00,90.6,54,0.0,0.37,404.0
2020-07-19 19:00:00,89.6,58,0.0,0.23,250.0
2020-07-19 20:00:00,88.2,59,0.0,0.13,133.0
2020-07-19 21:00:00,86.5,67,0.0,0.05,16.0
2020-07-19 22:00:00,85.0,68,0.0,0.04,0.0
2020-07-19 23:00:00,83.8,74,0.0,0.01,0.0
2020-07-20 00:00:00,82.5,85,0.0,0.0,0.0
2020-07-20 01:00:00,81.4,92,0.0,0.0,0.0
2020-07-20 02:00:00,80.4,96,0.0,0.0,0.0
2020-07-20 03:00:00,79.6,96,0.0,0.0,0.0
2020-07-20 04:00:00,79.1,95,0.0,0.0,0.0
2020-07-20 05:00:00,78.6,94,0.0,0.0,0.0
2020-07-20 06:00:00,78.2,94,0.0,0.0,0.0
2020-07-20 07:00:00,77.8,94,0.0,0.01,0.0
2020-07-20 08:00:00,79.0,91,0.0,0.04,70.0
2020-07-20 09:00:00,80.1,78,0.0,0.17,240.0
2020-07-20 10:00:00,81.8,66,0.0,0.32,414.0
2020-07-20 11:00:00,83.7,60,0.0,0.43,556.0
2020-07-20 12:00:00,85.6,54,0.0,0.57,721.0
2020-07-20 13:00:00,87.5,50,0.0,0.64,795.0
2020-07-20 14:00:00,89.2,47,0.0,0.67,824.0
2020-07-20 15:00:00,90.5,45,0.0,0.66,775.0
2020-07-20 16:00:00,90.5,56,0.6,0.5,643.0
2020-07-20 17:00:00,90.3,56,0.1,0.4,481.0
2020-07-20 18:00:00,89.2,62,0.3,0.34,424.0
2020-07-20 19:00:00,88.4,66,0.0,0.21,258.0
2020-07-20 20:00:00,89.0,71,0.0,0.11,128.0
2020-07-20 21:00:00,87.3,75,0.0,0.04,11.0
2020-07-20 22:00:00,85.7,77,0.0,0.01,0.0
2020-07-20 23:00:00,84.2,82,0.0,0.01,0.0
2020-07-21 00:00:00,82.9,89,0.0,0.0,0.0
2020-07-21 01:00:00,81.7,92,0.0,0.0,0.0
2020-07-21 02:00:00,80.7,92,0.0,0.0,0.0
2020-07-21 03:00:00,80.0,93,0.0,0.0,0.0
2020-07-21 04:00:00,79.3,96,0.0,0.0,0.0
2020-07-21 05:00:00,78.5,93,0.0,0.0,0.0
2020-07-21 06:00:00,78.0,94,0.0,0.0,0.0
2020-07-21 07:00:00,77.5,96,0.0,0.01,0.0
2020-07-21 08:00:00,78.6,87,0.0,0.04,68.0
2020-07-21 09:00:00,80.0,74,0.0,0.17,244.0
2020-07-21 10:00:00,81.8,68,0.0,0.33,451.0
2020-07-21 11:00:00,83.8,64,0.0,0.46,613.0
2020-07-21 12:00:00,85.6,57,0.1,0.53,671.0
2020-07-21 13:00:00,87.1,55,0.2,0.57,717.0
2020-07-21 14:00:00,88.6,53,0.1,0.63,794.0
2020-07-21 15:00:00,88.9,70,1.5,0.54,748.0
2020-07-21 16:00:00,88.0,65,0.1,0.38,484.0
2020-07-21 17:00:00,88.6,49,0.0,0.45,568.0
2020-07-21 18:00:00,89.0,47,0.0,0.39,448.0
2020-07-21 19:00:00,88.6,49,0.0,0.29,290.0
2020-07-21 20:00:00,87.3,58,0.0,0.13,136.0
2020-07-21 21:00:00,85.8,65,0.0,0.06,13.0
2020-07-21 22:00:00,84.5,71,0.0,0.04,0.0
2020-07-21 23:00:00,83.5,78,0.2,0.02,0.0
2020-07-22 00:00:00,82.5,82,0.1,0.01,0.0
2020-07-22 01:00:00,81.6,86,0.0,0.01,0.0
2020-07-22 02:00:00,80.9,91,0.0,0.0,0.0
2020-07-22 03:00:00,80.3,93,0.0,0.0,0.0
2020-07-22 04:00:00,79.7,92,0.0,0.0,0.0
2020-07-22 05:00:00,79.2,92,0.0,0.0,0.0
2020-07-22 06:00:00,78.4,91,0.0,0.0,0.0
2020-07-22 07:00:00,78.0,92,0.0,0.02,0.0
2020-07-22 08:00:00,76.6,85,0.0,0.05,67.0
2020-07-22 09:00:00,78.0,75,0.0,0.17,243.0
2020-07-22 10:00:00,79.9,66,0.0,0.33,448.0
2020-07-22 11:00:00,82.1,56,0.0,0.49,640.0
2020-07-22 12:00:00,84.5,49,0.0,0.63,797.0
2020-07-22 13:00:00,86.6,45,0.0,0.72,899.0
2020-07-22 14:00:00,88.3,44,0.0,0.71,851.0
2020-07-22 15:00:00,89.5,44,0.0,0.67,794.0
2020-07-22 16:00:00,89.5,68,0.7,0.52,714.0
2020-07-22 17:00:00,88.3,64,0.1,0.38,456.0
2020-07-22 18:00:00,87.4,70,0.5,0.35,465.0
2020-07-22 19:00:00,86.5,70,0.0,0.24,299.0
2020-07-22 20:00:00,85.0,69,0.0,0.12,142.0
2020-07-22 21:00:00,83.4,74,0.0,0.04,15.0
2020-07-22 22:00:00,81.8,76,0.0,0.02,0.0
2020-07-22 23:00:00,80.8,76,0.0,0.03,0.0
2020-07-23 00:00:00,80.1,78,0.0,0.02,0.0
2020-07-23 01:00:00,79.5,81,0.0,0.02,0.0
2020-07-23 02:00:00,79.3,85,0.0,0.01,0.0
2020-07-23 03:00:00,78.9,89,0.0,0.01,0.0
2020-07-23 04:00:00,78.6,92,0.0,0.0,0.0
2020-07-23 05:00:00,78.4,94,0.0,0.0,0.0
2020-07-23 06:00:00,78.2,96,0.0,0.0,0.0
2020-07-23 07:00:00,78.0,97,0.0,0.01,0.0
2020-07-23 08:00:00,79.3,89,0.0,0.05,59.0
2020-07-23 09:00:00,80.0,79,0.0,0.17,237.0
2020-07-23 10:00:00,81.2,69,0.0,0.33,428.0
2020-07-23 11:00:00,82.8,61,0.1,0.45,568.0
2020-07-23 12:00:00,84.4,60,0.1,0.53,685.0
2020-07-23 13:00:00,84.4,84,2.2,0.4,611.0
2020-07-23 14:00:00,84.3,71,0.0,0.47,625.0
2020-07-23 15:00:00,85.6,65,0.0,0.55,728.0
2020-07-23 16:00:00,86.6,64,0.8,0.5,643.0
2020-07-23 17:00:00,83.8,94,12.2,0.16,238.0
2020-07-23 18:00:00,82.1,92,0.1,0.13,173.0
2020-07-23 19:00:00,81.5,90,0.0,0.12,158.0
2020-07-23 20:00:00,81.5,79,0.0,0.09,84.0
2020-07-23 21:00:00,80.7,84,0.0,0.03,10.0
2020-07-23 22:00:00,80.1,86,0.0,0.01,0.0
2020-07-23 23:00:00,79.5,89,0.2,0.01,0.0
2020-07-24 00:00:00,79.0,91,0.1,0.01,0.0
2020-07-24 01:00:00,78.4,96,0.1,0.0,0.0
2020-07-24 02:00:00,77.7,98,0.0,0.0,0.0
2020-07-24 03:00:00,77.3,99,0.0,0.0,0.0
2020-07-24 04:00:00,76.9,98,0.0,0.0,0.0
2020-07-24 05:00:00,76.6,98,0.0,0.0,0.0
2020-07-24 06:00:00,76.3,98,0.0,0.0,0.0
2020-07-24 07:00:00,76.0,98,0.0,0.01,0.0
2020-07-24 08:00:00,75.6,94,0.0,0.03,56.0
2020-07-24 09:00:00,76.5,87,0.0,0.15,237.0
2020-07-24 10:00:00,78.0,78,0.0,0.3,439.0
2020-07-24 11:00:00,79.9,66,0.0,0.44,601.0
2020-07-24 12:00:00,81.6,60,0.0,0.52,674.0
2020-07-24 13:00:00,83.6,55,0.0,0.64,829.0
2020-07-24 14:00:00,85.2,53,0.0,0.66,837.0
2020-07-24 15:00:00,86.5,51,0.0,0.65,820.0
2020-07-24 16:00:00,87.5,49,0.0,0.62,762.0
2020-07-24 17:00:00,87.8,48,0.0,0.49,576.0
2020-07-24 18:00:00,87.5,51,0.0,0.39,448.0
2020-07-24 19:00:00,86.9,55,0.0,0.25,279.0
2020-07-24 20:00:00,84.4,70,0.0,0.08,113.0
2020-07-24 21:00:00,82.9,80,0.0,0.02,8.0
2020-07-24 22:00:00,81.8,79,0.0,0.02,0.0
2020-07-24 23:00:00,80.8,79,0.0,0.01,0.0
2020-07-25 00:00:00,79.9,83,0.0,0.0,0.0
2020-07-25 01:00:00,79.3,86,0.0,0.0,0.0
2020-07-25 02:00:00,79.0,87,0.0,0.01,0.0
2020-07-25 03:00:00,78.6,87,0.0,0.01,0.0
2020-07-25 04:00:00,78.4,88,0.0,0.0,0.0
2020-07-25 05:00:00,78.1,88,0.0,0.0,0.0
2020-07-25 06:00:00,77.7,88,0.0,0.0,0.0
2020-07-25 07:00:00,77.4,90,0.0,0.02,0.0
2020-07-25 08:00:00,77.6,89,0.0,0.04,59.0
2020-07-25 09:00:00,78.4,82,0.0,0.16,224.0
2020-07-25 10:00:00,79.7,77,0.0,0.29,400.0
2020-07-25 11:00:00,81.3,68,0.1,0.4,536.0
2020-07-25 12:00:00,82.7,63,0.0,0.43,540.0
2020-07-25 13:00:00,84.2,54,0.0,0.55,692.0
2020-07-25 14:00:00,85.7,49,0.0,0.64,792.0
2020-07-25 15:00:00,86.9,48,0.0,0.59,713.0
2020-07-25 16:00:00,87.8,48,0.0,0.58,715.0
2020-07-25 17:00:00,88.2,50,0.0,0.46,550.0
2020-07-25 18:00:00,87.8,56,0.0,0.29,360.0
2020-07-25 19:00:00,86.5,69,0.2,0.16,171.0
2020-07-25 20:00:00,85.4,74,0.0,0.08,74.0
2020-07-25 21:00:00,84.0,70,0.0,0.05,9.0
2020-07-25 22:00:00,82.9,70,0.0,0.03,0.0
2020-07-25 23:00:00,82.1,71,0.0,0.03,0.0
2020-07-26 00:00:00,81.2,73,0.0,0.04,0.0
2020-07-26 01:00:00,80.5,75,0.0,0.03,0.0
2020-07-26 02:00:00,79.9,80,0.0,0.03,0.0
2020-07-26 03:00:00,79.3,84,0.0,0.01,0.0
2020-07-26 04:00:00,78.6,88,0.0,0.0,0.0
2020-07-26 05:00:00,78.0,90,0.0,0.0,0.0
2020-07-26 06:00:00,77.5,92,0.0,0.0,0.0
2020-07-26 07:00:00,77.1,93,0.0,0.02,0.0
2020-07-26 08:00:00,78.3,88,0.0,0.04,63.0
2020-07-26 09:00:00,79.0,77,0.0,0.17,238.0
2020-07-26 10:00:00,80.5,69,0.0,0.32,442.0
2020-07-26 11:00:00,82.4,59,0.1,0.48,630.0
2020-07-26 12:00:00,84.2,52,0.0,0.57,723.0
2020-07-26 13:00:00,85.9,48,0.0,0.6,757.0
2020-07-26 14:00:00,87.5,46,0.0,0.65,823.0
2020-07-26 15:00:00,88.8,44,0.0,0.64,791.0
2020-07-26 16:00:00,89.1,51,0.1,0.5,612.0
2020-07-26 17:00:00,88.4,56,0.0,0.34,403.0
2020-07-26 18:00:00,88.2,54,0.0,0.32,384.0
2020-07-26 19:00:00,87.5,56,0.0,0.23,245.0
2020-07-26 20:00:00,85.1,76,0.0,0.09,106.0
2020-07-26 21:00:00,83.5,85,0.0,0.01,13.0
2020-07-26 22:00:00,82.3,89,0.0,0.0,0.0
2020-07-26 23:00:00,81.4,90,0.0,0.0,0.0
2020-07-27 00:00:00,80.5,94,0.0,0.0,0.0
2020-07-27 01:00:00,79.6,90,0.0,0.0,0.0
2020-07-27 02:00:00,78.9,93,0.0,0.0,0.0
2020-07-27 03:00:00,78.2,97,0.0,0.0,0.0
2020-07-27 04:00:00,77.5,94,0.0,0.0,0.0
2020-07-27 05:00:00,77.1,96,0.0,0.0,0.0
2020-07-27 06:00:00,76.6,94,0.0,0.0,0.0
2020-07-27 07:00:00,76.0,98,0.0,0.01,0.0
2020-07-27 08:00:00,75.8,90,0.0,0.03,59.0
2020-07-27 09:00:00,77.4,75,0.0,0.16,239.0
2020-07-27 10:00:00,79.4,64,0.0,0.32,442.0
2020-07-27 11:00:00,81.8,59,0.0,0.47,630.0
2020-07-27 12:00:00,83.3,62,0.3,0.47,602.0
2020-07-27 13:00:00,83.8,70,0.5,0.49,667.0
2020-07-27 14:00:00,85.3,64,0.0,0.61,801.0
2020-07-27 15:00:00,85.2,73,0.7,0.44,604.0
2020-07-27 16:00:00,85.1,69,0.1,0.38,485.0
2020-07-27 17:00:00,85.3,69,0.1,0.37,483.0
2020-07-27 18:00:00,85.2,69,0.1,0.31,404.0
2020-07-27 19:00:00,84.7,71,0.0,0.21,250.0
2020-07-27 20:00:00,84.9,69,0.0,0.11,116.0
2020-07-27 21:00:00,83.6,76,0.0,0.04,11.0
2020-07-27 22:00:00,82.4,81,0.0,0.01,0.0
2020-07-27 23:00:00,81.4,86,0.0,0.01,0.0
2020-07-28 00:00:00,80.5,91,0.0,0.0,0.0
2020-07-28 01:00:00,79.8,93,0.0,0.0,0.0
2020-07-28 02:00:00,79.3,94,0.0,0.0,0.0
2020-07-28 03:00:00,78.8,94,0.0,0.0,0.0
2020-07-28 04:00:00,78.4,94,0.0,0.0,0.0
2020-07-28 05:00:00,78.2,94,0.0,0.0,0.0
2020-07-28 06:00:00,78.0,94,0.0,0.0,0.0
2020-07-28 07:00:00,77.5,95,0.0,0.01,0.0
2020-07-28 08:00:00,78.5,89,0.0,0.03,29.0
2020-07-28 09:00:00,79.3,79,0.0,0.12,165.0
2020-07-28 10:00:00,80.3,73,0.1,0.21,282.0
2020-07-28 11:00:00,81.4,72,0.1,0.27,343.0
2020-07-28 12:00:00,82.4,71,0.1,0.36,469.0
2020-07-28 13:00:00,83.8,66,0.0,0.49,638.0
2020-07-28 14:00:00,83.4,84,4.1,0.3,432.0
2020-07-28 15:00:00,81.6,91,0.3,0.12,161.0
2020-07-28 16:00:00,80.7,90,0.4,0.14,181.0
2020-07-28 17:00:00,80.0,92,1.0,0.11,137.0
2020-07-28 18:00:00,79.3,99,1.0,0.06,77.0
2020-07-28 19:00:00,79.0,96,0.9,0.08,113.0
2020-07-28 20:00:00,77.8,95,0.4,0.03,31.0
2020-07-28 21:00:00,77.1,100,0.4,0.01,4.0
2020-07-28 22:00:00,76.7,100,0.2,0.0,0.0
2020-07-28 23:00:00,76.5,100,0.3,0.0,0.0
2020-07-29 00:00:00,76.4,100,0.5,0.0,0.0
2020-07-29 01:00:00,76.3,100,0.6,0.0,0.0
2020-07-29 02:00:00,76.2,99,0.0,0.0,0.0
2020-07-29 03:00:00,76.0,100,0.0,0.0,0.0
2020-07-29 04:00:00,75.9,100,0.0,0.0,0.0
2020-07-29 05:00:00,75.9,98,0.0,0.0,0.0
2020-07-29 06:00:00,75.8,96,0.0,0.0,0.0
2020-07-29 07:00:00,75.7,97,0.0,0.01,0.0
2020-07-29 08:00:00,74.8,95,0.0,0.03,32.0
2020-07-29 09:00:00,75.6,93,0.0,0.09,126.0
2020-07-29 10:00:00,76.8,89,0.1,0.18,271.0
2020-07-29 11:00:00,77.7,91,2.9,0.26,402.0
2020-07-29 12:00:00,78.8,86,0.1,0.32,452.0
2020-07-29 13:00:00,79.9,81,0.0,0.33,454.0
2020-07-29 14:00:00,80.9,76,0.0,0.35,457.0
2020-07-29 15:00:00,81.8,68,0.0,0.38,480.0
2020-07-29 16:00:00,82.8,64,0.5,0.48,610.0
2020-07-29 17:00:00,82.9,60,0.0,0.35,385.0
2020-07-29 18:00:00,82.9,57,0.0,0.31,339.0
2020-07-29 19:00:00,82.8,60,0.0,0.2,237.0
2020-07-29 20:00:00,81.7,75,0.0,0.09,87.0
2020-07-29 21:00:00,81.0,79,0.0,0.04,5.0
2020-07-29 22:00:00,80.2,83,0.0,0.01,0.0
2020-07-29 23:00:00,79.5,88,0.1,0.0,0.0
2020-07-30 00:00:00,78.9,92,0.0,0.0,0.0
2020-07-30 01:00:00,78.4,94,0.0,0.0,0.0
2020-07-30 02:00:00,78.1,95,0.0,0.0,0.0
2020-07-30 03:00:00,77.7,96,0.0,0.0,0.0
2020-07-30 04:00:00,77.4,98,0.0,0.0,0.0
2020-07-30 05:00:00,77.1,98,0.0,0.0,0.0
2020-07-30 06:00:00,76.9,98,0.0,0.0,0.0
2020-07-30 07:00:00,76.7,98,0.0,0.01,0.0
2020-07-30 08:00:00,77.9,93,0.0,0.03,46.0
2020-07-30 09:00:00,78.7,85,0.0,0.14,200.0
2020-07-30 10:00:00,80.0,78,0.0,0.26,355.0
2020-07-30 11:00:00,80.9,77,0.0,0.25,314.0
2020-07-30 12:00:00,81.7,75,0.1,0.26,319.0
2020-07-30 13:00:00,83.0,68,0.0,0.44,568.0
2020-07-30 14:00:00,84.5,59,0.1,0.54,684.0
2020-07-30 15:00:00,84.7,79,2.6,0.39,541.0
2020-07-30 16:00:00,83.7,82,1.1,0.34,470.0
2020-07-30 17:00:00,83.5,74,0.0,0.3,373.0
2020-07-30 18:00:00,83.6,68,0.2,0.27,309.0
2020-07-30 19:00:00,83.5,66,0.0,0.22,235.0
2020-07-30 20:00:00,85.6,63,0.0,0.14,111.0
2020-07-30 21:00:00,84.2,75,0.0,0.05,10.0
2020-07-30 22:00:00,83.0,82,0.0,0.02,0.0
2020-07-30 23:00:00,82.0,87,0.0,0.01,0.0
2020-07-31 00:00:00,81.1,92,0.0,0.0,0.0
2020-07-31 01:00:00,80.2,95,0.0,0.0,0.0
2020-07-31 02:00:00,79.5,97,0.0,0.0,0.0
2020-07-31 03:00:00,79.0,98,0.0,0.0,0.0
2020-07-31 04:00:00,78.5,98,0.0,0.0,0.0
2020-07-31 05:00:00,78.2,98,0.0,0.0,0.0
2020-07-31 06:00:00,77.9,98,0.0,0.0,0.0
2020-07-31 07:00:00,77.6,98,0.0,0.0,0.0
2020-07-31 08:00:00,77.9,93,0.0,0.03,45.0
2020-07-31 09:00:00,78.7,84,0.0,0.13,182.0
2020-07-31 10:00:00,80.2,73,0.0,0.28,367.0
2020-07-31 11:00:00,81.9,64,0.1,0.42,551.0
2020-07-31 12:00:00,83.8,58,0.1,0.54,691.0
2020-07-31 13:00:00,85.5,54,0.1,0.61,771.0
2020-07-31 14:00:00,86.8,53,0.1,0.65,815.0
2020-07-31 15:00:00,87.5,56,0.0,0.58,716.0
2020-07-31 16:00:00,88.0,58,0.1,0.52,621.0
2020-07-31 17:00:00,88.1,61,0.1,0.44,519.0
2020-07-31 18:00:00,87.9,60,0.1,0.38,443.0
2020-07-31 19:00:00,87.4,61,0.0,0.26,275.0
2020-07-31 20:00:00,86.6,64,0.0,0.13,116.0
2020-07-31 21:00:00,85.4,71,0.0,0.06,9.0
2020-07-31 22:00:00,84.3,78,0.0,0.03,0.0
2020-07-31 23:00:00,83.2,85,0.0,0.01,0.0
2020-08-01 00:00:00,82.3,91,0.0,0.0,0.0
2020-08-01 01:00:00,81.3,96,0.0,0.0,0.0
2020-08-01 02:00:00,80.5,98,0.0,0.0,0.0
2020-08-01 03:00:00,79.9,98,0.0,0.0,0.0
2020-08-01 04:00:00,79.3,98,0.0,0.0,0.0
2020-08-01 05:00:00,78.9,98,0.0,0.0,0.0
2020-08-01 06:00:00,78.6,97,0.0,0.0,0.0
2020-08-01 07:00:00,78.2,97,0.0,0.0,0.0
2020-08-01 08:00:00,78.0,96,0.0,0.02,46.0
2020-08-01 09:00:00,78.8,84,0.0,0.14,208.0
2020-08-01 10:00:00,80.2,73,0.0,0.29,413.0
2020-08-01 11:00:00,82.0,64,0.0,0.43,577.0
2020-08-01 12:00:00,84.0,55,0.0,0.57,754.0
2020-08-01 13:00:00,86.1,49,0.0,0.68,878.0
2020-08-01 14:00:00,87.8,43,0.0,0.73,920.0
2020-08-01 15:00:00,89.4,39,0.0,0.75,927.0
2020-08-01 16:00:00,90.5,36,0.0,0.69,832.0
2020-08-01 17:00:00,91.0,35,0.0,0.57,660.0
2020-08-01 18:00:00,91.0,36,0.0,0.43,488.0
2020-08-01 19:00:00,90.5,40,0.0,0.29,324.0
2020-08-01 20:00:00,89.3,56,0.0,0.15,134.0
2020-08-01 21:00:00,87.4,72,0.0,0.05,10.0
2020-08-01 22:00:00,85.8,80,0.0,0.02,0.0
2020-08-01 23:00:00,84.2,87,0.0,0.0,0.0
2020-08-02 00:00:00,82.7,89,0.0,0.0,0.0
2020-08-02 01:00:00,81.3,86,0.0,0.0,0.0
2020-08-02 02:00:00,80.2,87,0.0,0.0,0.0
2020-08-02 03:00:00,79.3,90,0.0,0.0,0.0
2020-08-02 04:00:00,78.5,93,0.0,0.0,0.0
2020-08-02 05:00:00,78.0,96,0.0,0.0,0.0
2020-08-02 06:00:00,77.5,97,0.0,0.0,0.0
2020-08-02 07:00:00,77.2,97,0.0,0.0,0.0
2020-08-02 08:00:00,77.9,92,0.0,0.03,55.0
2020-08-02 09:00:00,79.0,76,0.0,0.16,231.0
2020-08-02 10:00:00,80.8,61,0.0,0.32,438.0
2020-08-02 11:00:00,83.0,54,0.0,0.48,631.0
2020-08-02 12:00:00,85.4,47,0.0,0.61,788.0
2020-08-02 13:00:00,87.3,43,0.0,0.65,822.0
2020-08-02 14:00:00,88.8,41,0.0,0.63,794.0
2020-08-02 15:00:00,90.1,39,0.0,0.63,806.0
2020-08-02 16:00:00,91.2,38,0.0,0.59,751.0
2020-08-02 17:00:00,91.9,37,0.0,0.51,645.0
2020-08-02 18:00:00,92.1,38,0.0,0.37,483.0
2020-08-02 19:00:00,91.7,67,0.0,0.2,246.0
2020-08-02 20:00:00,90.0,63,0.0,0.09,86.0
2020-08-02 21:00:00,87.5,57,0.0,0.05,9.0
2020-08-02 22:00:00,85.6,61,0.0,0.04,0.0
2020-08-02 23:00:00,83.9,55,0.0,0.04,0.0
2020-08-03 00:00:00,82.9,57,0.0,0.08,0.0
2020-08-03 01:00:00,82.1,68,0.0,0.03,0.0
2020-08-03 02:00:00,81.1,76,0.0,0.01,0.0
2020-08-03 03:00:00,80.2,86,0.0,0.0,0.0
2020-08-03 04:00:00,79.3,89,0.0,0.0,0.0
2020-08-03 05:00:00,78.6,91,0.0,0.0,0.0
2020-08-03 06:00:00,78.0,92,0.0,0.0,0.0
2020-08-03 07:00:00,77.5,92,0.0,0.0,0.0
2020-08-03 08:00:00,79.4,88,0.0,0.03,50.0
2020-08-03 09:00:00,80.5,75,0.0,0.16,229.0
2020-08-03 10:00:00,82.4,63,0.0,0.32,434.0
2020-08-03 11:00:00,84.7,50,0.0,0.49,625.0
2020-08-03 12:00:00,86.6,44,0.0,0.55,670.0
2020-08-03 13:00:00,88.8,39,0.0,0.68,823.0
2020-08-03 14:00:00,90.7,36,0.0,0.73,864.0
2020-08-03 15:00:00,92.0,35,0.0,0.67,783.0
2020-08-03 16:00:00,92.9,34,0.0,0.64,733.0
2020-08-03 17:00:00,93.2,35,0.0,0.48,550.0
2020-08-03 18:00:00,92.9,39,0.0,0.36,414.0
2020-08-03 19:00:00,92.1,43,0.0,0.25,253.0
2020-08-03 20:00:00,90.3,63,0.0,0.13,98.0
2020-08-03 21:00:00,88.3,69,0.0,0.06,8.0
2020-08-03 22:00:00,86.7,79,0.0,0.01,0.0
2020-08-03 23:00:00,85.3,82,0.0,0.0,0.0
2020-08-04 00:00:00,83.9,83,0.0,0.0,0.0
2020-08-04 01:00:00,82.8,87,0.0,0.0,0.0
2020-08-04 02:00:00,81.9,91,0.0,0.0,0.0
2020-08-04 03:00:00,81.1,92,0.0,0.0,0.0
2020-08-04 04:00:00,80.6,97,0.0,0.0,0.0
2020-08-04 05:00:00,80.2,99,0.0,0.0,0.0
2020-08-04 06:00:00,79.8,99,0.0,0.0,0.0
2020-08-04 07:00:00,79.8,99,0.0,0.0,0.0
2020-08-04 08:00:00,80.1,92,0.0,0.02,26.0
2020-08-04 09:00:00,81.1,82,0.0,0.14,214.0
2020-08-04 10:00:00,82.7,70,0.0,0.29,406.0
2020-08-04 11:00:00,84.8,60,0.0,0.44,587.0
2020-08-04 12:00:00,87.1,54,0.0,0.55,711.0
2020-08-04 13:00:00,89.1,51,0.0,0.62,777.0
2020-08-04 14:00:00,90.8,44,0.4,0.68,810.0
2020-08-04 15:00:00,88.8,80,4.4,0.39,558.0
2020-08-04 16:00:00,87.0,77,0.5,0.36,477.0
2020-08-04 17:00:00,87.5,64,0.0,0.43,556.0
2020-08-04 18:00:00,87.7,60,0.1,0.34,416.0
2020-08-04 19:00:00,87.5,62,0.1,0.23,271.0
2020-08-04 20:00:00,87.3,63,0.0,0.1,108.0
2020-08-04 21:00:00,85.8,72,0.2,0.07,6.0
2020-08-04 22:00:00,84.4,81,0.1,0.02,0.0
2020-08-04 23:00:00,83.1,86,0.0,0.0,0.0
2020-08-05 00:00:00,82.0,86,0.0,0.0,0.0
2020-08-05 01:00:00,81.0,91,0.0,0.0,0.0
2020-08-05 02:00:00,80.2,94,0.0,0.0,0.0
2020-08-05 03:00:00,79.6,95,0.0,0.0,0.0
2020-08-05 04:00:00,79.1,92,0.0,0.0,0.0
2020-08-05 05:00:00,78.6,86,0.0,0.01,0.0
2020-08-05 06:00:00,78.0,83,0.0,0.0,0.0
2020-08-05 07:00:00,77.5,92,0.0,0.0,0.0
2020-08-05 08:00:00,77.0,86,0.0,0.03,50.0
2020-08-05 09:00:00,78.5,78,0.0,0.15,223.0
2020-08-05 10:00:00,80.7,66,0.0,0.31,428.0
2020-08-05 11:00:00,83.2,55,0.0,0.46,609.0
2020-08-05 12:00:00,85.6,51,0.0,0.57,717.0
2020-08-05 13:00:00,87.4,50,0.0,0.61,744.0
2020-08-05 14:00:00,88.5,48,0.2,0.59,694.0
2020-08-05 15:00:00,88.4,60,0.7,0.55,710.0
2020-08-05 16:00:00,88.9,54,0.0,0.56,684.0
2020-08-05 17:00:00,89.3,52,0.0,0.49,570.0
2020-08-05 18:00:00,88.6,60,0.3,0.28,327.0
2020-08-05 19:00:00,87.9,61,0.0,0.23,258.0
2020-08-05 20:00:00,87.0,53,0.0,0.13,102.0
2020-08-05 21:00:00,85.5,62,0.0,0.06,8.0
2020-08-05 22:00:00,84.2,72,0.0,0.04,0.0
2020-08-05 23:00:00,83.1,82,0.0,0.02,0.0
2020-08-06 00:00:00,82.1,86,0.0,0.01,0.0
2020-08-06 01:00:00,81.2,88,0.0,0.0,0.0
2020-08-06 02:00:00,80.5,89,0.0,0.0,0.0
2020-08-06 03:00:00,79.8,90,0.0,0.0,0.0
2020-08-06 04:00:00,79.1,90,0.0,0.0,0.0
2020-08-06 05:00:00,78.4,91,0.0,0.0,0.0
2020-08-06 06:00:00,77.7,95,0.0,0.0,0.0
2020-08-06 07:00:00,77.2,96,0.0,0.0,0.0
2020-08-06 08:00:00,77.3,88,0.0,0.02,50.0
2020-08-06 09:00:00,78.8,73,0.0,0.14,218.0
2020-08-06 10:00:00,80.6,68,0.2,0.26,346.0
2020-08-06 11:00:00,82.2,64,0.0,0.37,492.0
2020-08-06 12:00:00,84.2,58,0.0,0.51,665.0
2020-08-06 13:00:00,86.3,51,0.0,0.62,786.0
2020-08-06 14:00:00,88.1,50,0.0,0.67,831.0
2020-08-06 15:00:00,89.5,53,0.0,0.63,768.0
2020-08-06 16:00:00,88.1,75,1.0,0.32,417.0
2020-08-06 17:00:00,87.6,64,0.2,0.41,502.0
2020-08-06 18:00:00,87.5,62,0.0,0.35,420.0
2020-08-06 19:00:00,87.1,64,0.0,0.23,250.0
2020-08-06 20:00:00,87.1,70,0.5,0.12,94.0
2020-08-06 21:00:00,85.7,77,0.0,0.05,6.0
2020-08-06 22:00:00,84.6,82,0.0,0.02,0.0
2020-08-06 23:00:00,83.6,84,0.0,0.02,0.0
2020-08-07 00:00:00,82.7,89,0.0,0.0,0.0
2020-08-07 01:00:00,82.0,90,0.0,0.0,0.0
2020-08-07 02:00:00,81.2,91,0.0,0.0,0.0
2020-08-07 03:00:00,80.3,93,0.0,0.0,0.0
2020-08-07 04:00:00,79.6,93,0.0,0.0,0.0
2020-08-07 05:00:00,78.8,96,0.0,0.0,0.0
2020-08-07 06:00:00,78.2,96,0.0,0.0,0.0
2020-08-07 07:00:00,77.5,95,0.0,0.0,0.0
2020-08-07 08:00:00,76.2,89,0.0,0.03,49.0
2020-08-07 09:00:00,78.0,77,0.0,0.14,206.0
2020-08-07 10:00:00,80.1,66,0.0,0.26,355.0
2020-08-07 11:00:00,82.3,59,0.0,0.4,518.0
2020-08-07 12:00:00,84.5,56,0.0,0.51,646.0
2020-08-07 13:00:00,86.4,52,0.0,0.57,703.0
2020-08-07 14:00:00,84.7,82,1.5,0.31,440.0
2020-08-07 15:00:00,84.4,75,0.8,0.39,526.0
2020-08-07 16:00:00,84.5,70,0.0,0.37,472.0
2020-08-07 17:00:00,85.4,65,0.0,0.41,522.0
2020-08-07 18:00:00,85.8,64,0.0,0.3,369.0
2020-08-07 19:00:00,85.6,67,0.0,0.18,200.0
2020-08-07 20:00:00,87.4,68,0.0,0.08,78.0
2020-08-07 21:00:00,85.7,77,0.0,0.04,5.0
2020-08-07 22:00:00,84.4,82,0.0,0.02,0.0
2020-08-07 23:00:00,83.1,87,0.0,0.01,0.0
2020-08-08 00:00:00,82.1,91,0.0,0.0,0.0
2020-08-08 01:00:00,81.3,93,0.0,0.0,0.0
2020-08-08 02:00:00,80.5,95,0.0,0.0,0.0
2020-08-08 03:00:00,79.9,96,0.0,0.0,0.0
2020-08-08 04:00:00,79.3,97,0.0,0.0,0.0
2020-08-08 05:00:00,78.8,97,0.0,0.0,0.0
2020-08-08 06:00:00,78.3,97,0.0,0.0,0.0
2020-08-08 07:00:00,77.8,97,0.0,0.0,0.0
2020-08-08 08:00:00,78.1,93,0.0,0.02,47.0
2020-08-08 09:00:00,79.4,81,0.0,0.15,220.0
2020-08-08 10:00:00,81.2,68,0.0,0.28,388.0
2020-08-08 11:00:00,83.3,56,0.0,0.41,542.0
2020-08-08 12:00:00,85.4,51,0.0,0.53,671.0
2020-08-08 13:00:00,87.4,48,0.0,0.61,757.0
2020-08-08 14:00:00,88.7,48,0.0,0.62,748.0
2020-08-08 15:00:00,89.2,50,0.1,0.46,544.0
2020-08-08 16:00:00,89.3,58,0.2,0.49,613.0
2020-08-08 17:00:00,89.7,53,0.0,0.45,564.0
2020-08-08 18:00:00,89.8,51,0.1,0.37,450.0
2020-08-08 19:00:00,89.1,61,0.1,0.22,244.0
2020-08-08 20:00:00,88.2,66,0.8,0.1,73.0
2020-08-08 21:00:00,86.6,75,0.0,0.04,5.0
2020-08-08 22:00:00,85.3,80,0.0,0.02,0.0
2020-08-08 23:00:00,84.2,84,0.0,0.01,0.0
2020-08-09 00:00:00,83.2,86,0.0,0.0,0.0
2020-08-09 01:00:00,82.3,88,0.0,0.0,0.0
2020-08-09 02:00:00,81.6,89,0.0,0.0,0.0
2020-08-09 03:00:00,81.0,92,0.0,0.0,0.0
2020-08-09 04:00:00,80.3,94,0.0,0.0,0.0
2020-08-09 05:00:00,79.7,95,0.0,0.0,0.0
2020-08-09 06:00:00,79.2,96,0.0,0.0,0.0
2020-08-09 07:00:00,78.7,98,0.0,0.0,0.0
2020-08-09 08:00:00,77.3,91,0.0,0.03,44.0
2020-08-09 09:00:00,78.9,80,0.0,0.15,213.0
2020-08-09 10:00:00,81.1,68,0.0,0.29,410.0
2020-08-09 11:00:00,83.4,60,0.0,0.43,577.0
2020-08-09 12:00:00,85.6,56,0.0,0.52,670.0
2020-08-09 13:00:00,87.6,50,0.0,0.63,787.0
2020-08-09 14:00:00,88.9,48,0.0,0.56,666.0
2020-08-09 15:00:00,87.3,80,2.6,0.4,554.0
2020-08-09 16:00:00,86.5,72,2.0,0.42,562.0
2020-08-09 17:00:00,86.8,62,0.0,0.38,489.0
2020-08-09 18:00:00,87.2,58,0.0,0.29,351.0
2020-08-09 19:00:00,86.9,67,0.5,0.19,206.0
2020-08-09 20:00:00,84.2,87,0.6,0.06,79.0
2020-08-09 21:00:00,82.9,88,0.0,0.01,4.0
2020-08-09 22:00:00,82.0,91,0.0,0.0,0.0
2020-08-09 23:00:00,81.3,90,0.0,0.0,0.0
2020-08-10 00:00:00,80.7,88,0.0,0.0,0.0
2020-08-10 01:00:00,80.1,91,0.0,0.0,0.0
2020-08-10 02:00:00,79.6,93,0.0,0.0,0.0
2020-08-10 03:00:00,79.2,95,0.0,0.0,0.0
2020-08-10 04:00:00,78.8,95,0.0,0.0,0.0
2020-08-10 05:00:00,78.4,96,0.0,0.0,0.0
2020-08-10 06:00:00,78.1,96,0.0,0.0,0.0
2020-08-10 07:00:00,77.6,97,0.0,0.0,0.0
2020-08-10 08:00:00,76.0,94,0.0,0.02,42.0
2020-08-10 09:00:00,77.7,89,0.0,0.13,199.0
2020-08-10 10:00:00,79.9,79,0.1,0.29,407.0
2020-08-10 11:00:00,82.0,76,0.3,0.42,575.0
2020-08-10 12:00:00,83.1,77,0.3,0.44,600.0
2020-08-10 13:00:00,84.2,71,0.1,0.43,564.0
2020-08-10 14:00:00,85.6,62,0.0,0.54,703.0
2020-08-10 15:00:00,87.3,55,0.0,0.63,795.0
2020-08-10 16:00:00,88.3,52,0.0,0.56,690.0
2020-08-10 17:00:00,88.3,64,1.3,0.41,512.0
2020-08-10 18:00:00,85.3,93,3.5,0.2,288.0
2020-08-10 19:00:00,82.9,93,0.6,0.11,153.0
2020-08-10 20:00:00,85.6,75,0.0,0.07,66.0
2020-08-10 21:00:00,84.3,82,0.0,0.02,4.0
2020-08-10 22:00:00,83.1,89,0.0,0.0,0.0
2020-08-10 23:00:00,82.2,87,0.0,0.0,0.0
2020-08-11 00:00:00,81.5,87,0.0,0.0,0.0
2020-08-11 01:00:00,80.9,87,0.0,0.0,0.0
2020-08-11 02:00:00,80.3,90,0.0,0.0,0.0
2020-08-11 03:00:00,79.9,93,0.0,0.0,0.0
2020-08-11 04:00:00,79.5,96,0.0,0.0,0.0
2020-08-11 05:00:00,79.3,97,0.0,0.0,0.0
2020-08-11 06:00:00,79.0,97,0.0,0.0,0.0
2020-08-11 07:00:00,78.7,97,0.0,0.0,0.0
2020-08-11 08:00:00,78.0,89,0.0,0.03,41.0
2020-08-11 09:00:00,79.2,79,0.0,0.15,197.0
2020-08-11 10:00:00,80.8,71,0.0,0.28,369.0
2020-08-11 11:00:00,82.7,67,0.2,0.4,532.0
2020-08-11 12:00:00,84.7,63,0.3,0.51,672.0
2020-08-11 13:00:00,86.4,63,0.4,0.52,671.0
2020-08-11 14:00:00,85.8,82,12.6,0.39,551.0
2020-08-11 15:00:00,83.9,89,0.1,0.14,182.0
2020-08-11 16:00:00,83.5,91,0.3,0.2,262.0
2020-08-11 17:00:00,83.6,85,0.1,0.21,278.0
2020-08-11 18:00:00,83.8,82,0.0,0.19,255.0
2020-08-11 19:00:00,83.7,81,0.0,0.13,166.0
2020-08-11 20:00:00,83.4,81,0.0,0.05,59.0
2020-08-11 21:00:00,82.0,81,0.0,0.03,1.0
2020-08-11 22:00:00,80.8,82,0.0,0.0,0.0
2020-08-11 23:00:00,80.0,84,0.0,0.0,0.0
2020-08-12 00:00:00,79.3,86,0.0,0.0,0.0
2020-08-12 01:00:00,78.8,88,0.0,0.0,0.0
2020-08-12 02:00:00,78.3,91,0.0,0.0,0.0
2020-08-12 03:00:00,77.7,96,0.0,0.0,0.0
2020-08-12 04:00:00,77.1,97,0.0,0.0,0.0
2020-08-12 05:00:00,76.6,98,0.0,0.0,0.0
2020-08-12 06:00:00,76.2,96,0.0,0.0,0.0
2020-08-12 07:00:00,75.8,98,0.0,0.0,0.0
2020-08-12 08:00:00,73.5,92,0.0,0.02,36.0
2020-08-12 09:00:00,75.2,81,0.0,0.14,209.0
2020-08-12 10:00:00,77.4,67,0.0,0.28,402.0
2020-08-12 11:00:00,79.7,58,0.0,0.42,584.0
2020-08-12 12:00:00,82.0,55,0.0,0.51,682.0
2020-08-12 13:00:00,83.9,52,0.0,0.58,759.0
2020-08-12 14:00:00,85.9,49,0.0,0.66,860.0
2020-08-12 15:00:00,87.3,49,0.0,0.61,794.0
2020-08-12 16:00:00,87.9,51,0.0,0.51,615.0
2020-08-12 17:00:00,86.3,77,1.7,0.36,491.0
2020-08-12 18:00:00,84.9,76,0.8,0.31,420.0
2020-08-12 19:00:00,83.8,80,0.0,0.18,245.0
2020-08-12 20:00:00,83.0,78,0.0,0.08,81.0
2020-08-12 21:00:00,82.0,85,0.0,0.02,3.0
2020-08-12 22:00:00,81.2,86,0.0,0.01,0.0
2020-08-12 23:00:00,80.5,88,0.0,0.0,0.0
2020-08-13 00:00:00,79.8,90,0.0,0.0,0.0
2020-08-13 01:00:00,79.3,92,0.0,0.0,0.0
2020-08-13 02:00:00,78.6,95,0.0,0.0,0.0
2020-08-13 03:00:00,78.2,96,0.0,0.0,0.0
2020-08-13 04:00:00,77.7,96,0.0,0.0,0.0
2020-08-13 05:00:00,77.5,97,0.0,0.0,0.0
2020-08-13 06:00:00,77.1,98,0.0,0.0,0.0
2020-08-13 07:00:00,76.7,97,0.0,0.0,0.0
2020-08-13 08:00:00,77.0,94,0.0,0.02,40.0
2020-08-13 09:00:00,78.2,84,0.0,0.13,203.0
2020-08-13 10:00:00,79.9,73,0.1,0.29,402.0
2020-08-13 11:00:00,81.6,66,0.0,0.4,542.0
2020-08-13 12:00:00,83.5,59,0.0,0.53,694.0
2020-08-13 13:00:00,85.3,54,0.0,0.6,762.0
2020-08-13 14:00:00,86.8,52,0.0,0.62,775.0
2020-08-13 15:00:00,87.9,57,0.6,0.62,788.0
2020-08-13 16:00:00,86.5,75,0.5,0.4,539.0
2020-08-13 17:00:00,86.0,67,0.3,0.38,488.0
2020-08-13 18:00:00,85.9,60,0.0,0.36,433.0
2020-08-13 19:00:00,85.4,68,0.0,0.2,240.0
2020-08-13 20:00:00,83.9,87,0.0,0.06,86.0
2020-08-13 21:00:00,82.5,90,0.0,0.01,3.0
2020-08-13 22:00:00,81.4,94,0.0,0.0,0.0
2020-08-13 23:00:00,80.5,92,0.0,0.0,0.0
2020-08-14 00:00:00,79.9,93,0.0,0.0,0.0
2020-08-14 01:00:00,79.3,94,0.0,0.0,0.0
2020-08-14 02:00:00,78.7,94,0.0,0.0,0.0
2020-08-14 03:00:00,78.3,93,0.0,0.0,0.0
2020-08-14 04:00:00,77.8,93,0.0,0.0,0.0
2020-08-14 05:00:00,77.5,92,0.0,0.0,0.0
2020-08-14 06:00:00,77.2,93,0.0,0.0,0.0
2020-08-14 07:00:00,76.9,93,0.4,0.0,0.0
2020-08-14 08:00:00,78.2,91,0.8,0.02,34.0
2020-08-14 09:00:00,79.0,81,0.0,0.13,191.0
2020-08-14 10:00:00,80.4,74,0.0,0.28,390.0
2020-08-14 11:00:00,82.0,69,0.1,0.38,506.0
2020-08-14 12:00:00,81.7,87,3.5,0.24,348.0
2020-08-14 13:00:00,81.4,83,0.1,0.32,442.0
2020-08-14 14:00:00,82.4,70,0.1,0.45,601.0
2020-08-14 15:00:00,82.3,81,3.0,0.32,458.0
2020-08-14 16:00:00,81.4,86,0.1,0.23,318.0
2020-08-14 17:00:00,81.7,74,0.0,0.31,401.0
2020-08-14 18:00:00,81.9,71,0.0,0.22,245.0
2020-08-14 19:00:00,81.8,77,0.0,0.13,147.0
2020-08-14 20:00:00,81.3,85,0.0,0.06,58.0
2020-08-14 21:00:00,80.4,94,0.3,0.01,2.0
2020-08-14 22:00:00,79.7,94,0.3,0.0,0.0
2020-08-14 23:00:00,79.0,93,0.0,0.0,0.0
2020-08-15 00:00:00,78.4,96,0.0,0.0,0.0
2020-08-15 01:00:00,78.1,96,0.0,0.0,0.0
2020-08-15 02:00:00,77.8,97,0.0,0.0,0.0
2020-08-15 03:00:00,77.5,97,0.0,0.0,0.0
2020-08-15 04:00:00,77.4,97,0.0,0.0,0.0
2020-08-15 05:00:00,77.1,98,0.4,0.0,0.0
2020-08-15 06:00:00,76.6,100,3.3,0.0,0.0
2020-08-15 07:00:00,75.9,100,1.4,0.0,0.0
2020-08-15 08:00:00,76.6,95,0.4,0.02,11.0
2020-08-15 09:00:00,77.2,93,0.0,0.09,130.0
2020-08-15 10:00:00,78.5,84,0.0,0.24,340.0
2020-08-15 11:00:00,80.1,79,0.0,0.35,483.0
2020-08-15 12:00:00,81.7,75,0.0,0.42,559.0
2020-08-15 13:00:00,82.3,80,5.3,0.44,671.0
2020-08-15 14:00:00,80.3,93,1.4,0.12,155.0
2020-08-15 15:00:00,79.9,91,0.3,0.16,220.0
2020-08-15 16:00:00,79.6,88,0.0,0.14,175.0
2020-08-15 17:00:00,79.9,83,0.0,0.18,234.0
2020-08-15 18:00:00,80.3,77,0.0,0.21,267.0
2020-08-15 19:00:00,80.5,79,0.2,0.14,162.0
2020-08-15 20:00:00,80.7,78,0.2,0.07,42.0
2020-08-15 21:00:00,80.2,81,0.0,0.04,2.0
2020-08-15 22:00:00,79.7,83,0.0,0.02,0.0
2020-08-15 23:00:00,79.3,88,0.0,0.01,0.0
2020-08-16 00:00:00,78.7,93,0.0,0.0,0.0
2020-08-16 01:00:00,78.4,94,0.0,0.0,0.0
2020-08-16 02:00:00,78.0,95,0.0,0.0,0.0
2020-08-16 03:00:00,77.6,96,0.0,0.0,0.0
2020-08-16 04:00:00,77.4,98,0.0,0.0,0.0
2020-08-16 05:00:00,77.1,99,0.0,0.0,0.0
2020-08-16 06:00:00,76.8,99,0.0,0.0,0.0
2020-08-16 07:00:00,76.6,98,0.0,0.0,0.0
2020-08-16 08:00:00,77.1,94,0.0,0.02,38.0
2020-08-16 09:00:00,78.0,83,0.0,0.14,203.0
2020-08-16 10:00:00,79.5,72,0.0,0.3,415.0
2020-08-16 11:00:00,81.5,62,0.1,0.45,606.0
2020-08-16 12:00:00,83.2,53,0.0,0.54,683.0
2020-08-16 13:00:00,84.7,47,0.0,0.58,708.0
2020-08-16 14:00:00,86.2,44,0.0,0.67,830.0
2020-08-16 15:00:00,87.4,40,0.0,0.69,838.0
2020-08-16 16:00:00,88.4,39,0.0,0.66,798.0
2020-08-16 17:00:00,88.6,42,0.0,0.52,620.0
2020-08-16 18:00:00,88.5,44,0.0,0.38,462.0
2020-08-16 19:00:00,88.0,52,0.0,0.21,271.0
2020-08-16 20:00:00,86.3,60,0.0,0.1,94.0
2020-08-16 21:00:00,84.4,59,0.0,0.08,2.0
2020-08-16 22:00:00,83.2,88,0.0,0.01,0.0
2020-08-16 23:00:00,81.8,94,0.0,0.0,0.0
2020-08-17 00:00:00,80.7,95,0.0,0.0,0.0
2020-08-17 01:00:00,79.7,97,0.0,0.0,0.0
2020-08-17 02:00:00,78.8,98,0.0,0.0,0.0
2020-08-17 03:00:00,78.0,96,0.0,0.0,0.0
2020-08-17 04:00:00,77.2,98,0.0,0.0,0.0
2020-08-17 05:00:00,76.6,100,0.0,0.0,0.0
2020-08-17 06:00:00,76.5,98,0.0,0.0,0.0
2020-08-17 07:00:00,76.4,98,0.0,0.0,0.0
2020-08-17 08:00:00,75.9,89,0.0,0.03,40.0
2020-08-17 09:00:00,77.4,76,0.0,0.15,208.0
2020-08-17 10:00:00,79.6,61,0.0,0.32,420.0
2020-08-17 11:00:00,82.0,50,0.0,0.47,612.0
2020-08-17 12:00:00,83.8,49,0.1,0.47,610.0
2020-08-17 13:00:00,85.7,45,0.0,0.61,793.0
2020-08-17 14:00:00,87.4,44,0.0,0.63,819.0
2020-08-17 15:00:00,88.6,42,0.0,0.61,777.0
2020-08-17 16:00:00,89.3,43,0.0,0.53,676.0
2020-08-17 17:00:00,89.2,51,0.0,0.42,498.0
2020-08-17 18:00:00,88.2,62,0.1,0.3,360.0
2020-08-17 19:00:00,87.2,62,0.0,0.17,203.0
2020-08-17 20:00:00,85.6,67,0.0,0.1,81.0
2020-08-17 21:00:00,84.4,72,0.0,0.03,2.0
2020-08-17 22:00:00,82.9,80,0.0,0.01,0.0
2020-08-17 23:00:00,81.5,79,0.0,0.01,0.0
2020-08-18 00:00:00,80.4,87,0.0,0.0,0.0
2020-08-18 01:00:00,79.4,81,0.0,0.0,0.0
2020-08-18 02:00:00,78.6,89,0.0,0.0,0.0
2020-08-18 03:00:00,78.0,92,0.0,0.0,0.0
2020-08-18 04:00:00,77.4,95,0.0,0.0,0.0
2020-08-18 05:00:00,76.8,94,0.0,0.0,0.0
2020-08-18 06:00:00,76.3,92,0.0,0.0,0.0
2020-08-18 07:00:00,75.7,96,0.0,0.0,0.0
2020-08-18 08:00:00,76.8,90,0.0,0.02,39.0
2020-08-18 09:00:00,78.1,77,0.0,0.14,206.0
2020-08-18 10:00:00,80.1,66,0.0,0.3,416.0
2020-08-18 11:00:00,82.3,57,0.0,0.46,613.0
2020-08-18 12:00:00,84.4,56,0.0,0.57,728.0
2020-08-18 13:00:00,85.2,72,2.0,0.5,697.0
2020-08-18 14:00:00,85.1,73,0.0,0.36,468.0
2020-08-18 15:00:00,84.8,69,1.1,0.38,491.0
2020-08-18 16:00:00,85.6,60,0.3,0.46,586.0
2020-08-18 17:00:00,85.3,67,0.0,0.32,411.0
2020-08-18 18:00:00,85.0,69,0.0,0.24,300.0
2020-08-18 19:00:00,84.6,73,0.0,0.16,191.0
2020-08-18 20:00:00,84.3,71,0.0,0.08,82.0
2020-08-18 21:00:00,82.9,79,0.0,0.02,2.0
2020-08-18 22:00:00,81.9,82,0.0,0.01,0.0
2020-08-18 23:00:00,81.0,89,0.3,0.01,0.0
2020-08-19 00:00:00,79.2,98,4.5,0.0,0.0
2020-08-19 01:00:00,77.9,99,0.0,0.0,0.0
2020-08-19 02:00:00,77.2,98,0.0,0.0,0.0
2020-08-19 03:00:00,76.6,97,0.0,0.0,0.0
2020-08-19 04:00:00,76.1,97,0.0,0.0,0.0
2020-08-19 05:00:00,75.7,98,0.0,0.0,0.0
2020-08-19 06:00:00,75.5,98,0.0,0.0,0.0
2020-08-19 07:00:00,75.2,99,0.0,0.0,0.0
2020-08-19 08:00:00,74.8,94,0.0,0.02,34.0
2020-08-19 09:00:00,75.3,90,0.0,0.09,147.0
2020-08-19 10:00:00,76.6,82,0.0,0.22,321.0
2020-08-19 11:00:00,78.9,69,0.0,0.42,599.0
2020-08-19 12:00:00,81.3,60,0.0,0.57,768.0
2020-08-19 13:00:00,83.6,53,0.0,0.63,831.0
2020-08-19 14:00:00,85.2,51,0.0,0.58,729.0
2020-08-19 15:00:00,86.7,55,0.2,0.6,772.0
2020-08-19 16:00:00,86.1,69,0.0,0.29,348.0
2020-08-19 17:00:00,84.8,80,0.0,0.16,197.0
2020-08-19 18:00:00,84.7,74,0.0,0.29,389.0
2020-08-19 19:00:00,83.5,83,0.0,0.09,104.0
2020-08-19 20:00:00,83.1,76,0.0,0.07,74.0
2020-08-19 21:00:00,81.8,83,0.0,0.02,1.0
2020-08-19 22:00:00,80.5,84,0.0,0.0,0.0
2020-08-19 23:00:00,79.5,85,0.0,0.0,0.0
2020-08-20 00:00:00,78.7,85,0.0,0.0,0.0
2020-08-20 01:00:00,78.1,86,0.0,0.0,0.0
2020-08-20 02:00:00,77.5,93,0.0,0.0,0.0
2020-08-20 03:00:00,76.8,93,0.0,0.0,0.0
2020-08-20 04:00:00,76.4,92,0.0,0.0,0.0
2020-08-20 05:00:00,75.9,91,0.0,0.0,0.0
2020-08-20 06:00:00,75.6,97,0.0,0.0,0.0
2020-08-20 07:00:00,75.2,94,0.0,0.0,0.0
2020-08-20 08:00:00,74.8,92,1.1,0.02,29.0
2020-08-20 09:00:00,74.9,91,0.1,0.06,79.0
2020-08-20 10:00:00,76.6,83,0.0,0.24,353.0
2020-08-20 11:00:00,78.1,77,1.6,0.27,373.0
2020-08-20 12:00:00,78.2,87,0.0,0.17,224.0
2020-08-20 13:00:00,79.8,75,0.0,0.38,521.0
2020-08-20 14:00:00,81.6,68,0.1,0.54,738.0
2020-08-20 15:00:00,81.8,75,1.0,0.36,510.0
2020-08-20 16:00:00,81.8,73,0.0,0.32,421.0
2020-08-20 17:00:00,82.7,67,0.0,0.43,583.0
2020-08-20 18:00:00,82.9,68,0.0,0.27,346.0
2020-08-20 19:00:00,82.1,78,0.0,0.11,127.0
2020-08-20 20:00:00,81.4,72,0.0,0.08,60.0
2020-08-20 21:00:00,80.2,79,0.0,0.03,1.0
2020-08-20 22:00:00,79.2,84,0.0,0.0,0.0
2020-08-20 23:00:00,78.1,86,0.0,0.0,0.0
2020-08-21 00:00:00,77.5,86,0.0,0.0,0.0
2020-08-21 01:00:00,76.9,89,0.5,0.0,0.0
2020-08-21 02:00:00,76.1,98,1.1,0.0,0.0
2020-08-21 03:00:00,75.2,97,0.2,0.0,0.0
2020-08-21 04:00:00,74.5,96,0.0,0.0,0.0
2020-08-21 05:00:00,74.0,97,0.0,0.0,0.0
2020-08-21 06:00:00,73.8,97,0.0,0.0,0.0
2020-08-21 07:00:00,73.5,97,0.0,0.0,0.0
2020-08-21 08:00:00,72.3,95,0.0,0.01,30.0
2020-08-21 09:00:00,73.4,91,0.0,0.11,184.0
2020-08-21 10:00:00,75.2,86,0.0,0.24,371.0
2020-08-21 11:00:00,77.1,77,0.0,0.3,421.0
2020-08-21 12:00:00,78.8,64,0.0,0.4,543.0
2020-08-21 13:00:00,80.2,60,0.0,0.43,571.0
2020-08-21 14:00:00,81.7,56,0.0,0.5,645.0
2020-08-21 15:00:00,82.8,54,0.0,0.5,644.0
2020-08-21 16:00:00,83.6,55,0.0,0.51,651.0
2020-08-21 17:00:00,83.5,69,1.2,0.33,422.0
2020-08-21 18:00:00,82.9,78,0.0,0.25,348.0
2020-08-21 19:00:00,82.2,77,0.0,0.15,187.0
2020-08-21 20:00:00,81.7,72,0.0,0.08,62.0
2020-08-21 21:00:00,80.3,85,0.0,0.02,1.0
2020-08-21 22:00:00,79.2,92,0.0,0.0,0.0
2020-08-21 23:00:00,78.3,94,0.0,0.0,0.0
2020-08-22 00:00:00,77.6,94,0.0,0.0,0.0
2020-08-22 01:00:00,76.9,94,0.1,0.0,0.0
2020-08-22 02:00:00,76.6,96,0.0,0.0,0.0
2020-08-22 03:00:00,76.0,98,0.7,0.0,0.0
2020-08-22 04:00:00,75.5,98,1.2,0.0,0.0
2020-08-22 05:00:00,74.7,98,0.1,0.0,0.0
2020-08-22 06:00:00,73.9,98,0.1,0.0,0.0
2020-08-22 07:00:00,73.2,97,0.1,0.0,0.0
2020-08-22 08:00:00,74.5,95,0.1,0.02,15.0
2020-08-22 09:00:00,74.7,89,0.0,0.07,103.0
2020-08-22 10:00:00,75.1,85,0.0,0.11,150.0
2020-08-22 11:00:00,75.9,83,0.0,0.15,197.0
2020-08-22 12:00:00,76.5,84,0.1,0.14,167.0
2020-08-22 13:00:00,77.3,82,0.6,0.22,291.0
2020-08-22 14:00:00,77.2,94,2.4,0.14,205.0
2020-08-22 15:00:00,76.7,97,5.1,0.17,259.0
2020-08-22 16:00:00,76.6,91,0.5,0.16,230.0
2020-08-22 17:00:00,76.9,87,0.1,0.2,285.0
2020-08-22 18:00:00,77.5,86,0.0,0.2,283.0
2020-08-22 19:00:00,77.5,89,0.0,0.1,136.0
2020-08-22 20:00:00,77.2,92,0.0,0.04,47.0
2020-08-22 21:00:00,76.3,95,0.0,0.0,1.0
2020-08-22 22:00:00,75.7,96,0.0,0.0,0.0
2020-08-22 23:00:00,75.0,96,0.0,0.0,0.0
2020-08-23 00:00:00,74.5,95,0.0,0.0,0.0
2020-08-23 01:00:00,74.0,93,0.0,0.0,0.0
2020-08-23 02:00:00,73.8,94,0.0,0.0,0.0
2020-08-23 03:00:00,73.6,97,0.0,0.0,0.0
2020-08-23 04:00:00,73.5,97,0.0,0.0,0.0
2020-08-23 05:00:00,73.6,93,0.0,0.0,0.0
2020-08-23 06:00:00,73.7,87,0.0,0.01,0.0
2020-08-23 07:00:00,73.5,86,0.0,0.01,0.0
2020-08-23 08:00:00,74.0,86,0.0,0.03,20.0
2020-08-23 09:00:00,74.6,83,0.0,0.08,97.0
2020-08-23 10:00:00,75.3,83,0.1,0.12,149.0
2020-08-23 11:00:00,76.6,77,0.1,0.26,350.0
2020-08-23 12:00:00,77.8,71,0.1,0.29,371.0
2020-08-23 13:00:00,78.8,68,0.1,0.31,386.0
2020-08-23 14:00:00,79.1,74,0.6,0.23,272.0
2020-08-23 15:00:00,78.8,86,1.2,0.15,184.0
2020-08-23 16:00:00,78.5,99,1.4,0.12,174.0
2020-08-23 17:00:00,78.2,96,0.7,0.1,137.0
2020-08-23 18:00:00,78.2,95,0.0,0.11,167.0
2020-08-23 19:00:00,78.0,94,0.1,0.07,97.0
2020-08-23 20:00:00,76.9,97,0.6,0.02,20.0
2020-08-23 21:00:00,76.6,100,1.8,0.01,0.0
2020-08-23 22:00:00,76.1,100,2.3,0.0,0.0
2020-08-23 23:00:00,75.7,100,2.0,0.0,0.0
2020-08-24 00:00:00,75.3,100,2.0,0.0,0.0
2020-08-24 01:00:00,75.0,100,1.6,0.0,0.0
2020-08-24 02:00:00,74.9,98,0.3,0.0,0.0
2020-08-24 03:00:00,74.9,100,0.1,0.0,0.0
2020-08-24 04:00:00,75.0,100,0.9,0.0,0.0
2020-08-24 05:00:00,75.1,100,1.6,0.0,0.0
2020-08-24 06:00:00,75.2,100,0.7,0.0,0.0
2020-08-24 07:00:00,75.2,100,0.0,0.0,0.0
2020-08-24 08:00:00,77.5,98,0.0,0.01,11.0
2020-08-24 09:00:00,77.3,96,0.0,0.05,66.0
2020-08-24 10:00:00,77.4,94,0.9,0.09,125.0
2020-08-24 11:00:00,77.0,94,1.6,0.07,80.0
2020-08-24 12:00:00,77.1,94,1.2,0.13,190.0
2020-08-24 13:00:00,78.1,95,0.4,0.25,371.0
2020-08-24 14:00:00,79.3,93,0.9,0.31,463.0
2020-08-24 15:00:00,79.2,91,1.3,0.2,277.0
2020-08-24 16:00:00,80.2,88,0.1,0.34,462.0
2020-08-24 17:00:00,80.4,89,1.8,0.2,294.0
2020-08-24 18:00:00,79.3,96,0.1,0.06,80.0
2020-08-24 19:00:00,78.8,94,0.1,0.09,121.0
2020-08-24 20:00:00,80.7,82,0.1,0.06,44.0
2020-08-24 21:00:00,80.0,87,0.3,0.03,0.0
2020-08-24 22:00:00,78.9,97,3.3,0.0,0.0
2020-08-24 23:00:00,77.8,98,0.5,0.0,0.0
2020-08-25 00:00:00,77.2,99,0.6,0.0,0.0
2020-08-25 01:00:00,76.7,99,0.0,0.0,0.0
2020-08-25 02:00:00,76.6,99,0.0,0.0,0.0
2020-08-25 03:00:00,76.6,99,0.0,0.0,0.0
2020-08-25 04:00:00,76.6,99,0.0,0.0,0.0
2020-08-25 05:00:00,76.6,99,0.0,0.0,0.0
2020-08-25 06:00:00,76.6,99,0.0,0.0,0.0
2020-08-25 07:00:00,76.5,99,0.0,0.0,0.0
2020-08-25 08:00:00,78.9,95,0.0,0.02,27.0
2020-08-25 09:00:00,79.0,88,0.0,0.12,161.0
2020-08-25 10:00:00,79.7,80,0.0,0.24,324.0
2020-08-25 11:00:00,80.8,73,0.0,0.35,465.0
2020-08-25 12:00:00,82.5,63,0.0,0.55,728.0
2020-08-25 13:00:00,84.0,58,0.0,0.59,745.0
2020-08-25 14:00:00,85.3,54,0.0,0.63,784.0
2020-08-25 15:00:00,86.4,50,0.0,0.59,719.0
2020-08-25 16:00:00,87.2,48,0.0,0.55,655.0
2020-08-25 17:00:00,87.4,51,0.0,0.46,537.0
2020-08-25 18:00:00,87.5,53,0.0,0.36,439.0
2020-08-25 19:00:00,86.9,64,0.0,0.18,215.0
2020-08-25 20:00:00,86.1,69,0.0,0.08,63.0
2020-08-25 21:00:00,84.6,68,0.0,0.08,0.0
2020-08-25 22:00:00,83.5,72,0.0,0.04,0.0
2020-08-25 23:00:00,82.5,77,0.0,0.03,0.0
2020-08-26 00:00:00,81.8,80,0.0,0.02,0.0
2020-08-26 01:00:00,81.1,84,0.0,0.02,0.0
2020-08-26 02:00:00,80.6,87,0.0,0.01,0.0
2020-08-26 03:00:00,80.2,90,0.0,0.0,0.0
2020-08-26 04:00:00,79.8,92,0.0,0.0,0.0
2020-08-26 05:00:00,79.5,93,0.0,0.0,0.0
2020-08-26 06:00:00,79.1,96,0.0,0.0,0.0
2020-08-26 07:00:00,78.6,98,0.0,0.0,0.0
2020-08-26 08:00:00,80.8,94,0.0,0.02,29.0
2020-08-26 09:00:00,80.7,85,0.0,0.13,188.0
2020-08-26 10:00:00,81.5,76,0.0,0.28,393.0
2020-08-26 11:00:00,82.9,67,0.0,0.44,596.0
2020-08-26 12:00:00,84.5,59,0.0,0.57,751.0
2020-08-26 13:00:00,86.1,56,0.0,0.65,838.0
2020-08-26 14:00:00,87.5,53,0.0,0.68,863.0
2020-08-26 15:00:00,88.5,52,0.0,0.64,792.0
2020-08-26 16:00:00,89.2,51,0.0,0.61,737.0
2020-08-26 17:00:00,89.2,50,0.0,0.49,581.0
2020-08-26 18:00:00,88.9,53,0.0,0.35,403.0
2020-08-26 19:00:00,88.1,61,0.0,0.2,238.0
2020-08-26 20:00:00,86.6,73,0.0,0.06,67.0
2020-08-26 21:00:00,84.9,82,0.0,0.03,0.0
2020-08-26 22:00:00,83.6,78,0.0,0.01,0.0
2020-08-26 23:00:00,82.8,82,0.0,0.02,0.0
2020-08-27 00:00:00,82.1,84,0.0,0.01,0.0
2020-08-27 01:00:00,81.6,84,0.0,0.01,0.0
2020-08-27 02:00:00,81.1,85,0.0,0.01,0.0
2020-08-27 03:00:00,80.6,87,0.0,0.01,0.0
2020-08-27 04:00:00,80.2,90,0.0,0.0,0.0
2020-08-27 05:00:00,79.7,92,0.0,0.0,0.0
2020-08-27 06:00:00,79.4,93,0.0,0.0,0.0
2020-08-27 07:00:00,79.2,96,0.0,0.0,0.0
2020-08-27 08:00:00,80.2,92,0.0,0.02,29.0
2020-08-27 09:00:00,80.8,84,0.0,0.14,190.0
2020-08-27 10:00:00,82.0,74,0.0,0.29,377.0
2020-08-27 11:00:00,83.2,66,0.1,0.4,512.0
2020-08-27 12:00:00,84.7,60,0.0,0.52,644.0
2020-08-27 13:00:00,86.1,57,0.0,0.59,739.0
2020-08-27 14:00:00,87.1,56,0.0,0.58,707.0
2020-08-27 15:00:00,87.7,65,0.3,0.58,796.0
2020-08-27 16:00:00,87.2,66,0.3,0.47,613.0
2020-08-27 17:00:00,87.2,68,0.2,0.42,552.0
2020-08-27 18:00:00,86.3,77,0.5,0.27,351.0
2020-08-27 19:00:00,85.0,84,0.1,0.14,199.0
2020-08-27 20:00:00,84.6,85,0.0,0.05,62.0
2020-08-27 21:00:00,82.9,92,0.8,0.02,0.0
2020-08-27 22:00:00,81.4,93,0.0,0.0,0.0
2020-08-27 23:00:00,80.5,96,0.0,0.0,0.0
2020-08-28 00:00:00,80.0,98,0.0,0.0,0.0
2020-08-28 01:00:00,79.5,98,0.0,0.0,0.0
2020-08-28 02:00:00,79.1,98,0.0,0.0,0.0
2020-08-28 03:00:00,78.7,98,0.0,0.0,0.0
2020-08-28 04:00:00,78.4,98,0.0,0.0,0.0
2020-08-28 05:00:00,78.3,98,0.0,0.0,0.0
2020-08-28 06:00:00,77.9,98,0.0,0.0,0.0
2020-08-28 07:00:00,77.6,97,0.0,0.0,0.0
2020-08-28 08:00:00,79.0,95,0.0,0.02,22.0
2020-08-28 09:00:00,79.6,89,0.0,0.1,146.0
2020-08-28 10:00:00,80.8,80,0.1,0.24,340.0
2020-08-28 11:00:00,82.1,71,0.1,0.38,503.0
2020-08-28 12:00:00,83.7,64,0.1,0.49,638.0
2020-08-28 13:00:00,85.1,59,0.0,0.53,670.0
2020-08-28 14:00:00,86.0,61,0.2,0.51,634.0
2020-08-28 15:00:00,85.7,80,2.5,0.48,712.0
2020-08-28 16:00:00,83.8,88,0.7,0.25,364.0
2020-08-28 17:00:00,83.8,79,0.0,0.35,481.0
2020-08-28 18:00:00,83.4,91,2.5,0.22,357.0
2020-08-28 19:00:00,81.9,95,0.0,0.06,83.0
2020-08-28 20:00:00,84.7,77,0.1,0.07,52.0
2020-08-28 21:00:00,83.4,86,0.0,0.03,0.0
2020-08-28 22:00:00,82.4,89,0.2,0.0,0.0
2020-08-28 23:00:00,81.1,93,0.7,0.0,0.0
2020-08-29 00:00:00,80.2,95,0.0,0.0,0.0
2020-08-29 01:00:00,79.5,94,0.0,0.0,0.0
2020-08-29 02:00:00,79.0,93,0.0,0.0,0.0
2020-08-29 03:00:00,78.6,94,0.0,0.0,0.0
2020-08-29 04:00:00,78.1,98,2.6,0.0,0.0
2020-08-29 05:00:00,77.6,98,0.7,0.0,0.0
2020-08-29 06:00:00,77.3,99,1.5,0.0,0.0
2020-08-29 07:00:00,76.8,100,0.1,0.0,0.0
2020-08-29 08:00:00,78.1,98,0.2,0.01,17.0
2020-08-29 09:00:00,78.1,96,0.1,0.06,90.0
2020-08-29 10:00:00,78.4,95,0.4,0.1,141.0
2020-08-29 11:00:00,78.9,93,0.1,0.14,198.0
2020-08-29 12:00:00,79.2,92,1.4,0.19,283.0
2020-08-29 13:00:00,79.1,94,1.1,0.17,258.0
2020-08-29 14:00:00,79.4,93,0.3,0.2,299.0
2020-08-29 15:00:00,79.7,89,0.3,0.23,330.0
2020-08-29 16:00:00,79.4,92,0.5,0.13,176.0
2020-08-29 17:00:00,79.4,91,0.3,0.15,216.0
2020-08-29 18:00:00,79.4,88,0.1,0.13,178.0
2020-08-29 19:00:00,79.3,93,0.0,0.07,84.0
2020-08-29 20:00:00,77.4,100,0.1,0.02,24.0
2020-08-29 21:00:00,76.9,100,0.1,0.01,0.0
2020-08-29 22:00:00,76.6,99,0.1,0.0,0.0
2020-08-29 23:00:00,76.3,99,0.0,0.0,0.0
2020-08-30 00:00:00,76.1,99,0.0,0.0,0.0
2020-08-30 01:00:00,75.9,99,0.0,0.0,0.0
2020-08-30 02:00:00,75.7,99,0.0,0.0,0.0
2020-08-30 03:00:00,75.7,99,0.0,0.0,0.0
2020-08-30 04:00:00,75.6,99,0.0,0.0,0.0
2020-08-30 05:00:00,75.6,99,0.0,0.0,0.0
2020-08-30 06:00:00,75.6,99,0.0,0.0,0.0
2020-08-30 07:00:00,75.7,99,0.0,0.0,0.0
2020-08-30 08:00:00,76.7,99,0.0,0.01,17.0
2020-08-30 09:00:00,77.2,96,0.0,0.1,161.0
2020-08-30 10:00:00,78.3,89,0.2,0.22,323.0
2020-08-30 11:00:00,78.8,87,2.7,0.26,384.0
2020-08-30 12:00:00,78.8,87,0.1,0.24,344.0
2020-08-30 13:00:00,80.2,75,0.3,0.49,695.0
2020-08-30 14:00:00,81.7,75,0.2,0.54,755.0
2020-08-30 15:00:00,82.0,79,1.1,0.48,700.0
2020-08-30 16:00:00,82.6,75,0.2,0.43,600.0
2020-08-30 17:00:00,82.1,87,1.9,0.31,469.0
2020-08-30 18:00:00,81.3,85,0.1,0.17,235.0
2020-08-30 19:00:00,80.8,86,0.0,0.12,170.0
2020-08-30 20:00:00,79.4,92,0.0,0.03,46.0
2020-08-30 21:00:00,78.6,97,0.0,0.0,0.0
2020-08-30 22:00:00,78.2,96,0.0,0.0,0.0
2020-08-30 23:00:00,77.7,96,0.0,0.0,0.0
2020-08-31 00:00:00,77.4,97,0.0,0.0,0.0
2020-08-31 01:00:00,77.1,98,0.0,0.0,0.0
2020-08-31 02:00:00,76.8,98,0.2,0.0,0.0
2020-08-31 03:00:00,76.6,98,0.0,0.0,0.0
2020-08-31 04:00:00,76.4,98,0.2,0.0,0.0
2020-08-31 05:00:00,76.2,98,0.2,0.0,0.0
2020-08-31 06:00:00,76.1,99,0.1,0.0,0.0
2020-08-31 07:00:00,76.1,98,0.0,0.0,0.0
2020-08-31 08:00:00,77.1,97,1.2,0.01,15.0
2020-08-31 09:00:00,77.5,93,0.2,0.1,164.0
2020-08-31 10:00:00,78.4,86,0.1,0.22,315.0
2020-08-31 11:00:00,79.3,85,0.5,0.23,314.0
2020-08-31 12:00:00,79.7,89,3.3,0.31,464.0
2020-08-31 13:00:00,80.6,79,0.2,0.43,593.0
2020-08-31 14:00:00,81.1,85,2.9,0.37,539.0
2020-08-31 15:00:00,81.7,82,0.4,0.46,637.0
2020-08-31 16:00:00,83.0,78,0.3,0.45,615.0
2020-08-31 17:00:00,82.0,94,4.0,0.27,408.0
2020-08-31 18:00:00,81.4,90,0.1,0.17,239.0
2020-08-31 19:00:00,80.8,92,0.2,0.1,145.0
2020-08-31 20:00:00,82.0,89,0.0,0.03,43.0
2020-08-31 21:00:00,80.9,91,0.0,0.0,0.0
2020-08-31 22:00:00,80.2,92,0.0,0.0,0.0
2020-08-31 23:00:00,79.5,92,0.0,0.0,0.0
2020-09-01 00:00:00,78.8,93,0.0,0.0,0.0
2020-09-01 01:00:00,78.2,96,0.0,0.0,0.0
2020-09-01 02:00:00,77.7,97,0.0,0.0,0.0
2020-09-01 03:00:00,77.4,97,0.0,0.0,0.0
2020-09-01 04:00:00,77.2,98,0.0,0.0,0.0
2020-09-01 05:00:00,77.0,99,0.0,0.0,0.0
2020-09-01 06:00:00,76.9,99,0.0,0.0,0.0
2020-09-01 07:00:00,76.8,99,0.0,0.0,0.0
2020-09-01 08:00:00,78.0,98,0.0,0.01,23.0
2020-09-01 09:00:00,78.2,97,0.1,0.07,104.0
2020-09-01 10:00:00,79.0,97,0.2,0.17,252.0
2020-09-01 11:00:00,80.2,92,0.3,0.31,441.0
2020-09-01 12:00:00,81.5,83,0.2,0.35,480.0
2020-09-01 13:00:00,82.5,80,0.2,0.36,495.0
2020-09-01 14:00:00,83.0,81,0.1,0.37,501.0
2020-09-01 15:00:00,83.8,75,0.0,0.47,630.0
2020-09-01 16:00:00,84.4,71,0.1,0.44,588.0
2020-09-01 17:00:00,84.2,75,0.4,0.31,414.0
2020-09-01 18:00:00,83.7,80,0.1,0.2,259.0
2020-09-01 19:00:00,82.6,88,0.8,0.11,148.0
2020-09-01 20:00:00,81.4,95,0.0,0.03,37.0
2020-09-01 21:00:00,80.7,96,0.0,0.0,0.0
2020-09-01 22:00:00,80.1,96,0.0,0.0,0.0
2020-09-01 23:00:00,79.5,96,0.0,0.0,0.0
2020-09-02 00:00:00,79.1,96,0.0,0.0,0.0
2020-09-02 01:00:00,78.7,97,0.0,0.0,0.0
2020-09-02 02:00:00,78.4,98,0.0,0.0,0.0
2020-09-02 03:00:00,78.2,99,0.0,0.0,0.0
2020-09-02 04:00:00,77.9,99,0.0,0.0,0.0
2020-09-02 05:00:00,77.7,99,0.0,0.0,0.0
2020-09-02 06:00:00,77.5,99,0.0,0.0,0.0
2020-09-02 07:00:00,77.3,99,0.0,0.0,0.0
2020-09-02 08:00:00,77.0,98,0.0,0.01,21.0
2020-09-02 09:00:00,77.8,94,0.0,0.11,172.0
2020-09-02 10:00:00,79.2,80,0.1,0.24,344.0
2020-09-02 11:00:00,80.8,73,0.1,0.37,508.0
2020-09-02 12:00:00,82.5,66,0.1,0.48,646.0
2020-09-02 13:00:00,83.9,62,0.1,0.54,711.0
2020-09-02 14:00:00,85.1,60,0.1,0.57,737.0
2020-09-02 15:00:00,86.0,58,0.2,0.56,709.0
2020-09-02 16:00:00,86.8,56,0.1,0.52,659.0
2020-09-02 17:00:00,87.0,58,0.1,0.41,522.0
2020-09-02 18:00:00,86.7,62,0.0,0.27,342.0
2020-09-02 19:00:00,86.0,74,0.0,0.17,196.0
2020-09-02 20:00:00,84.6,91,0.0,0.04,53.0
2020-09-02 21:00:00,83.0,93,0.0,0.0,0.0
2020-09-02 22:00:00,82.0,95,0.0,0.0,0.0
2020-09-02 23:00:00,81.3,94,0.0,0.0,0.0
2020-09-03 00:00:00,81.0,92,0.0,0.0,0.0
2020-09-03 01:00:00,80.3,92,0.0,0.0,0.0
2020-09-03 02:00:00,79.7,93,0.0,0.0,0.0
2020-09-03 03:00:00,79.1,94,0.0,0.0,0.0
2020-09-03 04:00:00,78.4,95,0.0,0.0,0.0
2020-09-03 05:00:00,77.9,96,0.0,0.0,0.0
2020-09-03 06:00:00,77.5,96,0.0,0.0,0.0
2020-09-03 07:00:00,77.0,96,0.0,0.0,0.0
2020-09-03 08:00:00,77.3,99,0.0,0.0,25.0
2020-09-03 09:00:00,77.9,90,0.0,0.09,146.0
2020-09-03 10:00:00,79.3,82,0.0,0.26,378.0
2020-09-03 11:00:00,81.1,71,0.0,0.43,593.0
2020-09-03 12:00:00,83.2,62,0.0,0.56,751.0
2020-09-03 13:00:00,84.9,57,0.0,0.6,775.0
2020-09-03 14:00:00,86.4,53,0.0,0.63,813.0
2020-09-03 15:00:00,87.5,50,0.0,0.65,828.0
2020-09-03 16:00:00,88.3,50,0.0,0.58,739.0
2020-09-03 17:00:00,88.5,50,0.0,0.45,563.0
2020-09-03 18:00:00,88.3,54,0.0,0.31,394.0
2020-09-03 19:00:00,87.4,66,0.0,0.17,205.0
2020-09-03 20:00:00,86.4,76,0.0,0.05,49.0
2020-09-03 21:00:00,84.7,80,0.0,0.02,0.0
2020-09-03 22:00:00,83.7,88,0.0,0.01,0.0
2020-09-03 23:00:00,82.8,85,0.0,0.01,0.0
2020-09-04 00:00:00,81.8,87,0.0,0.01,0.0
2020-09-04 01:00:00,80.9,90,0.0,0.0,0.0
2020-09-04 02:00:00,80.1,92,0.0,0.0,0.0
2020-09-04 03:00:00,79.4,94,0.0,0.0,0.0
2020-09-04 04:00:00,78.9,96,0.0,0.0,0.0
2020-09-04 05:00:00,78.5,97,0.0,0.0,0.0
2020-09-04 06:00:00,78.3,97,0.0,0.0,0.0
2020-09-04 07:00:00,77.9,97,0.0,0.0,0.0
2020-09-04 08:00:00,77.8,95,0.0,0.01,24.0
2020-09-04 09:00:00,78.7,85,0.0,0.12,184.0
2020-09-04 10:00:00,80.3,73,0.0,0.28,391.0
2020-09-04 11:00:00,82.2,62,0.0,0.44,582.0
2020-09-04 12:00:00,84.3,54,0.0,0.56,731.0
2020-09-04 13:00:00,86.1,50,0.0,0.6,782.0
2020-09-04 14:00:00,87.7,47,0.0,0.63,816.0
2020-09-04 15:00:00,89.1,45,0.0,0.63,800.0
2020-09-04 16:00:00,89.9,46,0.0,0.57,709.0
2020-09-04 17:00:00,89.9,51,0.2,0.43,535.0
2020-09-04 18:00:00,89.3,57,0.1,0.3,366.0
2020-09-04 19:00:00,88.4,66,0.0,0.17,201.0
2020-09-04 20:00:00,87.2,77,0.0,0.04,39.0
2020-09-04 21:00:00,85.5,70,0.0,0.0,0.0
2020-09-04 22:00:00,84.1,76,0.0,0.03,0.0
2020-09-04 23:00:00,83.0,69,0.0,0.03,0.0
2020-09-05 00:00:00,81.9,77,0.0,0.01,0.0
2020-09-05 01:00:00,80.9,70,0.0,0.0,0.0
2020-09-05 02:00:00,80.0,77,0.0,0.0,0.0
2020-09-05 03:00:00,79.2,74,0.0,0.0,0.0
2020-09-05 04:00:00,78.4,82,0.0,0.0,0.0
2020-09-05 05:00:00,77.7,86,0.0,0.0,0.0
2020-09-05 06:00:00,77.2,86,0.0,0.0,0.0
2020-09-05 07:00:00,76.8,88,0.0,0.0,0.0
2020-09-05 08:00:00,78.0,85,0.0,0.03,23.0
2020-09-05 09:00:00,78.9,75,0.0,0.13,176.0
2020-09-05 10:00:00,80.6,63,0.0,0.29,382.0
2020-09-05 11:00:00,82.7,51,0.0,0.45,568.0
2020-09-05 12:00:00,84.7,44,0.0,0.57,715.0
2020-09-05 13:00:00,86.9,40,0.0,0.67,849.0
2020-09-05 14:00:00,88.8,38,0.0,0.7,889.0
2020-09-05 15:00:00,90.2,38,0.0,0.68,835.0
2020-09-05 16:00:00,91.0,39,0.0,0.63,740.0
2020-09-05 17:00:00,90.7,39,0.0,0.45,492.0
2020-09-05 18:00:00,90.4,42,0.0,0.35,396.0
2020-09-05 19:00:00,89.6,51,0.0,0.19,200.0
2020-09-05 20:00:00,88.2,54,0.0,0.11,42.0
2020-09-05 21:00:00,86.3,54,0.0,0.08,0.0
2020-09-05 22:00:00,84.7,58,0.0,0.04,0.0
2020-09-05 23:00:00,83.3,61,0.0,0.04,0.0
2020-09-06 00:00:00,82.5,64,0.0,0.05,0.0
2020-09-06 01:00:00,82.0,59,0.0,0.06,0.0
2020-09-06 02:00:00,81.4,61,0.0,0.06,0.0
2020-09-06 03:00:00,81.0,67,0.0,0.05,0.0
2020-09-06 04:00:00,80.6,72,0.0,0.04,0.0
2020-09-06 05:00:00,80.2,76,0.0,0.03,0.0
2020-09-06 06:00:00,79.7,78,0.0,0.03,0.0
2020-09-06 07:00:00,79.3,80,0.0,0.02,0.0
2020-09-06 08:00:00,79.5,83,0.0,0.04,20.0
2020-09-06 09:00:00,79.8,79,0.0,0.13,177.0
2020-09-06 10:00:00,80.9,74,0.0,0.28,386.0
2020-09-06 11:00:00,82.3,67,0.0,0.41,557.0
2020-09-06 12:00:00,84.0,57,0.0,0.56,728.0
2020-09-06 13:00:00,85.6,52,0.0,0.6,755.0
2020-09-06 14:00:00,86.9,48,0.0,0.63,790.0
2020-09-06 15:00:00,88.0,45,0.0,0.61,756.0
2020-09-06 16:00:00,88.9,42,0.0,0.6,727.0
2020-09-06 17:00:00,88.9,48,0.0,0.46,526.0
2020-09-06 18:00:00,88.4,50,0.0,0.34,409.0
2020-09-06 19:00:00,87.7,55,0.0,0.18,219.0
2020-09-06 20:00:00,85.6,64,0.0,0.08,40.0
2020-09-06 21:00:00,84.3,64,0.0,0.07,0.0
2020-09-06 22:00:00,83.4,62,0.0,0.08,0.0
2020-09-06 23:00:00,82.6,66,0.0,0.04,0.0
2020-09-07 00:00:00,81.7,71,0.0,0.03,0.0
2020-09-07 01:00:00,80.7,75,0.0,0.02,0.0
2020-09-07 02:00:00,79.9,80,0.0,0.01,0.0
2020-09-07 03:00:00,79.3,84,0.0,0.01,0.0
2020-09-07 04:00:00,78.7,86,0.0,0.01,0.0
2020-09-07 05:00:00,78.4,86,0.0,0.01,0.0
2020-09-07 06:00:00,78.3,86,0.0,0.01,0.0
2020-09-07 07:00:00,78.2,87,0.0,0.01,0.0
2020-09-07 08:00:00,77.5,84,0.0,0.03,16.0
2020-09-07 09:00:00,78.0,81,0.0,0.12,164.0
2020-09-07 10:00:00,79.1,73,0.0,0.25,350.0
2020-09-07 11:00:00,80.6,65,0.0,0.38,521.0
2020-09-07 12:00:00,82.3,59,0.0,0.49,653.0
2020-09-07 13:00:00,83.9,56,0.1,0.58,776.0
2020-09-07 14:00:00,85.3,54,0.2,0.57,751.0
2020-09-07 15:00:00,86.1,53,0.2,0.52,677.0
2020-09-07 16:00:00,86.5,55,0.2,0.43,553.0
2020-09-07 17:00:00,86.6,56,0.0,0.38,465.0
2020-09-07 18:00:00,85.9,68,0.3,0.24,304.0
2020-09-07 19:00:00,84.7,76,0.1,0.12,147.0
2020-09-07 20:00:00,82.5,73,0.0,0.04,32.0
2020-09-07 21:00:00,81.2,73,0.0,0.02,0.0
2020-09-07 22:00:00,80.6,75,0.0,0.04,0.0
2020-09-07 23:00:00,80.2,79,0.0,0.02,0.0
2020-09-08 00:00:00,79.7,82,0.0,0.02,0.0
2020-09-08 01:00:00,79.2,85,0.0,0.01,0.0
2020-09-08 02:00:00,78.6,90,0.0,0.0,0.0
2020-09-08 03:00:00,78.1,93,0.0,0.0,0.0
2020-09-08 04:00:00,77.6,95,0.0,0.0,0.0
2020-09-08 05:00:00,77.2,97,0.0,0.0,0.0
2020-09-08 06:00:00,76.9,96,0.0,0.0,0.0
2020-09-08 07:00:00,76.9,94,0.0,0.0,0.0
2020-09-08 08:00:00,76.7,93,0.0,0.02,10.0
2020-09-08 09:00:00,77.2,86,0.0,0.09,109.0
2020-09-08 10:00:00,78.3,76,0.1,0.24,323.0
2020-09-08 11:00:00,79.6,69,0.1,0.35,475.0
2020-09-08 12:00:00,81.1,62,0.1,0.45,588.0
2020-09-08 13:00:00,82.3,57,0.1,0.49,626.0
2020-09-08 14:00:00,83.9,51,0.1,0.62,790.0
2020-09-08 15:00:00,85.1,49,0.2,0.59,731.0
2020-09-08 16:00:00,86.0,47,0.1,0.56,675.0
2020-09-08 17:00:00,86.3,49,0.0,0.45,510.0
2020-09-08 18:00:00,85.8,56,0.1,0.3,332.0
2020-09-08 19:00:00,85.1,59,0.0,0.18,182.0
2020-09-08 20:00:00,84.5,63,0.0,0.09,33.0
2020-09-08 21:00:00,83.1,66,0.0,0.05,0.0
2020-09-08 22:00:00,82.0,69,0.0,0.05,0.0
2020-09-08 23:00:00,81.2,72,0.0,0.05,0.0
2020-09-09 00:00:00,80.5,75,0.0,0.04,0.0
2020-09-09 01:00:00,79.9,78,0.0,0.02,0.0
2020-09-09 02:00:00,79.3,80,0.0,0.02,0.0
2020-09-09 03:00:00,78.7,81,0.0,0.02,0.0
2020-09-09 04:00:00,78.2,82,0.0,0.02,0.0
2020-09-09 05:00:00,77.7,83,0.0,0.01,0.0
2020-09-09 06:00:00,77.2,83,0.0,0.01,0.0
2020-09-09 07:00:00,76.8,82,0.0,0.01,0.0
2020-09-09 08:00:00,76.1,80,0.0,0.04,21.0
2020-09-09 09:00:00,76.8,75,0.0,0.13,176.0
2020-09-09 10:00:00,78.2,70,0.0,0.28,385.0
2020-09-09 11:00:00,80.0,62,0.0,0.43,585.0
2020-09-09 12:00:00,82.0,51,0.0,0.56,721.0
2020-09-09 13:00:00,83.9,46,0.0,0.6,740.0
2020-09-09 14:00:00,85.4,45,0.0,0.58,687.0
2020-09-09 15:00:00,85.9,50,0.0,0.43,462.0
2020-09-09 16:00:00,86.9,48,0.0,0.56,676.0
2020-09-09 17:00:00,87.5,47,0.0,0.48,579.0
2020-09-09 18:00:00,87.5,48,0.0,0.35,398.0
2020-09-09 19:00:00,86.8,59,0.0,0.15,152.0
2020-09-09 20:00:00,83.8,64,0.0,0.08,32.0
2020-09-09 21:00:00,82.8,66,0.0,0.06,0.0
2020-09-09 22:00:00,82.0,66,0.0,0.06,0.0
2020-09-09 23:00:00,81.3,71,0.1,0.04,0.0
2020-09-10 00:00:00,80.7,74,0.0,0.03,0.0
2020-09-10 01:00:00,80.2,78,0.0,0.02,0.0
2020-09-10 02:00:00,79.6,81,0.0,0.02,0.0
2020-09-10 03:00:00,79.1,84,0.0,0.01,0.0
2020-09-10 04:00:00,78.6,86,0.0,0.01,0.0
2020-09-10 05:00:00,78.3,89,0.0,0.0,0.0
2020-09-10 06:00:00,78.0,92,0.0,0.0,0.0
2020-09-10 07:00:00,77.8,94,0.0,0.0,0.0
2020-09-10 08:00:00,79.3,93,0.0,0.02,10.0
2020-09-10 09:00:00,79.3,84,0.0,0.11,140.0
2020-09-10 10:00:00,80.1,76,0.0,0.21,271.0
2020-09-10 11:00:00,81.3,68,0.1,0.37,489.0
2020-09-10 12:00:00,82.7,63,0.0,0.43,555.0
2020-09-10 13:00:00,84.1,59,0.0,0.51,644.0
2020-09-10 14:00:00,85.3,60,0.1,0.51,642.0
2020-09-10 15:00:00,85.7,68,0.1,0.42,547.0
2020-09-10 16:00:00,84.8,79,1.7,0.28,374.0
2020-09-10 17:00:00,84.3,80,0.3,0.27,366.0
2020-09-10 18:00:00,82.5,94,3.4,0.11,155.0
2020-09-10 19:00:00,81.1,96,0.2,0.05,73.0
2020-09-10 20:00:00,82.5,78,0.0,0.05,17.0
2020-09-10 21:00:00,81.6,80,0.0,0.02,0.0
2020-09-10 22:00:00,80.8,83,0.3,0.01,0.0
2020-09-10 23:00:00,79.8,88,0.8,0.0,0.0
2020-09-11 00:00:00,78.5,99,0.8,0.0,0.0
2020-09-11 01:00:00,77.6,96,0.2,0.0,0.0
2020-09-11 02:00:00,77.0,97,0.0,0.0,0.0
2020-09-11 03:00:00,76.6,98,0.0,0.0,0.0
2020-09-11 04:00:00,76.4,99,0.0,0.0,0.0
2020-09-11 05:00:00,76.2,99,0.0,0.0,0.0
2020-09-11 06:00:00,76.1,99,0.0,0.0,0.0
2020-09-11 07:00:00,75.9,99,0.0,0.0,0.0
2020-09-11 08:00:00,78.2,98,0.0,0.01,15.0
2020-09-11 09:00:00,78.1,93,0.1,0.08,128.0
2020-09-11 10:00:00,78.7,83,0.1,0.22,320.0
2020-09-11 11:00:00,79.7,75,0.3,0.32,438.0
2020-09-11 12:00:00,81.3,69,0.2,0.49,673.0
2020-09-11 13:00:00,82.7,65,0.1,0.5,653.0
2020-09-11 14:00:00,83.7,81,3.0,0.49,745.0
2020-09-11 15:00:00,83.2,75,0.1,0.34,446.0
2020-09-11 16:00:00,83.8,71,0.2,0.39,516.0
2020-09-11 17:00:00,84.3,67,0.0,0.36,466.0
2020-09-11 18:00:00,84.5,69,0.1,0.26,328.0
2020-09-11 19:00:00,82.7,93,1.2,0.08,128.0
2020-09-11 20:00:00,82.1,88,0.0,0.03,21.0
2020-09-11 21:00:00,80.7,88,0.0,0.01,0.0
2020-09-11 22:00:00,79.7,89,0.0,0.0,0.0
2020-09-11 23:00:00,79.1,91,0.0,0.0,0.0
2020-09-12 00:00:00,78.6,91,0.0,0.0,0.0
2020-09-12 01:00:00,78.4,92,0.0,0.0,0.0
2020-09-12 02:00:00,78.3,92,0.0,0.0,0.0
2020-09-12 03:00:00,78.1,95,0.0,0.0,0.0
2020-09-12 04:00:00,77.9,96,0.0,0.0,0.0
2020-09-12 05:00:00,77.7,96,0.0,0.0,0.0
2020-09-12 06:00:00,77.5,97,0.0,0.0,0.0
2020-09-12 07:00:00,77.4,98,0.0,0.0,0.0
2020-09-12 08:00:00,78.7,97,0.0,0.01,17.0
2020-09-12 09:00:00,78.6,88,0.0,0.11,165.0
2020-09-12 10:00:00,79.3,80,0.0,0.24,341.0
2020-09-12 11:00:00,80.6,71,0.1,0.37,494.0
2020-09-12 12:00:00,82.1,70,0.0,0.46,622.0
2020-09-12 13:00:00,83.5,65,0.1,0.52,694.0
2020-09-12 14:00:00,84.4,65,0.0,0.53,703.0
2020-09-12 15:00:00,85.6,58,0.0,0.6,765.0
2020-09-12 16:00:00,86.3,59,0.0,0.5,621.0
2020-09-12 17:00:00,85.5,79,1.6,0.31,431.0
2020-09-12 18:00:00,84.1,79,0.2,0.22,289.0
2020-09-12 19:00:00,83.1,78,0.0,0.14,168.0
2020-09-12 20:00:00,83.3,72,0.0,0.07,29.0
2020-09-12 21:00:00,82.2,75,0.0,0.03,0.0
2020-09-12 22:00:00,81.3,76,0.0,0.03,0.0
2020-09-12 23:00:00,80.6,77,0.0,0.04,0.0
2020-09-13 00:00:00,80.2,80,0.0,0.04,0.0
2020-09-13 01:00:00,79.8,82,0.0,0.03,0.0
2020-09-13 02:00:00,79.4,83,0.0,0.03,0.0
2020-09-13 03:00:00,79.2,83,0.0,0.03,0.0
2020-09-13 04:00:00,78.9,82,0.0,0.03,0.0
2020-09-13 05:00:00,78.6,81,0.0,0.04,0.0
2020-09-13 06:00:00,78.4,82,0.0,0.04,0.0
2020-09-13 07:00:00,78.3,84,0.0,0.03,0.0
2020-09-13 08:00:00,79.7,90,0.0,0.03,17.0
2020-09-13 09:00:00,79.6,85,0.0,0.11,135.0
2020-09-13 10:00:00,80.2,79,0.2,0.24,329.0
2020-09-13 11:00:00,81.0,78,0.1,0.29,404.0
2020-09-13 12:00:00,82.1,73,0.1,0.41,567.0
2020-09-13 13:00:00,83.5,63,0.1,0.54,706.0
2020-09-13 14:00:00,84.6,60,0.0,0.53,663.0
2020-09-13 15:00:00,85.7,56,0.0,0.6,745.0
2020-09-13 16:00:00,85.3,76,1.1,0.35,491.0
2020-09-13 17:00:00,83.8,81,0.5,0.23,306.0
2020-09-13 18:00:00,83.4,71,0.0,0.25,297.0
2020-09-13 19:00:00,82.9,74,0.1,0.15,153.0
2020-09-13 20:00:00,82.7,75,0.2,0.08,16.0
2020-09-13 21:00:00,81.7,79,0.0,0.04,0.0
2020-09-13 22:00:00,80.9,81,0.0,0.04,0.0
2020-09-13 23:00:00,80.2,86,0.1,0.03,0.0
2020-09-14 00:00:00,79.5,89,0.0,0.02,0.0
2020-09-14 01:00:00,79.1,91,0.0,0.01,0.0
2020-09-14 02:00:00,78.6,92,0.0,0.01,0.0
2020-09-14 03:00:00,78.4,93,0.0,0.01,0.0
2020-09-14 04:00:00,78.2,92,0.0,0.01,0.0
2020-09-14 05:00:00,78.1,93,0.0,0.0,0.0
2020-09-14 06:00:00,78.1,91,0.0,0.01,0.0
2020-09-14 07:00:00,78.1,93,0.2,0.01,0.0
2020-09-14 08:00:00,78.9,94,0.4,0.02,5.0
2020-09-14 09:00:00,78.4,93,0.3,0.06,88.0
2020-09-14 10:00:00,78.3,92,0.1,0.09,115.0
2020-09-14 11:00:00,78.2,92,0.4,0.09,120.0
2020-09-14 12:00:00,78.2,94,0.6,0.09,114.0
2020-09-14 13:00:00,78.4,95,0.8,0.14,216.0
2020-09-14 14:00:00,78.6,94,0.5,0.13,197.0
2020-09-14 15:00:00,78.3,96,0.8,0.1,147.0
2020-09-14 16:00:00,78.3,94,0.4,0.12,179.0
2020-09-14 17:00:00,78.1,95,0.5,0.09,125.0
2020-09-14 18:00:00,78.1,95,0.2,0.08,121.0
2020-09-14 19:00:00,77.7,96,0.4,0.04,38.0
2020-09-14 20:00:00,77.2,99,0.3,0.01,8.0
2020-09-14 21:00:00,76.6,99,0.3,0.0,0.0
2020-09-14 22:00:00,76.4,99,0.3,0.0,0.0
2020-09-14 23:00:00,76.2,100,0.6,0.0,0.0
2020-09-15 00:00:00,76.3,99,0.7,0.0,0.0
2020-09-15 01:00:00,76.3,100,0.6,0.0,0.0
2020-09-15 02:00:00,76.4,100,0.6,0.0,0.0
2020-09-15 03:00:00,76.3,100,0.6,0.0,0.0
2020-09-15 04:00:00,76.2,100,0.7,0.0,0.0
2020-09-15 05:00:00,76.1,100,0.7,0.0,0.0
2020-09-15 06:00:00,75.9,99,0.7,0.0,0.0
2020-09-15 07:00:00,75.8,100,0.5,0.0,0.0
2020-09-15 08:00:00,76.8,99,0.6,0.01,4.0
2020-09-15 09:00:00,76.2,95,0.4,0.04,54.0
2020-09-15 10:00:00,76.1,94,0.3,0.07,104.0
2020-09-15 11:00:00,76.1,99,0.8,0.06,106.0
2020-09-15 12:00:00,75.9,99,2.3,0.04,54.0
2020-09-15 13:00:00,76.1,99,3.0,0.05,78.0
2020-09-15 14:00:00,76.2,100,3.0,0.05,72.0
2020-09-15 15:00:00,76.4,99,3.0,0.08,125.0
2020-09-15 16:00:00,76.4,100,3.2,0.05,82.0
2020-09-15 17:00:00,76.4,99,3.4,0.05,82.0
2020-09-15 18:00:00,76.3,100,2.6,0.02,24.0
2020-09-15 19:00:00,76.1,99,1.8,0.02,21.0
2020-09-15 20:00:00,75.0,100,2.1,0.01,3.0
2020-09-15 21:00:00,75.1,100,3.8,0.0,0.0
2020-09-15 22:00:00,75.1,100,2.8,0.0,0.0
2020-09-15 23:00:00,75.1,100,1.7,0.0,0.0
2020-09-16 00:00:00,75.0,100,1.4,0.0,0.0
2020-09-16 01:00:00,75.0,100,1.7,0.0,0.0
2020-09-16 02:00:00,75.0,100,1.4,0.0,0.0
2020-09-16 03:00:00,75.0,100,0.8,0.0,0.0
2020-09-16 04:00:00,74.8,100,0.5,0.0,0.0
2020-09-16 05:00:00,74.7,100,0.5,0.0,0.0
2020-09-16 06:00:00,74.5,100,0.8,0.0,0.0
2020-09-16 07:00:00,74.3,100,0.9,0.0,0.0
2020-09-16 08:00:00,76.0,96,1.1,0.02,3.0
2020-09-16 09:00:00,75.3,96,0.3,0.04,34.0
2020-09-16 10:00:00,75.1,95,0.2,0.07,90.0
2020-09-16 11:00:00,75.1,94,0.4,0.06,73.0
2020-09-16 12:00:00,75.3,99,1.7,0.04,62.0
2020-09-16 13:00:00,75.7,99,3.2,0.06,106.0
2020-09-16 14:00:00,76.1,100,2.7,0.06,112.0
2020-09-16 15:00:00,76.2,99,2.9,0.07,129.0
2020-09-16 16:00:00,76.2,99,1.1,0.05,85.0
2020-09-16 17:00:00,76.2,97,1.4,0.06,83.0
2020-09-16 18:00:00,76.3,95,2.6,0.07,94.0
2020-09-16 19:00:00,76.2,96,2.3,0.04,36.0
2020-09-16 20:00:00,76.1,100,2.4,0.01,9.0
2020-09-16 21:00:00,76.0,99,5.2,0.0,0.0
2020-09-16 22:00:00,75.7,97,0.2,0.0,0.0
2020-09-16 23:00:00,75.7,97,0.1,0.0,0.0
2020-09-17 00:00:00,75.7,96,0.1,0.0,0.0
2020-09-17 01:00:00,75.6,99,0.6,0.0,0.0
2020-09-17 02:00:00,75.6,98,0.3,0.0,0.0
2020-09-17 03:00:00,75.4,97,0.1,0.0,0.0
2020-09-17 04:00:00,75.1,96,0.0,0.0,0.0
2020-09-17 05:00:00,74.8,95,0.0,0.0,0.0
2020-09-17 06:00:00,74.6,95,0.0,0.0,0.0
2020-09-17 07:00:00,74.4,95,0.0,0.0,0.0
2020-09-17 08:00:00,76.3,87,0.1,0.04,12.0
2020-09-17 09:00:00,76.1,86,0.1,0.08,97.0
2020-09-17 10:00:00,76.5,79,0.0,0.17,217.0
2020-09-17 11:00:00,76.6,79,0.0,0.17,195.0
2020-09-17 12:00:00,77.3,72,0.1,0.3,401.0
2020-09-17 13:00:00,78.0,69,0.0,0.34,443.0
2020-09-17 14:00:00,78.4,71,0.0,0.28,335.0
2020-09-17 15:00:00,78.8,68,0.0,0.3,361.0
2020-09-17 16:00:00,79.3,67,0.0,0.37,500.0
2020-09-17 17:00:00,79.3,70,0.0,0.25,307.0
2020-09-17 18:00:00,79.1,72,0.0,0.19,231.0
2020-09-17 19:00:00,78.6,77,0.0,0.1,97.0
2020-09-17 20:00:00,77.7,80,0.0,0.04,8.0
2020-09-17 21:00:00,77.0,82,0.0,0.01,0.0
2020-09-17 22:00:00,76.5,84,0.0,0.0,0.0
2020-09-17 23:00:00,75.7,86,0.0,0.0,0.0
2020-09-18 00:00:00,75.3,87,0.0,0.0,0.0
2020-09-18 01:00:00,75.1,88,0.0,0.0,0.0
2020-09-18 02:00:00,74.8,91,0.0,0.0,0.0
2020-09-18 03:00:00,74.4,91,0.0,0.0,0.0
2020-09-18 04:00:00,74.1,91,0.0,0.0,0.0
2020-09-18 05:00:00,73.8,92,0.0,0.0,0.0
2020-09-18 06:00:00,73.2,92,0.0,0.0,0.0
2020-09-18 07:00:00,72.9,92,0.0,0.0,0.0
2020-09-18 08:00:00,74.2,94,0.0,0.0,14.0
2020-09-18 09:00:00,74.7,85,0.0,0.09,158.0
2020-09-18 10:00:00,75.9,74,0.0,0.24,359.0
2020-09-18 11:00:00,77.6,67,0.0,0.39,557.0
2020-09-18 12:00:00,79.3,61,0.0,0.49,683.0
2020-09-18 13:00:00,80.3,60,0.0,0.37,493.0
2020-09-18 14:00:00,81.8,55,0.0,0.55,734.0
2020-09-18 15:00:00,82.5,55,0.0,0.45,570.0
2020-09-18 16:00:00,82.7,61,0.0,0.35,428.0
2020-09-18 17:00:00,82.3,68,0.2,0.24,287.0
2020-09-18 18:00:00,81.9,70,0.1,0.21,266.0
2020-09-18 19:00:00,81.1,74,0.0,0.12,127.0
2020-09-18 20:00:00,80.2,75,0.0,0.05,17.0
2020-09-18 21:00:00,79.0,75,0.0,0.03,0.0
2020-09-18 22:00:00,77.9,76,0.0,0.03,0.0
2020-09-18 23:00:00,77.1,76,0.0,0.03,0.0
2020-09-19 00:00:00,76.5,78,0.0,0.03,0.0
2020-09-19 01:00:00,75.9,80,0.0,0.02,0.0
2020-09-19 02:00:00,75.5,80,0.0,0.02,0.0
2020-09-19 03:00:00,75.1,81,0.0,0.02,0.0
2020-09-19 04:00:00,74.8,82,0.0,0.02,0.0
2020-09-19 05:00:00,74.5,82,0.0,0.02,0.0
2020-09-19 06:00:00,74.3,81,0.0,0.02,0.0
2020-09-19 07:00:00,74.2,79,0.0,0.02,0.0
2020-09-19 08:00:00,74.6,85,0.0,0.03,10.0
2020-09-19 09:00:00,74.4,81,0.0,0.08,90.0
2020-09-19 10:00:00,74.7,76,0.0,0.15,184.0
2020-09-19 11:00:00,75.5,72,0.0,0.25,353.0
2020-09-19 12:00:00,76.2,70,0.0,0.28,368.0
2020-09-19 13:00:00,76.8,68,0.0,0.3,396.0
2020-09-19 14:00:00,77.3,68,0.0,0.28,352.0
2020-09-19 15:00:00,77.4,69,0.0,0.22,248.0
2020-09-19 16:00:00,77.2,71,0.0,0.17,169.0
2020-09-19 17:00:00,76.6,75,0.2,0.13,128.0
2020-09-19 18:00:00,75.9,76,0.1,0.1,73.0
2020-09-19 19:00:00,75.3,72,0.0,0.09,24.0
2020-09-19 20:00:00,77.2,67,0.0,0.09,2.0
2020-09-19 21:00:00,76.2,67,0.0,0.06,0.0
2020-09-19 22:00:00,75.5,65,0.0,0.07,0.0
2020-09-19 23:00:00,74.8,62,0.0,0.07,0.0
2020-09-20 00:00:00,74.3,61,0.0,0.08,0.0
2020-09-20 01:00:00,73.8,63,0.0,0.07,0.0
2020-09-20 02:00:00,73.1,65,0.0,0.07,0.0
2020-09-20 03:00:00,72.7,67,0.0,0.07,0.0
2020-09-20 04:00:00,72.1,68,0.0,0.06,0.0
2020-09-20 05:00:00,71.5,68,0.0,0.06,0.0
2020-09-20 06:00:00,70.9,70,0.1,0.05,0.0
2020-09-20 07:00:00,69.9,76,0.3,0.04,0.0
2020-09-20 08:00:00,68.9,77,0.4,0.06,4.0
2020-09-20 09:00:00,68.5,76,0.1,0.08,45.0
2020-09-20 10:00:00,68.4,75,0.0,0.1,90.0
2020-09-20 11:00:00,68.8,73,0.0,0.16,206.0
2020-09-20 12:00:00,69.0,77,0.5,0.13,160.0
2020-09-20 13:00:00,68.5,84,0.8,0.11,160.0
2020-09-20 14:00:00,68.1,85,0.3,0.13,198.0
2020-09-20 15:00:00,68.1,82,0.0,0.13,181.0
2020-09-20 16:00:00,68.4,76,0.0,0.14,176.0
2020-09-20 17:00:00,68.5,76,0.1,0.11,94.0
2020-09-20 18:00:00,68.5,77,0.2,0.1,71.0
2020-09-20 19:00:00,68.1,80,0.4,0.07,34.0
2020-09-20 20:00:00,69.5,69,0.5,0.09,3.0
2020-09-20 21:00:00,69.3,67,0.0,0.07,0.0
2020-09-20 22:00:00,69.2,67,0.0,0.07,0.0
2020-09-20 23:00:00,69.2,67,0.0,0.07,0.0
2020-09-21 00:00:00,69.2,67,0.0,0.07,0.0
2020-09-21 01:00:00,69.2,68,0.0,0.07,0.0
2020-09-21 02:00:00,69.2,69,0.0,0.06,0.0
2020-09-21 03:00:00,69.0,69,0.0,0.06,0.0
2020-09-21 04:00:00,68.8,69,0.0,0.06,0.0
2020-09-21 05:00:00,68.6,69,0.0,0.06,0.0
2020-09-21 06:00:00,68.4,67,0.0,0.07,0.0
2020-09-21 07:00:00,68.1,66,0.0,0.07,0.0
2020-09-21 08:00:00,67.8,70,0.0,0.08,5.0
2020-09-21 09:00:00,67.6,72,0.0,0.09,32.0
2020-09-21 10:00:00,67.6,69,0.0,0.14,156.0
2020-09-21 11:00:00,68.1,67,0.0,0.2,271.0
2020-09-21 12:00:00,68.7,66,0.0,0.23,307.0
2020-09-21 13:00:00,70.1,63,0.0,0.33,471.0
2020-09-21 14:00:00,71.2,61,0.0,0.35,493.0
2020-09-21 15:00:00,72.2,60,0.0,0.35,476.0
2020-09-21 16:00:00,72.9,60,0.0,0.32,402.0
2020-09-21 17:00:00,73.4,59,0.0,0.3,382.0
2020-09-21 18:00:00,73.5,61,0.0,0.22,255.0
2020-09-21 19:00:00,73.1,63,0.0,0.13,102.0
2020-09-21 20:00:00,73.3,65,0.0,0.08,9.0
2020-09-21 21:00:00,72.2,66,0.0,0.06,0.0
2020-09-21 22:00:00,71.4,64,0.0,0.06,0.0
2020-09-21 23:00:00,70.7,63,0.0,0.07,0.0
2020-09-22 00:00:00,70.0,63,0.0,0.07,0.0
2020-09-22 01:00:00,69.4,62,0.0,0.07,0.0
2020-09-22 02:00:00,68.6,63,0.0,0.06,0.0
2020-09-22 03:00:00,68.1,63,0.0,0.06,0.0
2020-09-22 04:00:00,67.7,63,0.0,0.06,0.0
2020-09-22 05:00:00,67.4,66,0.0,0.05,0.0
2020-09-22 06:00:00,66.9,70,0.0,0.04,0.0
2020-09-22 07:00:00,66.6,72,0.0,0.04,0.0
2020-09-22 08:00:00,67.1,74,0.0,0.05,13.0
2020-09-22 09:00:00,67.2,75,0.0,0.1,133.0
2020-09-22 10:00:00,68.0,71,0.0,0.2,332.0
2020-09-22 11:00:00,69.4,67,0.0,0.33,549.0
2020-09-22 12:00:00,71.3,64,0.0,0.45,720.0
2020-09-22 13:00:00,73.2,61,0.0,0.53,817.0
2020-09-22 14:00:00,74.8,59,0.0,0.53,770.0
2020-09-22 15:00:00,75.6,59,0.0,0.4,547.0
2020-09-22 16:00:00,75.8,59,0.0,0.29,350.0
2020-09-22 17:00:00,76.3,56,0.0,0.3,381.0
2020-09-22 18:00:00,76.1,65,0.0,0.16,192.0
2020-09-22 19:00:00,75.5,70,0.0,0.08,72.0
2020-09-22 20:00:00,74.8,74,0.0,0.05,7.0
2020-09-22 21:00:00,73.8,76,0.0,0.02,0.0
2020-09-22 22:00:00,72.8,78,0.0,0.02,0.0
2020-09-22 23:00:00,72.0,78,0.0,0.02,0.0
2020-09-23 00:00:00,71.2,78,0.0,0.02,0.0
2020-09-23 01:00:00,70.7,77,0.0,0.02,0.0
2020-09-23 02:00:00,70.3,79,0.0,0.02,0.0
2020-09-23 03:00:00,69.7,81,0.0,0.01,0.0
2020-09-23 04:00:00,69.4,84,0.0,0.01,0.0
2020-09-23 05:00:00,69.0,86,0.0,0.0,0.0
2020-09-23 06:00:00,68.8,85,0.0,0.01,0.0
2020-09-23 07:00:00,68.6,84,0.0,0.01,0.0
2020-09-23 08:00:00,70.9,81,0.0,0.04,4.0
2020-09-23 09:00:00,70.5,80,0.0,0.06,46.0
2020-09-23 10:00:00,70.8,75,0.0,0.14,192.0
2020-09-23 11:00:00,71.4,71,0.0,0.18,225.0
2020-09-23 12:00:00,72.5,68,0.0,0.27,376.0
2020-09-23 13:00:00,74.3,62,0.0,0.49,719.0
2020-09-23 14:00:00,76.0,57,0.0,0.58,847.0
2020-09-23 15:00:00,77.4,54,0.0,0.57,804.0
2020-09-23 16:00:00,78.2,53,0.0,0.48,663.0
2020-09-23 17:00:00,78.5,52,0.0,0.38,512.0
2020-09-23 18:00:00,78.2,59,0.0,0.24,307.0
2020-09-23 19:00:00,77.2,67,0.0,0.11,121.0
2020-09-23 20:00:00,76.3,77,0.0,0.02,13.0
2020-09-23 21:00:00,74.5,69,0.0,0.02,0.0
2020-09-23 22:00:00,73.4,73,0.0,0.02,0.0
2020-09-23 23:00:00,72.8,74,0.0,0.04,0.0
2020-09-24 00:00:00,72.2,72,0.0,0.04,0.0
2020-09-24 01:00:00,71.7,73,0.0,0.03,0.0
2020-09-24 02:00:00,71.2,75,0.0,0.03,0.0
2020-09-24 03:00:00,71.0,77,0.0,0.02,0.0
2020-09-24 04:00:00,70.6,81,0.0,0.02,0.0
2020-09-24 05:00:00,70.3,84,0.0,0.01,0.0
2020-09-24 06:00:00,70.2,86,0.0,0.01,0.0
2020-09-24 07:00:00,70.2,86,0.0,0.01,0.0
2020-09-24 08:00:00,70.6,88,0.0,0.03,8.0
2020-09-24 09:00:00,71.4,86,0.2,0.08,115.0
2020-09-24 10:00:00,72.8,85,0.1,0.18,267.0
2020-09-24 11:00:00,74.0,80,0.5,0.26,391.0
2020-09-24 12:00:00,75.1,76,0.4,0.3,433.0
2020-09-24 13:00:00,75.7,77,0.3,0.26,341.0
2020-09-24 14:00:00,76.1,81,0.6,0.24,334.0
2020-09-24 15:00:00,76.0,89,1.8,0.23,384.0
2020-09-24 16:00:00,75.6,99,1.4,0.13,254.0
2020-09-24 17:00:00,75.1,100,1.0,0.08,141.0
2020-09-24 18:00:00,74.9,96,0.3,0.09,160.0
2020-09-24 19:00:00,74.8,98,0.3,0.05,81.0
2020-09-24 20:00:00,75.4,100,0.3,0.0,7.0
2020-09-24 21:00:00,74.7,100,0.1,0.0,0.0
2020-09-24 22:00:00,74.2,100,0.3,0.0,0.0
2020-09-24 23:00:00,73.9,100,0.2,0.0,0.0
2020-09-25 00:00:00,73.9,98,0.1,0.0,0.0
2020-09-25 01:00:00,73.7,100,0.2,0.0,0.0
2020-09-25 02:00:00,73.5,100,0.4,0.0,0.0
2020-09-25 03:00:00,73.3,100,0.2,0.0,0.0
2020-09-25 04:00:00,73.2,100,0.7,0.0,0.0
2020-09-25 05:00:00,73.0,100,1.4,0.0,0.0
2020-09-25 06:00:00,72.8,100,0.6,0.0,0.0
2020-09-25 07:00:00,72.7,100,0.0,0.0,0.0
2020-09-25 08:00:00,74.2,99,0.0,0.0,7.0
2020-09-25 09:00:00,74.7,97,0.0,0.05,88.0
2020-09-25 10:00:00,75.7,95,0.0,0.18,285.0
2020-09-25 11:00:00,76.9,91,0.1,0.29,429.0
2020-09-25 12:00:00,77.9,82,0.3,0.28,392.0
2020-09-25 13:00:00,78.6,83,0.1,0.3,418.0
2020-09-25 14:00:00,80.1,77,0.0,0.5,692.0
2020-09-25 15:00:00,80.7,72,0.3,0.37,490.0
2020-09-25 16:00:00,81.1,73,0.2,0.4,548.0
2020-09-25 17:00:00,81.3,74,0.1,0.33,449.0
2020-09-25 18:00:00,80.9,83,0.3,0.18,256.0
2020-09-25 19:00:00,80.0,91,0.3,0.07,110.0
2020-09-25 20:00:00,79.3,99,0.1,0.0,8.0
2020-09-25 21:00:00,77.9,99,0.0,0.0,0.0
2020-09-25 22:00:00,76.7,100,0.0,0.0,0.0
2020-09-25 23:00:00,75.8,100,0.0,0.0,0.0
2020-09-26 00:00:00,74.8,100,0.0,0.0,0.0
2020-09-26 01:00:00,73.9,99,0.0,0.0,0.0
2020-09-26 02:00:00,73.4,100,0.0,0.0,0.0
2020-09-26 03:00:00,73.3,100,0.0,0.0,0.0
2020-09-26 04:00:00,73.1,100,0.0,0.0,0.0
2020-09-26 05:00:00,72.9,100,0.0,0.0,0.0
2020-09-26 06:00:00,72.7,99,0.0,0.0,0.0
2020-09-26 07:00:00,72.5,100,0.0,0.0,0.0
2020-09-26 08:00:00,74.4,95,0.0,0.01,6.0
2020-09-26 09:00:00,73.7,95,0.0,0.06,114.0
2020-09-26 10:00:00,74.2,90,0.0,0.2,323.0
2020-09-26 11:00:00,75.8,79,0.0,0.36,541.0
2020-09-26 12:00:00,77.6,69,0.0,0.48,688.0
2020-09-26 13:00:00,79.3,62,0.0,0.5,692.0
2020-09-26 14:00:00,80.5,58,0.0,0.52,703.0
2020-09-26 15:00:00,81.6,55,0.0,0.52,694.0
2020-09-26 16:00:00,82.1,54,0.0,0.45,596.0
2020-09-26 17:00:00,82.2,58,0.0,0.34,433.0
2020-09-26 18:00:00,81.7,67,0.0,0.21,266.0
2020-09-26 19:00:00,80.8,78,0.0,0.09,142.0
2020-09-26 20:00:00,79.9,75,0.0,0.02,9.0
2020-09-26 21:00:00,78.2,77,0.0,0.01,0.0
2020-09-26 22:00:00,76.8,80,0.0,0.01,0.0
2020-09-26 23:00:00,75.8,82,0.0,0.01,0.0
2020-09-27 00:00:00,75.1,85,0.0,0.01,0.0
2020-09-27 01:00:00,74.4,88,0.0,0.0,0.0
2020-09-27 02:00:00,73.8,93,0.0,0.0,0.0
2020-09-27 03:00:00,73.1,92,0.0,0.0,0.0
2020-09-27 04:00:00,72.5,94,0.0,0.0,0.0
2020-09-27 05:00:00,72.2,92,0.0,0.0,0.0
2020-09-27 06:00:00,72.0,89,0.0,0.0,0.0
2020-09-27 07:00:00,71.8,90,0.0,0.0,0.0
2020-09-27 08:00:00,74.4,92,0.0,0.01,7.0
2020-09-27 09:00:00,74.0,89,0.0,0.07,109.0
2020-09-27 10:00:00,74.3,89,0.4,0.1,138.0
2020-09-27 11:00:00,74.1,99,1.4,0.05,56.0
2020-09-27 12:00:00,74.0,99,4.1,0.07,82.0
2020-09-27 13:00:00,74.0,99,3.9,0.07,92.0
2020-09-27 14:00:00,74.1,100,2.6,0.07,95.0
2020-09-27 15:00:00,74.5,99,2.1,0.12,172.0
2020-09-27 16:00:00,74.9,96,0.9,0.17,262.0
2020-09-27 17:00:00,75.6,94,1.7,0.24,373.0
2020-09-27 18:00:00,75.4,97,3.6,0.1,168.0
2020-09-27 19:00:00,75.0,97,0.1,0.05,99.0
2020-09-27 20:00:00,74.4,97,0.0,0.0,7.0
2020-09-27 21:00:00,73.5,97,0.0,0.0,0.0
2020-09-27 22:00:00,72.8,97,0.0,0.0,0.0
2020-09-27 23:00:00,72.4,98,0.0,0.0,0.0
2020-09-28 00:00:00,72.2,98,0.0,0.0,0.0
2020-09-28 01:00:00,72.1,99,0.0,0.0,0.0
2020-09-28 02:00:00,72.2,99,0.0,0.0,0.0
2020-09-28 03:00:00,72.4,99,0.0,0.0,0.0
2020-09-28 04:00:00,72.6,99,0.0,0.0,0.0
2020-09-28 05:00:00,72.7,98,1.0,0.0,0.0
2020-09-28 06:00:00,72.6,100,1.0,0.0,0.0
2020-09-28 07:00:00,72.5,100,0.7,0.0,0.0
2020-09-28 08:00:00,73.4,95,0.6,0.02,2.0
2020-09-28 09:00:00,73.7,96,0.0,0.07,120.0
2020-09-28 10:00:00,74.7,92,0.0,0.18,289.0
2020-09-28 11:00:00,76.1,87,0.0,0.3,444.0
2020-09-28 12:00:00,77.5,77,0.0,0.36,506.0
2020-09-28 13:00:00,78.1,79,0.2,0.23,302.0
2020-09-28 14:00:00,78.4,78,0.2,0.32,447.0
2020-09-28 15:00:00,79.2,78,0.0,0.36,498.0
2020-09-28 16:00:00,79.7,76,0.0,0.35,482.0
2020-09-28 17:00:00,79.9,74,0.0,0.28,383.0
2020-09-28 18:00:00,79.9,76,0.0,0.23,326.0
2020-09-28 19:00:00,79.3,84,0.0,0.08,122.0
2020-09-28 20:00:00,78.7,93,0.0,0.01,6.0
2020-09-28 21:00:00,77.5,94,0.0,0.0,0.0
2020-09-28 22:00:00,76.6,95,0.0,0.0,0.0
2020-09-28 23:00:00,76.0,97,0.0,0.0,0.0
2020-09-29 00:00:00,75.4,99,0.0,0.0,0.0
2020-09-29 01:00:00,75.1,99,0.0,0.0,0.0
2020-09-29 02:00:00,74.7,100,0.0,0.0,0.0
2020-09-29 03:00:00,74.3,99,0.5,0.0,0.0
2020-09-29 04:00:00,74.2,99,0.2,0.0,0.0
2020-09-29 05:00:00,74.1,100,0.2,0.0,0.0
2020-09-29 06:00:00,74.0,98,0.1,0.0,0.0
2020-09-29 07:00:00,73.9,97,0.0,0.0,0.0
2020-09-29 08:00:00,75.2,100,0.0,0.0,7.0
2020-09-29 09:00:00,75.3,95,0.0,0.04,62.0
2020-09-29 10:00:00,75.7,92,0.1,0.1,139.0
2020-09-29 11:00:00,75.7,90,1.0,0.11,142.0
2020-09-29 12:00:00,75.0,87,0.8,0.15,218.0
2020-09-29 13:00:00,74.8,92,0.5,0.21,365.0
2020-09-29 14:00:00,73.3,99,1.9,0.1,202.0
2020-09-29 15:00:00,71.2,92,2.1,0.12,210.0
2020-09-29 16:00:00,69.5,99,2.1,0.08,156.0
2020-09-29 17:00:00,67.9,93,0.8,0.06,87.0
2020-09-29 18:00:00,66.6,92,0.2,0.04,34.0
2020-09-29 19:00:00,65.5,91,0.3,0.04,35.0
2020-09-29 20:00:00,67.8,74,0.0,0.05,2.0
2020-09-29 21:00:00,67.1,76,0.0,0.03,0.0
2020-09-29 22:00:00,66.7,76,0.0,0.02,0.0
2020-09-29 23:00:00,66.0,80,0.0,0.01,0.0
2020-09-30 00:00:00,65.4,81,0.0,0.01,0.0
2020-09-30 01:00:00,64.9,80,0.0,0.0,0.0
2020-09-30 02:00:00,64.0,90,0.0,0.0,0.0
2020-09-30 03:00:00,63.1,86,0.0,0.0,0.0
2020-09-30 04:00:00,62.6,85,0.0,0.0,0.0
2020-09-30 05:00:00,62.2,85,0.0,0.0,0.0
2020-09-30 06:00:00,61.6,86,0.0,0.0,0.0
2020-09-30 07:00:00,61.2,86,0.0,0.0,0.0
2020-09-30 08:00:00,60.5,85,0.0,0.01,10.0
2020-09-30 09:00:00,61.5,76,0.0,0.08,156.0
2020-09-30 10:00:00,63.2,65,0.0,0.21,375.0
2020-09-30 11:00:00,65.4,53,0.0,0.35,577.0
2020-09-30 12:00:00,67.6,48,0.0,0.46,735.0
2020-09-30 13:00:00,69.4,45,0.0,0.53,832.0
2020-09-30 14:00:00,71.0,44,0.0,0.56,863.0
2020-09-30 15:00:00,72.1,45,0.0,0.54,825.0
2020-09-30 16:00:00,72.8,48,0.0,0.47,719.0
2020-09-30 17:00:00,73.0,51,0.0,0.36,556.0
2020-09-30 18:00:00,72.5,58,0.0,0.22,352.0
2020-09-30 19:00:00,71.4,76,0.0,0.07,138.0
2020-09-30 20:00:00,69.8,64,0.0,0.0,6.0
2020-09-30 21:00:00,67.9,69,0.0,0.0,0.0
2020-09-30 22:00:00,66.5,83,0.0,0.0,0.0
2020-09-30 23:00:00,65.2,83,0.0,0.0,0.0
2020-10-01 00:00:00,64.2,87,0.0,0.0,0.0
2020-10-01 01:00:00,63.4,87,0.0,0.0,0.0
2020-10-01 02:00:00,62.6,87,0.0,0.0,0.0
2020-10-01 03:00:00,62.0,89,0.0,0.0,0.0
2020-10-01 04:00:00,61.3,87,0.0,0.0,0.0
2020-10-01 05:00:00,60.8,83,0.0,0.0,0.0
2020-10-01 06:00:00,60.3,85,0.0,0.0,0.0
2020-10-01 07:00:00,59.8,88,0.0,0.0,0.0
2020-10-01 08:00:00,58.6,85,0.0,0.0,9.0
2020-10-01 09:00:00,60.2,79,0.0,0.07,150.0
2020-10-01 10:00:00,62.8,65,0.0,0.21,364.0
2020-10-01 11:00:00,65.6,56,0.0,0.35,564.0
2020-10-01 12:00:00,68.2,52,0.0,0.47,719.0
2020-10-01 13:00:00,70.4,48,0.0,0.54,816.0
2020-10-01 14:00:00,72.3,45,0.0,0.58,847.0
2020-10-01 15:00:00,73.8,44,0.0,0.56,811.0
2020-10-01 16:00:00,74.7,44,0.0,0.49,708.0
2020-10-01 17:00:00,74.9,48,0.0,0.38,548.0
2020-10-01 18:00:00,74.6,60,0.0,0.23,347.0
2020-10-01 19:00:00,73.1,76,0.0,0.08,134.0
2020-10-01 20:00:00,72.2,78,0.0,0.01,6.0
2020-10-01 21:00:00,70.0,67,0.0,0.0,0.0
2020-10-01 22:00:00,68.3,66,0.0,0.01,0.0
2020-10-01 23:00:00,67.0,82,0.0,0.01,0.0
2020-10-02 00:00:00,66.1,80,0.0,0.01,0.0
2020-10-02 01:00:00,65.7,83,0.0,0.01,0.0
2020-10-02 02:00:00,65.7,85,0.0,0.01,0.0
2020-10-02 03:00:00,65.9,76,0.0,0.04,0.0
2020-10-02 04:00:00,65.9,70,0.0,0.05,0.0
2020-10-02 05:00:00,65.7,65,0.0,0.06,0.0
2020-10-02 06:00:00,65.1,62,0.0,0.05,0.0
2020-10-02 07:00:00,64.6,61,0.0,0.06,0.0
2020-10-02 08:00:00,63.1,58,0.0,0.06,9.0
2020-10-02 09:00:00,63.4,60,0.0,0.11,152.0
2020-10-02 10:00:00,64.5,52,0.0,0.23,371.0
2020-10-02 11:00:00,66.1,46,0.0,0.36,575.0
2020-10-02 12:00:00,67.8,38,0.0,0.48,735.0
2020-10-02 13:00:00,69.4,34,0.0,0.55,837.0
2020-10-02 14:00:00,70.8,35,0.0,0.58,872.0
2020-10-02 15:00:00,71.9,34,0.0,0.56,835.0
2020-10-02 16:00:00,72.4,34,0.0,0.49,729.0
2020-10-02 17:00:00,72.4,35,0.0,0.39,565.0
2020-10-02 18:00:00,71.9,43,0.0,0.25,358.0
2020-10-02 19:00:00,70.3,48,0.0,0.12,137.0
2020-10-02 20:00:00,69.7,49,0.0,0.06,5.0
2020-10-02 21:00:00,67.7,50,0.0,0.06,0.0
2020-10-02 22:00:00,66.3,55,0.0,0.05,0.0
2020-10-02 23:00:00,65.0,58,0.0,0.04,0.0
2020-10-03 00:00:00,64.1,60,0.0,0.04,0.0
2020-10-03 01:00:00,63.3,62,0.0,0.04,0.0
2020-10-03 02:00:00,62.7,62,0.0,0.04,0.0
2020-10-03 03:00:00,62.2,61,0.0,0.04,0.0
2020-10-03 04:00:00,61.8,62,0.0,0.04,0.0
2020-10-03 05:00:00,61.4,62,0.0,0.04,0.0
2020-10-03 06:00:00,61.1,62,0.0,0.04,0.0
2020-10-03 07:00:00,60.7,63,0.0,0.04,0.0
2020-10-03 08:00:00,61.2,71,0.0,0.03,8.0
2020-10-03 09:00:00,61.4,69,0.0,0.08,124.0
2020-10-03 10:00:00,62.6,62,0.0,0.19,331.0
2020-10-03 11:00:00,64.5,58,0.0,0.31,512.0
2020-10-03 12:00:00,66.5,54,0.0,0.41,641.0
2020-10-03 13:00:00,68.5,48,0.0,0.5,764.0
2020-10-03 14:00:00,70.1,45,0.0,0.51,768.0
2020-10-03 15:00:00,71.4,42,0.0,0.52,763.0
2020-10-03 16:00:00,72.1,42,0.0,0.46,656.0
2020-10-03 17:00:00,72.4,43,0.0,0.35,489.0
2020-10-03 18:00:00,72.1,50,0.0,0.22,298.0
2020-10-03 19:00:00,70.9,57,0.0,0.1,102.0
2020-10-03 20:00:00,69.7,64,0.0,0.05,4.0
2020-10-03 21:00:00,68.3,64,0.0,0.05,0.0
2020-10-03 22:00:00,67.4,62,0.0,0.05,0.0
2020-10-03 23:00:00,66.6,62,0.0,0.05,0.0
2020-10-04 00:00:00,65.8,62,0.0,0.05,0.0
2020-10-04 01:00:00,65.2,61,0.0,0.05,0.0
2020-10-04 02:00:00,64.7,61,0.0,0.05,0.0
2020-10-04 03:00:00,64.1,62,0.0,0.04,0.0
2020-10-04 04:00:00,63.6,64,0.0,0.04,0.0
2020-10-04 05:00:00,63.1,65,0.0,0.03,0.0
2020-10-04 06:00:00,62.8,67,0.0,0.03,0.0
2020-10-04 07:00:00,62.3,69,0.0,0.03,0.0
2020-10-04 08:00:00,62.2,70,0.0,0.04,6.0
2020-10-04 09:00:00,62.5,70,0.0,0.08,106.0
2020-10-04 10:00:00,63.5,64,0.0,0.18,271.0
2020-10-04 11:00:00,65.1,59,0.0,0.28,435.0
2020-10-04 12:00:00,67.2,55,0.0,0.41,631.0
2020-10-04 13:00:00,68.7,55,0.0,0.37,535.0
2020-10-04 14:00:00,70.3,54,0.0,0.43,626.0
2020-10-04 15:00:00,71.9,53,0.0,0.46,654.0
2020-10-04 16:00:00,72.8,54,0.0,0.38,532.0
2020-10-04 17:00:00,73.0,57,0.0,0.24,313.0
2020-10-04 18:00:00,72.5,67,0.0,0.14,159.0
2020-10-04 19:00:00,71.6,72,0.0,0.08,70.0
2020-10-04 20:00:00,70.4,74,0.0,0.05,2.0
2020-10-04 21:00:00,69.4,71,0.0,0.04,0.0
2020-10-04 22:00:00,68.6,69,0.0,0.05,0.0
2020-10-04 23:00:00,67.9,66,0.0,0.05,0.0
2020-10-05 00:00:00,67.2,65,0.0,0.05,0.0
2020-10-05 01:00:00,66.4,68,0.0,0.04,0.0
2020-10-05 02:00:00,65.7,69,0.0,0.03,0.0
2020-10-05 03:00:00,65.0,68,0.0,0.04,0.0
2020-10-05 04:00:00,64.4,68,0.0,0.03,0.0
2020-10-05 05:00:00,63.9,67,0.0,0.04,0.0
2020-10-05 06:00:00,63.4,69,0.0,0.03,0.0
2020-10-05 07:00:00,63.0,70,0.0,0.03,0.0
2020-10-05 08:00:00,63.6,78,0.0,0.03,6.0
2020-10-05 09:00:00,64.0,75,0.0,0.08,125.0
2020-10-05 10:00:00,65.2,68,0.0,0.2,329.0
2020-10-05 11:00:00,66.9,63,0.0,0.3,473.0
2020-10-05 12:00:00,68.7,60,0.0,0.37,540.0
2020-10-05 13:00:00,70.8,57,0.0,0.48,713.0
2020-10-05 14:00:00,72.5,56,0.0,0.47,680.0
2020-10-05 15:00:00,73.7,57,0.0,0.42,584.0
2020-10-05 16:00:00,73.6,63,0.0,0.2,214.0
2020-10-05 17:00:00,73.5,66,0.0,0.16,175.0
2020-10-05 18:00:00,73.4,67,0.0,0.15,175.0
2020-10-05 19:00:00,72.8,70,0.0,0.07,45.0
2020-10-05 20:00:00,72.6,78,0.0,0.04,1.0
2020-10-05 21:00:00,71.5,75,0.0,0.03,0.0
2020-10-05 22:00:00,70.7,75,0.0,0.03,0.0
2020-10-05 23:00:00,70.3,76,0.0,0.03,0.0
2020-10-06 00:00:00,69.9,77,0.0,0.02,0.0
2020-10-06 01:00:00,69.6,79,0.0,0.02,0.0
2020-10-06 02:00:00,69.4,81,0.0,0.02,0.0
2020-10-06 03:00:00,69.2,84,0.0,0.01,0.0
2020-10-06 04:00:00,69.1,86,0.0,0.01,0.0
2020-10-06 05:00:00,68.9,88,0.0,0.01,0.0
2020-10-06 06:00:00,68.8,88,0.0,0.01,0.0
2020-10-06 07:00:00,68.7,88,0.0,0.0,0.0
2020-10-06 08:00:00,69.9,89,0.1,0.03,1.0
2020-10-06 09:00:00,69.5,87,0.0,0.05,38.0
2020-10-06 10:00:00,70.1,82,0.0,0.14,201.0
2020-10-06 11:00:00,71.0,78,0.0,0.2,284.0
2020-10-06 12:00:00,72.2,76,0.0,0.26,369.0
2020-10-06 13:00:00,73.4,73,0.0,0.3,410.0
2020-10-06 14:00:00,74.6,70,0.0,0.3,398.0
2020-10-06 15:00:00,75.5,69,0.0,0.26,341.0
2020-10-06 16:00:00,75.7,73,0.0,0.16,187.0
2020-10-06 17:00:00,76.0,77,0.1,0.14,185.0
2020-10-06 18:00:00,76.0,95,1.4,0.09,136.0
2020-10-06 19:00:00,75.4,92,0.2,0.04,50.0
2020-10-06 20:00:00,77.7,90,0.0,0.02,1.0
2020-10-06 21:00:00,76.3,92,0.0,0.0,0.0
2020-10-06 22:00:00,75.1,93,0.0,0.0,0.0
2020-10-06 23:00:00,74.3,94,0.0,0.0,0.0
2020-10-07 00:00:00,73.6,96,0.0,0.0,0.0
2020-10-07 01:00:00,73.0,97,0.0,0.0,0.0
2020-10-07 02:00:00,72.6,98,0.0,0.0,0.0
2020-10-07 03:00:00,72.2,99,0.0,0.0,0.0
2020-10-07 04:00:00,71.9,99,0.0,0.0,0.0
2020-10-07 05:00:00,71.6,99,0.0,0.0,0.0
2020-10-07 06:00:00,71.2,99,0.0,0.0,0.0
2020-10-07 07:00:00,70.9,99,0.0,0.0,0.0
2020-10-07 08:00:00,73.0,100,0.0,0.0,5.0
2020-10-07 09:00:00,72.7,95,0.0,0.05,89.0
2020-10-07 10:00:00,73.2,89,0.0,0.14,231.0
2020-10-07 11:00:00,74.0,85,0.0,0.2,302.0
2020-10-07 12:00:00,75.2,80,0.0,0.28,396.0
2020-10-07 13:00:00,76.8,71,0.0,0.39,539.0
2020-10-07 14:00:00,78.5,63,0.0,0.5,667.0
2020-10-07 15:00:00,80.2,59,0.0,0.51,674.0
2020-10-07 16:00:00,81.1,57,0.0,0.41,533.0
2020-10-07 17:00:00,81.4,59,0.0,0.3,374.0
2020-10-07 18:00:00,81.4,63,0.0,0.21,278.0
2020-10-07 19:00:00,80.4,76,0.0,0.07,82.0
2020-10-07 20:00:00,79.2,82,0.0,0.02,1.0
2020-10-07 21:00:00,78.0,86,0.0,0.0,0.0
2020-10-07 22:00:00,77.0,87,0.0,0.0,0.0
2020-10-07 23:00:00,76.0,89,0.0,0.0,0.0
2020-10-08 00:00:00,75.4,88,0.0,0.0,0.0
2020-10-08 01:00:00,74.8,87,0.0,0.0,0.0
2020-10-08 02:00:00,74.5,86,0.0,0.0,0.0
2020-10-08 03:00:00,74.1,87,0.0,0.0,0.0
2020-10-08 04:00:00,73.9,88,0.0,0.0,0.0
2020-10-08 05:00:00,73.5,89,0.0,0.0,0.0
2020-10-08 06:00:00,73.1,91,0.0,0.0,0.0
2020-10-08 07:00:00,72.8,93,0.0,0.0,0.0
2020-10-08 08:00:00,74.5,96,0.0,0.0,5.0
2020-10-08 09:00:00,74.8,89,0.0,0.07,112.0
2020-10-08 10:00:00,75.9,82,0.0,0.2,295.0
2020-10-08 11:00:00,77.5,75,0.0,0.31,439.0
2020-10-08 12:00:00,79.0,72,0.0,0.37,501.0
2020-10-08 13:00:00,80.4,67,0.1,0.46,617.0
2020-10-08 14:00:00,80.4,86,2.7,0.26,370.0
2020-10-08 15:00:00,79.3,96,0.1,0.09,120.0
2020-10-08 16:00:00,79.3,89,0.2,0.18,247.0
2020-10-08 17:00:00,78.7,96,0.4,0.09,119.0
2020-10-08 18:00:00,78.4,97,0.4,0.09,134.0
2020-10-08 19:00:00,77.6,100,0.1,0.03,47.0
2020-10-08 20:00:00,78.2,98,0.1,0.0,1.0
2020-10-08 21:00:00,77.2,98,0.0,0.0,0.0
2020-10-08 22:00:00,76.3,97,0.0,0.0,0.0
2020-10-08 23:00:00,75.7,97,0.0,0.0,0.0
2020-10-09 00:00:00,75.1,97,0.0,0.0,0.0
2020-10-09 01:00:00,74.7,97,0.0,0.0,0.0
2020-10-09 02:00:00,74.4,97,0.0,0.0,0.0
2020-10-09 03:00:00,74.3,98,0.0,0.0,0.0
2020-10-09 04:00:00,74.1,99,0.0,0.0,0.0
2020-10-09 05:00:00,74.0,99,0.0,0.0,0.0
2020-10-09 06:00:00,73.9,99,0.0,0.0,0.0
2020-10-09 07:00:00,73.9,98,0.0,0.0,0.0
2020-10-09 08:00:00,75.0,98,0.0,0.0,3.0
2020-10-09 09:00:00,74.9,94,0.0,0.06,106.0
2020-10-09 10:00:00,75.4,90,0.0,0.13,203.0
2020-10-09 11:00:00,76.5,82,0.1,0.26,378.0
2020-10-09 12:00:00,77.8,78,0.1,0.34,478.0
2020-10-09 13:00:00,79.3,74,0.1,0.42,581.0
2020-10-09 14:00:00,80.2,70,0.1,0.37,475.0
2020-10-09 15:00:00,80.3,60,0.0,0.32,349.0
2020-10-09 16:00:00,80.9,60,0.0,0.38,474.0
2020-10-09 17:00:00,80.9,62,0.0,0.29,342.0
2020-10-09 18:00:00,80.5,69,0.0,0.17,187.0
2020-10-09 19:00:00,79.7,75,0.0,0.07,69.0
2020-10-09 20:00:00,79.4,84,0.0,0.02,1.0
2020-10-09 21:00:00,78.1,85,0.0,0.01,0.0
2020-10-09 22:00:00,77.1,87,0.0,0.01,0.0
2020-10-09 23:00:00,76.4,93,0.0,0.0,0.0
2020-10-10 00:00:00,75.9,95,0.0,0.0,0.0
2020-10-10 01:00:00,75.6,96,0.0,0.0,0.0
2020-10-10 02:00:00,75.3,97,0.0,0.0,0.0
2020-10-10 03:00:00,75.0,97,0.0,0.0,0.0
2020-10-10 04:00:00,75.0,94,0.0,0.0,0.0
2020-10-10 05:00:00,75.1,93,0.0,0.0,0.0
2020-10-10 06:00:00,74.8,96,0.0,0.0,0.0
2020-10-10 07:00:00,74.7,97,0.0,0.0,0.0
2020-10-10 08:00:00,76.1,91,0.0,0.02,4.0
2020-10-10 09:00:00,76.1,88,0.1,0.07,81.0
2020-10-10 10:00:00,76.6,88,0.2,0.13,187.0
2020-10-10 11:00:00,77.6,81,0.1,0.28,408.0
2020-10-10 12:00:00,78.8,79,0.1,0.35,502.0
2020-10-10 13:00:00,79.7,79,0.2,0.36,520.0
2020-10-10 14:00:00,80.5,76,0.3,0.41,601.0
2020-10-10 15:00:00,81.1,75,0.1,0.39,540.0
2020-10-10 16:00:00,81.2,79,0.5,0.34,504.0
2020-10-10 17:00:00,80.2,88,1.2,0.21,335.0
2020-10-10 18:00:00,79.3,91,0.5,0.14,226.0
2020-10-10 19:00:00,77.8,96,0.6,0.03,50.0
2020-10-10 20:00:00,78.4,94,0.1,0.02,0.0
2020-10-10 21:00:00,77.4,98,0.5,0.0,0.0
2020-10-10 22:00:00,76.7,98,0.6,0.0,0.0
2020-10-10 23:00:00,76.2,100,0.5,0.0,0.0
2020-10-11 00:00:00,75.9,99,1.5,0.0,0.0
2020-10-11 01:00:00,75.5,100,0.2,0.0,0.0
2020-10-11 02:00:00,75.3,100,0.3,0.0,0.0
2020-10-11 03:00:00,75.0,100,0.5,0.0,0.0
2020-10-11 04:00:00,74.8,99,0.0,0.0,0.0
2020-10-11 05:00:00,74.8,99,0.0,0.0,0.0
2020-10-11 06:00:00,74.6,98,0.0,0.0,0.0
2020-10-11 07:00:00,74.4,98,0.0,0.0,0.0
2020-10-11 08:00:00,75.6,98,0.0,0.0,3.0
2020-10-11 09:00:00,75.0,96,0.0,0.06,114.0
2020-10-11 10:00:00,75.4,89,0.1,0.17,276.0
2020-10-11 11:00:00,76.1,79,0.1,0.27,403.0
2020-10-11 12:00:00,77.1,71,0.1,0.34,460.0
2020-10-11 13:00:00,78.2,65,0.1,0.42,565.0
2020-10-11 14:00:00,79.3,62,0.0,0.47,621.0
2020-10-11 15:00:00,80.2,62,0.0,0.47,624.0
2020-10-11 16:00:00,80.7,62,0.0,0.41,530.0
2020-10-11 17:00:00,80.8,63,0.0,0.35,445.0
2020-10-11 18:00:00,80.3,67,0.0,0.21,246.0
2020-10-11 19:00:00,79.4,72,0.0,0.09,79.0
2020-10-11 20:00:00,79.1,77,0.0,0.03,1.0
2020-10-11 21:00:00,78.0,81,0.0,0.02,0.0
2020-10-11 22:00:00,77.1,85,0.0,0.01,0.0
2020-10-11 23:00:00,76.3,90,0.0,0.0,0.0
2020-10-12 00:00:00,75.7,93,0.0,0.0,0.0
2020-10-12 01:00:00,75.2,95,0.0,0.0,0.0
2020-10-12 02:00:00,74.8,97,0.0,0.0,0.0
2020-10-12 03:00:00,74.3,98,0.0,0.0,0.0
2020-10-12 04:00:00,73.9,98,0.0,0.0,0.0
2020-10-12 05:00:00,73.5,98,0.0,0.0,0.0
2020-10-12 06:00:00,73.2,99,0.0,0.0,0.0
2020-10-12 07:00:00,73.0,98,0.0,0.0,0.0
2020-10-12 08:00:00,74.5,98,0.0,0.0,4.0
2020-10-12 09:00:00,74.5,90,0.0,0.07,111.0
2020-10-12 10:00:00,75.3,80,0.1,0.19,288.0
2020-10-12 11:00:00,76.5,73,0.1,0.3,419.0
2020-10-12 12:00:00,77.8,67,0.0,0.41,579.0
2020-10-12 13:00:00,79.3,60,0.0,0.5,690.0
2020-10-12 14:00:00,80.2,58,0.0,0.46,588.0
2020-10-12 15:00:00,80.9,57,0.0,0.41,509.0
2020-10-12 16:00:00,81.4,55,0.0,0.41,505.0
2020-10-12 17:00:00,81.4,58,0.0,0.32,393.0
2020-10-12 18:00:00,81.0,63,0.0,0.17,205.0
2020-10-12 19:00:00,79.8,69,0.0,0.08,73.0
2020-10-12 20:00:00,79.1,74,0.0,0.03,0.0
2020-10-12 21:00:00,77.1,76,0.0,0.0,0.0
2020-10-12 22:00:00,75.5,87,0.0,0.0,0.0
2020-10-12 23:00:00,74.2,91,0.0,0.0,0.0
2020-10-13 00:00:00,73.4,90,0.0,0.0,0.0
2020-10-13 01:00:00,72.9,95,0.0,0.0,0.0
2020-10-13 02:00:00,72.6,98,0.0,0.0,0.0
2020-10-13 03:00:00,72.6,99,0.0,0.0,0.0
2020-10-13 04:00:00,72.5,99,0.0,0.0,0.0
2020-10-13 05:00:00,72.3,99,0.0,0.0,0.0
2020-10-13 06:00:00,72.1,98,0.0,0.0,0.0
2020-10-13 07:00:00,71.8,98,0.0,0.0,0.0
2020-10-13 08:00:00,71.2,98,0.0,0.0,3.0
2020-10-13 09:00:00,71.8,92,0.0,0.06,118.0
2020-10-13 10:00:00,73.3,84,0.0,0.2,318.0
2020-10-13 11:00:00,75.3,76,0.0,0.33,494.0
2020-10-13 12:00:00,77.4,67,0.0,0.44,615.0
2020-10-13 13:00:00,79.4,56,0.0,0.54,729.0
2020-10-13 14:00:00,81.1,52,0.0,0.58,767.0
2020-10-13 15:00:00,82.3,49,0.0,0.55,707.0
2020-10-13 16:00:00,82.9,50,0.0,0.47,580.0
2020-10-13 17:00:00,82.8,56,0.0,0.32,376.0
2020-10-13 18:00:00,82.2,62,0.0,0.18,225.0
2020-10-13 19:00:00,80.8,66,0.0,0.07,73.0
2020-10-13 20:00:00,80.3,78,0.0,0.05,0.0
2020-10-13 21:00:00,79.2,67,0.0,0.06,0.0
2020-10-13 22:00:00,78.4,70,0.0,0.05,0.0
2020-10-13 23:00:00,77.5,75,0.0,0.03,0.0
2020-10-14 00:00:00,76.6,78,0.0,0.02,0.0
2020-10-14 01:00:00,75.7,81,0.0,0.02,0.0
2020-10-14 02:00:00,74.8,84,0.0,0.01,0.0
2020-10-14 03:00:00,74.1,86,0.0,0.01,0.0
2020-10-14 04:00:00,73.3,86,0.0,0.01,0.0
2020-10-14 05:00:00,72.5,85,0.0,0.01,0.0
2020-10-14 06:00:00,71.6,84,0.0,0.01,0.0
2020-10-14 07:00:00,70.8,82,0.0,0.01,0.0
2020-10-14 08:00:00,69.1,83,0.0,0.02,3.0
2020-10-14 09:00:00,69.4,75,0.0,0.07,118.0
2020-10-14 10:00:00,70.8,66,0.0,0.2,324.0
2020-10-14 11:00:00,72.9,60,0.0,0.33,489.0
2020-10-14 12:00:00,75.1,55,0.0,0.43,613.0
2020-10-14 13:00:00,77.3,51,0.0,0.51,708.0
2020-10-14 14:00:00,79.0,49,0.0,0.53,735.0
2020-10-14 15:00:00,80.2,49,0.0,0.48,665.0
2020-10-14 16:00:00,80.7,49,0.0,0.36,481.0
2020-10-14 17:00:00,80.8,50,0.0,0.26,348.0
2020-10-14 18:00:00,80.2,59,0.0,0.15,191.0
2020-10-14 19:00:00,78.8,74,0.0,0.05,39.0
2020-10-14 20:00:00,79.0,69,0.0,0.06,0.0
2020-10-14 21:00:00,77.8,72,0.0,0.03,0.0
2020-10-14 22:00:00,76.6,79,0.0,0.02,0.0
2020-10-14 23:00:00,75.2,88,0.0,0.0,0.0
2020-10-15 00:00:00,73.8,93,0.0,0.0,0.0
2020-10-15 01:00:00,72.5,95,0.0,0.0,0.0
2020-10-15 02:00:00,71.6,94,0.0,0.0,0.0
2020-10-15 03:00:00,71.1,95,0.0,0.0,0.0
2020-10-15 04:00:00,70.6,95,0.0,0.0,0.0
2020-10-15 05:00:00,70.1,94,0.0,0.0,0.0
2020-10-15 06:00:00,69.7,92,0.0,0.0,0.0
2020-10-15 07:00:00,69.6,94,0.0,0.0,0.0
2020-10-15 08:00:00,69.4,97,0.0,0.0,3.0
2020-10-15 09:00:00,70.3,92,0.0,0.06,114.0
2020-10-15 10:00:00,72.1,83,0.0,0.19,310.0
2020-10-15 11:00:00,74.4,71,0.0,0.34,502.0
2020-10-15 12:00:00,76.6,59,0.1,0.46,642.0
2020-10-15 13:00:00,78.2,53,0.0,0.42,552.0
2020-10-15 14:00:00,79.4,51,0.0,0.44,567.0
2020-10-15 15:00:00,80.2,50,0.0,0.41,527.0
2020-10-15 16:00:00,80.8,50,0.0,0.39,503.0
2020-10-15 17:00:00,80.8,55,0.0,0.26,334.0
2020-10-15 18:00:00,80.2,63,0.0,0.15,189.0
2020-10-15 19:00:00,79.0,77,0.0,0.05,57.0
2020-10-15 20:00:00,78.8,92,0.0,0.02,0.0
2020-10-15 21:00:00,77.4,95,0.1,0.0,0.0
2020-10-15 22:00:00,76.2,95,0.0,0.0,0.0
2020-10-15 23:00:00,75.1,96,0.0,0.0,0.0
2020-10-16 00:00:00,74.0,96,0.0,0.0,0.0
2020-10-16 01:00:00,73.0,97,0.0,0.0,0.0
2020-10-16 02:00:00,72.1,97,0.0,0.0,0.0
2020-10-16 03:00:00,71.7,98,0.0,0.0,0.0
2020-10-16 04:00:00,71.4,98,0.0,0.0,0.0
2020-10-16 05:00:00,71.2,98,0.0,0.0,0.0
2020-10-16 06:00:00,70.9,98,0.0,0.0,0.0
2020-10-16 07:00:00,70.5,98,0.0,0.0,0.0
2020-10-16 08:00:00,68.1,100,0.0,0.0,3.0
2020-10-16 09:00:00,68.8,96,0.0,0.05,114.0
2020-10-16 10:00:00,70.3,90,0.0,0.18,314.0
2020-10-16 11:00:00,72.2,78,0.0,0.31,495.0
2020-10-16 12:00:00,74.0,63,0.1,0.42,604.0
2020-10-16 13:00:00,75.7,54,0.0,0.47,649.0
2020-10-16 14:00:00,77.7,48,0.0,0.56,780.0
2020-10-16 15:00:00,79.1,48,0.0,0.54,728.0
2020-10-16 16:00:00,79.8,48,0.0,0.47,615.0
2020-10-16 17:00:00,79.9,48,0.0,0.35,437.0
2020-10-16 18:00:00,79.3,51,0.0,0.23,268.0
2020-10-16 19:00:00,77.9,58,0.0,0.09,77.0
2020-10-16 20:00:00,76.2,65,0.0,0.09,0.0
2020-10-16 21:00:00,74.9,58,0.0,0.09,0.0
2020-10-16 22:00:00,73.6,55,0.0,0.09,0.0
2020-10-16 23:00:00,72.3,52,0.0,0.09,0.0
2020-10-17 00:00:00,71.1,51,0.0,0.08,0.0
2020-10-17 01:00:00,70.0,53,0.0,0.07,0.0
2020-10-17 02:00:00,69.0,55,0.0,0.07,0.0
2020-10-17 03:00:00,68.1,58,0.0,0.07,0.0
2020-10-17 04:00:00,67.3,58,0.0,0.07,0.0
2020-10-17 05:00:00,66.4,57,0.0,0.06,0.0
2020-10-17 06:00:00,65.5,56,0.0,0.07,0.0
2020-10-17 07:00:00,64.7,55,0.0,0.07,0.0
2020-10-17 08:00:00,65.0,58,0.0,0.06,3.0
2020-10-17 09:00:00,64.6,57,0.0,0.1,119.0
2020-10-17 10:00:00,65.0,55,0.0,0.2,330.0
2020-10-17 11:00:00,66.5,51,0.0,0.31,528.0
2020-10-17 12:00:00,68.4,48,0.0,0.42,681.0
2020-10-17 13:00:00,70.5,44,0.0,0.5,774.0
2020-10-17 14:00:00,72.5,41,0.0,0.53,799.0
2020-10-17 15:00:00,74.1,39,0.0,0.52,755.0
2020-10-17 16:00:00,75.3,39,0.0,0.45,646.0
2020-10-17 17:00:00,75.8,40,0.0,0.34,482.0
2020-10-17 18:00:00,75.7,48,0.0,0.18,279.0
2020-10-17 19:00:00,73.9,66,0.0,0.06,77.0
2020-10-17 20:00:00,72.0,64,0.0,0.05,0.0
2020-10-17 21:00:00,70.3,63,0.0,0.05,0.0
2020-10-17 22:00:00,69.4,67,0.0,0.04,0.0
2020-10-17 23:00:00,68.7,71,0.0,0.03,0.0
2020-10-18 00:00:00,68.1,78,0.0,0.02,0.0
2020-10-18 01:00:00,67.6,84,0.0,0.01,0.0
2020-10-18 02:00:00,66.9,87,0.0,0.0,0.0
2020-10-18 03:00:00,66.4,87,0.0,0.0,0.0
2020-10-18 04:00:00,65.9,86,0.0,0.01,0.0
2020-10-18 05:00:00,65.6,84,0.0,0.01,0.0
2020-10-18 06:00:00,65.2,84,0.0,0.01,0.0
2020-10-18 07:00:00,65.0,83,0.0,0.01,0.0
2020-10-18 08:00:00,65.1,84,0.0,0.02,2.0
2020-10-18 09:00:00,65.7,77,0.0,0.07,103.0
2020-10-18 10:00:00,67.0,71,0.0,0.18,297.0
2020-10-18 11:00:00,68.8,66,0.1,0.3,468.0
2020-10-18 12:00:00,70.7,63,0.0,0.37,547.0
2020-10-18 13:00:00,72.8,60,0.0,0.43,624.0
2020-10-18 14:00:00,74.8,57,0.0,0.52,736.0
2020-10-18 15:00:00,76.6,53,0.0,0.51,716.0
2020-10-18 16:00:00,77.6,51,0.0,0.44,598.0
2020-10-18 17:00:00,78.0,51,0.0,0.34,435.0
2020-10-18 18:00:00,77.6,58,0.0,0.2,253.0
2020-10-18 19:00:00,76.4,67,0.0,0.07,70.0
2020-10-18 20:00:00,76.6,69,0.0,0.06,0.0
2020-10-18 21:00:00,75.4,73,0.0,0.05,0.0
2020-10-18 22:00:00,74.2,74,0.0,0.04,0.0
2020-10-18 23:00:00,73.1,75,0.0,0.03,0.0
2020-10-19 00:00:00,72.3,75,0.0,0.03,0.0
2020-10-19 01:00:00,71.8,78,0.0,0.03,0.0
2020-10-19 02:00:00,71.2,83,0.0,0.02,0.0
2020-10-19 03:00:00,70.7,88,0.0,0.0,0.0
2020-10-19 04:00:00,70.3,91,0.0,0.0,0.0
2020-10-19 05:00:00,69.8,93,0.0,0.0,0.0
2020-10-19 06:00:00,69.4,92,0.0,0.0,0.0
2020-10-19 07:00:00,69.1,92,0.0,0.0,0.0
2020-10-19 08:00:00,69.8,92,0.0,0.01,2.0
2020-10-19 09:00:00,69.6,82,0.0,0.07,104.0
2020-10-19 10:00:00,70.4,72,0.0,0.19,302.0
2020-10-19 11:00:00,72.0,65,0.0,0.32,491.0
2020-10-19 12:00:00,73.9,58,0.0,0.44,640.0
2020-10-19 13:00:00,75.8,54,0.0,0.52,732.0
2020-10-19 14:00:00,77.5,49,0.0,0.55,757.0
2020-10-19 15:00:00,78.9,46,0.0,0.54,716.0
2020-10-19 16:00:00,79.8,43,0.0,0.48,613.0
2020-10-19 17:00:00,80.2,43,0.0,0.37,454.0
2020-10-19 18:00:00,79.9,50,0.0,0.21,259.0
2020-10-19 19:00:00,78.4,56,0.0,0.08,67.0
2020-10-19 20:00:00,76.4,65,0.0,0.05,0.0
2020-10-19 21:00:00,75.1,67,0.0,0.04,0.0
2020-10-19 22:00:00,74.2,65,0.0,0.06,0.0
2020-10-19 23:00:00,73.4,66,0.0,0.05,0.0
2020-10-20 00:00:00,72.7,73,0.0,0.03,0.0
2020-10-20 01:00:00,72.1,78,0.0,0.02,0.0
2020-10-20 02:00:00,71.6,81,0.0,0.01,0.0
2020-10-20 03:00:00,71.3,85,0.0,0.01,0.0
2020-10-20 04:00:00,71.5,83,0.0,0.02,0.0
2020-10-20 05:00:00,71.7,82,0.0,0.02,0.0
2020-10-20 06:00:00,71.5,87,0.0,0.01,0.0
2020-10-20 07:00:00,71.3,88,0.0,0.01,0.0
2020-10-20 08:00:00,72.1,84,0.0,0.02,2.0
2020-10-20 09:00:00,72.0,78,0.0,0.08,100.0
2020-10-20 10:00:00,72.8,70,0.0,0.21,299.0
2020-10-20 11:00:00,74.2,68,0.0,0.33,488.0
2020-10-20 12:00:00,75.9,65,0.0,0.41,593.0
2020-10-20 13:00:00,77.3,65,0.1,0.4,546.0
2020-10-20 14:00:00,78.3,62,0.2,0.4,526.0
2020-10-20 15:00:00,79.3,57,0.0,0.43,557.0
2020-10-20 16:00:00,80.3,53,0.0,0.42,521.0
2020-10-20 17:00:00,80.7,52,0.0,0.33,389.0
2020-10-20 18:00:00,80.5,56,0.0,0.19,209.0
2020-10-20 19:00:00,79.7,60,0.0,0.11,55.0
2020-10-20 20:00:00,80.0,70,0.0,0.07,0.0
2020-10-20 21:00:00,78.4,76,0.0,0.05,0.0
2020-10-20 22:00:00,77.3,82,0.0,0.03,0.0
2020-10-20 23:00:00,76.2,86,0.0,0.01,0.0
2020-10-21 00:00:00,75.5,88,0.0,0.01,0.0
2020-10-21 01:00:00,74.8,90,0.0,0.01,0.0
2020-10-21 02:00:00,74.3,91,0.0,0.0,0.0
2020-10-21 03:00:00,73.9,91,0.0,0.0,0.0
2020-10-21 04:00:00,73.6,91,0.0,0.0,0.0
2020-10-21 05:00:00,73.2,93,0.0,0.0,0.0
2020-10-21 06:00:00,73.0,93,0.0,0.0,0.0
2020-10-21 07:00:00,72.6,95,0.0,0.0,0.0
2020-10-21 08:00:00,73.6,95,0.0,0.01,1.0
2020-10-21 09:00:00,73.6,88,0.0,0.06,88.0
2020-10-21 10:00:00,74.2,81,0.0,0.15,220.0
2020-10-21 11:00:00,75.5,71,0.0,0.27,365.0
2020-10-21 12:00:00,76.9,65,0.0,0.34,433.0
2020-10-21 13:00:00,77.9,67,0.0,0.29,358.0
2020-10-21 14:00:00,79.4,62,0.0,0.45,604.0
2020-10-21 15:00:00,80.2,63,0.0,0.34,427.0
2020-10-21 16:00:00,80.0,78,1.7,0.27,389.0
2020-10-21 17:00:00,78.4,89,1.3,0.18,274.0
2020-10-21 18:00:00,77.4,88,0.1,0.12,186.0
2020-10-21 19:00:00,76.3,93,0.0,0.03,51.0
2020-10-21 20:00:00,77.2,82,0.0,0.03,0.0
2020-10-21 21:00:00,76.0,87,0.0,0.01,0.0
2020-10-21 22:00:00,75.0,92,0.0,0.0,0.0
2020-10-21 23:00:00,74.3,94,0.0,0.0,0.0
2020-10-22 00:00:00,73.8,96,0.0,0.0,0.0
2020-10-22 01:00:00,73.2,97,0.0,0.0,0.0
2020-10-22 02:00:00,72.8,97,0.0,0.0,0.0
2020-10-22 03:00:00,72.4,97,0.0,0.0,0.0
2020-10-22 04:00:00,72.0,97,0.0,0.0,0.0
2020-10-22 05:00:00,71.6,98,0.0,0.0,0.0
2020-10-22 06:00:00,71.2,98,0.0,0.0,0.0
2020-10-22 07:00:00,70.9,98,0.0,0.0,0.0
2020-10-22 08:00:00,72.6,99,0.0,0.0,1.0
2020-10-22 09:00:00,72.6,90,0.0,0.06,94.0
2020-10-22 10:00:00,73.5,80,0.0,0.18,266.0
2020-10-22 11:00:00,75.1,69,0.0,0.31,428.0
2020-10-22 12:00:00,76.7,67,0.1,0.38,535.0
2020-10-22 13:00:00,78.3,64,0.2,0.45,616.0
2020-10-22 14:00:00,79.6,61,0.0,0.47,622.0
2020-10-22 15:00:00,80.8,59,0.0,0.46,598.0
2020-10-22 16:00:00,81.4,58,0.0,0.39,499.0
2020-10-22 17:00:00,81.3,60,0.1,0.27,307.0
2020-10-22 18:00:00,80.7,64,0.1,0.16,156.0
2020-10-22 19:00:00,79.3,73,0.2,0.06,38.0
2020-10-22 20:00:00,79.1,84,0.0,0.01,0.0
2020-10-22 21:00:00,77.6,78,0.0,0.03,0.0
2020-10-22 22:00:00,76.7,81,0.0,0.03,0.0
2020-10-22 23:00:00,75.8,86,0.0,0.01,0.0
2020-10-23 00:00:00,75.1,90,0.0,0.01,0.0
2020-10-23 01:00:00,74.4,93,0.0,0.0,0.0
2020-10-23 02:00:00,73.8,95,0.0,0.0,0.0
2020-10-23 03:00:00,73.2,96,0.0,0.0,0.0
2020-10-23 04:00:00,72.8,97,0.0,0.0,0.0
2020-10-23 05:00:00,72.3,98,0.0,0.0,0.0
2020-10-23 06:00:00,72.0,98,0.0,0.0,0.0
2020-10-23 07:00:00,71.7,98,0.0,0.0,0.0
2020-10-23 08:00:00,72.0,97,0.0,0.0,1.0
2020-10-23 09:00:00,72.2,89,0.0,0.05,91.0
2020-10-23 10:00:00,73.3,79,0.0,0.18,272.0
2020-10-23 11:00:00,75.0,70,0.0,0.29,412.0
2020-10-23 12:00:00,76.6,65,0.1,0.37,499.0
2020-10-23 13:00:00,78.3,62,0.0,0.42,563.0
2020-10-23 14:00:00,79.6,61,0.0,0.42,554.0
2020-10-23 15:00:00,80.5,62,0.3,0.39,527.0
2020-10-23 16:00:00,79.3,78,0.7,0.17,216.0
2020-10-23 17:00:00,78.5,79,0.0,0.13,158.0
2020-10-23 18:00:00,77.7,83,0.1,0.08,98.0
2020-10-23 19:00:00,76.6,88,0.3,0.03,32.0
2020-10-23 20:00:00,79.5,88,0.1,0.0,0.0
2020-10-23 21:00:00,77.7,89,0.1,0.0,0.0
2020-10-23 22:00:00,76.4,90,0.0,0.0,0.0
2020-10-23 23:00:00,75.3,92,0.0,0.0,0.0
2020-10-24 00:00:00,74.5,93,0.0,0.0,0.0
2020-10-24 01:00:00,73.9,96,0.0,0.0,0.0
2020-10-24 02:00:00,73.4,97,0.1,0.0,0.0
2020-10-24 03:00:00,73.0,98,0.0,0.0,0.0
2020-10-24 04:00:00,72.6,98,0.0,0.0,0.0
2020-10-24 05:00:00,72.2,99,0.0,0.0,0.0
2020-10-24 06:00:00,72.0,98,0.0,0.0,0.0
2020-10-24 07:00:00,71.7,98,0.0,0.0,0.0
2020-10-24 08:00:00,72.1,99,0.2,0.0,1.0
2020-10-24 09:00:00,72.1,94,0.0,0.03,42.0
2020-10-24 10:00:00,72.7,90,0.0,0.09,133.0
2020-10-24 11:00:00,74.0,80,0.0,0.21,311.0
2020-10-24 12:00:00,75.7,74,0.2,0.32,450.0
2020-10-24 13:00:00,76.2,77,1.0,0.24,325.0
2020-10-24 14:00:00,75.1,99,4.7,0.09,150.0
2020-10-24 15:00:00,74.3,99,0.9,0.06,83.0
2020-10-24 16:00:00,74.2,99,0.9,0.12,188.0
2020-10-24 17:00:00,74.2,94,0.4,0.12,196.0
2020-10-24 18:00:00,74.0,96,0.5,0.08,127.0
2020-10-24 19:00:00,73.4,98,0.2,0.02,25.0
2020-10-24 20:00:00,72.3,99,0.5,0.0,0.0
2020-10-24 21:00:00,71.5,100,0.1,0.0,0.0
2020-10-24 22:00:00,71.1,99,0.0,0.0,0.0
2020-10-24 23:00:00,70.7,100,0.0,0.0,0.0
2020-10-25 00:00:00,70.6,100,0.0,0.0,0.0
2020-10-25 01:00:00,70.5,100,0.0,0.0,0.0
2020-10-25 02:00:00,70.5,100,0.0,0.0,0.0
2020-10-25 03:00:00,70.5,100,0.0,0.0,0.0
2020-10-25 04:00:00,70.5,100,0.0,0.0,0.0
2020-10-25 05:00:00,70.5,100,0.0,0.0,0.0
2020-10-25 06:00:00,70.4,100,0.0,0.0,0.0
2020-10-25 07:00:00,70.4,100,0.0,0.0,0.0
2020-10-25 08:00:00,68.0,100,0.0,0.01,0.0
2020-10-25 09:00:00,68.4,97,0.0,0.04,88.0
2020-10-25 10:00:00,69.6,91,0.0,0.15,259.0
2020-10-25 11:00:00,71.1,83,0.0,0.22,340.0
2020-10-25 12:00:00,72.8,75,0.0,0.32,473.0
2020-10-25 13:00:00,74.4,67,0.0,0.38,547.0
2020-10-25 14:00:00,75.5,66,0.0,0.33,457.0
2020-10-25 15:00:00,76.5,63,0.0,0.4,555.0
2020-10-25 16:00:00,77.0,64,0.0,0.31,428.0
2020-10-25 17:00:00,77.1,65,0.0,0.24,326.0
2020-10-25 18:00:00,76.8,73,0.0,0.13,188.0
2020-10-25 19:00:00,75.7,80,0.0,0.04,45.0
2020-10-25 20:00:00,75.5,87,0.0,0.0,0.0
2020-10-25 21:00:00,73.9,89,0.0,0.0,0.0
2020-10-25 22:00:00,72.5,91,0.0,0.0,0.0
2020-10-25 23:00:00,71.5,92,0.0,0.0,0.0
2020-10-26 00:00:00,70.7,91,0.0,0.0,0.0
2020-10-26 01:00:00,70.2,90,0.0,0.0,0.0
2020-10-26 02:00:00,69.8,90,0.0,0.0,0.0
2020-10-26 03:00:00,70.0,86,0.0,0.0,0.0
2020-10-26 04:00:00,69.9,87,0.0,0.0,0.0
2020-10-26 05:00:00,69.7,87,0.0,0.0,0.0
2020-10-26 06:00:00,69.5,87,0.0,0.0,0.0
2020-10-26 07:00:00,69.2,88,0.0,0.0,0.0
2020-10-26 08:00:00,71.5,85,0.0,0.0,1.0
2020-10-26 09:00:00,71.4,84,0.0,0.05,50.0
2020-10-26 10:00:00,72.1,82,0.0,0.12,178.0
2020-10-26 11:00:00,73.4,77,0.0,0.27,408.0
2020-10-26 12:00:00,75.1,70,0.0,0.38,555.0
2020-10-26 13:00:00,76.6,64,0.0,0.46,636.0
2020-10-26 14:00:00,78.1,61,0.0,0.48,654.0
2020-10-26 15:00:00,79.0,58,0.0,0.41,541.0
2020-10-26 16:00:00,79.3,60,0.0,0.29,375.0
2020-10-26 17:00:00,79.6,61,0.0,0.24,322.0
2020-10-26 18:00:00,79.2,71,0.0,0.13,165.0
2020-10-26 19:00:00,78.0,72,0.0,0.06,41.0
2020-10-26 20:00:00,78.3,74,0.0,0.04,0.0
2020-10-26 21:00:00,77.0,77,0.0,0.03,0.0
2020-10-26 22:00:00,75.9,81,0.0,0.02,0.0
2020-10-26 23:00:00,75.1,83,0.0,0.02,0.0
2020-10-27 00:00:00,74.5,86,0.0,0.01,0.0
2020-10-27 01:00:00,73.9,90,0.0,0.0,0.0
2020-10-27 02:00:00,73.6,93,0.0,0.0,0.0
2020-10-27 03:00:00,73.2,95,0.0,0.0,0.0
2020-10-27 04:00:00,73.0,97,0.0,0.0,0.0
2020-10-27 05:00:00,73.0,95,0.0,0.0,0.0
2020-10-27 06:00:00,73.0,93,0.0,0.0,0.0
2020-10-27 07:00:00,73.0,93,0.0,0.0,0.0
2020-10-27 08:00:00,75.5,96,0.0,0.02,0.0
2020-10-27 09:00:00,74.8,90,0.0,0.05,75.0
2020-10-27 10:00:00,75.1,84,0.0,0.14,215.0
2020-10-27 11:00:00,76.1,77,0.0,0.27,390.0
2020-10-27 12:00:00,77.1,72,0.1,0.31,419.0
2020-10-27 13:00:00,78.3,68,0.2,0.39,523.0
2020-10-27 14:00:00,79.2,69,0.2,0.36,468.0
2020-10-27 15:00:00,78.8,90,7.2,0.26,391.0
2020-10-27 16:00:00,78.1,93,0.6,0.14,195.0
2020-10-27 17:00:00,77.9,90,0.0,0.14,198.0
2020-10-27 18:00:00,77.7,93,0.0,0.08,120.0
2020-10-27 19:00:00,77.1,96,0.0,0.02,32.0
2020-10-27 20:00:00,77.2,92,0.0,0.0,0.0
2020-10-27 21:00:00,76.4,93,0.2,0.0,0.0
2020-10-27 22:00:00,75.8,94,0.1,0.0,0.0
2020-10-27 23:00:00,75.4,95,0.0,0.0,0.0
2020-10-28 00:00:00,75.0,97,0.0,0.0,0.0
2020-10-28 01:00:00,74.7,98,0.0,0.0,0.0
2020-10-28 02:00:00,74.4,98,0.0,0.0,0.0
2020-10-28 03:00:00,74.2,98,0.0,0.0,0.0
2020-10-28 04:00:00,74.0,98,0.0,0.0,0.0
2020-10-28 05:00:00,73.9,98,0.0,0.0,0.0
2020-10-28 06:00:00,73.7,99,0.0,0.0,0.0
2020-10-28 07:00:00,73.5,98,0.0,0.0,0.0
2020-10-28 08:00:00,74.9,98,0.0,0.01,0.0
2020-10-28 09:00:00,74.8,93,0.0,0.04,67.0
2020-10-28 10:00:00,75.4,85,0.0,0.14,210.0
2020-10-28 11:00:00,76.3,79,0.0,0.23,326.0
2020-10-28 12:00:00,77.5,72,0.0,0.34,473.0
2020-10-28 13:00:00,78.9,64,0.0,0.46,622.0
2020-10-28 14:00:00,80.2,59,0.0,0.51,672.0
2020-10-28 15:00:00,80.9,59,0.0,0.46,605.0
2020-10-28 16:00:00,81.1,64,0.0,0.36,460.0
2020-10-28 17:00:00,80.9,70,0.0,0.26,324.0
2020-10-28 18:00:00,80.2,77,0.0,0.14,161.0
2020-10-28 19:00:00,79.3,82,0.0,0.05,40.0
2020-10-28 20:00:00,79.3,81,0.0,0.04,0.0
2020-10-28 21:00:00,78.5,79,0.0,0.05,0.0
2020-10-28 22:00:00,78.0,77,0.0,0.06,0.0
2020-10-28 23:00:00,77.6,78,0.0,0.05,0.0
2020-10-29 00:00:00,77.5,82,0.0,0.05,0.0
2020-10-29 01:00:00,77.4,83,0.0,0.05,0.0
2020-10-29 02:00:00,77.4,83,0.0,0.05,0.0
2020-10-29 03:00:00,77.4,82,0.0,0.05,0.0
2020-10-29 04:00:00,77.4,82,0.0,0.05,0.0
2020-10-29 05:00:00,77.4,83,0.0,0.05,0.0
2020-10-29 06:00:00,77.3,85,0.3,0.04,0.0
2020-10-29 07:00:00,76.8,92,0.7,0.01,0.0
2020-10-29 08:00:00,78.5,95,1.6,0.02,0.0
2020-10-29 09:00:00,77.0,100,2.6,0.02,25.0
2020-10-29 10:00:00,76.6,97,0.7,0.08,142.0
2020-10-29 11:00:00,76.6,95,0.8,0.07,108.0
2020-10-29 12:00:00,76.9,96,1.3,0.13,215.0
2020-10-29 13:00:00,77.2,99,3.1,0.15,266.0
2020-10-29 14:00:00,76.9,94,1.6,0.14,236.0
2020-10-29 15:00:00,77.7,94,0.3,0.24,403.0
2020-10-29 16:00:00,77.7,87,0.2,0.2,310.0
2020-10-29 17:00:00,77.7,82,0.0,0.17,233.0
2020-10-29 18:00:00,77.0,62,0.0,0.16,103.0
2020-10-29 19:00:00,75.8,53,0.0,0.13,45.0
2020-10-29 20:00:00,75.2,67,0.0,0.08,0.0
2020-10-29 21:00:00,74.0,69,0.0,0.06,0.0
2020-10-29 22:00:00,73.0,70,0.0,0.05,0.0
2020-10-29 23:00:00,72.1,52,0.0,0.11,0.0
2020-10-30 00:00:00,70.9,49,0.0,0.1,0.0
2020-10-30 01:00:00,69.7,52,0.0,0.09,0.0
2020-10-30 02:00:00,68.5,53,0.0,0.08,0.0
2020-10-30 03:00:00,67.3,55,0.0,0.07,0.0
2020-10-30 04:00:00,66.0,58,0.0,0.06,0.0
2020-10-30 05:00:00,64.9,61,0.0,0.05,0.0
2020-10-30 06:00:00,63.8,62,0.0,0.04,0.0
2020-10-30 07:00:00,62.8,64,0.0,0.04,0.0
2020-10-30 08:00:00,62.5,69,0.0,0.05,0.0
2020-10-30 09:00:00,61.9,69,0.0,0.06,87.0
2020-10-30 10:00:00,62.2,68,0.0,0.14,287.0
2020-10-30 11:00:00,63.1,65,0.0,0.23,478.0
2020-10-30 12:00:00,64.4,61,0.0,0.32,628.0
2020-10-30 13:00:00,65.9,59,0.0,0.39,718.0
2020-10-30 14:00:00,67.4,58,0.0,0.41,741.0
2020-10-30 15:00:00,68.5,57,0.0,0.4,695.0
2020-10-30 16:00:00,69.2,57,0.0,0.34,586.0
2020-10-30 17:00:00,69.4,58,0.0,0.26,423.0
2020-10-30 18:00:00,69.0,63,0.0,0.14,227.0
2020-10-30 19:00:00,67.6,68,0.0,0.05,45.0
2020-10-30 20:00:00,65.4,72,0.0,0.02,0.0
2020-10-30 21:00:00,64.6,70,0.0,0.03,0.0
2020-10-30 22:00:00,64.0,70,0.0,0.03,0.0
2020-10-30 23:00:00,63.4,75,0.0,0.02,0.0
2020-10-31 00:00:00,62.8,74,0.0,0.02,0.0
2020-10-31 01:00:00,62.2,72,0.0,0.02,0.0
2020-10-31 02:00:00,61.8,72,0.0,0.02,0.0
2020-10-31 03:00:00,61.3,73,0.0,0.02,0.0
2020-10-31 04:00:00,61.0,74,0.0,0.02,0.0
2020-10-31 05:00:00,60.6,75,0.0,0.02,0.0
2020-10-31 06:00:00,60.4,75,0.0,0.02,0.0
2020-10-31 07:00:00,60.1,76,0.0,0.02,0.0
2020-10-31 08:00:00,58.4,80,0.0,0.04,0.0
2020-10-31 09:00:00,59.2,79,0.0,0.05,82.0
2020-10-31 10:00:00,60.8,72,0.0,0.15,274.0
2020-10-31 11:00:00,62.8,68,0.0,0.25,452.0
2020-10-31 12:00:00,64.8,64,0.0,0.34,574.0
2020-10-31 13:00:00,66.6,64,0.0,0.35,565.0
2020-10-31 14:00:00,68.2,64,0.0,0.38,599.0
2020-10-31 15:00:00,69.6,63,0.0,0.39,605.0
2020-10-31 16:00:00,70.3,62,0.0,0.29,424.0
2020-10-31 17:00:00,70.3,68,0.0,0.13,147.0
2020-10-31 18:00:00,70.2,70,0.0,0.11,128.0
2020-10-31 19:00:00,69.4,72,0.0,0.05,31.0
2020-10-31 20:00:00,70.1,77,0.0,0.03,0.0
2020-10-31 21:00:00,68.9,78,0.0,0.03,0.0
2020-10-31 22:00:00,67.9,80,0.0,0.02,0.0
2020-10-31 23:00:00,66.9,80,0.0,0.02,0.0
