Location,lat,long,year,plot,block,variety,inoculum,dap,dt,inc_germ,inc_germ_new,inc_germ_cum,date,inc_all4,inc_all4_new,inc_all4_cum,sy_inc,syinc_new,syinc_cum,germ_dy/dt,sy_dy/dt,can_cover
Live Oak,30.306,-82.901,2019,101,1,GA06G,Scl2,44,44,0,0,0,7/5/2019,0,0,0,0,0,0,0,0,
Live Oak,30.306,-82.901,2019,101,1,GA06G,Scl2,49,5,0,0,0,7/10/2019,0,0,0,0,0,0,0,0,
Live Oak,30.306,-82.901,2019,101,1,GA06G,Scl2,63,14,40,40,40,7/24/2019,40,40,40,0,0,0,2.857142857,0,
Live Oak,30.306,-82.901,2019,101,1,GA06G,Scl2,79,16,45,15,55,8/9/2019,45,15,55,40,40,40,0.9375,2.5,
Live Oak,30.306,-82.901,2019,101,1,GA06G,Scl2,92,13,15,5,60,8/22/2019,15,5,60,5,0,40,0.384615385,0,
Live Oak,30.306,-82.901,2019,101,1,GA06G,Scl2,105,13,10,5,65,9/4/2019,40,20,80,40,25,65,0.384615385,1.923076923,
Live Oak,30.306,-82.901,2019,101,1,GA06G,Scl2,119,14,0,0,65,9/18/2019,30,10,90,30,10,75,0,0.714285714,
Live Oak,30.306,-82.901,2019,102,1,GA06G,Scl1,44,44,0,0,0,7/5/2019,0,0,0,0,0,0,0,0,
Live Oak,30.306,-82.901,2019,102,1,GA06G,Scl1,49,5,0,0,0,7/10/2019,0,0,0,0,0,0,0,0,
Live Oak,30.306,-82.901,2019,102,1,GA06G,Scl1,63,14,75,75,75,7/24/2019,85,85,85,55,55,55,5.357142857,3.928571429,
Live Oak,30.306,-82.901,2019,102,1,GA06G,Scl1,79,16,70,20,95,8/9/2019,75,10,95,75,30,85,1.25,1.875,
Live Oak,30.306,-82.901,2019,102,1,GA06G,Scl1,92,13,15,0,95,8/22/2019,15,0,95,15,0,85,0,0,
Live Oak,30.306,-82.901,2019,102,1,GA06G,Scl1,105,13,10,0,95,9/4/2019,35,0,95,30,0,85,0,0,
Live Oak,30.306,-82.901,2019,102,1,GA06G,Scl1,119,14,0,0,95,9/18/2019,50,0,95,50,0,85,0,0,
Live Oak,30.306,-82.901,2019,103,1,GA06G,Grn1,44,44,5,5,5,7/5/2019,5,5,5,5,5,5,0.113636364,0.113636364,
Live Oak,30.306,-82.901,2019,103,1,GA06G,Grn1,49,5,5,0,5,7/10/2019,5,0,5,0,0,5,0,0,
Live Oak,30.306,-82.901,2019,103,1,GA06G,Grn1,63,14,45,40,45,7/24/2019,55,50,55,45,45,50,2.857142857,3.214285714,
Live Oak,30.306,-82.901,2019,103,1,GA06G,Grn1,79,16,65,25,70,8/9/2019,85,30,85,85,35,85,1.5625,2.1875,
Live Oak,30.306,-82.901,2019,103,1,GA06G,Grn1,92,13,10,0,70,8/22/2019,30,0,85,30,0,85,0,0,
Live Oak,30.306,-82.901,2019,103,1,GA06G,Grn1,105,13,0,0,70,9/4/2019,35,0,85,35,0,85,0,0,
Live Oak,30.306,-82.901,2019,103,1,GA06G,Grn1,119,14,25,5,75,9/18/2019,75,0,85,75,0,85,0.357142857,0,
Live Oak,30.306,-82.901,2019,104,1,GA06G,Control,44,44,0,0,0,7/5/2019,0,0,0,0,0,0,0,0,
Live Oak,30.306,-82.901,2019,104,1,GA06G,Control,49,5,0,0,0,7/10/2019,0,0,0,0,0,0,0,0,
Live Oak,30.306,-82.901,2019,104,1,GA06G,Control,63,14,0,0,0,7/24/2019,0,0,0,0,0,0,0,0,
Live Oak,30.306,-82.901,2019,104,1,GA06G,Control,79,16,0,0,0,8/9/2019,0,0,0,0,0,0,0,0,
Live Oak,30.306,-82.901,2019,104,1,GA06G,Control,92,13,0,0,0,8/22/2019,0,0,0,0,0,0,0,0,
Live Oak,30.306,-82.901,2019,104,1,GA06G,Control,105,13,0,0,0,9/4/2019,0,0,0,0,0,0,0,0,
Live Oak,30.306,-82.901,2019,104,1,GA06G,Control,119,14,0,0,0,9/18/2019,0,0,0,0,0,0,0,0,
Live Oak,30.306,-82.901,2019,105,1,GA06G,Grn2,44,44,0,0,0,7/5/2019,0,0,0,0,0,0,0,0,
Live Oak,30.306,-82.901,2019,105,1,GA06G,Grn2,49,5,10,10,10,7/10/2019,20,20,20,10,10,10,2,2,
Live Oak,30.306,-82.901,2019,105,1,GA06G,Grn2,63,14,60,55,65,7/24/2019,65,55,75,45,40,50,3.928571429,2.857142857,
Live Oak,30.306,-82.901,2019,105,1,GA06G,Grn2,79,16,40,15,80,8/9/2019,65,25,100,65,35,85,0.9375,2.1875,
Live Oak,30.306,-82.901,2019,105,1,GA06G,Grn2,92,13,5,0,80,8/22/2019,40,0,100,40,10,95,0,0.769230769,
Live Oak,30.306,-82.901,2019,105,1,GA06G,Grn2,105,13,20,0,80,9/4/2019,55,0,100,55,5,100,0,0.384615385,
Live Oak,30.306,-82.901,2019,105,1,GA06G,Grn2,119,14,0,0,80,9/18/2019,85,0,100,85,0,100,0,0,
Live Oak,30.306,-82.901,2019,106,1,GA06G,Grn control,44,44,0,0,0,7/5/2019,0,0,0,0,0,0,0,0,
Live Oak,30.306,-82.901,2019,106,1,GA06G,Grn control,49,5,0,0,0,7/10/2019,0,0,0,0,0,0,0,0,
Live Oak,30.306,-82.901,2019,106,1,GA06G,Grn control,63,14,0,0,0,7/24/2019,0,0,0,0,0,0,0,0,
Live Oak,30.306,-82.901,2019,106,1,GA06G,Grn control,79,16,0,0,0,8/9/2019,0,0,0,0,0,0,0,0,
Live Oak,30.306,-82.901,2019,106,1,GA06G,Grn control,92,13,0,0,0,8/22/2019,0,0,0,0,0,0,0,0,
Live Oak,30.306,-82.901,2019,106,1,GA06G,Grn control,105,13,0,0,0,9/4/2019,0,0,0,0,0,0,0,0,
Live Oak,30.306,-82.901,2019,106,1,GA06G,Grn control,119,14,0,0,0,9/18/2019,10,10,10,10,10,10,0,0.714285714,
Live Oak,30.306,-82.901,2019,107,1,GA06G,Grn3,44,44,15,15,15,7/5/2019,25,25,25,25,25,25,0.340909091,0.568181818,
Live Oak,30.306,-82.901,2019,107,1,GA06G,Grn3,49,5,0,0,15,7/10/2019,20,5,30,20,5,30,0,1,
Live Oak,30.306,-82.901,2019,107,1,GA06G,Grn3,63,14,5,5,20,7/24/2019,20,20,50,20,20,50,0.357142857,1.428571429,
Live Oak,30.306,-82.901,2019,107,1,GA06G,Grn3,79,16,55,40,60,8/9/2019,65,25,75,65,25,75,2.5,1.5625,
Live Oak,30.306,-82.901,2019,107,1,GA06G,Grn3,92,13,0,0,60,8/22/2019,10,0,75,10,0,75,0,0,
Live Oak,30.306,-82.901,2019,107,1,GA06G,Grn3,105,13,10,5,65,9/4/2019,10,0,75,10,0,75,0.384615385,0,
Live Oak,30.306,-82.901,2019,107,1,GA06G,Grn3,119,14,0,0,65,9/18/2019,40,15,90,40,15,90,0,1.071428571,
Live Oak,30.306,-82.901,2019,108,1,GA06G,Scl3,44,44,0,0,0,7/5/2019,0,0,0,0,0,0,0,0,
Live Oak,30.306,-82.901,2019,108,1,GA06G,Scl3,49,5,0,0,0,7/10/2019,0,0,0,0,0,0,0,0,
Live Oak,30.306,-82.901,2019,108,1,GA06G,Scl3,63,14,0,0,0,7/24/2019,0,0,0,0,0,0,0,0,
Live Oak,30.306,-82.901,2019,108,1,GA06G,Scl3,79,16,0,0,0,8/9/2019,0,0,0,0,0,0,0,0,
Live Oak,30.306,-82.901,2019,108,1,GA06G,Scl3,92,13,0,0,0,8/22/2019,0,0,0,0,0,0,0,0,
Live Oak,30.306,-82.901,2019,108,1,GA06G,Scl3,105,13,0,0,0,9/4/2019,0,0,0,0,0,0,0,0,
Live Oak,30.306,-82.901,2019,108,1,GA06G,Scl3,119,14,0,0,0,9/18/2019,0,0,0,0,0,0,0,0,
Live Oak,30.306,-82.901,2019,109,1,TUF297,Grn control,44,44,0,0,0,7/5/2019,0,0,0,0,0,0,0,0,
Live Oak,30.306,-82.901,2019,109,1,TUF297,Grn control,49,5,0,0,0,7/10/2019,0,0,0,0,0,0,0,0,
Live Oak,30.306,-82.901,2019,109,1,TUF297,Grn control,63,14,0,0,0,7/24/2019,0,0,0,0,0,0,0,0,
Live Oak,30.306,-82.901,2019,109,1,TUF297,Grn control,79,16,0,0,0,8/9/2019,0,0,0,0,0,0,0,0,
Live Oak,30.306,-82.901,2019,109,1,TUF297,Grn control,92,13,0,0,0,8/22/2019,0,0,0,0,0,0,0,0,
Live Oak,30.306,-82.901,2019,109,1,TUF297,Grn control,105,13,0,0,0,9/4/2019,0,0,0,0,0,0,0,0,
Live Oak,30.306,-82.901,2019,109,1,TUF297,Grn control,119,14,0,0,0,9/18/2019,0,0,0,0,0,0,0,0,
Live Oak,30.306,-82.901,2019,110,1,TUF297,Scl3,44,44,0,0,0,7/5/2019,0,0,0,0,0,0,0,0,
Live Oak,30.306,-82.901,2019,110,1,TUF297,Scl3,49,5,0,0,0,7/10/2019,0,0,0,0,0,0,0,0,
Live Oak,30.306,-82.901,2019,110,1,TUF297,Scl3,63,14,0,0,0,7/24/2019,0,0,0,0,0,0,0,0,
Live Oak,30.306,-82.901,2019,110,1,TUF297,Scl3,79,16,0,0,0,8/9/2019,0,0,0,0,0,0,0,0,
Live Oak,30.306,-82.901,2019,110,1,TUF297,Scl3,92,13,0,0,0,8/22/2019,10,10,10,10,10,10,0,0.769230769,
Live Oak,30.306,-82.901,2019,110,1,TUF297,Scl3,105,13,15,15,15,9/4/2019,15,5,15,15,5,15,1.153846154,0.384615385,
Live Oak,30.306,-82.901,2019,110,1,TUF297,Scl3,119,14,5,5,20,9/18/2019,5,5,20,0,0,15,0.357142857,0,
Live Oak,30.306,-82.901,2019,111,1,TUF297,Scl1,44,44,0,0,0,7/5/2019,0,0,0,0,0,0,0,0,
Live Oak,30.306,-82.901,2019,111,1,TUF297,Scl1,49,5,0,0,0,7/10/2019,0,0,0,0,0,0,0,0,
Live Oak,30.306,-82.901,2019,111,1,TUF297,Scl1,63,14,55,55,55,7/24/2019,55,55,55,45,45,45,3.928571429,3.214285714,
Live Oak,30.306,-82.901,2019,111,1,TUF297,Scl1,79,16,5,5,60,8/9/2019,20,5,60,15,0,45,0.3125,0,
Live Oak,30.306,-82.901,2019,111,1,TUF297,Scl1,92,13,0,0,60,8/22/2019,0,0,60,0,0,45,0,0,
Live Oak,30.306,-82.901,2019,111,1,TUF297,Scl1,105,13,5,0,60,9/4/2019,5,0,60,5,5,50,0,0.384615385,
Live Oak,30.306,-82.901,2019,111,1,TUF297,Scl1,119,14,10,10,70,9/18/2019,10,10,70,10,10,60,0.714285714,0.714285714,
Live Oak,30.306,-82.901,2019,112,1,TUF297,Grn2,44,44,10,10,10,7/5/2019,10,10,10,10,10,10,0.227272727,0.227272727,
Live Oak,30.306,-82.901,2019,112,1,TUF297,Grn2,49,5,10,5,15,7/10/2019,10,5,15,0,0,10,1,0,
Live Oak,30.306,-82.901,2019,112,1,TUF297,Grn2,63,14,55,40,55,7/24/2019,55,40,55,45,35,45,2.857142857,2.5,
Live Oak,30.306,-82.901,2019,112,1,TUF297,Grn2,79,16,40,20,75,8/9/2019,40,20,75,30,15,60,1.25,0.9375,
Live Oak,30.306,-82.901,2019,112,1,TUF297,Grn2,92,13,0,0,75,8/22/2019,0,0,75,0,0,60,0,0,
Live Oak,30.306,-82.901,2019,112,1,TUF297,Grn2,105,13,25,0,75,9/4/2019,40,15,90,40,25,85,0,1.923076923,
Live Oak,30.306,-82.901,2019,112,1,TUF297,Grn2,119,14,0,0,75,9/18/2019,5,0,90,5,0,85,0,0,
Live Oak,30.306,-82.901,2019,113,1,TUF297,Grn3,44,44,5,5,5,7/5/2019,10,10,10,10,10,10,0.113636364,0.227272727,
Live Oak,30.306,-82.901,2019,113,1,TUF297,Grn3,49,5,0,0,5,7/10/2019,0,0,10,0,0,10,0,0,
Live Oak,30.306,-82.901,2019,113,1,TUF297,Grn3,63,14,25,25,30,7/24/2019,25,20,30,25,20,30,1.785714286,1.428571429,
Live Oak,30.306,-82.901,2019,113,1,TUF297,Grn3,79,16,5,5,35,8/9/2019,15,10,40,10,5,35,0.3125,0.3125,
Live Oak,30.306,-82.901,2019,113,1,TUF297,Grn3,92,13,0,0,35,8/22/2019,10,10,50,10,10,45,0,0.769230769,
Live Oak,30.306,-82.901,2019,113,1,TUF297,Grn3,105,13,0,0,35,9/4/2019,40,20,70,40,20,65,0,1.538461538,
Live Oak,30.306,-82.901,2019,113,1,TUF297,Grn3,119,14,0,0,35,9/18/2019,10,10,80,10,10,75,0,0.714285714,
Live Oak,30.306,-82.901,2019,114,1,TUF297,Grn1,44,44,0,0,0,7/5/2019,0,0,0,0,0,0,0,0,
Live Oak,30.306,-82.901,2019,114,1,TUF297,Grn1,49,5,5,5,5,7/10/2019,10,10,10,5,5,5,1,1,
Live Oak,30.306,-82.901,2019,114,1,TUF297,Grn1,63,14,55,55,60,7/24/2019,70,65,75,60,60,65,3.928571429,4.285714286,
Live Oak,30.306,-82.901,2019,114,1,TUF297,Grn1,79,16,0,0,60,8/9/2019,90,20,95,90,30,95,0,1.875,
Live Oak,30.306,-82.901,2019,114,1,TUF297,Grn1,92,13,0,0,60,8/22/2019,55,0,95,55,0,95,0,0,
Live Oak,30.306,-82.901,2019,114,1,TUF297,Grn1,105,13,25,15,75,9/4/2019,55,5,100,55,5,100,1.153846154,0.384615385,
Live Oak,30.306,-82.901,2019,114,1,TUF297,Grn1,119,14,10,10,85,9/18/2019,65,0,100,65,0,100,0.714285714,0,
Live Oak,30.306,-82.901,2019,115,1,TUF297,Control,44,44,0,0,0,7/5/2019,0,0,0,0,0,0,0,0,
Live Oak,30.306,-82.901,2019,115,1,TUF297,Control,49,5,0,0,0,7/10/2019,0,0,0,0,0,0,0,0,
Live Oak,30.306,-82.901,2019,115,1,TUF297,Control,63,14,0,0,0,7/24/2019,0,0,0,0,0,0,0,0,
Live Oak,30.306,-82.901,2019,115,1,TUF297,Control,79,16,0,0,0,8/9/2019,0,0,0,0,0,0,0,0,
Live Oak,30.306,-82.901,2019,115,1,TUF297,Control,92,13,0,0,0,8/22/2019,0,0,0,0,0,0,0,0,
Live Oak,30.306,-82.901,2019,115,1,TUF297,Control,105,13,0,0,0,9/4/2019,0,0,0,0,0,0,0,0,
Live Oak,30.306,-82.901,2019,115,1,TUF297,Control,119,14,0,0,0,9/18/2019,0,0,0,0,0,0,0,0,
Live Oak,30.306,-82.901,2019,116,1,TUF297,Scl2,44,44,0,0,0,7/5/2019,0,0,0,0,0,0,0,0,
Live Oak,30.306,-82.901,2019,116,1,TUF297,Scl2,49,5,0,0,0,7/10/2019,0,0,0,0,0,0,0,0,
Live Oak,30.306,-82.901,2019,116,1,TUF297,Scl2,63,14,5,5,5,7/24/2019,5,5,5,0,0,0,0.357142857,0,
Live Oak,30.306,-82.901,2019,116,1,TUF297,Scl2,79,16,0,0,5,8/9/2019,0,0,5,0,0,0,0,0,
Live Oak,30.306,-82.901,2019,116,1,TUF297,Scl2,92,13,0,0,5,8/22/2019,5,5,10,5,5,5,0,0.384615385,
Live Oak,30.306,-82.901,2019,116,1,TUF297,Scl2,105,13,5,5,10,9/4/2019,10,10,20,5,5,10,0.384615385,0.384615385,
Live Oak,30.306,-82.901,2019,116,1,TUF297,Scl2,119,14,5,5,15,9/18/2019,45,45,65,45,45,55,0.357142857,3.214285714,
Live Oak,30.306,-82.901,2019,201,2,GA06G,Control,44,44,0,0,0,7/5/2019,0,0,0,0,0,0,0,0,
Live Oak,30.306,-82.901,2019,201,2,GA06G,Control,49,5,0,0,0,7/10/2019,0,0,0,0,0,0,0,0,
Live Oak,30.306,-82.901,2019,201,2,GA06G,Control,63,14,0,0,0,7/24/2019,0,0,0,0,0,0,0,0,
Live Oak,30.306,-82.901,2019,201,2,GA06G,Control,79,16,0,0,0,8/9/2019,0,0,0,0,0,0,0,0,
Live Oak,30.306,-82.901,2019,201,2,GA06G,Control,92,13,0,0,0,8/22/2019,0,0,0,0,0,0,0,0,
Live Oak,30.306,-82.901,2019,201,2,GA06G,Control,105,13,0,0,0,9/4/2019,0,0,0,0,0,0,0,0,
Live Oak,30.306,-82.901,2019,201,2,GA06G,Control,119,14,0,0,0,9/18/2019,0,0,0,0,0,0,0,0,
Live Oak,30.306,-82.901,2019,202,2,GA06G,Grn3,44,44,20,20,20,7/5/2019,30,30,30,30,30,30,0.454545455,0.681818182,
Live Oak,30.306,-82.901,2019,202,2,GA06G,Grn3,49,5,10,0,20,7/10/2019,25,10,40,25,10,40,0,2,
Live Oak,30.306,-82.901,2019,202,2,GA06G,Grn3,63,14,40,30,50,7/24/2019,65,25,65,60,20,60,2.142857143,1.428571429,
Live Oak,30.306,-82.901,2019,202,2,GA06G,Grn3,79,16,25,10,60,8/9/2019,65,15,80,65,20,80,0.625,1.25,
Live Oak,30.306,-82.901,2019,202,2,GA06G,Grn3,92,13,0,0,60,8/22/2019,35,10,90,35,10,90,0,0.769230769,
Live Oak,30.306,-82.901,2019,202,2,GA06G,Grn3,105,13,20,20,80,9/4/2019,35,5,95,35,5,95,1.538461538,0.384615385,
Live Oak,30.306,-82.901,2019,202,2,GA06G,Grn3,119,14,20,5,85,9/18/2019,65,5,100,65,5,100,0.357142857,0.357142857,
Live Oak,30.306,-82.901,2019,203,2,GA06G,Grn control,44,44,0,0,0,7/5/2019,0,0,0,0,0,0,0,0,
Live Oak,30.306,-82.901,2019,203,2,GA06G,Grn control,49,5,0,0,0,7/10/2019,0,0,0,0,0,0,0,0,
Live Oak,30.306,-82.901,2019,203,2,GA06G,Grn control,63,14,0,0,0,7/24/2019,0,0,0,0,0,0,0,0,
Live Oak,30.306,-82.901,2019,203,2,GA06G,Grn control,79,16,0,0,0,8/9/2019,0,0,0,0,0,0,0,0,
Live Oak,30.306,-82.901,2019,203,2,GA06G,Grn control,92,13,0,0,0,8/22/2019,0,0,0,0,0,0,0,0,
Live Oak,30.306,-82.901,2019,203,2,GA06G,Grn control,105,13,0,0,0,9/4/2019,0,0,0,0,0,0,0,0,
Live Oak,30.306,-82.901,2019,203,2,GA06G,Grn control,119,14,0,0,0,9/18/2019,0,0,0,0,0,0,0,0,
Live Oak,30.306,-82.901,2019,204,2,GA06G,Grn1,44,44,10,10,10,7/5/2019,15,15,15,10,10,10,0.227272727,0.227272727,
Live Oak,30.306,-82.901,2019,204,2,GA06G,Grn1,49,5,10,10,20,7/10/2019,10,10,25,5,5,15,2,1,
Live Oak,30.306,-82.901,2019,204,2,GA06G,Grn1,63,14,80,60,80,7/24/2019,80,60,85,70,60,75,4.285714286,4.285714286,
Live Oak,30.306,-82.901,2019,204,2,GA06G,Grn1,79,16,20,5,85,8/9/2019,90,10,95,90,20,95,0.3125,1.25,
Live Oak,30.306,-82.901,2019,204,2,GA06G,Grn1,92,13,0,0,85,8/22/2019,45,0,95,45,0,95,0,0,
Live Oak,30.306,-82.901,2019,204,2,GA06G,Grn1,105,13,20,0,85,9/4/2019,45,0,95,45,0,95,0,0,
Live Oak,30.306,-82.901,2019,204,2,GA06G,Grn1,119,14,0,0,85,9/18/2019,15,0,95,15,0,95,0,0,
Live Oak,30.306,-82.901,2019,205,2,GA06G,Scl1,44,44,0,0,0,7/5/2019,0,0,0,0,0,0,0,0,
Live Oak,30.306,-82.901,2019,205,2,GA06G,Scl1,49,5,10,10,10,7/10/2019,10,10,10,0,0,0,2,0,
Live Oak,30.306,-82.901,2019,205,2,GA06G,Scl1,63,14,85,75,85,7/24/2019,85,75,85,75,75,75,5.357142857,5.357142857,
Live Oak,30.306,-82.901,2019,205,2,GA06G,Scl1,79,16,75,5,90,8/9/2019,85,5,90,85,15,90,0.3125,0.9375,
Live Oak,30.306,-82.901,2019,205,2,GA06G,Scl1,92,13,0,0,90,8/22/2019,25,0,90,25,0,90,0,0,
Live Oak,30.306,-82.901,2019,205,2,GA06G,Scl1,105,13,15,0,90,9/4/2019,30,0,90,30,0,90,0,0,
Live Oak,30.306,-82.901,2019,205,2,GA06G,Scl1,119,14,5,0,90,9/18/2019,25,0,90,25,0,90,0,0,
Live Oak,30.306,-82.901,2019,206,2,GA06G,Grn2,44,44,5,5,5,7/5/2019,5,5,5,0,0,0,0.113636364,0,
Live Oak,30.306,-82.901,2019,206,2,GA06G,Grn2,49,5,5,5,10,7/10/2019,10,10,15,10,10,10,1,2,
Live Oak,30.306,-82.901,2019,206,2,GA06G,Grn2,63,14,40,30,40,7/24/2019,40,25,40,40,30,40,2.142857143,2.142857143,
Live Oak,30.306,-82.901,2019,206,2,GA06G,Grn2,79,16,65,35,75,8/9/2019,90,50,90,90,50,90,2.1875,3.125,
Live Oak,30.306,-82.901,2019,206,2,GA06G,Grn2,92,13,0,0,75,8/22/2019,50,0,90,50,0,90,0,0,
Live Oak,30.306,-82.901,2019,206,2,GA06G,Grn2,105,13,20,0,75,9/4/2019,70,0,90,65,0,90,0,0,
Live Oak,30.306,-82.901,2019,206,2,GA06G,Grn2,119,14,10,5,80,9/18/2019,65,10,100,65,10,100,0.357142857,0.714285714,
Live Oak,30.306,-82.901,2019,207,2,GA06G,Scl3,44,44,0,0,0,7/5/2019,0,0,0,0,0,0,0,0,
Live Oak,30.306,-82.901,2019,207,2,GA06G,Scl3,49,5,5,5,5,7/10/2019,5,5,5,0,0,0,1,0,
Live Oak,30.306,-82.901,2019,207,2,GA06G,Scl3,63,14,0,0,5,7/24/2019,0,0,5,0,0,0,0,0,
Live Oak,30.306,-82.901,2019,207,2,GA06G,Scl3,79,16,0,0,5,8/9/2019,0,0,5,0,0,0,0,0,
Live Oak,30.306,-82.901,2019,207,2,GA06G,Scl3,92,13,0,0,5,8/22/2019,15,15,20,15,15,15,0,1.153846154,
Live Oak,30.306,-82.901,2019,207,2,GA06G,Scl3,105,13,10,10,15,9/4/2019,20,10,30,20,10,25,0.769230769,0.769230769,
Live Oak,30.306,-82.901,2019,207,2,GA06G,Scl3,119,14,0,0,15,9/18/2019,0,0,30,0,0,25,0,0,
Live Oak,30.306,-82.901,2019,208,2,GA06G,Scl2,44,44,0,0,0,7/5/2019,0,0,0,0,0,0,0,0,
Live Oak,30.306,-82.901,2019,208,2,GA06G,Scl2,49,5,0,0,0,7/10/2019,0,0,0,0,0,0,0,0,
Live Oak,30.306,-82.901,2019,208,2,GA06G,Scl2,63,14,30,30,30,7/24/2019,30,30,30,10,10,10,2.142857143,0.714285714,
Live Oak,30.306,-82.901,2019,208,2,GA06G,Scl2,79,16,0,0,30,8/9/2019,0,0,30,0,0,10,0,0,
Live Oak,30.306,-82.901,2019,208,2,GA06G,Scl2,92,13,0,0,30,8/22/2019,0,0,30,0,0,10,0,0,
Live Oak,30.306,-82.901,2019,208,2,GA06G,Scl2,105,13,5,0,30,9/4/2019,5,0,30,5,0,10,0,0,
Live Oak,30.306,-82.901,2019,208,2,GA06G,Scl2,119,14,5,5,35,9/18/2019,5,5,35,5,5,15,0.357142857,0.357142857,
Live Oak,30.306,-82.901,2019,209,2,TUF297,Grn1,44,44,0,0,0,7/5/2019,0,0,0,0,0,0,0,0,
Live Oak,30.306,-82.901,2019,209,2,TUF297,Grn1,49,5,20,20,20,7/10/2019,20,20,20,0,0,0,4,0,
Live Oak,30.306,-82.901,2019,209,2,TUF297,Grn1,63,14,40,30,50,7/24/2019,40,30,50,15,15,15,2.142857143,1.071428571,
Live Oak,30.306,-82.901,2019,209,2,TUF297,Grn1,79,16,50,20,70,8/9/2019,0,0,50,0,0,15,1.25,0,
Live Oak,30.306,-82.901,2019,209,2,TUF297,Grn1,92,13,5,5,75,8/22/2019,0,0,50,0,0,15,0.384615385,0,
Live Oak,30.306,-82.901,2019,209,2,TUF297,Grn1,105,13,5,0,75,9/4/2019,40,15,65,35,30,45,0,2.307692308,
Live Oak,30.306,-82.901,2019,209,2,TUF297,Grn1,119,14,20,0,75,9/18/2019,45,10,75,45,15,60,0,1.071428571,
Live Oak,30.306,-82.901,2019,210,2,TUF297,Scl3,44,44,0,0,0,7/5/2019,0,0,0,0,0,0,0,0,
Live Oak,30.306,-82.901,2019,210,2,TUF297,Scl3,49,5,0,0,0,7/10/2019,0,0,0,0,0,0,0,0,
Live Oak,30.306,-82.901,2019,210,2,TUF297,Scl3,63,14,0,0,0,7/24/2019,0,0,0,0,0,0,0,0,
Live Oak,30.306,-82.901,2019,210,2,TUF297,Scl3,79,16,0,0,0,8/9/2019,0,0,0,0,0,0,0,0,
Live Oak,30.306,-82.901,2019,210,2,TUF297,Scl3,92,13,0,0,0,8/22/2019,0,0,0,0,0,0,0,0,
Live Oak,30.306,-82.901,2019,210,2,TUF297,Scl3,105,13,0,0,0,9/4/2019,0,0,0,0,0,0,0,0,
Live Oak,30.306,-82.901,2019,210,2,TUF297,Scl3,119,14,0,0,0,9/18/2019,10,10,10,10,10,10,0,0.714285714,
Live Oak,30.306,-82.901,2019,211,2,TUF297,Grn2,44,44,15,15,15,7/5/2019,15,15,15,0,0,0,0.340909091,0,
Live Oak,30.306,-82.901,2019,211,2,TUF297,Grn2,49,5,5,5,20,7/10/2019,5,5,20,0,0,0,1,0,
Live Oak,30.306,-82.901,2019,211,2,TUF297,Grn2,63,14,30,25,45,7/24/2019,30,25,45,30,30,30,1.785714286,2.142857143,
Live Oak,30.306,-82.901,2019,211,2,TUF297,Grn2,79,16,25,15,60,8/9/2019,0,0,45,0,0,30,0.9375,0,
Live Oak,30.306,-82.901,2019,211,2,TUF297,Grn2,92,13,0,0,60,8/22/2019,20,10,55,20,15,45,0,1.153846154,
Live Oak,30.306,-82.901,2019,211,2,TUF297,Grn2,105,13,0,0,60,9/4/2019,50,15,70,50,20,65,0,1.538461538,
Live Oak,30.306,-82.901,2019,211,2,TUF297,Grn2,119,14,0,0,60,9/18/2019,60,20,90,60,20,85,0,1.428571429,
Live Oak,30.306,-82.901,2019,212,2,TUF297,Scl1,44,44,0,0,0,7/5/2019,0,0,0,0,0,0,0,0,
Live Oak,30.306,-82.901,2019,212,2,TUF297,Scl1,49,5,0,0,0,7/10/2019,0,0,0,0,0,0,0,0,
Live Oak,30.306,-82.901,2019,212,2,TUF297,Scl1,63,14,60,60,60,7/24/2019,60,60,60,20,20,20,4.285714286,1.428571429,
Live Oak,30.306,-82.901,2019,212,2,TUF297,Scl1,79,16,0,0,60,8/9/2019,0,0,60,0,0,20,0,0,
Live Oak,30.306,-82.901,2019,212,2,TUF297,Scl1,92,13,0,0,60,8/22/2019,0,0,60,0,0,20,0,0,
Live Oak,30.306,-82.901,2019,212,2,TUF297,Scl1,105,13,5,0,60,9/4/2019,10,5,65,5,5,25,0,0.384615385,
Live Oak,30.306,-82.901,2019,212,2,TUF297,Scl1,119,14,20,10,70,9/18/2019,45,20,85,45,40,65,0.714285714,2.857142857,
Live Oak,30.306,-82.901,2019,213,2,TUF297,Grn control,44,44,0,0,0,7/5/2019,0,0,0,0,0,0,0,0,
Live Oak,30.306,-82.901,2019,213,2,TUF297,Grn control,49,5,0,0,0,7/10/2019,0,0,0,0,0,0,0,0,
Live Oak,30.306,-82.901,2019,213,2,TUF297,Grn control,63,14,0,0,0,7/24/2019,0,0,0,0,0,0,0,0,
Live Oak,30.306,-82.901,2019,213,2,TUF297,Grn control,79,16,0,0,0,8/9/2019,0,0,0,0,0,0,0,0,
Live Oak,30.306,-82.901,2019,213,2,TUF297,Grn control,92,13,0,0,0,8/22/2019,20,20,20,20,20,20,0,1.538461538,
Live Oak,30.306,-82.901,2019,213,2,TUF297,Grn control,105,13,0,0,0,9/4/2019,0,0,20,0,0,20,0,0,
Live Oak,30.306,-82.901,2019,213,2,TUF297,Grn control,119,14,0,0,0,9/18/2019,0,0,20,0,0,20,0,0,
Live Oak,30.306,-82.901,2019,214,2,TUF297,Grn3,44,44,0,0,0,7/5/2019,0,0,0,0,0,0,0,0,
Live Oak,30.306,-82.901,2019,214,2,TUF297,Grn3,49,5,10,10,10,7/10/2019,15,15,15,10,10,10,2,2,
Live Oak,30.306,-82.901,2019,214,2,TUF297,Grn3,63,14,10,5,15,7/24/2019,10,5,20,0,0,10,0.357142857,0,
Live Oak,30.306,-82.901,2019,214,2,TUF297,Grn3,79,16,0,0,15,8/9/2019,80,60,80,80,70,80,0,4.375,
Live Oak,30.306,-82.901,2019,214,2,TUF297,Grn3,92,13,0,0,15,8/22/2019,60,5,85,60,5,85,0,0.384615385,
Live Oak,30.306,-82.901,2019,214,2,TUF297,Grn3,105,13,15,10,25,9/4/2019,20,0,85,20,0,85,0.769230769,0,
Live Oak,30.306,-82.901,2019,214,2,TUF297,Grn3,119,14,0,0,25,9/18/2019,0,0,85,0,0,85,0,0,
Live Oak,30.306,-82.901,2019,215,2,TUF297,Control,44,44,0,0,0,7/5/2019,0,0,0,0,0,0,0,0,
Live Oak,30.306,-82.901,2019,215,2,TUF297,Control,49,5,0,0,0,7/10/2019,0,0,0,0,0,0,0,0,
Live Oak,30.306,-82.901,2019,215,2,TUF297,Control,63,14,0,0,0,7/24/2019,0,0,0,0,0,0,0,0,
Live Oak,30.306,-82.901,2019,215,2,TUF297,Control,79,16,0,0,0,8/9/2019,0,0,0,0,0,0,0,0,
Live Oak,30.306,-82.901,2019,215,2,TUF297,Control,92,13,0,0,0,8/22/2019,10,10,10,10,10,10,0,0.769230769,
Live Oak,30.306,-82.901,2019,215,2,TUF297,Control,105,13,0,0,0,9/4/2019,0,0,10,0,0,10,0,0,
Live Oak,30.306,-82.901,2019,215,2,TUF297,Control,119,14,0,0,0,9/18/2019,0,0,10,0,0,10,0,0,
Live Oak,30.306,-82.901,2019,216,2,TUF297,Scl2,44,44,0,0,0,7/5/2019,0,0,0,0,0,0,0,0,
Live Oak,30.306,-82.901,2019,216,2,TUF297,Scl2,49,5,0,0,0,7/10/2019,0,0,0,0,0,0,0,0,
Live Oak,30.306,-82.901,2019,216,2,TUF297,Scl2,63,14,45,45,45,7/24/2019,45,45,45,35,35,35,3.214285714,2.5,
Live Oak,30.306,-82.901,2019,216,2,TUF297,Scl2,79,16,0,0,45,8/9/2019,70,40,85,70,45,80,0,2.8125,
Live Oak,30.306,-82.901,2019,216,2,TUF297,Scl2,92,13,0,0,45,8/22/2019,25,0,85,25,0,80,0,0,
Live Oak,30.306,-82.901,2019,216,2,TUF297,Scl2,105,13,5,0,45,9/4/2019,5,0,85,5,0,80,0,0,
Live Oak,30.306,-82.901,2019,216,2,TUF297,Scl2,119,14,10,0,45,9/18/2019,10,0,85,0,0,80,0,0,
Live Oak,30.306,-82.901,2019,301,3,TUF297,Scl2,44,44,0,0,0,7/5/2019,0,0,0,0,0,0,0,0,
Live Oak,30.306,-82.901,2019,301,3,TUF297,Scl2,49,5,0,0,0,7/10/2019,0,0,0,0,0,0,0,0,
Live Oak,30.306,-82.901,2019,301,3,TUF297,Scl2,63,14,20,20,20,7/24/2019,20,20,20,10,10,10,1.428571429,0.714285714,
Live Oak,30.306,-82.901,2019,301,3,TUF297,Scl2,79,16,0,0,20,8/9/2019,0,0,20,0,0,10,0,0,
Live Oak,30.306,-82.901,2019,301,3,TUF297,Scl2,92,13,0,0,20,8/22/2019,80,65,85,80,75,85,0,5.769230769,
Live Oak,30.306,-82.901,2019,301,3,TUF297,Scl2,105,13,15,15,35,9/4/2019,60,10,95,60,10,95,1.153846154,0.769230769,
Live Oak,30.306,-82.901,2019,301,3,TUF297,Scl2,119,14,0,0,35,9/18/2019,60,5,100,60,5,100,0,0.357142857,
Live Oak,30.306,-82.901,2019,302,3,TUF297,Grn3,44,44,15,15,15,7/5/2019,20,20,20,20,20,20,0.340909091,0.454545455,
Live Oak,30.306,-82.901,2019,302,3,TUF297,Grn3,49,5,5,0,15,7/10/2019,30,25,45,30,25,45,0,5,
Live Oak,30.306,-82.901,2019,302,3,TUF297,Grn3,63,14,25,20,35,7/24/2019,65,30,75,65,30,75,1.428571429,2.142857143,
Live Oak,30.306,-82.901,2019,302,3,TUF297,Grn3,79,16,0,0,35,8/9/2019,0,0,75,0,0,75,0,0,
Live Oak,30.306,-82.901,2019,302,3,TUF297,Grn3,92,13,0,0,35,8/22/2019,40,5,80,40,5,80,0,0.384615385,
Live Oak,30.306,-82.901,2019,302,3,TUF297,Grn3,105,13,5,5,40,9/4/2019,35,0,80,35,0,80,0.384615385,0,
Live Oak,30.306,-82.901,2019,302,3,TUF297,Grn3,119,14,0,0,40,9/18/2019,80,20,100,80,20,100,0,1.428571429,
Live Oak,30.306,-82.901,2019,303,3,TUF297,Scl3,44,44,0,0,0,7/5/2019,0,0,0,0,0,0,0,0,
Live Oak,30.306,-82.901,2019,303,3,TUF297,Scl3,49,5,0,0,0,7/10/2019,0,0,0,0,0,0,0,0,
Live Oak,30.306,-82.901,2019,303,3,TUF297,Scl3,63,14,10,10,10,7/24/2019,10,10,10,0,0,0,0.714285714,0,
Live Oak,30.306,-82.901,2019,303,3,TUF297,Scl3,79,16,0,0,10,8/9/2019,0,0,10,0,0,0,0,0,
Live Oak,30.306,-82.901,2019,303,3,TUF297,Scl3,92,13,0,0,10,8/22/2019,0,0,10,0,0,0,0,0,
Live Oak,30.306,-82.901,2019,303,3,TUF297,Scl3,105,13,5,5,15,9/4/2019,10,10,20,10,10,10,0.384615385,0.769230769,
Live Oak,30.306,-82.901,2019,303,3,TUF297,Scl3,119,14,0,0,15,9/18/2019,15,10,30,15,15,25,0,1.071428571,
Live Oak,30.306,-82.901,2019,304,3,TUF297,Grn1,44,44,0,0,0,7/5/2019,0,0,0,0,0,0,0,0,
Live Oak,30.306,-82.901,2019,304,3,TUF297,Grn1,49,5,10,10,10,7/10/2019,10,10,10,0,0,0,2,0,
Live Oak,30.306,-82.901,2019,304,3,TUF297,Grn1,63,14,60,50,60,7/24/2019,85,75,85,85,85,85,3.571428571,6.071428571,
Live Oak,30.306,-82.901,2019,304,3,TUF297,Grn1,79,16,0,0,60,8/9/2019,40,10,95,40,10,95,0,0.625,
Live Oak,30.306,-82.901,2019,304,3,TUF297,Grn1,92,13,0,0,60,8/22/2019,40,0,95,40,0,95,0,0,
Live Oak,30.306,-82.901,2019,304,3,TUF297,Grn1,105,13,5,5,65,9/4/2019,40,0,95,40,0,95,0.384615385,0,
Live Oak,30.306,-82.901,2019,304,3,TUF297,Grn1,119,14,0,0,65,9/18/2019,60,0,95,60,0,95,0,0,
Live Oak,30.306,-82.901,2019,305,3,TUF297,Grn control,44,44,0,0,0,7/5/2019,0,0,0,0,0,0,0,0,
Live Oak,30.306,-82.901,2019,305,3,TUF297,Grn control,49,5,0,0,0,7/10/2019,0,0,0,0,0,0,0,0,
Live Oak,30.306,-82.901,2019,305,3,TUF297,Grn control,63,14,25,25,25,7/24/2019,25,25,25,10,10,10,1.785714286,0.714285714,
Live Oak,30.306,-82.901,2019,305,3,TUF297,Grn control,79,16,20,10,35,8/9/2019,25,15,40,25,25,35,0.625,1.5625,
Live Oak,30.306,-82.901,2019,305,3,TUF297,Grn control,92,13,0,0,35,8/22/2019,25,0,40,25,5,40,0,0.384615385,
Live Oak,30.306,-82.901,2019,305,3,TUF297,Grn control,105,13,10,5,40,9/4/2019,25,15,55,20,15,55,0.384615385,1.153846154,
Live Oak,30.306,-82.901,2019,305,3,TUF297,Grn control,119,14,0,0,40,9/18/2019,5,0,55,5,0,55,0,0,
Live Oak,30.306,-82.901,2019,306,3,TUF297,Control,44,44,0,0,0,7/5/2019,0,0,0,0,0,0,0,0,
Live Oak,30.306,-82.901,2019,306,3,TUF297,Control,49,5,0,0,0,7/10/2019,0,0,0,0,0,0,0,0,
Live Oak,30.306,-82.901,2019,306,3,TUF297,Control,63,14,0,0,0,7/24/2019,0,0,0,0,0,0,0,0,
Live Oak,30.306,-82.901,2019,306,3,TUF297,Control,79,16,0,0,0,8/9/2019,0,0,0,0,0,0,0,0,
Live Oak,30.306,-82.901,2019,306,3,TUF297,Control,92,13,0,0,0,8/22/2019,0,0,0,0,0,0,0,0,
Live Oak,30.306,-82.901,2019,306,3,TUF297,Control,105,13,0,0,0,9/4/2019,0,0,0,0,0,0,0,0,
Live Oak,30.306,-82.901,2019,306,3,TUF297,Control,119,14,0,0,0,9/18/2019,0,0,0,0,0,0,0,0,
Live Oak,30.306,-82.901,2019,307,3,TUF297,Scl1,44,44,0,0,0,7/5/2019,0,0,0,0,0,0,0,0,
Live Oak,30.306,-82.901,2019,307,3,TUF297,Scl1,49,5,0,0,0,7/10/2019,0,0,0,0,0,0,0,0,
Live Oak,30.306,-82.901,2019,307,3,TUF297,Scl1,63,14,80,80,80,7/24/2019,80,80,80,80,80,80,5.714285714,5.714285714,
Live Oak,30.306,-82.901,2019,307,3,TUF297,Scl1,79,16,5,0,80,8/9/2019,25,0,80,25,0,80,0,0,
Live Oak,30.306,-82.901,2019,307,3,TUF297,Scl1,92,13,0,0,80,8/22/2019,5,0,80,5,0,80,0,0,
Live Oak,30.306,-82.901,2019,307,3,TUF297,Scl1,105,13,0,0,80,9/4/2019,0,0,80,0,0,80,0,0,
Live Oak,30.306,-82.901,2019,307,3,TUF297,Scl1,119,14,25,5,85,9/18/2019,40,5,85,40,5,85,0.357142857,0.357142857,
Live Oak,30.306,-82.901,2019,308,3,TUF297,Grn2,44,44,10,10,10,7/5/2019,10,10,10,10,10,10,0.227272727,0.227272727,
Live Oak,30.306,-82.901,2019,308,3,TUF297,Grn2,49,5,0,0,10,7/10/2019,0,0,10,0,0,10,0,0,
Live Oak,30.306,-82.901,2019,308,3,TUF297,Grn2,63,14,65,55,65,7/24/2019,65,55,65,55,45,55,3.928571429,3.214285714,
Live Oak,30.306,-82.901,2019,308,3,TUF297,Grn2,79,16,5,0,65,8/9/2019,20,10,75,20,10,65,0,0.625,
Live Oak,30.306,-82.901,2019,308,3,TUF297,Grn2,92,13,0,0,65,8/22/2019,20,5,80,20,5,70,0,0.384615385,
Live Oak,30.306,-82.901,2019,308,3,TUF297,Grn2,105,13,15,10,75,9/4/2019,35,5,85,35,10,80,0.769230769,0.769230769,
Live Oak,30.306,-82.901,2019,308,3,TUF297,Grn2,119,14,25,10,85,9/18/2019,60,10,95,60,15,95,0.714285714,1.071428571,
Live Oak,30.306,-82.901,2019,309,3,GA06G,Scl2,44,44,0,0,0,7/5/2019,0,0,0,0,0,0,0,0,
Live Oak,30.306,-82.901,2019,309,3,GA06G,Scl2,49,5,0,0,0,7/10/2019,0,0,0,0,0,0,0,0,
Live Oak,30.306,-82.901,2019,309,3,GA06G,Scl2,63,14,0,0,0,7/24/2019,0,0,0,0,0,0,0,0,
Live Oak,30.306,-82.901,2019,309,3,GA06G,Scl2,79,16,0,0,0,8/9/2019,0,0,0,0,0,0,0,0,
Live Oak,30.306,-82.901,2019,309,3,GA06G,Scl2,92,13,0,0,0,8/22/2019,0,0,0,0,0,0,0,0,
Live Oak,30.306,-82.901,2019,309,3,GA06G,Scl2,105,13,5,5,5,9/4/2019,30,30,30,30,30,30,0.384615385,2.307692308,
Live Oak,30.306,-82.901,2019,309,3,GA06G,Scl2,119,14,0,0,5,9/18/2019,0,0,30,0,0,30,0,0,
Live Oak,30.306,-82.901,2019,310,3,GA06G,Grn1,44,44,5,5,5,7/5/2019,25,25,25,25,25,25,0.113636364,0.568181818,
Live Oak,30.306,-82.901,2019,310,3,GA06G,Grn1,49,5,0,0,5,7/10/2019,0,0,25,0,0,25,0,0,
Live Oak,30.306,-82.901,2019,310,3,GA06G,Grn1,63,14,15,15,20,7/24/2019,50,30,55,50,30,55,1.071428571,2.142857143,
Live Oak,30.306,-82.901,2019,310,3,GA06G,Grn1,79,16,0,0,20,8/9/2019,50,0,55,50,0,55,0,0,
Live Oak,30.306,-82.901,2019,310,3,GA06G,Grn1,92,13,15,10,30,8/22/2019,45,0,55,45,0,55,0.769230769,0,
Live Oak,30.306,-82.901,2019,310,3,GA06G,Grn1,105,13,25,15,45,9/4/2019,65,15,70,65,15,70,1.153846154,1.153846154,
Live Oak,30.306,-82.901,2019,310,3,GA06G,Grn1,119,14,0,0,45,9/18/2019,70,5,75,70,5,75,0,0.357142857,
Live Oak,30.306,-82.901,2019,311,3,GA06G,Scl3,44,44,0,0,0,7/5/2019,0,0,0,0,0,0,0,0,
Live Oak,30.306,-82.901,2019,311,3,GA06G,Scl3,49,5,0,0,0,7/10/2019,0,0,0,0,0,0,0,0,
Live Oak,30.306,-82.901,2019,311,3,GA06G,Scl3,63,14,30,30,30,7/24/2019,35,35,35,35,35,35,2.142857143,2.5,
Live Oak,30.306,-82.901,2019,311,3,GA06G,Scl3,79,16,40,40,70,8/9/2019,45,40,75,40,35,70,2.5,2.1875,
Live Oak,30.306,-82.901,2019,311,3,GA06G,Scl3,92,13,10,5,75,8/22/2019,30,5,80,30,5,75,0.384615385,0.384615385,
Live Oak,30.306,-82.901,2019,311,3,GA06G,Scl3,105,13,0,0,75,9/4/2019,20,0,80,20,0,75,0,0,
Live Oak,30.306,-82.901,2019,311,3,GA06G,Scl3,119,14,0,0,75,9/18/2019,15,5,85,15,5,80,0,0.357142857,
Live Oak,30.306,-82.901,2019,312,3,GA06G,Scl1,44,44,0,0,0,7/5/2019,0,0,0,0,0,0,0,0,
Live Oak,30.306,-82.901,2019,312,3,GA06G,Scl1,49,5,0,0,0,7/10/2019,0,0,0,0,0,0,0,0,
Live Oak,30.306,-82.901,2019,312,3,GA06G,Scl1,63,14,70,70,70,7/24/2019,70,70,70,65,65,65,5,4.642857143,
Live Oak,30.306,-82.901,2019,312,3,GA06G,Scl1,79,16,50,10,80,8/9/2019,75,25,95,75,30,95,0.625,1.875,
Live Oak,30.306,-82.901,2019,312,3,GA06G,Scl1,92,13,10,0,80,8/22/2019,40,0,95,40,0,95,0,0,
Live Oak,30.306,-82.901,2019,312,3,GA06G,Scl1,105,13,5,0,80,9/4/2019,35,0,95,35,0,95,0,0,
Live Oak,30.306,-82.901,2019,312,3,GA06G,Scl1,119,14,5,0,80,9/18/2019,15,0,95,15,0,95,0,0,
Live Oak,30.306,-82.901,2019,313,3,GA06G,Grn3,44,44,10,10,10,7/5/2019,30,30,30,30,30,30,0.227272727,0.681818182,
Live Oak,30.306,-82.901,2019,313,3,GA06G,Grn3,49,5,40,40,50,7/10/2019,55,40,70,50,35,65,8,7,
Live Oak,30.306,-82.901,2019,313,3,GA06G,Grn3,63,14,40,15,65,7/24/2019,75,15,85,75,20,85,1.071428571,1.428571429,
Live Oak,30.306,-82.901,2019,313,3,GA06G,Grn3,79,16,35,5,70,8/9/2019,60,10,95,60,10,95,0.3125,0.625,
Live Oak,30.306,-82.901,2019,313,3,GA06G,Grn3,92,13,5,0,70,8/22/2019,50,0,95,50,0,95,0,0,
Live Oak,30.306,-82.901,2019,313,3,GA06G,Grn3,105,13,5,0,70,9/4/2019,60,0,95,60,0,95,0,0,
Live Oak,30.306,-82.901,2019,313,3,GA06G,Grn3,119,14,5,5,75,9/18/2019,85,5,100,85,5,100,0.357142857,0.357142857,
Live Oak,30.306,-82.901,2019,314,3,GA06G,Grn control,44,44,0,0,0,7/5/2019,0,0,0,0,0,0,0,0,
Live Oak,30.306,-82.901,2019,314,3,GA06G,Grn control,49,5,0,0,0,7/10/2019,0,0,0,0,0,0,0,0,
Live Oak,30.306,-82.901,2019,314,3,GA06G,Grn control,63,14,5,5,5,7/24/2019,5,5,5,5,5,5,0.357142857,0.357142857,
Live Oak,30.306,-82.901,2019,314,3,GA06G,Grn control,79,16,15,10,15,8/9/2019,15,10,15,15,10,15,0.625,0.625,
Live Oak,30.306,-82.901,2019,314,3,GA06G,Grn control,92,13,0,0,15,8/22/2019,0,0,15,0,0,15,0,0,
Live Oak,30.306,-82.901,2019,314,3,GA06G,Grn control,105,13,0,0,15,9/4/2019,5,5,20,5,5,20,0,0.384615385,
Live Oak,30.306,-82.901,2019,314,3,GA06G,Grn control,119,14,0,0,15,9/18/2019,0,0,20,0,0,20,0,0,
Live Oak,30.306,-82.901,2019,315,3,GA06G,Grn2,44,44,25,25,25,7/5/2019,60,60,60,55,55,55,0.568181818,1.25,
Live Oak,30.306,-82.901,2019,315,3,GA06G,Grn2,49,5,25,20,45,7/10/2019,55,20,80,55,25,80,4,5,
Live Oak,30.306,-82.901,2019,315,3,GA06G,Grn2,63,14,20,10,55,7/24/2019,90,15,95,90,15,95,0.714285714,1.071428571,
Live Oak,30.306,-82.901,2019,315,3,GA06G,Grn2,79,16,0,0,55,8/9/2019,65,5,100,65,5,100,0,0.3125,
Live Oak,30.306,-82.901,2019,315,3,GA06G,Grn2,92,13,0,0,55,8/22/2019,50,0,100,50,0,100,0,0,
Live Oak,30.306,-82.901,2019,315,3,GA06G,Grn2,105,13,5,0,55,9/4/2019,75,0,100,75,0,100,0,0,
Live Oak,30.306,-82.901,2019,315,3,GA06G,Grn2,119,14,25,0,55,9/18/2019,90,0,100,110,0,100,0,0,
Live Oak,30.306,-82.901,2019,316,3,GA06G,Control,44,44,0,0,0,7/5/2019,0,0,0,0,0,0,0,0,
Live Oak,30.306,-82.901,2019,316,3,GA06G,Control,49,5,0,0,0,7/10/2019,0,0,0,0,0,0,0,0,
Live Oak,30.306,-82.901,2019,316,3,GA06G,Control,63,14,0,0,0,7/24/2019,0,0,0,0,0,0,0,0,
Live Oak,30.306,-82.901,2019,316,3,GA06G,Control,79,16,0,0,0,8/9/2019,0,0,0,0,0,0,0,0,
Live Oak,30.306,-82.901,2019,316,3,GA06G,Control,92,13,0,0,0,8/22/2019,0,0,0,0,0,0,0,0,
Live Oak,30.306,-82.901,2019,316,3,GA06G,Control,105,13,0,0,0,9/4/2019,0,0,0,0,0,0,0,0,
Live Oak,30.306,-82.901,2019,316,3,GA06G,Control,119,14,5,5,5,9/18/2019,15,15,15,15,15,15,0.357142857,1.071428571,
Live Oak,30.306,-82.901,2019,401,4,TUF297,Scl1,44,44,0,0,0,7/5/2019,0,0,0,0,0,0,0,0,
Live Oak,30.306,-82.901,2019,401,4,TUF297,Scl1,49,5,0,0,0,7/10/2019,0,0,0,0,0,0,0,0,
Live Oak,30.306,-82.901,2019,401,4,TUF297,Scl1,63,14,60,60,60,7/24/2019,60,60,60,50,50,50,4.285714286,3.571428571,
Live Oak,30.306,-82.901,2019,401,4,TUF297,Scl1,79,16,25,5,65,8/9/2019,40,10,70,40,15,65,0.3125,0.9375,
Live Oak,30.306,-82.901,2019,401,4,TUF297,Scl1,92,13,0,0,65,8/22/2019,0,0,70,0,0,65,0,0,
Live Oak,30.306,-82.901,2019,401,4,TUF297,Scl1,105,13,0,0,65,9/4/2019,0,0,70,0,0,65,0,0,
Live Oak,30.306,-82.901,2019,401,4,TUF297,Scl1,119,14,0,0,65,9/18/2019,0,0,70,0,0,65,0,0,
Live Oak,30.306,-82.901,2019,402,4,TUF297,Scl3,44,44,0,0,0,7/5/2019,0,0,0,0,0,0,0,0,
Live Oak,30.306,-82.901,2019,402,4,TUF297,Scl3,49,5,0,0,0,7/10/2019,0,0,0,0,0,0,0,0,
Live Oak,30.306,-82.901,2019,402,4,TUF297,Scl3,63,14,5,5,5,7/24/2019,5,5,5,0,0,0,0.357142857,0,
Live Oak,30.306,-82.901,2019,402,4,TUF297,Scl3,79,16,0,0,5,8/9/2019,0,0,5,0,0,0,0,0,
Live Oak,30.306,-82.901,2019,402,4,TUF297,Scl3,92,13,0,0,5,8/22/2019,0,0,5,0,0,0,0,0,
Live Oak,30.306,-82.901,2019,402,4,TUF297,Scl3,105,13,0,0,5,9/4/2019,0,0,5,0,0,0,0,0,
Live Oak,30.306,-82.901,2019,402,4,TUF297,Scl3,119,14,0,0,5,9/18/2019,0,0,5,0,0,0,0,0,
Live Oak,30.306,-82.901,2019,403,4,TUF297,Control,44,44,0,0,0,7/5/2019,0,0,0,0,0,0,0,0,
Live Oak,30.306,-82.901,2019,403,4,TUF297,Control,49,5,0,0,0,7/10/2019,0,0,0,0,0,0,0,0,
Live Oak,30.306,-82.901,2019,403,4,TUF297,Control,63,14,0,0,0,7/24/2019,0,0,0,0,0,0,0,0,
Live Oak,30.306,-82.901,2019,403,4,TUF297,Control,79,16,0,0,0,8/9/2019,0,0,0,0,0,0,0,0,
Live Oak,30.306,-82.901,2019,403,4,TUF297,Control,92,13,0,0,0,8/22/2019,0,0,0,0,0,0,0,0,
Live Oak,30.306,-82.901,2019,403,4,TUF297,Control,105,13,0,0,0,9/4/2019,0,0,0,0,0,0,0,0,
Live Oak,30.306,-82.901,2019,403,4,TUF297,Control,119,14,0,0,0,9/18/2019,0,0,0,0,0,0,0,0,
Live Oak,30.306,-82.901,2019,404,4,TUF297,Scl2,44,44,0,0,0,7/5/2019,0,0,0,0,0,0,0,0,
Live Oak,30.306,-82.901,2019,404,4,TUF297,Scl2,49,5,0,0,0,7/10/2019,0,0,0,0,0,0,0,0,
Live Oak,30.306,-82.901,2019,404,4,TUF297,Scl2,63,14,60,60,60,7/24/2019,60,60,60,45,45,45,4.285714286,3.214285714,
Live Oak,30.306,-82.901,2019,404,4,TUF297,Scl2,79,16,0,0,60,8/9/2019,0,0,60,0,0,45,0,0,
Live Oak,30.306,-82.901,2019,404,4,TUF297,Scl2,92,13,0,0,60,8/22/2019,0,0,60,0,0,45,0,0,
Live Oak,30.306,-82.901,2019,404,4,TUF297,Scl2,105,13,0,0,60,9/4/2019,0,0,60,0,0,45,0,0,
Live Oak,30.306,-82.901,2019,404,4,TUF297,Scl2,119,14,0,0,60,9/18/2019,0,0,60,0,0,45,0,0,
Live Oak,30.306,-82.901,2019,405,4,TUF297,Grn3,44,44,5,5,5,7/5/2019,15,15,15,15,15,15,0.113636364,0.340909091,
Live Oak,30.306,-82.901,2019,405,4,TUF297,Grn3,49,5,0,0,5,7/10/2019,0,0,15,0,0,15,0,0,
Live Oak,30.306,-82.901,2019,405,4,TUF297,Grn3,63,14,5,5,10,7/24/2019,5,5,20,5,5,20,0.357142857,0.357142857,
Live Oak,30.306,-82.901,2019,405,4,TUF297,Grn3,79,16,0,0,10,8/9/2019,0,0,20,0,0,20,0,0,
Live Oak,30.306,-82.901,2019,405,4,TUF297,Grn3,92,13,0,0,10,8/22/2019,30,20,40,30,20,40,0,1.538461538,
Live Oak,30.306,-82.901,2019,405,4,TUF297,Grn3,105,13,0,0,10,9/4/2019,0,0,40,0,0,40,0,0,
Live Oak,30.306,-82.901,2019,405,4,TUF297,Grn3,119,14,0,0,10,9/18/2019,10,0,40,10,0,40,0,0,
Live Oak,30.306,-82.901,2019,406,4,TUF297,Grn2,44,44,15,15,15,7/5/2019,20,20,20,20,20,20,0.340909091,0.454545455,
Live Oak,30.306,-82.901,2019,406,4,TUF297,Grn2,49,5,0,0,15,7/10/2019,0,0,20,0,0,20,0,0,
Live Oak,30.306,-82.901,2019,406,4,TUF297,Grn2,63,14,15,10,25,7/24/2019,15,10,30,10,5,25,0.714285714,0.357142857,
Live Oak,30.306,-82.901,2019,406,4,TUF297,Grn2,79,16,45,35,60,8/9/2019,45,30,60,45,35,60,2.1875,2.1875,
Live Oak,30.306,-82.901,2019,406,4,TUF297,Grn2,92,13,0,0,60,8/22/2019,15,5,65,15,5,65,0,0.384615385,
Live Oak,30.306,-82.901,2019,406,4,TUF297,Grn2,105,13,10,0,60,9/4/2019,45,15,80,45,15,80,0,1.153846154,
Live Oak,30.306,-82.901,2019,406,4,TUF297,Grn2,119,14,0,0,60,9/18/2019,0,0,80,0,0,80,0,0,
Live Oak,30.306,-82.901,2019,407,4,TUF297,Grn1,44,44,5,5,5,7/5/2019,5,5,5,5,5,5,0.113636364,0.113636364,
Live Oak,30.306,-82.901,2019,407,4,TUF297,Grn1,49,5,25,25,30,7/10/2019,25,25,30,0,0,5,5,0,
Live Oak,30.306,-82.901,2019,407,4,TUF297,Grn1,63,14,45,30,60,7/24/2019,50,30,60,50,50,55,2.142857143,3.571428571,
Live Oak,30.306,-82.901,2019,407,4,TUF297,Grn1,79,16,0,0,60,8/9/2019,30,15,75,30,15,70,0,0.9375,
Live Oak,30.306,-82.901,2019,407,4,TUF297,Grn1,92,13,0,0,60,8/22/2019,0,0,75,0,0,70,0,0,
Live Oak,30.306,-82.901,2019,407,4,TUF297,Grn1,105,13,0,0,60,9/4/2019,25,5,80,25,10,80,0,0.769230769,
Live Oak,30.306,-82.901,2019,407,4,TUF297,Grn1,119,14,5,5,65,9/18/2019,25,0,80,25,0,80,0.357142857,0,
Live Oak,30.306,-82.901,2019,408,4,TUF297,Grn control,44,44,0,0,0,7/5/2019,0,0,0,0,0,0,0,0,
Live Oak,30.306,-82.901,2019,408,4,TUF297,Grn control,49,5,0,0,0,7/10/2019,0,0,0,0,0,0,0,0,
Live Oak,30.306,-82.901,2019,408,4,TUF297,Grn control,63,14,50,50,50,7/24/2019,50,50,50,25,25,25,3.571428571,1.785714286,
Live Oak,30.306,-82.901,2019,408,4,TUF297,Grn control,79,16,15,10,60,8/9/2019,20,10,60,20,15,40,0.625,0.9375,
Live Oak,30.306,-82.901,2019,408,4,TUF297,Grn control,92,13,0,0,60,8/22/2019,0,0,60,0,0,40,0,0,
Live Oak,30.306,-82.901,2019,408,4,TUF297,Grn control,105,13,5,0,60,9/4/2019,20,10,70,20,15,55,0,1.153846154,
Live Oak,30.306,-82.901,2019,408,4,TUF297,Grn control,119,14,0,0,60,9/18/2019,0,0,70,0,0,55,0,0,
Live Oak,30.306,-82.901,2019,409,4,GA06G,Grn1,44,44,0,0,0,7/5/2019,0,0,0,0,0,0,0,0,
Live Oak,30.306,-82.901,2019,409,4,GA06G,Grn1,49,5,0,0,0,7/10/2019,0,0,0,0,0,0,0,0,
Live Oak,30.306,-82.901,2019,409,4,GA06G,Grn1,63,14,60,60,60,7/24/2019,60,60,60,55,55,55,4.285714286,3.928571429,
Live Oak,30.306,-82.901,2019,409,4,GA06G,Grn1,79,16,0,0,60,8/9/2019,60,10,70,60,10,65,0,0.625,
Live Oak,30.306,-82.901,2019,409,4,GA06G,Grn1,92,13,0,0,60,8/22/2019,45,10,80,45,10,75,0,0.769230769,
Live Oak,30.306,-82.901,2019,409,4,GA06G,Grn1,105,13,20,10,70,9/4/2019,35,5,85,35,5,80,0.769230769,0.384615385,
Live Oak,30.306,-82.901,2019,409,4,GA06G,Grn1,119,14,0,0,70,9/18/2019,25,0,85,25,0,80,0,0,
Live Oak,30.306,-82.901,2019,410,4,GA06G,Scl3,44,44,0,0,0,7/5/2019,0,0,0,0,0,0,0,0,
Live Oak,30.306,-82.901,2019,410,4,GA06G,Scl3,49,5,0,0,0,7/10/2019,0,0,0,0,0,0,0,0,
Live Oak,30.306,-82.901,2019,410,4,GA06G,Scl3,63,14,0,0,0,7/24/2019,0,0,0,0,0,0,0,0,
Live Oak,30.306,-82.901,2019,410,4,GA06G,Scl3,79,16,0,0,0,8/9/2019,0,0,0,0,0,0,0,0,
Live Oak,30.306,-82.901,2019,410,4,GA06G,Scl3,92,13,0,0,0,8/22/2019,0,0,0,0,0,0,0,0,
Live Oak,30.306,-82.901,2019,410,4,GA06G,Scl3,105,13,0,0,0,9/4/2019,0,0,0,0,0,0,0,0,
Live Oak,30.306,-82.901,2019,410,4,GA06G,Scl3,119,14,0,0,0,9/18/2019,0,0,0,0,0,0,0,0,
Live Oak,30.306,-82.901,2019,411,4,GA06G,Scl1,44,44,0,0,0,7/5/2019,0,0,0,0,0,0,0,0,
Live Oak,30.306,-82.901,2019,411,4,GA06G,Scl1,49,5,0,0,0,7/10/2019,0,0,0,0,0,0,0,0,
Live Oak,30.306,-82.901,2019,411,4,GA06G,Scl1,63,14,65,65,65,7/24/2019,65,65,65,65,65,65,4.642857143,4.642857143,
Live Oak,30.306,-82.901,2019,411,4,GA06G,Scl1,79,16,55,30,95,8/9/2019,65,35,100,65,35,100,1.875,2.1875,
Live Oak,30.306,-82.901,2019,411,4,GA06G,Scl1,92,13,0,0,95,8/22/2019,0,0,100,0,0,100,0,0,
Live Oak,30.306,-82.901,2019,411,4,GA06G,Scl1,105,13,0,0,95,9/4/2019,0,0,100,0,0,100,0,0,
Live Oak,30.306,-82.901,2019,411,4,GA06G,Scl1,119,14,0,0,95,9/18/2019,0,0,100,0,0,100,0,0,
Live Oak,30.306,-82.901,2019,412,4,GA06G,Scl2,44,44,0,0,0,7/5/2019,0,0,0,0,0,0,0,0,
Live Oak,30.306,-82.901,2019,412,4,GA06G,Scl2,49,5,0,0,0,7/10/2019,0,0,0,0,0,0,0,0,
Live Oak,30.306,-82.901,2019,412,4,GA06G,Scl2,63,14,25,25,25,7/24/2019,25,25,25,20,20,20,1.785714286,1.428571429,
Live Oak,30.306,-82.901,2019,412,4,GA06G,Scl2,79,16,35,30,55,8/9/2019,40,35,60,40,40,60,1.875,2.5,
Live Oak,30.306,-82.901,2019,412,4,GA06G,Scl2,92,13,0,0,55,8/22/2019,0,0,60,0,0,60,0,0,
Live Oak,30.306,-82.901,2019,412,4,GA06G,Scl2,105,13,10,10,65,9/4/2019,10,10,70,10,10,70,0.769230769,0.769230769,
Live Oak,30.306,-82.901,2019,412,4,GA06G,Scl2,119,14,10,0,65,9/18/2019,10,0,70,10,0,70,0,0,
Live Oak,30.306,-82.901,2019,413,4,GA06G,Grn2,44,44,15,15,15,7/5/2019,25,25,25,25,25,25,0.340909091,0.568181818,
Live Oak,30.306,-82.901,2019,413,4,GA06G,Grn2,49,5,25,20,35,7/10/2019,35,20,45,30,15,40,4,3,
Live Oak,30.306,-82.901,2019,413,4,GA06G,Grn2,63,14,20,15,50,7/24/2019,55,20,65,45,15,55,1.071428571,1.071428571,
Live Oak,30.306,-82.901,2019,413,4,GA06G,Grn2,79,16,0,0,50,8/9/2019,45,10,75,45,20,75,0,1.25,
Live Oak,30.306,-82.901,2019,413,4,GA06G,Grn2,92,13,0,0,50,8/22/2019,35,5,80,35,5,80,0,0.384615385,
Live Oak,30.306,-82.901,2019,413,4,GA06G,Grn2,105,13,25,10,60,9/4/2019,45,5,85,45,5,85,0.769230769,0.384615385,
Live Oak,30.306,-82.901,2019,413,4,GA06G,Grn2,119,14,0,0,60,9/18/2019,55,10,95,55,10,95,0,0.714285714,
Live Oak,30.306,-82.901,2019,414,4,GA06G,Control,44,44,0,0,0,7/5/2019,0,0,0,0,0,0,0,0,
Live Oak,30.306,-82.901,2019,414,4,GA06G,Control,49,5,0,0,0,7/10/2019,0,0,0,0,0,0,0,0,
Live Oak,30.306,-82.901,2019,414,4,GA06G,Control,63,14,0,0,0,7/24/2019,0,0,0,0,0,0,0,0,
Live Oak,30.306,-82.901,2019,414,4,GA06G,Control,79,16,0,0,0,8/9/2019,0,0,0,0,0,0,0,0,
Live Oak,30.306,-82.901,2019,414,4,GA06G,Control,92,13,5,5,5,8/22/2019,5,5,5,5,5,5,0.384615385,0.384615385,
Live Oak,30.306,-82.901,2019,414,4,GA06G,Control,105,13,5,5,10,9/4/2019,5,5,10,5,5,10,0.384615385,0.384615385,
Live Oak,30.306,-82.901,2019,414,4,GA06G,Control,119,14,0,0,10,9/18/2019,0,0,10,0,0,10,0,0,
Live Oak,30.306,-82.901,2019,415,4,GA06G,Grn control,44,44,0,0,0,7/5/2019,0,0,0,0,0,0,0,0,
Live Oak,30.306,-82.901,2019,415,4,GA06G,Grn control,49,5,0,0,0,7/10/2019,0,0,0,0,0,0,0,0,
Live Oak,30.306,-82.901,2019,415,4,GA06G,Grn control,63,14,0,0,0,7/24/2019,0,0,0,0,0,0,0,0,
Live Oak,30.306,-82.901,2019,415,4,GA06G,Grn control,79,16,0,0,0,8/9/2019,0,0,0,0,0,0,0,0,
Live Oak,30.306,-82.901,2019,415,4,GA06G,Grn control,92,13,0,0,0,8/22/2019,0,0,0,0,0,0,0,0,
Live Oak,30.306,-82.901,2019,415,4,GA06G,Grn control,105,13,0,0,0,9/4/2019,0,0,0,0,0,0,0,0,
Live Oak,30.306,-82.901,2019,415,4,GA06G,Grn control,119,14,0,0,0,9/18/2019,0,0,0,0,0,0,0,0,
Live Oak,30.306,-82.901,2019,416,4,GA06G,Grn3,44,44,5,5,5,7/5/2019,35,35,35,30,30,30,0.113636364,0.681818182,
Live Oak,30.306,-82.901,2019,416,4,GA06G,Grn3,49,5,25,20,25,7/10/2019,40,15,50,35,15,45,4,3,
Live Oak,30.306,-82.901,2019,416,4,GA06G,Grn3,63,14,25,25,50,7/24/2019,70,30,80,70,35,80,1.785714286,2.5,
Live Oak,30.306,-82.901,2019,416,4,GA06G,Grn3,79,16,10,5,55,8/9/2019,55,10,90,55,10,90,0.3125,0.625,
Live Oak,30.306,-82.901,2019,416,4,GA06G,Grn3,92,13,5,5,60,8/22/2019,35,5,95,35,5,95,0.384615385,0.384615385,
Live Oak,30.306,-82.901,2019,416,4,GA06G,Grn3,105,13,5,0,60,9/4/2019,25,0,95,25,0,95,0,0,
Live Oak,30.306,-82.901,2019,416,4,GA06G,Grn3,119,14,0,0,60,9/18/2019,40,5,100,40,5,100,0,0.357142857,
Live Oak,30.306,-82.901,2020,102,1,TUF297,Control,54,54,0,0,0,7/8/2020,0,0,0,0,0,0,0,0,59.86842105
Live Oak,30.306,-82.901,2020,102,1,TUF297,Control,68,14,5,5,5,7/22/2020,5,5,5,0,0,0,0.357142857,0,100
Live Oak,30.306,-82.901,2020,102,1,TUF297,Control,82,14,0,0,5,8/5/2020,0,0,5,0,0,0,0,0,95
Live Oak,30.306,-82.901,2020,102,1,TUF297,Control,96,14,5,5,10,8/19/2020,20,15,20,20,20,20,0.357142857,1.428571429,100
Live Oak,30.306,-82.901,2020,102,1,TUF297,Control,110,14,0,0,10,9/2/2020,5,0,20,5,0,20,0,0,100
Live Oak,30.306,-82.901,2020,102,1,TUF297,Control,130,20,0,0,10,9/22/2020,0,0,20,0,0,20,0,0,100
Live Oak,30.306,-82.901,2020,103,1,TUF297,Grn1,54,54,0,0,0,7/8/2020,0,0,0,0,0,0,0,0,41.44736842
Live Oak,30.306,-82.901,2020,103,1,TUF297,Grn1,68,14,5,5,5,7/22/2020,5,5,5,0,0,0,0.357142857,0,100
Live Oak,30.306,-82.901,2020,103,1,TUF297,Grn1,82,14,10,10,15,8/5/2020,10,10,15,5,5,5,0.714285714,0.357142857,96
Live Oak,30.306,-82.901,2020,103,1,TUF297,Grn1,96,14,0,0,15,8/19/2020,5,5,20,5,5,10,0,0.357142857,100
Live Oak,30.306,-82.901,2020,103,1,TUF297,Grn1,110,14,0,0,15,9/2/2020,0,0,20,0,0,10,0,0,100
Live Oak,30.306,-82.901,2020,103,1,TUF297,Grn1,130,20,25,25,40,9/22/2020,5,5,25,5,5,15,1.25,0.25,100
Live Oak,30.306,-82.901,2020,105,1,TUF297,Grn control,54,54,0,0,0,7/8/2020,0,0,0,0,0,0,0,0,43.42105263
Live Oak,30.306,-82.901,2020,105,1,TUF297,Grn control,68,14,0,0,0,7/22/2020,0,0,0,0,0,0,0,0,81.57894737
Live Oak,30.306,-82.901,2020,105,1,TUF297,Grn control,82,14,0,0,0,8/5/2020,0,0,0,0,0,0,0,0,95
Live Oak,30.306,-82.901,2020,105,1,TUF297,Grn control,96,14,5,5,5,8/19/2020,5,5,5,0,0,0,0.357142857,0,100
Live Oak,30.306,-82.901,2020,105,1,TUF297,Grn control,110,14,0,0,5,9/2/2020,0,0,5,0,0,0,0,0,100
Live Oak,30.306,-82.901,2020,105,1,TUF297,Grn control,130,20,0,0,5,9/22/2020,0,0,5,0,0,0,0,0,100
Live Oak,30.306,-82.901,2020,107,1,TUF297,Grn2,54,54,0,0,0,7/8/2020,0,0,0,0,0,0,0,0,65.13157895
Live Oak,30.306,-82.901,2020,107,1,TUF297,Grn2,68,14,0,0,0,7/22/2020,0,0,0,0,0,0,0,0,100
Live Oak,30.306,-82.901,2020,107,1,TUF297,Grn2,82,14,35,35,35,8/5/2020,35,35,35,0,0,0,2.5,0,95
Live Oak,30.306,-82.901,2020,107,1,TUF297,Grn2,96,14,10,10,45,8/19/2020,15,15,50,10,10,10,0.714285714,0.714285714,100
Live Oak,30.306,-82.901,2020,107,1,TUF297,Grn2,110,14,10,10,55,9/2/2020,10,10,60,0,0,10,0.714285714,0,100
Live Oak,30.306,-82.901,2020,107,1,TUF297,Grn2,130,20,0,0,55,9/22/2020,10,5,65,10,10,20,0,0.5,100
Live Oak,30.306,-82.901,2020,108,1,TUF297,Scl3,54,54,0,0,0,7/8/2020,0,0,0,0,0,0,0,0,69.73684211
Live Oak,30.306,-82.901,2020,108,1,TUF297,Scl3,68,14,0,0,0,7/22/2020,0,0,0,0,0,0,0,0,100
Live Oak,30.306,-82.901,2020,108,1,TUF297,Scl3,82,14,10,10,10,8/5/2020,10,10,10,0,0,0,0.714285714,0,100
Live Oak,30.306,-82.901,2020,108,1,TUF297,Scl3,96,14,5,5,15,8/19/2020,5,5,15,0,0,0,0.357142857,0,100
Live Oak,30.306,-82.901,2020,108,1,TUF297,Scl3,110,14,0,0,15,9/2/2020,0,0,15,0,0,0,0,0,100
Live Oak,30.306,-82.901,2020,108,1,TUF297,Scl3,130,20,0,0,15,9/22/2020,0,0,15,0,0,0,0,0,100
Live Oak,30.306,-82.901,2020,109,1,TUF297,Scl2,54,54,0,0,0,7/8/2020,0,0,0,0,0,0,0,0,71.71052632
Live Oak,30.306,-82.901,2020,109,1,TUF297,Scl2,68,14,0,0,0,7/22/2020,0,0,0,0,0,0,0,0,100
Live Oak,30.306,-82.901,2020,109,1,TUF297,Scl2,82,14,20,20,20,8/5/2020,20,20,20,0,0,0,1.428571429,0,100
Live Oak,30.306,-82.901,2020,109,1,TUF297,Scl2,96,14,0,0,20,8/19/2020,0,0,20,0,0,0,0,0,100
Live Oak,30.306,-82.901,2020,109,1,TUF297,Scl2,110,14,0,0,20,9/2/2020,0,0,20,0,0,0,0,0,100
Live Oak,30.306,-82.901,2020,109,1,TUF297,Scl2,130,20,0,0,20,9/22/2020,0,0,20,0,0,0,0,0,100
Live Oak,30.306,-82.901,2020,110,1,TUF297,Grn3,54,54,0,0,0,7/8/2020,0,0,0,0,0,0,0,0,57.23684211
Live Oak,30.306,-82.901,2020,110,1,TUF297,Grn3,68,14,0,0,0,7/22/2020,0,0,0,0,0,0,0,0,96.71052632
Live Oak,30.306,-82.901,2020,110,1,TUF297,Grn3,82,14,20,20,20,8/5/2020,20,20,20,0,0,0,1.428571429,0,96
Live Oak,30.306,-82.901,2020,110,1,TUF297,Grn3,96,14,0,0,20,8/19/2020,0,0,20,0,0,0,0,0,100
Live Oak,30.306,-82.901,2020,110,1,TUF297,Grn3,110,14,5,0,20,9/2/2020,5,0,20,0,0,0,0,0,100
Live Oak,30.306,-82.901,2020,110,1,TUF297,Grn3,130,20,0,0,20,9/22/2020,0,0,20,0,0,0,0,0,100
Live Oak,30.306,-82.901,2020,111,1,TUF297,Scl1,54,54,0,0,0,7/8/2020,0,0,0,0,0,0,0,0,71.05263158
Live Oak,30.306,-82.901,2020,111,1,TUF297,Scl1,68,14,0,0,0,7/22/2020,0,0,0,0,0,0,0,0,100
Live Oak,30.306,-82.901,2020,111,1,TUF297,Scl1,82,14,20,20,20,8/5/2020,20,20,20,0,0,0,1.428571429,0,95
Live Oak,30.306,-82.901,2020,111,1,TUF297,Scl1,96,14,0,0,20,8/19/2020,0,0,20,0,0,0,0,0,100
Live Oak,30.306,-82.901,2020,111,1,TUF297,Scl1,110,14,20,15,35,9/2/2020,20,15,35,0,0,0,1.071428571,0,100
Live Oak,30.306,-82.901,2020,111,1,TUF297,Scl1,130,20,0,0,35,9/22/2020,0,0,35,0,0,0,0,0,100
Live Oak,30.306,-82.901,2020,113,1,GA06G,Grn3,54,54,0,0,0,7/8/2020,0,0,0,0,0,0,0,0,53.28947368
Live Oak,30.306,-82.901,2020,113,1,GA06G,Grn3,68,14,15,15,15,7/22/2020,15,15,15,0,0,0,1.071428571,0,80.92105263
Live Oak,30.306,-82.901,2020,113,1,GA06G,Grn3,82,14,50,40,55,8/5/2020,50,40,55,5,5,5,2.857142857,0.357142857,100
Live Oak,30.306,-82.901,2020,113,1,GA06G,Grn3,96,14,15,5,60,8/19/2020,25,5,60,10,10,15,0.357142857,0.714285714,100
Live Oak,30.306,-82.901,2020,113,1,GA06G,Grn3,110,14,10,5,65,9/2/2020,20,10,70,20,20,35,0.357142857,1.428571429,100
Live Oak,30.306,-82.901,2020,113,1,GA06G,Grn3,130,20,0,0,65,9/22/2020,50,10,80,50,30,65,0,1.5,100
Live Oak,30.306,-82.901,2020,114,1,GA06G,Scl2,54,54,0,0,0,7/8/2020,0,0,0,0,0,0,0,0,62.5
Live Oak,30.306,-82.901,2020,114,1,GA06G,Scl2,68,14,15,15,15,7/22/2020,15,15,15,0,0,0,1.071428571,0,86.84210526
Live Oak,30.306,-82.901,2020,114,1,GA06G,Scl2,82,14,40,30,45,8/5/2020,40,30,45,5,5,5,2.142857143,0.357142857,97
Live Oak,30.306,-82.901,2020,114,1,GA06G,Scl2,96,14,15,5,50,8/19/2020,15,5,50,0,0,5,0.357142857,0,100
Live Oak,30.306,-82.901,2020,114,1,GA06G,Scl2,110,14,5,5,55,9/2/2020,10,10,60,5,5,10,0.357142857,0.357142857,100
Live Oak,30.306,-82.901,2020,114,1,GA06G,Scl2,130,20,0,0,55,9/22/2020,40,15,75,40,40,50,0,2,100
Live Oak,30.306,-82.901,2020,115,1,GA06G,Grn1,54,54,0,0,0,7/8/2020,0,0,0,0,0,0,0,0,65.13157895
Live Oak,30.306,-82.901,2020,115,1,GA06G,Grn1,68,14,20,20,20,7/22/2020,20,20,20,5,5,5,1.428571429,0.357142857,90.13157895
Live Oak,30.306,-82.901,2020,115,1,GA06G,Grn1,82,14,70,55,75,8/5/2020,70,55,75,10,10,15,3.928571429,0.714285714,99
Live Oak,30.306,-82.901,2020,115,1,GA06G,Grn1,96,14,15,5,80,8/19/2020,20,5,80,10,5,20,0.357142857,0.357142857,100
Live Oak,30.306,-82.901,2020,115,1,GA06G,Grn1,110,14,15,10,90,9/2/2020,35,15,95,30,20,40,0.714285714,1.428571429,100
Live Oak,30.306,-82.901,2020,115,1,GA06G,Grn1,130,20,0,0,90,9/22/2020,55,5,100,55,25,65,0,1.25,100
Live Oak,30.306,-82.901,2020,116,1,GA06G,Scl1,54,54,0,0,0,7/8/2020,0,0,0,0,0,0,0,0,50
Live Oak,30.306,-82.901,2020,116,1,GA06G,Scl1,68,14,5,5,5,7/22/2020,5,5,5,0,0,0,0.357142857,0,85.52631579
Live Oak,30.306,-82.901,2020,116,1,GA06G,Scl1,82,14,60,60,65,8/5/2020,60,60,65,10,10,10,4.285714286,0.714285714,97
Live Oak,30.306,-82.901,2020,116,1,GA06G,Scl1,96,14,10,5,70,8/19/2020,15,10,75,5,5,15,0.357142857,0.357142857,100
Live Oak,30.306,-82.901,2020,116,1,GA06G,Scl1,110,14,25,10,80,9/2/2020,25,5,80,0,0,15,0.714285714,0,100
Live Oak,30.306,-82.901,2020,116,1,GA06G,Scl1,130,20,0,0,80,9/22/2020,25,5,85,25,25,40,0,1.25,100
Live Oak,30.306,-82.901,2020,117,1,GA06G,Scl3,54,54,0,0,0,7/8/2020,0,0,0,0,0,0,0,0,63.15789474
Live Oak,30.306,-82.901,2020,117,1,GA06G,Scl3,68,14,15,15,15,7/22/2020,15,15,15,0,0,0,1.071428571,0,90.13157895
Live Oak,30.306,-82.901,2020,117,1,GA06G,Scl3,82,14,40,35,50,8/5/2020,40,35,50,0,0,0,2.5,0,98
Live Oak,30.306,-82.901,2020,117,1,GA06G,Scl3,96,14,35,20,70,8/19/2020,35,20,70,0,0,0,1.428571429,0,100
Live Oak,30.306,-82.901,2020,117,1,GA06G,Scl3,110,14,35,5,75,9/2/2020,35,5,75,10,10,10,0.357142857,0.714285714,100
Live Oak,30.306,-82.901,2020,117,1,GA06G,Scl3,130,20,0,0,75,9/22/2020,5,5,80,5,5,15,0,0.25,100
Live Oak,30.306,-82.901,2020,119,1,GA06G,Grn2,54,54,0,0,0,7/8/2020,0,0,0,0,0,0,0,0,63.81578947
Live Oak,30.306,-82.901,2020,119,1,GA06G,Grn2,68,14,0,0,0,7/22/2020,0,0,0,0,0,0,0,0,86.84210526
Live Oak,30.306,-82.901,2020,119,1,GA06G,Grn2,82,14,60,60,60,8/5/2020,60,60,60,25,25,25,4.285714286,1.785714286,99
Live Oak,30.306,-82.901,2020,119,1,GA06G,Grn2,96,14,45,15,75,8/19/2020,50,20,80,30,20,45,1.071428571,1.428571429,100
Live Oak,30.306,-82.901,2020,119,1,GA06G,Grn2,110,14,55,15,90,9/2/2020,75,10,90,50,20,65,1.071428571,1.428571429,100
Live Oak,30.306,-82.901,2020,119,1,GA06G,Grn2,130,20,0,0,90,9/22/2020,80,5,95,80,20,85,0,1,100
Live Oak,30.306,-82.901,2020,120,1,GA06G,Grn control,54,54,0,0,0,7/8/2020,0,0,0,0,0,0,0,0,61.84210526
Live Oak,30.306,-82.901,2020,120,1,GA06G,Grn control,68,14,10,10,10,7/22/2020,10,10,10,5,5,5,0.714285714,0.357142857,96.71052632
Live Oak,30.306,-82.901,2020,120,1,GA06G,Grn control,82,14,45,40,50,8/5/2020,45,40,50,25,20,25,2.857142857,1.428571429,95
Live Oak,30.306,-82.901,2020,120,1,GA06G,Grn control,96,14,45,30,80,8/19/2020,65,40,90,45,35,60,2.142857143,2.5,100
Live Oak,30.306,-82.901,2020,120,1,GA06G,Grn control,110,14,5,0,80,9/2/2020,20,0,90,15,5,65,0,0.357142857,100
Live Oak,30.306,-82.901,2020,120,1,GA06G,Grn control,130,20,0,0,80,9/22/2020,10,0,90,10,10,75,0,0.5,100
Live Oak,30.306,-82.901,2020,121,1,GA06G,Control,54,54,5,5,5,7/8/2020,5,5,5,0,0,0,0.092592593,0,67.10526316
Live Oak,30.306,-82.901,2020,121,1,GA06G,Control,68,14,5,0,5,7/22/2020,5,0,5,0,0,0,0,0,94.73684211
Live Oak,30.306,-82.901,2020,121,1,GA06G,Control,82,14,50,45,50,8/5/2020,50,45,50,15,15,15,3.214285714,1.071428571,98
Live Oak,30.306,-82.901,2020,121,1,GA06G,Control,96,14,20,0,50,8/19/2020,30,5,55,15,15,30,0,1.071428571,100
Live Oak,30.306,-82.901,2020,121,1,GA06G,Control,110,14,15,5,55,9/2/2020,15,0,55,10,0,30,0.357142857,0,100
Live Oak,30.306,-82.901,2020,121,1,GA06G,Control,130,20,0,0,55,9/22/2020,5,0,55,5,0,30,0,0,100
Live Oak,30.306,-82.901,2020,202,2,TUF297,Scl2,54,54,0,0,0,7/8/2020,0,0,0,0,0,0,0,0,56.57894737
Live Oak,30.306,-82.901,2020,202,2,TUF297,Scl2,68,14,5,5,5,7/22/2020,5,5,5,0,0,0,0.357142857,0,100
Live Oak,30.306,-82.901,2020,202,2,TUF297,Scl2,82,14,15,15,20,8/5/2020,15,15,20,0,0,0,1.071428571,0,98
Live Oak,30.306,-82.901,2020,202,2,TUF297,Scl2,96,14,0,0,20,8/19/2020,0,0,20,0,0,0,0,0,100
Live Oak,30.306,-82.901,2020,202,2,TUF297,Scl2,110,14,5,5,25,9/2/2020,5,5,25,0,0,0,0.357142857,0,100
Live Oak,30.306,-82.901,2020,202,2,TUF297,Scl2,130,20,0,0,25,9/22/2020,25,15,40,25,25,25,0,1.25,100
Live Oak,30.306,-82.901,2020,204,2,TUF297,Scl1,54,54,0,0,0,7/8/2020,0,0,0,0,0,0,0,0,62.5
Live Oak,30.306,-82.901,2020,204,2,TUF297,Scl1,68,14,10,10,10,7/22/2020,10,10,10,0,0,0,0.714285714,0,100
Live Oak,30.306,-82.901,2020,204,2,TUF297,Scl1,82,14,25,20,30,8/5/2020,25,20,30,0,0,0,1.428571429,0,98
Live Oak,30.306,-82.901,2020,204,2,TUF297,Scl1,96,14,0,0,30,8/19/2020,0,0,30,0,0,0,0,0,100
Live Oak,30.306,-82.901,2020,204,2,TUF297,Scl1,110,14,10,10,40,9/2/2020,10,10,40,0,0,0,0.714285714,0,100
Live Oak,30.306,-82.901,2020,204,2,TUF297,Scl1,130,20,0,0,40,9/22/2020,35,20,60,35,35,35,0,1.75,100
Live Oak,30.306,-82.901,2020,205,2,TUF297,Grn control,54,54,0,0,0,7/8/2020,0,0,0,0,0,0,0,0,69.73684211
Live Oak,30.306,-82.901,2020,205,2,TUF297,Grn control,68,14,0,0,0,7/22/2020,0,0,0,0,0,0,0,0,96.71052632
Live Oak,30.306,-82.901,2020,205,2,TUF297,Grn control,82,14,40,40,40,8/5/2020,30,40,40,10,10,10,2.857142857,0.714285714,99
Live Oak,30.306,-82.901,2020,205,2,TUF297,Grn control,96,14,20,5,45,8/19/2020,20,5,45,5,5,15,0.357142857,0.357142857,100
Live Oak,30.306,-82.901,2020,205,2,TUF297,Grn control,110,14,5,0,45,9/2/2020,5,0,45,0,0,15,0,0,100
Live Oak,30.306,-82.901,2020,205,2,TUF297,Grn control,130,20,0,0,45,9/22/2020,60,30,75,60,50,65,0,2.5,100
Live Oak,30.306,-82.901,2020,207,2,TUF297,Scl3,54,54,0,0,0,7/8/2020,0,0,0,0,0,0,0,0,53.94736842
Live Oak,30.306,-82.901,2020,207,2,TUF297,Scl3,68,14,0,0,0,7/22/2020,0,0,0,0,0,0,0,0,100
Live Oak,30.306,-82.901,2020,207,2,TUF297,Scl3,82,14,15,15,15,8/5/2020,15,15,15,5,5,5,1.071428571,0.357142857,100
Live Oak,30.306,-82.901,2020,207,2,TUF297,Scl3,96,14,10,10,25,8/19/2020,30,25,40,25,20,25,0.714285714,1.428571429,100
Live Oak,30.306,-82.901,2020,207,2,TUF297,Scl3,110,14,5,5,30,9/2/2020,5,0,40,0,0,25,0.357142857,0,100
Live Oak,30.306,-82.901,2020,207,2,TUF297,Scl3,130,20,0,0,30,9/22/2020,40,20,60,40,30,55,0,1.5,100
Live Oak,30.306,-82.901,2020,208,2,TUF297,Grn2,54,54,0,0,0,7/8/2020,0,0,0,0,0,0,0,0,71.05263158
Live Oak,30.306,-82.901,2020,208,2,TUF297,Grn2,68,14,0,0,0,7/22/2020,0,0,0,0,0,0,0,0,100
Live Oak,30.306,-82.901,2020,208,2,TUF297,Grn2,82,14,65,65,65,8/5/2020,65,65,65,0,0,0,4.642857143,0,97
Live Oak,30.306,-82.901,2020,208,2,TUF297,Grn2,96,14,5,0,65,8/19/2020,15,0,65,10,10,10,0,0.714285714,100
Live Oak,30.306,-82.901,2020,208,2,TUF297,Grn2,110,14,25,5,70,9/2/2020,25,5,70,20,20,30,0.357142857,1.428571429,100
Live Oak,30.306,-82.901,2020,208,2,TUF297,Grn2,130,20,0,0,70,9/22/2020,60,15,85,60,40,70,0,2,100
Live Oak,30.306,-82.901,2020,209,2,TUF297,Control,54,54,0,0,0,7/8/2020,0,0,0,0,0,0,0,0,67.10526316
Live Oak,30.306,-82.901,2020,209,2,TUF297,Control,68,14,5,5,5,7/22/2020,5,5,5,0,0,0,0.357142857,0,100
Live Oak,30.306,-82.901,2020,209,2,TUF297,Control,82,14,30,30,35,8/5/2020,30,30,35,0,0,0,2.142857143,0,96
Live Oak,30.306,-82.901,2020,209,2,TUF297,Control,96,14,0,0,35,8/19/2020,5,0,35,5,5,5,0,0.357142857,100
Live Oak,30.306,-82.901,2020,209,2,TUF297,Control,110,14,0,0,35,9/2/2020,0,0,35,0,0,5,0,0,100
Live Oak,30.306,-82.901,2020,209,2,TUF297,Control,130,20,0,0,35,9/22/2020,30,15,50,30,25,30,0,1.25,100
Live Oak,30.306,-82.901,2020,210,2,TUF297,Grn1,54,54,0,0,0,7/8/2020,0,0,0,0,0,0,0,0,69.07894737
Live Oak,30.306,-82.901,2020,210,2,TUF297,Grn1,68,14,10,10,10,7/22/2020,10,10,10,5,5,5,0.714285714,0.357142857,100
Live Oak,30.306,-82.901,2020,210,2,TUF297,Grn1,82,14,30,30,40,8/5/2020,30,30,40,0,0,5,2.142857143,0,96
Live Oak,30.306,-82.901,2020,210,2,TUF297,Grn1,96,14,10,5,45,8/19/2020,15,10,50,5,5,10,0.357142857,0.357142857,100
Live Oak,30.306,-82.901,2020,210,2,TUF297,Grn1,110,14,15,5,50,9/2/2020,15,0,50,0,0,10,0.357142857,0,100
Live Oak,30.306,-82.901,2020,210,2,TUF297,Grn1,130,20,0,0,50,9/22/2020,40,15,65,40,35,45,0,1.75,100
Live Oak,30.306,-82.901,2020,211,2,TUF297,Grn3,54,54,5,5,5,7/8/2020,5,5,5,0,0,0,0.092592593,0,64.47368421
Live Oak,30.306,-82.901,2020,211,2,TUF297,Grn3,68,14,5,5,10,7/22/2020,5,5,10,0,0,0,0.357142857,0,100
Live Oak,30.306,-82.901,2020,211,2,TUF297,Grn3,82,14,35,30,40,8/5/2020,35,30,40,0,0,0,2.142857143,0,100
Live Oak,30.306,-82.901,2020,211,2,TUF297,Grn3,96,14,10,5,45,8/19/2020,10,5,45,0,0,0,0.357142857,0,100
Live Oak,30.306,-82.901,2020,211,2,TUF297,Grn3,110,14,0,0,45,9/2/2020,0,0,45,0,0,0,0,0,100
Live Oak,30.306,-82.901,2020,211,2,TUF297,Grn3,130,20,0,0,45,9/22/2020,35,20,65,35,35,35,0,1.75,100
Live Oak,30.306,-82.901,2020,212,2,GA06G,Grn1,54,54,0,0,0,7/8/2020,0,0,0,0,0,0,0,0,54.60526316
Live Oak,30.306,-82.901,2020,212,2,GA06G,Grn1,68,14,5,5,5,7/22/2020,5,5,5,0,0,0,0.357142857,0,80.26315789
Live Oak,30.306,-82.901,2020,212,2,GA06G,Grn1,82,14,70,65,70,8/5/2020,70,65,70,15,15,15,4.642857143,1.071428571,98
Live Oak,30.306,-82.901,2020,212,2,GA06G,Grn1,96,14,30,0,70,8/19/2020,45,5,75,20,10,25,0,0.714285714,100
Live Oak,30.306,-82.901,2020,212,2,GA06G,Grn1,110,14,20,5,75,9/2/2020,25,0,75,5,0,25,0.357142857,0,100
Live Oak,30.306,-82.901,2020,212,2,GA06G,Grn1,130,20,0,0,75,9/22/2020,35,10,85,35,15,40,0,0.75,100
Live Oak,30.306,-82.901,2020,213,2,GA06G,Scl1,54,54,0,0,0,7/8/2020,0,0,0,0,0,0,0,0,52.63157895
Live Oak,30.306,-82.901,2020,213,2,GA06G,Scl1,68,14,10,10,10,7/22/2020,10,10,10,0,0,0,0.714285714,0,79.60526316
Live Oak,30.306,-82.901,2020,213,2,GA06G,Scl1,82,14,55,45,55,8/5/2020,55,45,55,10,10,10,3.214285714,0.714285714,99
Live Oak,30.306,-82.901,2020,213,2,GA06G,Scl1,96,14,20,10,65,8/19/2020,25,10,65,10,10,20,0.714285714,0.714285714,100
Live Oak,30.306,-82.901,2020,213,2,GA06G,Scl1,110,14,10,0,65,9/2/2020,25,5,70,15,15,35,0,1.071428571,100
Live Oak,30.306,-82.901,2020,213,2,GA06G,Scl1,130,20,0,0,65,9/22/2020,30,0,70,30,15,50,0,0.75,100
Live Oak,30.306,-82.901,2020,215,2,GA06G,Grn control,54,54,5,5,5,7/8/2020,5,5,5,0,0,0,0.092592593,0,57.23684211
Live Oak,30.306,-82.901,2020,215,2,GA06G,Grn control,68,14,30,25,30,7/22/2020,30,25,30,0,0,0,1.785714286,0,82.23684211
Live Oak,30.306,-82.901,2020,215,2,GA06G,Grn control,82,14,70,55,85,8/5/2020,45,35,65,5,5,5,3.928571429,0.357142857,97
Live Oak,30.306,-82.901,2020,215,2,GA06G,Grn control,96,14,5,5,90,8/19/2020,10,5,70,5,5,10,0.357142857,0.357142857,100
Live Oak,30.306,-82.901,2020,215,2,GA06G,Grn control,110,14,45,5,95,9/2/2020,55,15,85,40,35,45,0.357142857,2.5,100
Live Oak,30.306,-82.901,2020,215,2,GA06G,Grn control,130,20,0,0,95,9/22/2020,20,10,95,20,20,65,0,1,100
Live Oak,30.306,-82.901,2020,216,2,GA06G,Scl2,54,54,0,0,0,7/8/2020,0,0,0,0,0,0,0,0,63.81578947
Live Oak,30.306,-82.901,2020,216,2,GA06G,Scl2,68,14,0,0,0,7/22/2020,0,0,0,0,0,0,0,0,84.21052632
Live Oak,30.306,-82.901,2020,216,2,GA06G,Scl2,82,14,35,35,35,8/5/2020,35,35,35,0,0,0,2.5,0,97
Live Oak,30.306,-82.901,2020,216,2,GA06G,Scl2,96,14,10,5,40,8/19/2020,15,5,40,10,10,10,0.357142857,0.714285714,100
Live Oak,30.306,-82.901,2020,216,2,GA06G,Scl2,110,14,5,5,45,9/2/2020,10,5,45,10,5,15,0.357142857,0.357142857,100
Live Oak,30.306,-82.901,2020,216,2,GA06G,Scl2,130,20,0,0,45,9/22/2020,50,15,60,50,35,50,0,1.75,100
Live Oak,30.306,-82.901,2020,218,2,GA06G,Grn2,54,54,0,0,0,7/8/2020,0,0,0,0,0,0,0,0,59.86842105
Live Oak,30.306,-82.901,2020,218,2,GA06G,Grn2,68,14,5,5,5,7/22/2020,5,5,5,0,0,0,0.357142857,0,82.89473684
Live Oak,30.306,-82.901,2020,218,2,GA06G,Grn2,82,14,75,70,75,8/5/2020,75,70,75,25,25,25,5,1.785714286,98
Live Oak,30.306,-82.901,2020,218,2,GA06G,Grn2,96,14,20,5,80,8/19/2020,30,10,85,20,15,40,0.357142857,1.071428571,100
Live Oak,30.306,-82.901,2020,218,2,GA06G,Grn2,110,14,65,10,90,9/2/2020,75,10,95,65,40,80,0.714285714,2.857142857,100
Live Oak,30.306,-82.901,2020,218,2,GA06G,Grn2,130,20,0,0,90,9/22/2020,65,0,95,65,15,95,0,0.75,100
Live Oak,30.306,-82.901,2020,219,2,GA06G,Scl3,54,54,0,0,0,7/8/2020,0,0,0,0,0,0,0,0,63.81578947
Live Oak,30.306,-82.901,2020,219,2,GA06G,Scl3,68,14,20,20,20,7/22/2020,20,20,20,0,0,0,1.428571429,0,96.71052632
Live Oak,30.306,-82.901,2020,219,2,GA06G,Scl3,82,14,70,60,80,8/5/2020,70,60,80,25,25,25,4.285714286,1.785714286,95
Live Oak,30.306,-82.901,2020,219,2,GA06G,Scl3,96,14,20,0,80,8/19/2020,35,5,85,25,10,35,0,0.714285714,100
Live Oak,30.306,-82.901,2020,219,2,GA06G,Scl3,110,14,20,10,90,9/2/2020,30,10,95,20,15,50,0.714285714,1.071428571,100
Live Oak,30.306,-82.901,2020,219,2,GA06G,Scl3,130,20,0,0,90,9/22/2020,20,0,95,20,0,50,0,0,100
Live Oak,30.306,-82.901,2020,220,2,GA06G,Control,54,54,5,5,5,7/8/2020,5,5,5,0,0,0,0.092592593,0,77.63157895
Live Oak,30.306,-82.901,2020,220,2,GA06G,Control,68,14,15,15,20,7/22/2020,15,15,20,0,0,0,1.071428571,0,100
Live Oak,30.306,-82.901,2020,220,2,GA06G,Control,82,14,60,40,60,8/5/2020,60,40,60,10,10,10,2.857142857,0.714285714,99
Live Oak,30.306,-82.901,2020,220,2,GA06G,Control,96,14,10,5,65,8/19/2020,40,10,70,30,30,40,0.357142857,2.142857143,100
Live Oak,30.306,-82.901,2020,220,2,GA06G,Control,110,14,25,0,65,9/2/2020,50,5,75,30,10,50,0,0.714285714,100
Live Oak,30.306,-82.901,2020,220,2,GA06G,Control,130,20,0,0,65,9/22/2020,40,10,85,40,20,70,0,1,100
Live Oak,30.306,-82.901,2020,222,2,GA06G,Grn3,54,54,0,0,0,7/8/2020,0,0,0,0,0,0,0,0,61.84210526
Live Oak,30.306,-82.901,2020,222,2,GA06G,Grn3,68,14,15,15,15,7/22/2020,15,15,15,0,0,0,1.071428571,0,86.18421053
Live Oak,30.306,-82.901,2020,222,2,GA06G,Grn3,82,14,50,45,60,8/5/2020,50,45,60,10,10,10,3.214285714,0.714285714,98
Live Oak,30.306,-82.901,2020,222,2,GA06G,Grn3,96,14,20,0,60,8/19/2020,30,0,60,30,25,35,0,1.785714286,100
Live Oak,30.306,-82.901,2020,222,2,GA06G,Grn3,110,14,30,10,70,9/2/2020,45,15,75,25,15,50,0.714285714,1.071428571,100
Live Oak,30.306,-82.901,2020,222,2,GA06G,Grn3,130,20,0,0,70,9/22/2020,35,5,80,35,5,55,0,0.25,100
Live Oak,30.306,-82.901,2020,301,3,GA06G,Grn3,54,54,0,0,0,7/8/2020,0,0,0,0,0,0,0,0,55.92105263
Live Oak,30.306,-82.901,2020,301,3,GA06G,Grn3,68,14,20,20,20,7/22/2020,20,20,20,0,0,0,1.428571429,0,93.42105263
Live Oak,30.306,-82.901,2020,301,3,GA06G,Grn3,82,14,70,55,75,8/5/2020,70,55,75,15,15,15,3.928571429,1.071428571,100
Live Oak,30.306,-82.901,2020,301,3,GA06G,Grn3,96,14,0,0,75,8/19/2020,5,0,75,5,0,15,0,0,100
Live Oak,30.306,-82.901,2020,301,3,GA06G,Grn3,110,14,25,5,80,9/2/2020,25,5,80,20,15,30,0.357142857,1.071428571,100
Live Oak,30.306,-82.901,2020,301,3,GA06G,Grn3,130,20,0,0,80,9/22/2020,65,5,85,65,50,80,0,2.5,100
Live Oak,30.306,-82.901,2020,302,3,GA06G,Scl2,54,54,0,0,0,7/8/2020,0,0,0,0,0,0,0,0,54.60526316
Live Oak,30.306,-82.901,2020,302,3,GA06G,Scl2,68,14,15,15,15,7/22/2020,15,15,15,0,0,0,1.071428571,0,77.63157895
Live Oak,30.306,-82.901,2020,302,3,GA06G,Scl2,82,14,55,50,65,8/5/2020,55,50,65,20,20,20,3.571428571,1.428571429,100
Live Oak,30.306,-82.901,2020,302,3,GA06G,Scl2,96,14,35,20,85,8/19/2020,35,20,85,10,5,25,1.428571429,0.357142857,100
Live Oak,30.306,-82.901,2020,302,3,GA06G,Scl2,110,14,15,0,85,9/2/2020,25,5,90,10,10,35,0,0.714285714,100
Live Oak,30.306,-82.901,2020,302,3,GA06G,Scl2,130,20,0,0,85,9/22/2020,15,5,95,15,15,50,0,0.75,100
Live Oak,30.306,-82.901,2020,305,3,GA06G,Grn2,54,54,0,0,0,7/8/2020,0,0,0,0,0,0,0,0,52.63157895
Live Oak,30.306,-82.901,2020,305,3,GA06G,Grn2,68,14,10,10,10,7/22/2020,10,10,10,0,0,0,0.714285714,0,80.92105263
Live Oak,30.306,-82.901,2020,305,3,GA06G,Grn2,82,14,35,25,35,8/5/2020,35,25,35,5,5,5,1.785714286,0.357142857,98
Live Oak,30.306,-82.901,2020,305,3,GA06G,Grn2,96,14,15,10,45,8/19/2020,30,15,50,25,25,30,0.714285714,1.785714286,100
Live Oak,30.306,-82.901,2020,305,3,GA06G,Grn2,110,14,50,25,70,9/2/2020,50,20,70,30,10,40,1.785714286,0.714285714,100
Live Oak,30.306,-82.901,2020,305,3,GA06G,Grn2,130,20,0,0,70,9/22/2020,55,25,95,55,35,75,0,1.75,100
Live Oak,30.306,-82.901,2020,306,3,GA06G,Grn control,54,54,0,0,0,7/8/2020,0,0,0,0,0,0,0,0,64.47368421
Live Oak,30.306,-82.901,2020,306,3,GA06G,Grn control,68,14,15,15,15,7/22/2020,15,15,15,0,0,0,1.071428571,0,100
Live Oak,30.306,-82.901,2020,306,3,GA06G,Grn control,82,14,60,55,70,8/5/2020,60,55,70,15,15,15,3.928571429,1.071428571,100
Live Oak,30.306,-82.901,2020,306,3,GA06G,Grn control,96,14,25,5,75,8/19/2020,35,10,80,15,10,25,0.357142857,0.714285714,100
Live Oak,30.306,-82.901,2020,306,3,GA06G,Grn control,110,14,10,0,75,9/2/2020,30,0,80,25,15,40,0,1.071428571,100
Live Oak,30.306,-82.901,2020,306,3,GA06G,Grn control,130,20,25,0,75,9/22/2020,35,5,85,60,45,85,0,2.25,100
Live Oak,30.306,-82.901,2020,307,3,GA06G,Grn1,54,54,0,0,0,7/8/2020,0,0,0,0,0,0,0,0,61.18421053
Live Oak,30.306,-82.901,2020,307,3,GA06G,Grn1,68,14,15,15,15,7/22/2020,15,15,15,0,0,0,1.071428571,0,81.57894737
Live Oak,30.306,-82.901,2020,307,3,GA06G,Grn1,82,14,40,35,50,8/5/2020,40,35,50,10,10,10,2.5,0.714285714,100
Live Oak,30.306,-82.901,2020,307,3,GA06G,Grn1,96,14,35,20,70,8/19/2020,50,30,80,40,40,50,1.428571429,2.857142857,100
Live Oak,30.306,-82.901,2020,307,3,GA06G,Grn1,110,14,15,0,70,9/2/2020,60,10,90,60,20,70,0,1.428571429,100
Live Oak,30.306,-82.901,2020,307,3,GA06G,Grn1,130,20,0,0,70,9/22/2020,50,5,95,50,10,80,0,0.5,100
Live Oak,30.306,-82.901,2020,308,3,GA06G,Control,54,54,5,5,5,7/8/2020,5,5,5,0,0,0,0.092592593,0,78.28947368
Live Oak,30.306,-82.901,2020,308,3,GA06G,Control,68,14,15,15,20,7/22/2020,15,15,20,0,0,0,1.071428571,0,98.68421053
Live Oak,30.306,-82.901,2020,308,3,GA06G,Control,82,14,60,45,65,8/5/2020,60,45,65,15,15,15,3.214285714,1.071428571,98
Live Oak,30.306,-82.901,2020,308,3,GA06G,Control,96,14,50,15,80,8/19/2020,60,15,80,25,15,30,1.071428571,1.071428571,100
Live Oak,30.306,-82.901,2020,308,3,GA06G,Control,110,14,15,5,85,9/2/2020,35,5,85,20,10,40,0.357142857,0.714285714,100
Live Oak,30.306,-82.901,2020,308,3,GA06G,Control,130,20,0,0,85,9/22/2020,45,5,90,45,30,70,0,1.5,100
Live Oak,30.306,-82.901,2020,310,3,GA06G,Scl3,54,54,0,0,0,7/8/2020,0,0,0,0,0,0,0,0,75
Live Oak,30.306,-82.901,2020,310,3,GA06G,Scl3,68,14,15,15,15,7/22/2020,15,15,15,0,0,0,1.071428571,0,100
Live Oak,30.306,-82.901,2020,310,3,GA06G,Scl3,82,14,60,50,65,8/5/2020,60,50,65,25,25,25,3.571428571,1.785714286,96
Live Oak,30.306,-82.901,2020,310,3,GA06G,Scl3,96,14,35,10,75,8/19/2020,40,10,75,30,15,40,0.714285714,1.071428571,100
Live Oak,30.306,-82.901,2020,310,3,GA06G,Scl3,110,14,5,0,75,9/2/2020,40,15,90,40,25,65,0,1.785714286,100
Live Oak,30.306,-82.901,2020,310,3,GA06G,Scl3,130,20,0,0,75,9/22/2020,0,0,90,0,0,65,0,0,100
Live Oak,30.306,-82.901,2020,311,3,GA06G,Scl1,54,54,0,0,0,7/8/2020,0,0,0,0,0,0,0,0,59.86842105
Live Oak,30.306,-82.901,2020,311,3,GA06G,Scl1,68,14,15,15,15,7/22/2020,15,15,15,0,0,0,1.071428571,0,84.86842105
Live Oak,30.306,-82.901,2020,311,3,GA06G,Scl1,82,14,45,40,55,8/5/2020,45,40,55,5,5,5,2.857142857,0.357142857,98
Live Oak,30.306,-82.901,2020,311,3,GA06G,Scl1,96,14,30,5,60,8/19/2020,35,5,60,25,20,25,0.357142857,1.428571429,100
Live Oak,30.306,-82.901,2020,311,3,GA06G,Scl1,110,14,15,5,65,9/2/2020,15,5,65,15,10,35,0.357142857,0.714285714,100
Live Oak,30.306,-82.901,2020,311,3,GA06G,Scl1,130,20,0,0,65,9/22/2020,30,10,75,30,10,45,0,0.5,100
Live Oak,30.306,-82.901,2020,312,3,TUF297,Scl1,54,54,0,0,0,7/8/2020,0,0,0,0,0,0,0,0,66.44736842
Live Oak,30.306,-82.901,2020,312,3,TUF297,Scl1,68,14,0,0,0,7/22/2020,0,0,0,0,0,0,0,0,100
Live Oak,30.306,-82.901,2020,312,3,TUF297,Scl1,82,14,5,5,5,8/5/2020,5,5,5,0,0,0,0.357142857,0,98
Live Oak,30.306,-82.901,2020,312,3,TUF297,Scl1,96,14,5,5,10,8/19/2020,5,5,10,0,0,0,0.357142857,0,100
Live Oak,30.306,-82.901,2020,312,3,TUF297,Scl1,110,14,25,20,30,9/2/2020,25,20,30,0,0,0,1.428571429,0,100
Live Oak,30.306,-82.901,2020,312,3,TUF297,Scl1,130,20,0,0,30,9/22/2020,0,0,30,0,0,0,0,0,100
Live Oak,30.306,-82.901,2020,314,3,TUF297,Grn2,54,54,0,0,0,7/8/2020,0,0,0,0,0,0,0,0,54.60526316
Live Oak,30.306,-82.901,2020,314,3,TUF297,Grn2,68,14,5,5,5,7/22/2020,5,5,5,0,0,0,0.357142857,0,100
Live Oak,30.306,-82.901,2020,314,3,TUF297,Grn2,82,14,5,5,10,8/5/2020,5,5,10,0,0,0,0.357142857,0,99
Live Oak,30.306,-82.901,2020,314,3,TUF297,Grn2,96,14,10,10,20,8/19/2020,10,10,20,0,0,0,0.714285714,0,100
Live Oak,30.306,-82.901,2020,314,3,TUF297,Grn2,110,14,0,0,20,9/2/2020,0,0,20,0,0,0,0,0,100
Live Oak,30.306,-82.901,2020,314,3,TUF297,Grn2,130,20,0,0,20,9/22/2020,0,0,20,0,0,0,0,0,100
Live Oak,30.306,-82.901,2020,315,3,TUF297,Scl2,54,54,0,0,0,7/8/2020,0,0,0,0,0,0,0,0,62.5
Live Oak,30.306,-82.901,2020,315,3,TUF297,Scl2,68,14,0,0,0,7/22/2020,0,0,0,0,0,0,0,0,100
Live Oak,30.306,-82.901,2020,315,3,TUF297,Scl2,82,14,0,0,0,8/5/2020,0,0,0,0,0,0,0,0,96
Live Oak,30.306,-82.901,2020,315,3,TUF297,Scl2,96,14,10,10,10,8/19/2020,10,10,10,0,0,0,0.714285714,0,100
Live Oak,30.306,-82.901,2020,315,3,TUF297,Scl2,110,14,5,5,15,9/2/2020,5,5,15,0,0,0,0.357142857,0,100
Live Oak,30.306,-82.901,2020,315,3,TUF297,Scl2,130,20,0,0,15,9/22/2020,0,0,15,0,0,0,0,0,100
Live Oak,30.306,-82.901,2020,317,3,TUF297,Grn1,54,54,0,0,0,7/8/2020,0,0,0,0,0,0,0,0,70.39473684
Live Oak,30.306,-82.901,2020,317,3,TUF297,Grn1,68,14,0,0,0,7/22/2020,0,0,0,0,0,0,0,0,72.36842105
Live Oak,30.306,-82.901,2020,317,3,TUF297,Grn1,82,14,15,15,15,8/5/2020,15,15,15,0,0,0,1.071428571,0,100
Live Oak,30.306,-82.901,2020,317,3,TUF297,Grn1,96,14,5,5,20,8/19/2020,5,5,20,0,0,0,0.357142857,0,100
Live Oak,30.306,-82.901,2020,317,3,TUF297,Grn1,110,14,0,0,20,9/2/2020,0,0,20,0,0,0,0,0,100
Live Oak,30.306,-82.901,2020,317,3,TUF297,Grn1,130,20,0,0,20,9/22/2020,25,20,40,25,25,25,0,1.25,100
Live Oak,30.306,-82.901,2020,318,3,TUF297,Control,54,54,0,0,0,7/8/2020,0,0,0,0,0,0,0,0,82.89473684
Live Oak,30.306,-82.901,2020,318,3,TUF297,Control,68,14,15,15,15,7/22/2020,15,15,15,0,0,0,1.071428571,0,100
Live Oak,30.306,-82.901,2020,318,3,TUF297,Control,82,14,20,15,30,8/5/2020,20,15,30,0,0,0,1.071428571,0,97
Live Oak,30.306,-82.901,2020,318,3,TUF297,Control,96,14,10,10,40,8/19/2020,10,10,40,0,0,0,0.714285714,0,100
Live Oak,30.306,-82.901,2020,318,3,TUF297,Control,110,14,0,0,40,9/2/2020,0,0,40,0,0,0,0,0,100
Live Oak,30.306,-82.901,2020,318,3,TUF297,Control,130,20,0,0,40,9/22/2020,30,15,55,30,30,30,0,1.5,100
Live Oak,30.306,-82.901,2020,319,3,TUF297,Scl3,54,54,0,0,0,7/8/2020,0,0,0,0,0,0,0,0,70.39473684
Live Oak,30.306,-82.901,2020,319,3,TUF297,Scl3,68,14,5,5,5,7/22/2020,5,5,5,0,0,0,0.357142857,0,100
Live Oak,30.306,-82.901,2020,319,3,TUF297,Scl3,82,14,40,35,40,8/5/2020,40,35,40,5,5,5,2.5,0.357142857,98
Live Oak,30.306,-82.901,2020,319,3,TUF297,Scl3,96,14,0,0,40,8/19/2020,0,0,40,0,0,5,0,0,100
Live Oak,30.306,-82.901,2020,319,3,TUF297,Scl3,110,14,0,0,40,9/2/2020,0,0,40,0,0,5,0,0,100
Live Oak,30.306,-82.901,2020,319,3,TUF297,Scl3,130,20,0,0,40,9/22/2020,0,0,40,0,0,5,0,0,100
Live Oak,30.306,-82.901,2020,320,3,TUF297,Grn control,54,54,0,0,0,7/8/2020,0,0,0,0,0,0,0,0,73.02631579
Live Oak,30.306,-82.901,2020,320,3,TUF297,Grn control,68,14,5,5,5,7/22/2020,5,5,5,0,0,0,0.357142857,0,100
Live Oak,30.306,-82.901,2020,320,3,TUF297,Grn control,82,14,30,25,30,8/5/2020,30,25,30,5,5,5,1.785714286,0.357142857,95
Live Oak,30.306,-82.901,2020,320,3,TUF297,Grn control,96,14,10,0,30,8/19/2020,10,0,30,0,0,5,0,0,100
Live Oak,30.306,-82.901,2020,320,3,TUF297,Grn control,110,14,10,5,35,9/2/2020,10,5,35,0,0,5,0.357142857,0,100
Live Oak,30.306,-82.901,2020,320,3,TUF297,Grn control,130,20,0,0,35,9/22/2020,10,5,40,10,10,15,0,0.5,100
Live Oak,30.306,-82.901,2020,321,3,TUF297,Grn3,54,54,0,0,0,7/8/2020,0,0,0,0,0,0,0,0,57.23684211
Live Oak,30.306,-82.901,2020,321,3,TUF297,Grn3,68,14,0,0,0,7/22/2020,0,0,0,0,0,0,0,0,97.36842105
Live Oak,30.306,-82.901,2020,321,3,TUF297,Grn3,82,14,20,20,20,8/5/2020,20,20,20,0,0,0,1.428571429,0,95
Live Oak,30.306,-82.901,2020,321,3,TUF297,Grn3,96,14,5,5,25,8/19/2020,5,5,25,0,0,0,0.357142857,0,100
Live Oak,30.306,-82.901,2020,321,3,TUF297,Grn3,110,14,0,0,25,9/2/2020,0,0,25,0,0,0,0,0,100
Live Oak,30.306,-82.901,2020,321,3,TUF297,Grn3,130,20,0,0,25,9/22/2020,5,5,30,5,5,5,0,0.25,100
Live Oak,30.306,-82.901,2020,401,4,GA06G,Grn3,54,54,0,0,0,7/8/2020,0,0,0,0,0,0,0,0,55.92105263
Live Oak,30.306,-82.901,2020,401,4,GA06G,Grn3,68,14,5,5,5,7/22/2020,5,5,5,0,0,0,0.357142857,0,72.36842105
Live Oak,30.306,-82.901,2020,401,4,GA06G,Grn3,82,14,65,60,65,8/5/2020,65,60,65,0,0,0,4.285714286,0,98
Live Oak,30.306,-82.901,2020,401,4,GA06G,Grn3,96,14,25,10,75,8/19/2020,25,10,75,5,5,5,0.714285714,0.357142857,100
Live Oak,30.306,-82.901,2020,401,4,GA06G,Grn3,110,14,50,10,85,9/2/2020,25,10,85,25,25,30,0.714285714,1.785714286,100
Live Oak,30.306,-82.901,2020,401,4,GA06G,Grn3,130,20,0,0,85,9/22/2020,25,0,85,25,25,55,0,1.25,100
Live Oak,30.306,-82.901,2020,402,4,GA06G,Control,54,54,0,0,0,7/8/2020,0,0,0,0,0,0,0,0,69.07894737
Live Oak,30.306,-82.901,2020,402,4,GA06G,Control,68,14,0,0,0,7/22/2020,0,0,0,0,0,0,0,0,76.31578947
Live Oak,30.306,-82.901,2020,402,4,GA06G,Control,82,14,75,75,75,8/5/2020,75,75,75,15,15,15,5.357142857,1.071428571,100
Live Oak,30.306,-82.901,2020,402,4,GA06G,Control,96,14,10,5,80,8/19/2020,10,5,80,0,0,15,0.357142857,0,100
Live Oak,30.306,-82.901,2020,402,4,GA06G,Control,110,14,15,0,80,9/2/2020,15,0,80,10,10,25,0,0.714285714,100
Live Oak,30.306,-82.901,2020,402,4,GA06G,Control,130,20,0,0,80,9/22/2020,20,0,80,20,15,40,0,0.75,100
Live Oak,30.306,-82.901,2020,403,4,GA06G,Scl3,54,54,0,0,0,7/8/2020,0,0,0,0,0,0,0,0,46.71052632
Live Oak,30.306,-82.901,2020,403,4,GA06G,Scl3,68,14,0,0,0,7/22/2020,0,0,0,0,0,0,0,0,75.65789474
Live Oak,30.306,-82.901,2020,403,4,GA06G,Scl3,82,14,40,40,40,8/5/2020,40,40,40,10,10,10,2.857142857,0.714285714,100
Live Oak,30.306,-82.901,2020,403,4,GA06G,Scl3,96,14,15,15,55,8/19/2020,15,15,55,0,0,10,1.071428571,0,100
Live Oak,30.306,-82.901,2020,403,4,GA06G,Scl3,110,14,10,5,60,9/2/2020,20,10,65,10,10,20,0.357142857,0.714285714,100
Live Oak,30.306,-82.901,2020,403,4,GA06G,Scl3,130,20,0,0,60,9/22/2020,40,10,75,40,35,55,0,1.75,100
Live Oak,30.306,-82.901,2020,405,4,GA06G,Scl1,54,54,0,0,0,7/8/2020,0,0,0,0,0,0,0,0,56.57894737
Live Oak,30.306,-82.901,2020,405,4,GA06G,Scl1,68,14,5,5,5,7/22/2020,5,5,5,0,0,0,0.357142857,0,80.92105263
Live Oak,30.306,-82.901,2020,405,4,GA06G,Scl1,82,14,20,15,20,8/5/2020,20,15,20,0,0,0,1.071428571,0,98
Live Oak,30.306,-82.901,2020,405,4,GA06G,Scl1,96,14,25,20,40,8/19/2020,25,20,40,0,0,0,1.428571429,0,100
Live Oak,30.306,-82.901,2020,405,4,GA06G,Scl1,110,14,10,5,45,9/2/2020,10,5,45,0,0,0,0.357142857,0,100
Live Oak,30.306,-82.901,2020,405,4,GA06G,Scl1,130,20,0,0,45,9/22/2020,15,5,50,15,15,15,0,0.75,100
Live Oak,30.306,-82.901,2020,406,4,GA06G,Grn1,54,54,0,0,0,7/8/2020,0,0,0,0,0,0,0,0,59.21052632
Live Oak,30.306,-82.901,2020,406,4,GA06G,Grn1,68,14,0,0,0,7/22/2020,0,0,0,0,0,0,0,0,73.68421053
Live Oak,30.306,-82.901,2020,406,4,GA06G,Grn1,82,14,35,35,35,8/5/2020,35,35,35,5,5,5,2.5,0.357142857,95
Live Oak,30.306,-82.901,2020,406,4,GA06G,Grn1,96,14,40,10,45,8/19/2020,40,10,45,25,20,25,0.714285714,1.428571429,100
Live Oak,30.306,-82.901,2020,406,4,GA06G,Grn1,110,14,20,20,65,9/2/2020,50,25,70,40,20,45,1.428571429,1.428571429,100
Live Oak,30.306,-82.901,2020,406,4,GA06G,Grn1,130,20,0,0,65,9/22/2020,70,15,85,70,35,80,0,1.75,100
Live Oak,30.306,-82.901,2020,408,4,GA06G,Grn2,54,54,0,0,0,7/8/2020,0,0,0,0,0,0,0,0,59.86842105
Live Oak,30.306,-82.901,2020,408,4,GA06G,Grn2,68,14,0,0,0,7/22/2020,0,0,0,0,0,0,0,0,90.13157895
Live Oak,30.306,-82.901,2020,408,4,GA06G,Grn2,82,14,75,75,75,8/5/2020,75,75,75,30,30,30,5.357142857,2.142857143,98
Live Oak,30.306,-82.901,2020,408,4,GA06G,Grn2,96,14,60,10,85,8/19/2020,65,10,85,45,20,50,0.714285714,1.428571429,100
Live Oak,30.306,-82.901,2020,408,4,GA06G,Grn2,110,14,35,5,90,9/2/2020,65,5,90,65,25,75,0.357142857,1.785714286,100
Live Oak,30.306,-82.901,2020,408,4,GA06G,Grn2,130,20,0,0,90,9/22/2020,60,0,90,60,10,85,0,0.5,100
Live Oak,30.306,-82.901,2020,410,4,GA06G,Scl2,54,54,0,0,0,7/8/2020,0,0,0,0,0,0,0,0,68.42105263
Live Oak,30.306,-82.901,2020,410,4,GA06G,Scl2,68,14,10,10,10,7/22/2020,10,10,10,0,0,0,0.714285714,0,86.18421053
Live Oak,30.306,-82.901,2020,410,4,GA06G,Scl2,82,14,40,35,45,8/5/2020,40,35,45,10,10,10,2.5,0.714285714,100
Live Oak,30.306,-82.901,2020,410,4,GA06G,Scl2,96,14,55,25,70,8/19/2020,65,30,75,35,25,35,1.785714286,1.785714286,100
Live Oak,30.306,-82.901,2020,410,4,GA06G,Scl2,110,14,25,0,70,9/2/2020,45,5,80,45,20,55,0,1.428571429,100
Live Oak,30.306,-82.901,2020,410,4,GA06G,Scl2,130,20,0,0,70,9/22/2020,35,0,80,35,5,60,0,0.25,100
Live Oak,30.306,-82.901,2020,411,4,GA06G,Grn control,54,54,0,0,0,7/8/2020,0,0,0,0,0,0,0,0,59.86842105
Live Oak,30.306,-82.901,2020,411,4,GA06G,Grn control,68,14,20,20,20,7/22/2020,20,20,20,0,0,0,1.428571429,0,84.86842105
Live Oak,30.306,-82.901,2020,411,4,GA06G,Grn control,82,14,55,45,65,8/5/2020,55,45,65,15,15,15,3.214285714,1.071428571,99
Live Oak,30.306,-82.901,2020,411,4,GA06G,Grn control,96,14,20,5,70,8/19/2020,40,10,75,35,25,40,0.357142857,1.785714286,100
Live Oak,30.306,-82.901,2020,411,4,GA06G,Grn control,110,14,20,5,75,9/2/2020,25,5,80,10,10,50,0.357142857,0.714285714,100
Live Oak,30.306,-82.901,2020,411,4,GA06G,Grn control,130,20,0,0,75,9/22/2020,30,0,80,30,10,60,0,0.5,100
Live Oak,30.306,-82.901,2020,412,4,TUF297,Control,54,54,0,0,0,7/8/2020,0,0,0,0,0,0,0,0,59.86842105
Live Oak,30.306,-82.901,2020,412,4,TUF297,Control,68,14,0,0,0,7/22/2020,0,0,0,0,0,0,0,0,86.84210526
Live Oak,30.306,-82.901,2020,412,4,TUF297,Control,82,14,0,0,0,8/5/2020,0,0,0,0,0,0,0,0,100
Live Oak,30.306,-82.901,2020,412,4,TUF297,Control,96,14,5,5,5,8/19/2020,5,5,5,0,0,0,0.357142857,0,100
Live Oak,30.306,-82.901,2020,412,4,TUF297,Control,110,14,0,0,5,9/2/2020,0,0,5,0,0,0,0,0,100
Live Oak,30.306,-82.901,2020,412,4,TUF297,Control,130,20,0,0,5,9/22/2020,0,0,5,0,0,0,0,0,100
Live Oak,30.306,-82.901,2020,413,4,TUF297,Scl3,54,54,0,0,0,7/8/2020,0,0,0,0,0,0,0,0,59.86842105
Live Oak,30.306,-82.901,2020,413,4,TUF297,Scl3,68,14,0,0,0,7/22/2020,0,0,0,0,0,0,0,0,93.42105263
Live Oak,30.306,-82.901,2020,413,4,TUF297,Scl3,82,14,10,10,10,8/5/2020,10,10,10,0,0,0,0.714285714,0,96
Live Oak,30.306,-82.901,2020,413,4,TUF297,Scl3,96,14,20,15,25,8/19/2020,20,15,25,0,0,0,1.071428571,0,100
Live Oak,30.306,-82.901,2020,413,4,TUF297,Scl3,110,14,0,0,25,9/2/2020,0,0,25,0,0,0,0,0,100
Live Oak,30.306,-82.901,2020,413,4,TUF297,Scl3,130,20,0,0,25,9/22/2020,0,0,25,0,0,0,0,0,100
Live Oak,30.306,-82.901,2020,414,4,TUF297,Grn control,54,54,0,0,0,7/8/2020,0,0,0,0,0,0,0,0,47.36842105
Live Oak,30.306,-82.901,2020,414,4,TUF297,Grn control,68,14,0,0,0,7/22/2020,0,0,0,0,0,0,0,0,90.13157895
Live Oak,30.306,-82.901,2020,414,4,TUF297,Grn control,82,14,0,0,0,8/5/2020,0,0,0,0,0,0,0,0,96
Live Oak,30.306,-82.901,2020,414,4,TUF297,Grn control,96,14,15,15,15,8/19/2020,15,15,15,0,0,0,1.071428571,0,100
Live Oak,30.306,-82.901,2020,414,4,TUF297,Grn control,110,14,0,0,15,9/2/2020,0,0,15,0,0,0,0,0,100
Live Oak,30.306,-82.901,2020,414,4,TUF297,Grn control,130,20,0,0,15,9/22/2020,5,0,15,5,5,5,0,0.25,100
Live Oak,30.306,-82.901,2020,415,4,TUF297,Grn1,54,54,0,0,0,7/8/2020,0,0,0,0,0,0,0,0,42.10526316
Live Oak,30.306,-82.901,2020,415,4,TUF297,Grn1,68,14,0,0,0,7/22/2020,0,0,0,0,0,0,0,0,73.02631579
Live Oak,30.306,-82.901,2020,415,4,TUF297,Grn1,82,14,10,10,10,8/5/2020,10,10,10,0,0,0,0.714285714,0,96
Live Oak,30.306,-82.901,2020,415,4,TUF297,Grn1,96,14,20,15,25,8/19/2020,20,15,25,0,0,0,1.071428571,0,100
Live Oak,30.306,-82.901,2020,415,4,TUF297,Grn1,110,14,5,5,30,9/2/2020,5,5,30,0,0,0,0.357142857,0,100
Live Oak,30.306,-82.901,2020,415,4,TUF297,Grn1,130,20,0,0,30,9/22/2020,10,10,40,10,10,10,0,0.5,100
Live Oak,30.306,-82.901,2020,416,4,TUF297,Scl2,54,54,0,0,0,7/8/2020,0,0,0,0,0,0,0,0,39.47368421
Live Oak,30.306,-82.901,2020,416,4,TUF297,Scl2,68,14,0,0,0,7/22/2020,0,0,0,0,0,0,0,0,90.13157895
Live Oak,30.306,-82.901,2020,416,4,TUF297,Scl2,82,14,0,0,0,8/5/2020,0,0,0,0,0,0,0,0,98
Live Oak,30.306,-82.901,2020,416,4,TUF297,Scl2,96,14,5,5,5,8/19/2020,5,5,5,0,0,0,0.357142857,0,100
Live Oak,30.306,-82.901,2020,416,4,TUF297,Scl2,110,14,0,0,5,9/2/2020,0,0,5,0,0,0,0,0,100
Live Oak,30.306,-82.901,2020,416,4,TUF297,Scl2,130,20,0,0,5,9/22/2020,0,0,5,0,0,0,0,0,100
Live Oak,30.306,-82.901,2020,417,4,TUF297,Grn2,54,54,0,0,0,7/8/2020,0,0,0,0,0,0,0,0,55.26315789
Live Oak,30.306,-82.901,2020,417,4,TUF297,Grn2,68,14,0,0,0,7/22/2020,0,0,0,0,0,0,0,0,85.52631579
Live Oak,30.306,-82.901,2020,417,4,TUF297,Grn2,82,14,5,5,5,8/5/2020,5,5,5,0,0,0,0.357142857,0,100
Live Oak,30.306,-82.901,2020,417,4,TUF297,Grn2,96,14,10,10,15,8/19/2020,10,10,15,0,0,0,0.714285714,0,100
Live Oak,30.306,-82.901,2020,417,4,TUF297,Grn2,110,14,0,0,15,9/2/2020,0,0,15,0,0,0,0,0,100
Live Oak,30.306,-82.901,2020,417,4,TUF297,Grn2,130,20,0,0,15,9/22/2020,20,15,30,20,20,20,0,1,100
Live Oak,30.306,-82.901,2020,421,4,TUF297,Grn3,54,54,0,0,0,7/8/2020,0,0,0,0,0,0,0,0,61.18421053
Live Oak,30.306,-82.901,2020,421,4,TUF297,Grn3,68,14,5,5,5,7/22/2020,5,5,5,0,0,0,0.357142857,0,94.73684211
Live Oak,30.306,-82.901,2020,421,4,TUF297,Grn3,82,14,25,20,25,8/5/2020,25,20,25,0,0,0,1.428571429,0,97
Live Oak,30.306,-82.901,2020,421,4,TUF297,Grn3,96,14,25,10,35,8/19/2020,25,10,35,0,0,0,0.714285714,0,100
Live Oak,30.306,-82.901,2020,421,4,TUF297,Grn3,110,14,5,0,35,9/2/2020,5,0,35,0,0,0,0,0,100
Live Oak,30.306,-82.901,2020,421,4,TUF297,Grn3,130,20,0,0,35,9/22/2020,15,10,45,15,15,15,0,0.75,100
Live Oak,30.306,-82.901,2020,422,4,TUF297,Scl1,54,54,0,0,0,7/8/2020,0,0,0,0,0,0,0,0,57.23684211
Live Oak,30.306,-82.901,2020,422,4,TUF297,Scl1,68,14,0,0,0,7/22/2020,0,0,0,0,0,0,0,0,96.71052632
Live Oak,30.306,-82.901,2020,422,4,TUF297,Scl1,82,14,15,15,15,8/5/2020,15,15,15,0,0,0,1.071428571,0,96
Live Oak,30.306,-82.901,2020,422,4,TUF297,Scl1,96,14,25,20,35,8/19/2020,25,20,35,0,0,0,1.428571429,0,100
Live Oak,30.306,-82.901,2020,422,4,TUF297,Scl1,110,14,10,5,40,9/2/2020,10,5,40,0,0,0,0.357142857,0,100
Live Oak,30.306,-82.901,2020,422,4,TUF297,Scl1,130,20,0,0,40,9/22/2020,0,0,40,0,0,0,0,0,100
Marianna,30.857,-85.168,2019,101,1,TUF297,Scl3,42,42,0,0,0,7/3/2019,0,0,0,0,0,0,0,0,
Marianna,30.857,-85.168,2019,101,1,TUF297,Scl3,51,9,5,5,5,7/12/2019,10,10,10,5,5,5,0.555555556,0.555555556,
Marianna,30.857,-85.168,2019,101,1,TUF297,Scl3,63,12,45,40,45,7/24/2019,65,60,70,25,25,30,3.333333333,2.083333333,
Marianna,30.857,-85.168,2019,101,1,TUF297,Scl3,78,15,5,0,45,8/8/2019,45,30,100,45,35,65,0,2.333333333,
Marianna,30.857,-85.168,2019,101,1,TUF297,Scl3,93,15,10,5,50,8/23/2019,25,0,100,25,10,75,0.333333333,0.666666667,
Marianna,30.857,-85.168,2019,101,1,TUF297,Scl3,106,13,0,0,50,9/5/2019,20,0,100,20,0,75,0,0,
Marianna,30.857,-85.168,2019,101,1,TUF297,Scl3,121,15,10,0,50,9/20/2019,10,0,100,5,0,75,0,0,
Marianna,30.857,-85.168,2019,101,1,TUF297,Scl3,133,12,10,10,60,10/2/2019,70,0,100,70,20,95,0.833333333,1.666666667,
Marianna,30.857,-85.168,2019,102,1,TUF297,Control,42,42,0,0,0,7/3/2019,0,0,0,0,0,0,0,0,
Marianna,30.857,-85.168,2019,102,1,TUF297,Control,51,9,0,0,0,7/12/2019,0,0,0,0,0,0,0,0,
Marianna,30.857,-85.168,2019,102,1,TUF297,Control,63,12,5,5,5,7/24/2019,5,5,5,0,0,0,0.416666667,0,
Marianna,30.857,-85.168,2019,102,1,TUF297,Control,78,15,30,30,35,8/8/2019,50,45,50,40,40,40,2,2.666666667,
Marianna,30.857,-85.168,2019,102,1,TUF297,Control,93,15,0,0,35,8/23/2019,0,0,50,0,0,40,0,0,
Marianna,30.857,-85.168,2019,102,1,TUF297,Control,106,13,10,10,45,9/5/2019,15,10,60,15,15,55,0.769230769,1.153846154,
Marianna,30.857,-85.168,2019,102,1,TUF297,Control,121,15,5,5,50,9/20/2019,5,5,65,0,0,55,0.333333333,0,
Marianna,30.857,-85.168,2019,102,1,TUF297,Control,133,12,5,5,55,10/2/2019,30,10,75,30,15,70,0.416666667,1.25,
Marianna,30.857,-85.168,2019,103,1,TUF297,Scl2,42,42,0,0,0,7/3/2019,0,0,0,0,0,0,0,0,
Marianna,30.857,-85.168,2019,103,1,TUF297,Scl2,51,9,0,0,0,7/12/2019,0,0,0,0,0,0,0,0,
Marianna,30.857,-85.168,2019,103,1,TUF297,Scl2,63,12,35,35,35,7/24/2019,35,35,35,15,15,15,2.916666667,1.25,
Marianna,30.857,-85.168,2019,103,1,TUF297,Scl2,78,15,20,10,45,8/8/2019,30,20,55,25,25,40,0.666666667,1.666666667,
Marianna,30.857,-85.168,2019,103,1,TUF297,Scl2,93,15,40,30,75,8/23/2019,40,25,80,30,25,65,2,1.666666667,
Marianna,30.857,-85.168,2019,103,1,TUF297,Scl2,106,13,15,5,80,9/5/2019,25,10,90,20,10,75,0.384615385,0.769230769,
Marianna,30.857,-85.168,2019,103,1,TUF297,Scl2,121,15,5,0,80,9/20/2019,5,0,90,0,0,75,0,0,
Marianna,30.857,-85.168,2019,103,1,TUF297,Scl2,133,12,5,5,85,10/2/2019,25,5,95,45,30,105,0.416666667,2.5,
Marianna,30.857,-85.168,2019,104,1,TUF297,Scl1,42,42,0,0,0,7/3/2019,0,0,0,0,0,0,0,0,
Marianna,30.857,-85.168,2019,104,1,TUF297,Scl1,51,9,0,0,0,7/12/2019,0,0,0,0,0,0,0,0,
Marianna,30.857,-85.168,2019,104,1,TUF297,Scl1,63,12,10,10,10,7/24/2019,10,10,10,0,0,0,0.833333333,0,
Marianna,30.857,-85.168,2019,104,1,TUF297,Scl1,78,15,0,0,10,8/8/2019,5,5,15,5,5,5,0,0.333333333,
Marianna,30.857,-85.168,2019,104,1,TUF297,Scl1,93,15,20,15,25,8/23/2019,20,15,30,10,10,15,1,0.666666667,
Marianna,30.857,-85.168,2019,104,1,TUF297,Scl1,106,13,20,15,40,9/5/2019,25,20,50,25,20,35,1.153846154,1.538461538,
Marianna,30.857,-85.168,2019,104,1,TUF297,Scl1,121,15,10,5,45,9/20/2019,10,5,55,0,0,35,0.333333333,0,
Marianna,30.857,-85.168,2019,104,1,TUF297,Scl1,133,12,10,10,55,10/2/2019,15,10,65,15,10,45,0.833333333,0.833333333,
Marianna,30.857,-85.168,2019,105,1,TUF297,Grn control,42,42,0,0,0,7/3/2019,0,0,0,0,0,0,0,0,
Marianna,30.857,-85.168,2019,105,1,TUF297,Grn control,51,9,0,0,0,7/12/2019,0,0,0,0,0,0,0,0,
Marianna,30.857,-85.168,2019,105,1,TUF297,Grn control,63,12,5,5,5,7/24/2019,5,5,5,0,0,0,0.416666667,0,
Marianna,30.857,-85.168,2019,105,1,TUF297,Grn control,78,15,0,0,5,8/8/2019,0,0,5,0,0,0,0,0,
Marianna,30.857,-85.168,2019,105,1,TUF297,Grn control,93,15,10,10,15,8/23/2019,10,10,15,5,5,5,0.666666667,0.333333333,
Marianna,30.857,-85.168,2019,105,1,TUF297,Grn control,106,13,0,0,15,9/5/2019,5,5,20,5,5,10,0,0.384615385,
Marianna,30.857,-85.168,2019,105,1,TUF297,Grn control,121,15,5,5,20,9/20/2019,5,5,25,0,0,10,0.333333333,0,
Marianna,30.857,-85.168,2019,105,1,TUF297,Grn control,133,12,10,10,30,10/2/2019,45,40,65,45,40,50,0.833333333,3.333333333,
Marianna,30.857,-85.168,2019,106,1,TUF297,Grn1,42,42,0,0,0,7/3/2019,0,0,0,0,0,0,0,0,
Marianna,30.857,-85.168,2019,106,1,TUF297,Grn1,51,9,0,0,0,7/12/2019,0,0,0,0,0,0,0,0,
Marianna,30.857,-85.168,2019,106,1,TUF297,Grn1,63,12,50,50,50,7/24/2019,50,50,50,0,0,0,4.166666667,0,
Marianna,30.857,-85.168,2019,106,1,TUF297,Grn1,78,15,5,0,50,8/8/2019,25,10,60,25,25,25,0,1.666666667,
Marianna,30.857,-85.168,2019,106,1,TUF297,Grn1,93,15,30,10,60,8/23/2019,40,5,65,25,5,30,0.666666667,0.333333333,
Marianna,30.857,-85.168,2019,106,1,TUF297,Grn1,106,13,10,5,65,9/5/2019,20,5,70,15,0,30,0.384615385,0,
Marianna,30.857,-85.168,2019,106,1,TUF297,Grn1,121,15,25,15,80,9/20/2019,50,15,85,40,15,45,1,1,
Marianna,30.857,-85.168,2019,106,1,TUF297,Grn1,133,12,10,0,80,10/2/2019,35,5,90,30,10,55,0,0.833333333,
Marianna,30.857,-85.168,2019,107,1,TUF297,Grn2,42,42,0,0,0,7/3/2019,0,0,0,0,0,0,0,0,
Marianna,30.857,-85.168,2019,107,1,TUF297,Grn2,51,9,0,0,0,7/12/2019,0,0,0,0,0,0,0,0,
Marianna,30.857,-85.168,2019,107,1,TUF297,Grn2,63,12,10,10,10,7/24/2019,10,10,10,0,0,0,0.833333333,0,
Marianna,30.857,-85.168,2019,107,1,TUF297,Grn2,78,15,0,0,10,8/8/2019,0,0,10,0,0,0,0,0,
Marianna,30.857,-85.168,2019,107,1,TUF297,Grn2,93,15,10,5,15,8/23/2019,15,10,20,10,10,10,0.333333333,0.666666667,
Marianna,30.857,-85.168,2019,107,1,TUF297,Grn2,106,13,0,0,15,9/5/2019,15,10,30,15,15,25,0,1.153846154,
Marianna,30.857,-85.168,2019,107,1,TUF297,Grn2,121,15,20,15,30,9/20/2019,20,10,40,10,5,30,1,0.333333333,
Marianna,30.857,-85.168,2019,107,1,TUF297,Grn2,133,12,5,5,35,10/2/2019,20,10,50,20,10,40,0.416666667,0.833333333,
Marianna,30.857,-85.168,2019,108,1,TUF297,Grn3,42,42,0,0,0,7/3/2019,0,0,0,0,0,0,0,0,
Marianna,30.857,-85.168,2019,108,1,TUF297,Grn3,51,9,0,0,0,7/12/2019,0,0,0,0,0,0,0,0,
Marianna,30.857,-85.168,2019,108,1,TUF297,Grn3,63,12,5,5,5,7/24/2019,5,5,5,0,0,0,0.416666667,0,
Marianna,30.857,-85.168,2019,108,1,TUF297,Grn3,78,15,0,0,5,8/8/2019,15,15,20,15,15,15,0,1,
Marianna,30.857,-85.168,2019,108,1,TUF297,Grn3,93,15,25,25,30,8/23/2019,25,20,40,20,15,30,1.666666667,1,
Marianna,30.857,-85.168,2019,108,1,TUF297,Grn3,106,13,30,20,50,9/5/2019,55,30,70,45,25,55,1.538461538,1.923076923,
Marianna,30.857,-85.168,2019,108,1,TUF297,Grn3,121,15,15,5,55,9/20/2019,40,5,75,25,5,60,0.333333333,0.333333333,
Marianna,30.857,-85.168,2019,108,1,TUF297,Grn3,133,12,5,0,55,10/2/2019,50,0,75,45,0,60,0,0,
Marianna,30.857,-85.168,2019,109,1,GA06G,Grn2,42,42,0,0,0,7/3/2019,10,10,10,10,10,10,0,0.238095238,
Marianna,30.857,-85.168,2019,109,1,GA06G,Grn2,51,9,0,0,0,7/12/2019,15,10,20,15,10,20,0,1.111111111,
Marianna,30.857,-85.168,2019,109,1,GA06G,Grn2,63,12,0,0,0,7/24/2019,0,0,20,0,0,20,0,0,
Marianna,30.857,-85.168,2019,109,1,GA06G,Grn2,78,15,5,5,5,8/8/2019,45,25,45,45,25,45,0.333333333,1.666666667,
Marianna,30.857,-85.168,2019,109,1,GA06G,Grn2,93,15,20,20,25,8/23/2019,40,10,55,40,10,55,1.333333333,0.666666667,
Marianna,30.857,-85.168,2019,109,1,GA06G,Grn2,106,13,5,5,30,9/5/2019,40,5,60,40,5,60,0.384615385,0.384615385,
Marianna,30.857,-85.168,2019,109,1,GA06G,Grn2,121,15,5,5,35,9/20/2019,65,20,80,65,20,80,0.333333333,1.333333333,
Marianna,30.857,-85.168,2019,109,1,GA06G,Grn2,133,12,15,5,40,10/2/2019,55,10,90,50,5,85,0.416666667,0.416666667,
Marianna,30.857,-85.168,2019,110,1,GA06G,Control,42,42,0,0,0,7/3/2019,0,0,0,0,0,0,0,0,
Marianna,30.857,-85.168,2019,110,1,GA06G,Control,51,9,0,0,0,7/12/2019,0,0,0,0,0,0,0,0,
Marianna,30.857,-85.168,2019,110,1,GA06G,Control,63,12,45,45,45,7/24/2019,50,50,50,90,90,90,3.75,7.5,
Marianna,30.857,-85.168,2019,110,1,GA06G,Control,78,15,5,5,50,8/8/2019,10,10,60,10,10,100,0.333333333,0.666666667,
Marianna,30.857,-85.168,2019,110,1,GA06G,Control,93,15,20,10,60,8/23/2019,25,10,70,20,15,115,0.666666667,1,
Marianna,30.857,-85.168,2019,110,1,GA06G,Control,106,13,0,0,60,9/5/2019,15,0,70,15,5,120,0,0.384615385,
Marianna,30.857,-85.168,2019,110,1,GA06G,Control,121,15,5,0,60,9/20/2019,50,15,85,50,25,145,0,1.666666667,
Marianna,30.857,-85.168,2019,110,1,GA06G,Control,133,12,10,0,60,10/2/2019,50,10,95,40,10,155,0,0.833333333,
Marianna,30.857,-85.168,2019,111,1,GA06G,Grn1,42,42,5,5,5,7/3/2019,5,5,5,5,5,5,0.119047619,0.119047619,
Marianna,30.857,-85.168,2019,111,1,GA06G,Grn1,51,9,5,5,10,7/12/2019,15,10,15,15,10,15,0.555555556,1.111111111,
Marianna,30.857,-85.168,2019,111,1,GA06G,Grn1,63,12,5,5,15,7/24/2019,5,0,15,0,0,15,0.416666667,0,
Marianna,30.857,-85.168,2019,111,1,GA06G,Grn1,78,15,20,20,35,8/8/2019,50,50,65,45,45,60,1.333333333,3,
Marianna,30.857,-85.168,2019,111,1,GA06G,Grn1,93,15,60,40,75,8/23/2019,65,25,90,50,15,75,2.666666667,1,
Marianna,30.857,-85.168,2019,111,1,GA06G,Grn1,106,13,5,0,75,9/5/2019,50,0,90,50,5,80,0,0.384615385,
Marianna,30.857,-85.168,2019,111,1,GA06G,Grn1,121,15,5,5,80,9/20/2019,50,5,95,50,5,85,0.333333333,0.333333333,
Marianna,30.857,-85.168,2019,111,1,GA06G,Grn1,133,12,10,0,80,10/2/2019,30,0,95,20,0,85,0,0,
Marianna,30.857,-85.168,2019,112,1,GA06G,Grn control,42,42,0,0,0,7/3/2019,0,0,0,0,0,0,0,0,
Marianna,30.857,-85.168,2019,112,1,GA06G,Grn control,51,9,0,0,0,7/12/2019,5,5,5,5,5,5,0,0.555555556,
Marianna,30.857,-85.168,2019,112,1,GA06G,Grn control,63,12,15,15,15,7/24/2019,15,10,15,0,0,5,1.25,0,
Marianna,30.857,-85.168,2019,112,1,GA06G,Grn control,78,15,10,10,25,8/8/2019,15,10,25,10,10,15,0.666666667,0.666666667,
Marianna,30.857,-85.168,2019,112,1,GA06G,Grn control,93,15,10,5,30,8/23/2019,15,10,35,15,15,30,0.333333333,1,
Marianna,30.857,-85.168,2019,112,1,GA06G,Grn control,106,13,10,10,40,9/5/2019,15,10,45,15,10,40,0.769230769,0.769230769,
Marianna,30.857,-85.168,2019,112,1,GA06G,Grn control,121,15,5,0,40,9/20/2019,50,15,60,45,15,55,0,1,
Marianna,30.857,-85.168,2019,112,1,GA06G,Grn control,133,12,0,0,40,10/2/2019,25,10,70,25,10,65,0,0.833333333,
Marianna,30.857,-85.168,2019,113,1,GA06G,Scl2,42,42,0,0,0,7/3/2019,0,0,0,0,0,0,0,0,
Marianna,30.857,-85.168,2019,113,1,GA06G,Scl2,51,9,0,0,0,7/12/2019,0,0,0,0,0,0,0,0,
Marianna,30.857,-85.168,2019,113,1,GA06G,Scl2,63,12,0,0,0,7/24/2019,0,0,0,0,0,0,0,0,
Marianna,30.857,-85.168,2019,113,1,GA06G,Scl2,78,15,40,40,40,8/8/2019,40,40,40,40,40,40,2.666666667,2.666666667,
Marianna,30.857,-85.168,2019,113,1,GA06G,Scl2,93,15,55,25,65,8/23/2019,60,30,70,40,15,55,1.666666667,1,
Marianna,30.857,-85.168,2019,113,1,GA06G,Scl2,106,13,5,0,65,9/5/2019,25,0,70,25,0,55,0,0,
Marianna,30.857,-85.168,2019,113,1,GA06G,Scl2,121,15,25,5,70,9/20/2019,55,5,75,55,20,75,0.333333333,1.333333333,
Marianna,30.857,-85.168,2019,113,1,GA06G,Scl2,133,12,5,5,75,10/2/2019,35,5,80,35,5,80,0.416666667,0.416666667,
Marianna,30.857,-85.168,2019,114,1,GA06G,Grn3,42,42,0,0,0,7/3/2019,0,0,0,0,0,0,0,0,
Marianna,30.857,-85.168,2019,114,1,GA06G,Grn3,51,9,0,0,0,7/12/2019,0,0,0,0,0,0,0,0,
Marianna,30.857,-85.168,2019,114,1,GA06G,Grn3,63,12,0,0,0,7/24/2019,5,5,5,5,5,5,0,0.416666667,
Marianna,30.857,-85.168,2019,114,1,GA06G,Grn3,78,15,0,0,0,8/8/2019,0,0,5,0,0,5,0,0,
Marianna,30.857,-85.168,2019,114,1,GA06G,Grn3,93,15,0,0,0,8/23/2019,10,10,15,10,10,15,0,0.666666667,
Marianna,30.857,-85.168,2019,114,1,GA06G,Grn3,106,13,0,0,0,9/5/2019,15,5,20,15,5,20,0,0.384615385,
Marianna,30.857,-85.168,2019,114,1,GA06G,Grn3,121,15,0,0,0,9/20/2019,50,35,55,50,35,55,0,2.333333333,
Marianna,30.857,-85.168,2019,114,1,GA06G,Grn3,133,12,0,0,0,10/2/2019,45,5,60,45,5,60,0,0.416666667,
Marianna,30.857,-85.168,2019,115,1,GA06G,Scl1,42,42,0,0,0,7/3/2019,0,0,0,0,0,0,0,0,
Marianna,30.857,-85.168,2019,115,1,GA06G,Scl1,51,9,0,0,0,7/12/2019,0,0,0,0,0,0,0,0,
Marianna,30.857,-85.168,2019,115,1,GA06G,Scl1,63,12,0,0,0,7/24/2019,0,0,0,0,0,0,0,0,
Marianna,30.857,-85.168,2019,115,1,GA06G,Scl1,78,15,5,5,5,8/8/2019,15,15,15,15,15,15,0.333333333,1,
Marianna,30.857,-85.168,2019,115,1,GA06G,Scl1,93,15,50,50,55,8/23/2019,55,45,60,25,20,35,3.333333333,1.333333333,
Marianna,30.857,-85.168,2019,115,1,GA06G,Scl1,106,13,35,15,70,9/5/2019,55,15,75,45,20,55,1.153846154,1.538461538,
Marianna,30.857,-85.168,2019,115,1,GA06G,Scl1,121,15,20,15,85,9/20/2019,60,15,90,45,5,60,1,0.333333333,
Marianna,30.857,-85.168,2019,115,1,GA06G,Scl1,133,12,5,0,85,10/2/2019,30,0,90,30,5,65,0,0.416666667,
Marianna,30.857,-85.168,2019,116,1,GA06G,Scl3,42,42,0,0,0,7/3/2019,0,0,0,0,0,0,0,0,
Marianna,30.857,-85.168,2019,116,1,GA06G,Scl3,51,9,0,0,0,7/12/2019,0,0,0,0,0,0,0,0,
Marianna,30.857,-85.168,2019,116,1,GA06G,Scl3,63,12,35,35,35,7/24/2019,35,35,35,10,10,10,2.916666667,0.833333333,
Marianna,30.857,-85.168,2019,116,1,GA06G,Scl3,78,15,0,0,35,8/8/2019,20,15,50,20,20,30,0,1.333333333,
Marianna,30.857,-85.168,2019,116,1,GA06G,Scl3,93,15,5,0,35,8/23/2019,5,0,50,5,5,35,0,0.333333333,
Marianna,30.857,-85.168,2019,116,1,GA06G,Scl3,106,13,5,0,35,9/5/2019,10,0,50,10,5,40,0,0.384615385,
Marianna,30.857,-85.168,2019,116,1,GA06G,Scl3,121,15,0,0,35,9/20/2019,60,25,75,60,35,75,0,2.333333333,
Marianna,30.857,-85.168,2019,116,1,GA06G,Scl3,133,12,10,5,40,10/2/2019,70,10,85,70,10,85,0.416666667,0.833333333,
Marianna,30.857,-85.168,2019,201,2,GA06G,Control,42,42,0,0,0,7/3/2019,0,0,0,0,0,0,0,0,
Marianna,30.857,-85.168,2019,201,2,GA06G,Control,51,9,0,0,0,7/12/2019,5,5,5,5,5,5,0,0.555555556,
Marianna,30.857,-85.168,2019,201,2,GA06G,Control,63,12,20,20,20,7/24/2019,20,20,25,0,0,5,1.666666667,0,
Marianna,30.857,-85.168,2019,201,2,GA06G,Control,78,15,5,5,25,8/8/2019,25,25,50,25,25,30,0.333333333,1.666666667,
Marianna,30.857,-85.168,2019,201,2,GA06G,Control,93,15,15,0,25,8/23/2019,20,0,50,20,15,45,0,1,
Marianna,30.857,-85.168,2019,201,2,GA06G,Control,106,13,0,0,25,9/5/2019,0,0,50,0,0,45,0,0,
Marianna,30.857,-85.168,2019,201,2,GA06G,Control,121,15,5,5,30,9/20/2019,30,15,65,25,10,55,0.333333333,0.666666667,
Marianna,30.857,-85.168,2019,201,2,GA06G,Control,133,12,0,0,30,10/2/2019,20,0,65,20,0,55,0,0,
Marianna,30.857,-85.168,2019,202,2,GA06G,Grn1,42,42,5,5,5,7/3/2019,15,15,15,15,15,15,0.119047619,0.357142857,
Marianna,30.857,-85.168,2019,202,2,GA06G,Grn1,51,9,15,15,20,7/12/2019,25,20,35,15,10,25,1.666666667,1.111111111,
Marianna,30.857,-85.168,2019,202,2,GA06G,Grn1,63,12,45,30,50,7/24/2019,55,35,70,35,25,50,2.5,2.083333333,
Marianna,30.857,-85.168,2019,202,2,GA06G,Grn1,78,15,15,5,55,8/8/2019,70,25,95,70,40,90,0.333333333,2.666666667,
Marianna,30.857,-85.168,2019,202,2,GA06G,Grn1,93,15,30,10,65,8/23/2019,65,5,100,60,5,95,0.666666667,0.333333333,
Marianna,30.857,-85.168,2019,202,2,GA06G,Grn1,106,13,10,10,75,9/5/2019,80,0,100,80,0,95,0.769230769,0,
Marianna,30.857,-85.168,2019,202,2,GA06G,Grn1,121,15,10,0,75,9/20/2019,65,0,100,55,0,95,0,0,
Marianna,30.857,-85.168,2019,202,2,GA06G,Grn1,133,12,0,0,75,10/2/2019,50,0,100,50,0,95,0,0,
Marianna,30.857,-85.168,2019,203,2,GA06G,Grn3,42,42,5,5,5,7/3/2019,5,5,5,5,5,5,0.119047619,0.119047619,
Marianna,30.857,-85.168,2019,203,2,GA06G,Grn3,51,9,0,0,5,7/12/2019,0,0,5,0,0,5,0,0,
Marianna,30.857,-85.168,2019,203,2,GA06G,Grn3,63,12,15,15,20,7/24/2019,15,15,20,5,5,10,1.25,0.416666667,
Marianna,30.857,-85.168,2019,203,2,GA06G,Grn3,78,15,10,5,25,8/8/2019,30,20,40,30,25,35,0.333333333,1.666666667,
Marianna,30.857,-85.168,2019,203,2,GA06G,Grn3,93,15,20,10,35,8/23/2019,45,10,50,35,10,45,0.666666667,0.666666667,
Marianna,30.857,-85.168,2019,203,2,GA06G,Grn3,106,13,10,0,35,9/5/2019,30,0,50,30,0,45,0,0,
Marianna,30.857,-85.168,2019,203,2,GA06G,Grn3,121,15,0,0,35,9/20/2019,45,10,60,45,10,55,0,0.666666667,
Marianna,30.857,-85.168,2019,203,2,GA06G,Grn3,133,12,0,0,35,10/2/2019,15,0,60,15,0,55,0,0,
Marianna,30.857,-85.168,2019,204,2,GA06G,Scl3,42,42,0,0,0,7/3/2019,0,0,0,0,0,0,0,0,
Marianna,30.857,-85.168,2019,204,2,GA06G,Scl3,51,9,10,10,10,7/12/2019,10,10,10,0,0,0,1.111111111,0,
Marianna,30.857,-85.168,2019,204,2,GA06G,Scl3,63,12,0,0,10,7/24/2019,0,0,10,0,0,0,0,0,
Marianna,30.857,-85.168,2019,204,2,GA06G,Scl3,78,15,5,5,15,8/8/2019,15,15,25,15,15,15,0.333333333,1,
Marianna,30.857,-85.168,2019,204,2,GA06G,Scl3,93,15,10,10,25,8/23/2019,25,20,45,25,20,35,0.666666667,1.333333333,
Marianna,30.857,-85.168,2019,204,2,GA06G,Scl3,106,13,25,15,40,9/5/2019,65,40,85,65,45,80,1.153846154,3.461538462,
Marianna,30.857,-85.168,2019,204,2,GA06G,Scl3,121,15,5,0,40,9/20/2019,55,5,90,55,5,85,0,0.333333333,
Marianna,30.857,-85.168,2019,204,2,GA06G,Scl3,133,12,5,5,45,10/2/2019,60,0,90,60,0,85,0.416666667,0,
Marianna,30.857,-85.168,2019,205,2,GA06G,Grn2,42,42,0,0,0,7/3/2019,0,0,0,0,0,0,0,0,
Marianna,30.857,-85.168,2019,205,2,GA06G,Grn2,51,9,0,0,0,7/12/2019,0,0,0,0,0,0,0,0,
Marianna,30.857,-85.168,2019,205,2,GA06G,Grn2,63,12,60,60,60,7/24/2019,65,65,65,10,10,10,5,0.833333333,
Marianna,30.857,-85.168,2019,205,2,GA06G,Grn2,78,15,10,0,60,8/8/2019,50,15,80,50,40,50,0,2.666666667,
Marianna,30.857,-85.168,2019,205,2,GA06G,Grn2,93,15,50,20,80,8/23/2019,75,15,95,60,20,70,1.333333333,1.333333333,
Marianna,30.857,-85.168,2019,205,2,GA06G,Grn2,106,13,20,5,85,9/5/2019,60,0,95,60,10,80,0.384615385,0.769230769,
Marianna,30.857,-85.168,2019,205,2,GA06G,Grn2,121,15,0,0,85,9/20/2019,40,0,95,40,0,80,0,0,
Marianna,30.857,-85.168,2019,205,2,GA06G,Grn2,133,12,0,0,85,10/2/2019,30,0,95,30,5,85,0,0.416666667,
Marianna,30.857,-85.168,2019,206,2,GA06G,Grn control,42,42,0,0,0,7/3/2019,0,0,0,0,0,0,0,0,
Marianna,30.857,-85.168,2019,206,2,GA06G,Grn control,51,9,0,0,0,7/12/2019,0,0,0,0,0,0,0,0,
Marianna,30.857,-85.168,2019,206,2,GA06G,Grn control,63,12,0,0,0,7/24/2019,0,0,0,0,0,0,0,0,
Marianna,30.857,-85.168,2019,206,2,GA06G,Grn control,78,15,0,0,0,8/8/2019,0,0,0,0,0,0,0,0,
Marianna,30.857,-85.168,2019,206,2,GA06G,Grn control,93,15,5,5,5,8/23/2019,35,35,35,30,30,30,0.333333333,2,
Marianna,30.857,-85.168,2019,206,2,GA06G,Grn control,106,13,0,0,5,9/5/2019,40,15,50,40,20,50,0,1.538461538,
Marianna,30.857,-85.168,2019,206,2,GA06G,Grn control,121,15,0,0,5,9/20/2019,40,0,50,40,0,50,0,0,
Marianna,30.857,-85.168,2019,206,2,GA06G,Grn control,133,12,0,0,5,10/2/2019,30,0,50,30,0,50,0,0,
Marianna,30.857,-85.168,2019,207,2,GA06G,Scl1,42,42,0,0,0,7/3/2019,0,0,0,0,0,0,0,0,
Marianna,30.857,-85.168,2019,207,2,GA06G,Scl1,51,9,5,5,5,7/12/2019,5,5,5,5,5,5,0.555555556,0.555555556,
Marianna,30.857,-85.168,2019,207,2,GA06G,Scl1,63,12,10,10,15,7/24/2019,10,10,15,0,0,5,0.833333333,0,
Marianna,30.857,-85.168,2019,207,2,GA06G,Scl1,78,15,10,10,25,8/8/2019,30,25,40,30,30,35,0.666666667,2,
Marianna,30.857,-85.168,2019,207,2,GA06G,Scl1,93,15,45,30,55,8/23/2019,55,35,75,50,35,70,2,2.333333333,
Marianna,30.857,-85.168,2019,207,2,GA06G,Scl1,106,13,5,0,55,9/5/2019,50,0,75,50,0,70,0,0,
Marianna,30.857,-85.168,2019,207,2,GA06G,Scl1,121,15,5,0,55,9/20/2019,50,5,80,50,5,75,0,0.333333333,
Marianna,30.857,-85.168,2019,207,2,GA06G,Scl1,133,12,10,10,65,10/2/2019,45,5,85,45,5,80,0.833333333,0.416666667,
Marianna,30.857,-85.168,2019,208,2,GA06G,Scl2,42,42,0,0,0,7/3/2019,0,0,0,0,0,0,0,0,
Marianna,30.857,-85.168,2019,208,2,GA06G,Scl2,51,9,0,0,0,7/12/2019,0,0,0,0,0,0,0,0,
Marianna,30.857,-85.168,2019,208,2,GA06G,Scl2,63,12,30,30,30,7/24/2019,30,30,30,5,5,5,2.5,0.416666667,
Marianna,30.857,-85.168,2019,208,2,GA06G,Scl2,78,15,10,10,40,8/8/2019,70,45,75,70,70,75,0.666666667,4.666666667,
Marianna,30.857,-85.168,2019,208,2,GA06G,Scl2,93,15,50,35,75,8/23/2019,80,20,95,75,20,95,2.333333333,1.333333333,
Marianna,30.857,-85.168,2019,208,2,GA06G,Scl2,106,13,30,5,80,9/5/2019,65,0,95,65,0,95,0.384615385,0,
Marianna,30.857,-85.168,2019,208,2,GA06G,Scl2,121,15,10,5,85,9/20/2019,95,5,100,90,0,95,0.333333333,0,
Marianna,30.857,-85.168,2019,208,2,GA06G,Scl2,133,12,10,5,90,10/2/2019,35,0,100,35,0,95,0.416666667,0,
Marianna,30.857,-85.168,2019,209,2,TUF297,Grn2,42,42,0,0,0,7/3/2019,5,5,5,5,5,5,0,0.119047619,
Marianna,30.857,-85.168,2019,209,2,TUF297,Grn2,51,9,10,10,10,7/12/2019,10,10,15,5,5,10,1.111111111,0.555555556,
Marianna,30.857,-85.168,2019,209,2,TUF297,Grn2,63,12,10,10,20,7/24/2019,10,10,25,5,5,15,0.833333333,0.416666667,
Marianna,30.857,-85.168,2019,209,2,TUF297,Grn2,78,15,0,0,20,8/8/2019,10,10,35,10,10,25,0,0.666666667,
Marianna,30.857,-85.168,2019,209,2,TUF297,Grn2,93,15,20,15,35,8/23/2019,20,10,45,15,10,35,1,0.666666667,
Marianna,30.857,-85.168,2019,209,2,TUF297,Grn2,106,13,5,0,35,9/5/2019,15,5,50,15,5,40,0,0.384615385,
Marianna,30.857,-85.168,2019,209,2,TUF297,Grn2,121,15,10,10,45,9/20/2019,50,20,70,50,25,65,0.666666667,1.666666667,
Marianna,30.857,-85.168,2019,209,2,TUF297,Grn2,133,12,15,10,55,10/2/2019,25,15,85,15,5,70,0.833333333,0.416666667,
Marianna,30.857,-85.168,2019,210,2,TUF297,Scl3,42,42,0,0,0,7/3/2019,0,0,0,0,0,0,0,0,
Marianna,30.857,-85.168,2019,210,2,TUF297,Scl3,51,9,0,0,0,7/12/2019,0,0,0,0,0,0,0,0,
Marianna,30.857,-85.168,2019,210,2,TUF297,Scl3,63,12,10,10,10,7/24/2019,10,10,10,0,0,0,0.833333333,0,
Marianna,30.857,-85.168,2019,210,2,TUF297,Scl3,78,15,0,0,10,8/8/2019,0,0,10,0,0,0,0,0,
Marianna,30.857,-85.168,2019,210,2,TUF297,Scl3,93,15,10,5,15,8/23/2019,10,5,15,5,5,5,0.333333333,0.333333333,
Marianna,30.857,-85.168,2019,210,2,TUF297,Scl3,106,13,5,5,20,9/5/2019,15,10,25,15,15,20,0.384615385,1.153846154,
Marianna,30.857,-85.168,2019,210,2,TUF297,Scl3,121,15,15,10,30,9/20/2019,35,30,55,35,30,50,0.666666667,2,
Marianna,30.857,-85.168,2019,210,2,TUF297,Scl3,133,12,5,0,30,10/2/2019,25,0,55,20,0,50,0,0,
Marianna,30.857,-85.168,2019,211,2,TUF297,Scl1,42,42,0,0,0,7/3/2019,0,0,0,0,0,0,0,0,
Marianna,30.857,-85.168,2019,211,2,TUF297,Scl1,51,9,0,0,0,7/12/2019,0,0,0,0,0,0,0,0,
Marianna,30.857,-85.168,2019,211,2,TUF297,Scl1,63,12,0,0,0,7/24/2019,0,0,0,0,0,0,0,0,
Marianna,30.857,-85.168,2019,211,2,TUF297,Scl1,78,15,0,0,0,8/8/2019,35,35,35,35,35,35,0,2.333333333,
Marianna,30.857,-85.168,2019,211,2,TUF297,Scl1,93,15,10,10,10,8/23/2019,15,10,45,5,5,40,0.666666667,0.333333333,
Marianna,30.857,-85.168,2019,211,2,TUF297,Scl1,106,13,10,10,20,9/5/2019,10,5,50,10,5,45,0.769230769,0.384615385,
Marianna,30.857,-85.168,2019,211,2,TUF297,Scl1,121,15,10,10,30,9/20/2019,20,5,55,20,10,55,0.666666667,0.666666667,
Marianna,30.857,-85.168,2019,211,2,TUF297,Scl1,133,12,10,5,35,10/2/2019,20,10,65,10,5,60,0.416666667,0.416666667,
Marianna,30.857,-85.168,2019,212,2,TUF297,Control,42,42,0,0,0,7/3/2019,0,0,0,0,0,0,0,0,
Marianna,30.857,-85.168,2019,212,2,TUF297,Control,51,9,0,0,0,7/12/2019,0,0,0,0,0,0,0,0,
Marianna,30.857,-85.168,2019,212,2,TUF297,Control,63,12,35,35,35,7/24/2019,35,35,35,0,0,0,2.916666667,0,
Marianna,30.857,-85.168,2019,212,2,TUF297,Control,78,15,0,0,35,8/8/2019,0,0,35,0,0,0,0,0,
Marianna,30.857,-85.168,2019,212,2,TUF297,Control,93,15,0,0,35,8/23/2019,0,0,35,0,0,0,0,0,
Marianna,30.857,-85.168,2019,212,2,TUF297,Control,106,13,15,10,45,9/5/2019,15,10,45,10,10,10,0.769230769,0.769230769,
Marianna,30.857,-85.168,2019,212,2,TUF297,Control,121,15,0,0,45,9/20/2019,30,15,60,30,25,35,0,1.666666667,
Marianna,30.857,-85.168,2019,212,2,TUF297,Control,133,12,0,0,45,10/2/2019,15,0,60,15,10,45,0,0.833333333,
Marianna,30.857,-85.168,2019,213,2,TUF297,Grn control,42,42,0,0,0,7/3/2019,0,0,0,0,0,0,0,0,
Marianna,30.857,-85.168,2019,213,2,TUF297,Grn control,51,9,0,0,0,7/12/2019,0,0,0,0,0,0,0,0,
Marianna,30.857,-85.168,2019,213,2,TUF297,Grn control,63,12,5,5,5,7/24/2019,5,5,5,5,5,5,0.416666667,0.416666667,
Marianna,30.857,-85.168,2019,213,2,TUF297,Grn control,78,15,0,0,5,8/8/2019,0,0,5,0,0,5,0,0,
Marianna,30.857,-85.168,2019,213,2,TUF297,Grn control,93,15,0,0,5,8/23/2019,5,5,10,5,5,10,0,0.333333333,
Marianna,30.857,-85.168,2019,213,2,TUF297,Grn control,106,13,5,5,10,9/5/2019,10,5,15,10,5,15,0.384615385,0.384615385,
Marianna,30.857,-85.168,2019,213,2,TUF297,Grn control,121,15,5,5,15,9/20/2019,25,20,35,20,15,30,0.333333333,1,
Marianna,30.857,-85.168,2019,213,2,TUF297,Grn control,133,12,5,0,15,10/2/2019,25,0,35,20,0,30,0,0,
Marianna,30.857,-85.168,2019,214,2,TUF297,Scl2,42,42,0,0,0,7/3/2019,0,0,0,0,0,0,0,0,
Marianna,30.857,-85.168,2019,214,2,TUF297,Scl2,51,9,0,0,0,7/12/2019,0,0,0,0,0,0,0,0,
Marianna,30.857,-85.168,2019,214,2,TUF297,Scl2,63,12,5,5,5,7/24/2019,5,5,5,0,0,0,0.416666667,0,
Marianna,30.857,-85.168,2019,214,2,TUF297,Scl2,78,15,0,0,5,8/8/2019,0,0,5,0,0,0,0,0,
Marianna,30.857,-85.168,2019,214,2,TUF297,Scl2,93,15,0,0,5,8/23/2019,0,0,5,0,0,0,0,0,
Marianna,30.857,-85.168,2019,214,2,TUF297,Scl2,106,13,0,0,5,9/5/2019,0,0,5,0,0,0,0,0,
Marianna,30.857,-85.168,2019,214,2,TUF297,Scl2,121,15,5,5,10,9/20/2019,10,10,15,10,10,10,0.333333333,0.666666667,
Marianna,30.857,-85.168,2019,214,2,TUF297,Scl2,133,12,5,0,10,10/2/2019,10,0,15,5,0,10,0,0,
Marianna,30.857,-85.168,2019,215,2,TUF297,Grn1,42,42,0,0,0,7/3/2019,0,0,0,0,0,0,0,0,
Marianna,30.857,-85.168,2019,215,2,TUF297,Grn1,51,9,5,5,5,7/12/2019,5,5,5,0,0,0,0.555555556,0,
Marianna,30.857,-85.168,2019,215,2,TUF297,Grn1,63,12,30,30,35,7/24/2019,30,30,35,10,10,10,2.5,0.833333333,
Marianna,30.857,-85.168,2019,215,2,TUF297,Grn1,78,15,0,0,35,8/8/2019,15,5,40,15,15,25,0,1,
Marianna,30.857,-85.168,2019,215,2,TUF297,Grn1,93,15,40,25,60,8/23/2019,45,20,60,40,20,45,1.666666667,1.333333333,
Marianna,30.857,-85.168,2019,215,2,TUF297,Grn1,106,13,0,0,60,9/5/2019,0,0,60,0,0,45,0,0,
Marianna,30.857,-85.168,2019,215,2,TUF297,Grn1,121,15,0,0,60,9/20/2019,0,0,60,0,0,45,0,0,
Marianna,30.857,-85.168,2019,215,2,TUF297,Grn1,133,12,5,5,65,10/2/2019,15,5,65,10,0,45,0.416666667,0,
Marianna,30.857,-85.168,2019,216,2,TUF297,Grn3,42,42,0,0,0,7/3/2019,0,0,0,0,0,0,0,0,
Marianna,30.857,-85.168,2019,216,2,TUF297,Grn3,51,9,0,0,0,7/12/2019,0,0,0,0,0,0,0,0,
Marianna,30.857,-85.168,2019,216,2,TUF297,Grn3,63,12,0,0,0,7/24/2019,0,0,0,0,0,0,0,0,
Marianna,30.857,-85.168,2019,216,2,TUF297,Grn3,78,15,0,0,0,8/8/2019,10,10,10,10,10,10,0,0.666666667,
Marianna,30.857,-85.168,2019,216,2,TUF297,Grn3,93,15,0,0,0,8/23/2019,0,0,10,0,0,10,0,0,
Marianna,30.857,-85.168,2019,216,2,TUF297,Grn3,106,13,0,0,0,9/5/2019,5,5,15,5,5,15,0,0.384615385,
Marianna,30.857,-85.168,2019,216,2,TUF297,Grn3,121,15,0,0,0,9/20/2019,10,10,25,10,10,25,0,0.666666667,
Marianna,30.857,-85.168,2019,216,2,TUF297,Grn3,133,12,0,0,0,10/2/2019,0,0,25,0,0,25,0,0,
Marianna,30.857,-85.168,2019,301,3,GA06G,Scl3,42,42,0,0,0,7/3/2019,15,15,15,15,15,15,0,0.357142857,
Marianna,30.857,-85.168,2019,301,3,GA06G,Scl3,51,0,5,5,5,7/12/2019,5,5,20,25,25,40,#DIV/0!,#DIV/0!,
Marianna,30.857,-85.168,2019,301,3,GA06G,Scl3,63,0,5,5,10,7/24/2019,35,35,55,30,30,70,#DIV/0!,#DIV/0!,
Marianna,30.857,-85.168,2019,301,3,GA06G,Scl3,78,0,0,0,10,8/8/2019,45,5,60,45,10,80,#DIV/0!,#DIV/0!,
Marianna,30.857,-85.168,2019,301,3,GA06G,Scl3,93,0,0,0,10,8/23/2019,15,5,65,15,5,85,#DIV/0!,#DIV/0!,
Marianna,30.857,-85.168,2019,301,3,GA06G,Scl3,106,0,5,5,15,9/5/2019,55,25,90,55,25,110,#DIV/0!,#DIV/0!,
Marianna,30.857,-85.168,2019,301,3,GA06G,Scl3,121,0,0,0,15,9/20/2019,60,10,100,60,15,125,#DIV/0!,#DIV/0!,
Marianna,30.857,-85.168,2019,301,3,GA06G,Scl3,133,0,5,0,15,10/2/2019,75,0,100,70,0,125,#DIV/0!,#DIV/0!,
Marianna,30.857,-85.168,2019,302,3,GA06G,Grn2,42,42,0,0,0,7/3/2019,5,5,5,5,5,5,0,0.119047619,
Marianna,30.857,-85.168,2019,302,3,GA06G,Grn2,51,9,0,0,0,7/12/2019,0,0,5,0,0,5,0,0,
Marianna,30.857,-85.168,2019,302,3,GA06G,Grn2,63,12,25,25,25,7/24/2019,35,35,40,10,10,15,2.083333333,0.833333333,
Marianna,30.857,-85.168,2019,302,3,GA06G,Grn2,78,15,5,5,30,8/8/2019,55,25,65,55,45,60,0.333333333,3,
Marianna,30.857,-85.168,2019,302,3,GA06G,Grn2,93,15,30,15,45,8/23/2019,70,25,90,65,20,80,1,1.333333333,
Marianna,30.857,-85.168,2019,302,3,GA06G,Grn2,106,13,20,15,60,9/5/2019,45,10,100,45,10,90,1.153846154,0.769230769,
Marianna,30.857,-85.168,2019,302,3,GA06G,Grn2,121,15,0,0,60,9/20/2019,50,0,100,50,0,90,0,0,
Marianna,30.857,-85.168,2019,302,3,GA06G,Grn2,133,12,10,0,60,10/2/2019,45,0,100,35,5,95,0,0.416666667,
Marianna,30.857,-85.168,2019,303,3,GA06G,Grn1,42,42,0,0,0,7/3/2019,10,10,10,10,10,10,0,0.238095238,
Marianna,30.857,-85.168,2019,303,3,GA06G,Grn1,51,9,0,0,0,7/12/2019,0,0,10,0,0,10,0,0,
Marianna,30.857,-85.168,2019,303,3,GA06G,Grn1,63,12,60,60,60,7/24/2019,85,75,85,65,55,65,5,4.583333333,
Marianna,30.857,-85.168,2019,303,3,GA06G,Grn1,78,15,0,0,60,8/8/2019,70,0,85,70,15,80,0,1,
Marianna,30.857,-85.168,2019,303,3,GA06G,Grn1,93,15,45,10,70,8/23/2019,85,5,90,85,10,90,0.666666667,0.666666667,
Marianna,30.857,-85.168,2019,303,3,GA06G,Grn1,106,13,5,0,70,9/5/2019,40,0,90,40,0,90,0,0,
Marianna,30.857,-85.168,2019,303,3,GA06G,Grn1,121,15,0,0,70,9/20/2019,65,5,95,65,5,95,0,0.333333333,
Marianna,30.857,-85.168,2019,303,3,GA06G,Grn1,133,12,5,0,70,10/2/2019,35,0,95,30,0,95,0,0,
Marianna,30.857,-85.168,2019,304,3,GA06G,Grn3,42,42,0,0,0,7/3/2019,0,0,0,0,0,0,0,0,
Marianna,30.857,-85.168,2019,304,3,GA06G,Grn3,51,9,0,0,0,7/12/2019,0,0,0,0,0,0,0,0,
Marianna,30.857,-85.168,2019,304,3,GA06G,Grn3,63,12,5,5,5,7/24/2019,5,5,5,0,0,0,0.416666667,0,
Marianna,30.857,-85.168,2019,304,3,GA06G,Grn3,78,15,0,0,5,8/8/2019,0,0,5,0,0,0,0,0,
Marianna,30.857,-85.168,2019,304,3,GA06G,Grn3,93,15,10,5,10,8/23/2019,10,5,10,10,10,10,0.333333333,0.666666667,
Marianna,30.857,-85.168,2019,304,3,GA06G,Grn3,106,13,5,5,15,9/5/2019,15,15,25,15,15,25,0.384615385,1.153846154,
Marianna,30.857,-85.168,2019,304,3,GA06G,Grn3,121,15,5,5,20,9/20/2019,25,10,35,25,10,35,0.333333333,0.666666667,
Marianna,30.857,-85.168,2019,304,3,GA06G,Grn3,133,12,10,10,30,10/2/2019,30,15,50,25,10,45,0.833333333,0.833333333,
Marianna,30.857,-85.168,2019,305,3,GA06G,Scl1,42,42,0,0,0,7/3/2019,0,0,0,0,0,0,0,0,
Marianna,30.857,-85.168,2019,305,3,GA06G,Scl1,51,9,0,0,0,7/12/2019,0,0,0,0,0,0,0,0,
Marianna,30.857,-85.168,2019,305,3,GA06G,Scl1,63,12,60,60,60,7/24/2019,60,60,60,30,30,30,5,2.5,
Marianna,30.857,-85.168,2019,305,3,GA06G,Scl1,78,15,0,0,60,8/8/2019,65,15,75,65,40,70,0,2.666666667,
Marianna,30.857,-85.168,2019,305,3,GA06G,Scl1,93,15,15,0,60,8/23/2019,35,0,75,35,0,70,0,0,
Marianna,30.857,-85.168,2019,305,3,GA06G,Scl1,106,13,15,5,65,9/5/2019,35,5,80,25,5,75,0.384615385,0.384615385,
Marianna,30.857,-85.168,2019,305,3,GA06G,Scl1,121,15,0,0,65,9/20/2019,25,0,80,25,0,75,0,0,
Marianna,30.857,-85.168,2019,305,3,GA06G,Scl1,133,12,5,0,65,10/2/2019,10,0,80,5,0,75,0,0,
Marianna,30.857,-85.168,2019,306,3,GA06G,Scl2,42,42,0,0,0,7/3/2019,0,0,0,0,0,0,0,0,
Marianna,30.857,-85.168,2019,306,3,GA06G,Scl2,51,9,0,0,0,7/12/2019,0,0,0,0,0,0,0,0,
Marianna,30.857,-85.168,2019,306,3,GA06G,Scl2,63,12,15,15,15,7/24/2019,15,15,15,10,10,10,1.25,0.833333333,
Marianna,30.857,-85.168,2019,306,3,GA06G,Scl2,78,15,0,0,15,8/8/2019,10,10,25,10,10,20,0,0.666666667,
Marianna,30.857,-85.168,2019,306,3,GA06G,Scl2,93,15,45,35,50,8/23/2019,55,35,60,100,80,100,2.333333333,5.333333333,
Marianna,30.857,-85.168,2019,306,3,GA06G,Scl2,106,13,0,0,50,9/5/2019,35,0,60,35,10,110,0,0.769230769,
Marianna,30.857,-85.168,2019,306,3,GA06G,Scl2,121,15,5,0,50,9/20/2019,25,0,60,20,0,110,0,0,
Marianna,30.857,-85.168,2019,306,3,GA06G,Scl2,133,12,0,0,50,10/2/2019,20,0,60,20,0,110,0,0,
Marianna,30.857,-85.168,2019,307,3,GA06G,Grn control,42,42,0,0,0,7/3/2019,0,0,0,0,0,0,0,0,
Marianna,30.857,-85.168,2019,307,3,GA06G,Grn control,51,9,15,15,15,7/12/2019,20,20,20,20,20,20,1.666666667,2.222222222,
Marianna,30.857,-85.168,2019,307,3,GA06G,Grn control,63,12,10,10,25,7/24/2019,10,10,30,0,0,20,0.833333333,0,
Marianna,30.857,-85.168,2019,307,3,GA06G,Grn control,78,15,0,0,25,8/8/2019,0,0,30,0,0,20,0,0,
Marianna,30.857,-85.168,2019,307,3,GA06G,Grn control,93,15,10,10,35,8/23/2019,10,10,40,10,10,30,0.666666667,0.666666667,
Marianna,30.857,-85.168,2019,307,3,GA06G,Grn control,106,13,0,0,35,9/5/2019,0,0,40,0,0,30,0,0,
Marianna,30.857,-85.168,2019,307,3,GA06G,Grn control,121,15,0,0,35,9/20/2019,5,5,45,5,5,35,0,0.333333333,
Marianna,30.857,-85.168,2019,307,3,GA06G,Grn control,133,12,5,0,35,10/2/2019,10,0,45,5,0,35,0,0,
Marianna,30.857,-85.168,2019,308,3,GA06G,Control,42,42,0,0,0,7/3/2019,0,0,0,0,0,0,0,0,
Marianna,30.857,-85.168,2019,308,3,GA06G,Control,51,9,0,0,0,7/12/2019,0,0,0,0,0,0,0,0,
Marianna,30.857,-85.168,2019,308,3,GA06G,Control,63,12,5,5,5,7/24/2019,5,5,5,0,0,0,0.416666667,0,
Marianna,30.857,-85.168,2019,308,3,GA06G,Control,78,15,0,0,5,8/8/2019,20,20,25,20,20,20,0,1.333333333,
Marianna,30.857,-85.168,2019,308,3,GA06G,Control,93,15,5,5,10,8/23/2019,15,10,35,15,10,30,0.333333333,0.666666667,
Marianna,30.857,-85.168,2019,308,3,GA06G,Control,106,13,5,5,15,9/5/2019,10,5,40,10,5,35,0.384615385,0.384615385,
Marianna,30.857,-85.168,2019,308,3,GA06G,Control,121,15,0,0,15,9/20/2019,20,5,45,20,5,40,0,0.333333333,
Marianna,30.857,-85.168,2019,308,3,GA06G,Control,133,12,5,5,20,10/2/2019,25,5,50,20,0,40,0.416666667,0,
Marianna,30.857,-85.168,2019,309,3,TUF297,Grn1,42,42,0,0,0,7/3/2019,0,0,0,0,0,0,0,0,
Marianna,30.857,-85.168,2019,309,3,TUF297,Grn1,51,9,5,5,5,7/12/2019,5,5,5,0,0,0,0.555555556,0,
Marianna,30.857,-85.168,2019,309,3,TUF297,Grn1,63,12,50,50,55,7/24/2019,50,50,55,35,35,35,4.166666667,2.916666667,
Marianna,30.857,-85.168,2019,309,3,TUF297,Grn1,78,15,0,0,55,8/8/2019,70,30,85,70,40,75,0,2.666666667,
Marianna,30.857,-85.168,2019,309,3,TUF297,Grn1,93,15,30,10,65,8/23/2019,40,5,90,40,10,85,0.666666667,0.666666667,
Marianna,30.857,-85.168,2019,309,3,TUF297,Grn1,106,13,10,0,65,9/5/2019,25,0,90,20,0,85,0,0,
Marianna,30.857,-85.168,2019,309,3,TUF297,Grn1,121,15,0,0,65,9/20/2019,45,0,90,45,0,85,0,0,
Marianna,30.857,-85.168,2019,309,3,TUF297,Grn1,133,12,15,5,70,10/2/2019,55,0,90,50,0,85,0.416666667,0,
Marianna,30.857,-85.168,2019,310,3,TUF297,Grn2,42,42,0,0,0,7/3/2019,0,0,0,0,0,0,0,0,
Marianna,30.857,-85.168,2019,310,3,TUF297,Grn2,51,9,10,10,10,7/12/2019,10,10,10,0,0,0,1.111111111,0,
Marianna,30.857,-85.168,2019,310,3,TUF297,Grn2,63,12,55,45,55,7/24/2019,55,45,55,15,15,15,3.75,1.25,
Marianna,30.857,-85.168,2019,310,3,TUF297,Grn2,78,15,5,5,60,8/8/2019,35,15,70,35,20,35,0.333333333,1.333333333,
Marianna,30.857,-85.168,2019,310,3,TUF297,Grn2,93,15,20,0,60,8/23/2019,20,0,70,20,15,50,0,1,
Marianna,30.857,-85.168,2019,310,3,TUF297,Grn2,106,13,15,10,70,9/5/2019,25,10,80,15,5,55,0.769230769,0.384615385,
Marianna,30.857,-85.168,2019,310,3,TUF297,Grn2,121,15,5,5,75,9/20/2019,50,5,85,50,20,75,0.333333333,1.333333333,
Marianna,30.857,-85.168,2019,310,3,TUF297,Grn2,133,12,15,0,75,10/2/2019,35,0,85,20,0,75,0,0,
Marianna,30.857,-85.168,2019,311,3,TUF297,Scl2,42,42,0,0,0,7/3/2019,0,0,0,0,0,0,0,0,
Marianna,30.857,-85.168,2019,311,3,TUF297,Scl2,51,9,0,0,0,7/12/2019,0,0,0,0,0,0,0,0,
Marianna,30.857,-85.168,2019,311,3,TUF297,Scl2,63,12,5,5,5,7/24/2019,5,5,5,0,0,0,0.416666667,0,
Marianna,30.857,-85.168,2019,311,3,TUF297,Scl2,78,15,0,0,5,8/8/2019,5,5,10,5,5,5,0,0.333333333,
Marianna,30.857,-85.168,2019,311,3,TUF297,Scl2,93,15,25,20,25,8/23/2019,25,15,25,15,10,15,1.333333333,0.666666667,
Marianna,30.857,-85.168,2019,311,3,TUF297,Scl2,106,13,5,0,25,9/5/2019,10,0,25,10,0,15,0,0,
Marianna,30.857,-85.168,2019,311,3,TUF297,Scl2,121,15,30,25,50,9/20/2019,30,25,50,30,25,40,1.666666667,1.666666667,
Marianna,30.857,-85.168,2019,311,3,TUF297,Scl2,133,12,15,0,50,10/2/2019,25,5,55,10,5,45,0,0.416666667,
Marianna,30.857,-85.168,2019,312,3,TUF297,Scl3,42,42,0,0,0,7/3/2019,0,0,0,0,0,0,0,0,
Marianna,30.857,-85.168,2019,312,3,TUF297,Scl3,51,9,0,0,0,7/12/2019,0,0,0,0,0,0,0,0,
Marianna,30.857,-85.168,2019,312,3,TUF297,Scl3,63,12,0,0,0,7/24/2019,0,0,0,0,0,0,0,0,
Marianna,30.857,-85.168,2019,312,3,TUF297,Scl3,78,15,0,0,0,8/8/2019,0,0,0,0,0,0,0,0,
Marianna,30.857,-85.168,2019,312,3,TUF297,Scl3,93,15,0,0,0,8/23/2019,0,0,0,0,0,0,0,0,
Marianna,30.857,-85.168,2019,312,3,TUF297,Scl3,106,13,0,0,0,9/5/2019,0,0,0,0,0,0,0,0,
Marianna,30.857,-85.168,2019,312,3,TUF297,Scl3,121,15,0,0,0,9/20/2019,10,10,10,10,10,10,0,0.666666667,
Marianna,30.857,-85.168,2019,312,3,TUF297,Scl3,133,12,10,10,10,10/2/2019,30,25,35,20,20,30,0.833333333,1.666666667,
Marianna,30.857,-85.168,2019,313,3,TUF297,Grn control,42,42,0,0,0,7/3/2019,0,0,0,0,0,0,0,0,
Marianna,30.857,-85.168,2019,313,3,TUF297,Grn control,51,9,0,0,0,7/12/2019,0,0,0,0,0,0,0,0,
Marianna,30.857,-85.168,2019,313,3,TUF297,Grn control,63,12,5,5,5,7/24/2019,5,5,5,0,0,0,0.416666667,0,
Marianna,30.857,-85.168,2019,313,3,TUF297,Grn control,78,15,5,5,10,8/8/2019,10,10,15,10,10,10,0.333333333,0.666666667,
Marianna,30.857,-85.168,2019,313,3,TUF297,Grn control,93,15,0,0,10,8/23/2019,0,0,15,0,0,10,0,0,
Marianna,30.857,-85.168,2019,313,3,TUF297,Grn control,106,13,5,5,15,9/5/2019,5,5,20,0,0,10,0.384615385,0,
Marianna,30.857,-85.168,2019,313,3,TUF297,Grn control,121,15,15,15,30,9/20/2019,15,15,35,0,0,10,1,0,
Marianna,30.857,-85.168,2019,313,3,TUF297,Grn control,133,12,0,0,30,10/2/2019,5,0,35,5,5,15,0,0.416666667,
Marianna,30.857,-85.168,2019,314,3,TUF297,Control,42,42,0,0,0,7/3/2019,0,0,0,0,0,0,0,0,
Marianna,30.857,-85.168,2019,314,3,TUF297,Control,51,9,0,0,0,7/12/2019,0,0,0,0,0,0,0,0,
Marianna,30.857,-85.168,2019,314,3,TUF297,Control,63,12,0,0,0,7/24/2019,0,0,0,0,0,0,0,0,
Marianna,30.857,-85.168,2019,314,3,TUF297,Control,78,15,0,0,0,8/8/2019,20,20,20,20,20,20,0,1.333333333,
Marianna,30.857,-85.168,2019,314,3,TUF297,Control,93,15,0,0,0,8/23/2019,0,0,20,0,0,20,0,0,
Marianna,30.857,-85.168,2019,314,3,TUF297,Control,106,13,5,5,5,9/5/2019,5,5,25,0,0,20,0.384615385,0,
Marianna,30.857,-85.168,2019,314,3,TUF297,Control,121,15,5,5,10,9/20/2019,5,5,30,25,25,45,0.333333333,1.666666667,
Marianna,30.857,-85.168,2019,314,3,TUF297,Control,133,12,5,5,15,10/2/2019,15,5,35,10,10,55,0.416666667,0.833333333,
Marianna,30.857,-85.168,2019,315,3,TUF297,Grn3,42,42,0,0,0,7/3/2019,0,0,0,0,0,0,0,0,
Marianna,30.857,-85.168,2019,315,3,TUF297,Grn3,51,9,0,0,0,7/12/2019,0,0,0,0,0,0,0,0,
Marianna,30.857,-85.168,2019,315,3,TUF297,Grn3,63,12,0,0,0,7/24/2019,0,0,0,0,0,0,0,0,
Marianna,30.857,-85.168,2019,315,3,TUF297,Grn3,78,15,0,0,0,8/8/2019,0,0,0,0,0,0,0,0,
Marianna,30.857,-85.168,2019,315,3,TUF297,Grn3,93,15,0,0,0,8/23/2019,0,0,0,0,0,0,0,0,
Marianna,30.857,-85.168,2019,315,3,TUF297,Grn3,106,13,0,0,0,9/5/2019,0,0,0,0,0,0,0,0,
Marianna,30.857,-85.168,2019,315,3,TUF297,Grn3,121,15,0,0,0,9/20/2019,0,0,0,0,0,0,0,0,
Marianna,30.857,-85.168,2019,315,3,TUF297,Grn3,133,12,5,5,5,10/2/2019,10,10,10,5,5,5,0.416666667,0.416666667,
Marianna,30.857,-85.168,2019,316,3,TUF297,Scl1,42,42,0,0,0,7/3/2019,0,0,0,0,0,0,0,0,
Marianna,30.857,-85.168,2019,316,3,TUF297,Scl1,51,9,0,0,0,7/12/2019,0,0,0,0,0,0,0,0,
Marianna,30.857,-85.168,2019,316,3,TUF297,Scl1,63,12,55,55,55,7/24/2019,55,55,55,15,15,15,4.583333333,1.25,
Marianna,30.857,-85.168,2019,316,3,TUF297,Scl1,78,15,0,0,55,8/8/2019,45,20,75,45,35,50,0,2.333333333,
Marianna,30.857,-85.168,2019,316,3,TUF297,Scl1,93,15,55,25,80,8/23/2019,55,15,90,50,20,70,1.666666667,1.333333333,
Marianna,30.857,-85.168,2019,316,3,TUF297,Scl1,106,13,10,0,80,9/5/2019,20,0,90,20,0,70,0,0,
Marianna,30.857,-85.168,2019,316,3,TUF297,Scl1,121,15,0,0,80,9/20/2019,10,0,90,10,0,70,0,0,
Marianna,30.857,-85.168,2019,316,3,TUF297,Scl1,133,12,10,5,85,10/2/2019,20,0,90,10,0,70,0.416666667,0,
Marianna,30.857,-85.168,2019,401,4,TUF297,Scl1,42,42,0,0,0,7/3/2019,0,0,0,0,0,0,0,0,
Marianna,30.857,-85.168,2019,401,4,TUF297,Scl1,51,9,0,0,0,7/12/2019,0,0,0,0,0,0,0,0,
Marianna,30.857,-85.168,2019,401,4,TUF297,Scl1,63,12,20,20,20,7/24/2019,20,20,20,0,0,0,1.666666667,0,
Marianna,30.857,-85.168,2019,401,4,TUF297,Scl1,78,15,0,0,20,8/8/2019,40,25,45,40,40,40,0,2.666666667,
Marianna,30.857,-85.168,2019,401,4,TUF297,Scl1,93,15,65,45,65,8/23/2019,70,35,80,70,40,80,3,2.666666667,
Marianna,30.857,-85.168,2019,401,4,TUF297,Scl1,106,13,5,0,65,9/5/2019,20,0,80,20,0,80,0,0,
Marianna,30.857,-85.168,2019,401,4,TUF297,Scl1,121,15,5,5,70,9/20/2019,20,0,80,20,0,80,0.333333333,0,
Marianna,30.857,-85.168,2019,401,4,TUF297,Scl1,133,12,10,5,75,10/2/2019,30,10,90,25,10,90,0.416666667,0.833333333,
Marianna,30.857,-85.168,2019,402,4,TUF297,Control,42,42,0,0,0,7/3/2019,0,0,0,0,0,0,0,0,
Marianna,30.857,-85.168,2019,402,4,TUF297,Control,51,9,0,0,0,7/12/2019,0,0,0,0,0,0,0,0,
Marianna,30.857,-85.168,2019,402,4,TUF297,Control,63,12,0,0,0,7/24/2019,0,0,0,0,0,0,0,0,
Marianna,30.857,-85.168,2019,402,4,TUF297,Control,78,15,0,0,0,8/8/2019,0,0,0,0,0,0,0,0,
Marianna,30.857,-85.168,2019,402,4,TUF297,Control,93,15,10,10,10,8/23/2019,10,10,10,10,10,10,0.666666667,0.666666667,
Marianna,30.857,-85.168,2019,402,4,TUF297,Control,106,13,0,0,10,9/5/2019,15,10,20,15,10,20,0,0.769230769,
Marianna,30.857,-85.168,2019,402,4,TUF297,Control,121,15,5,5,15,9/20/2019,10,5,25,10,5,25,0.333333333,0.333333333,
Marianna,30.857,-85.168,2019,402,4,TUF297,Control,133,12,15,15,30,10/2/2019,30,10,35,15,0,25,1.25,0,
Marianna,30.857,-85.168,2019,403,4,TUF297,Scl3,42,42,0,0,0,7/3/2019,0,0,0,0,0,0,0,0,
Marianna,30.857,-85.168,2019,403,4,TUF297,Scl3,51,9,0,0,0,7/12/2019,0,0,0,0,0,0,0,0,
Marianna,30.857,-85.168,2019,403,4,TUF297,Scl3,63,12,0,0,0,7/24/2019,0,0,0,0,0,0,0,0,
Marianna,30.857,-85.168,2019,403,4,TUF297,Scl3,78,15,0,0,0,8/8/2019,5,5,5,25,25,25,0,1.666666667,
Marianna,30.857,-85.168,2019,403,4,TUF297,Scl3,93,15,0,0,0,8/23/2019,5,5,10,5,5,30,0,0.333333333,
Marianna,30.857,-85.168,2019,403,4,TUF297,Scl3,106,13,0,0,0,9/5/2019,5,5,15,5,5,35,0,0.384615385,
Marianna,30.857,-85.168,2019,403,4,TUF297,Scl3,121,15,5,5,5,9/20/2019,20,10,25,20,15,50,0.333333333,1,
Marianna,30.857,-85.168,2019,403,4,TUF297,Scl3,133,12,15,15,20,10/2/2019,40,30,55,35,25,75,1.25,2.083333333,
Marianna,30.857,-85.168,2019,404,4,TUF297,Grn control,42,42,0,0,0,7/3/2019,0,0,0,0,0,0,0,0,
Marianna,30.857,-85.168,2019,404,4,TUF297,Grn control,51,9,0,0,0,7/12/2019,0,0,0,0,0,0,0,0,
Marianna,30.857,-85.168,2019,404,4,TUF297,Grn control,63,12,0,0,0,7/24/2019,0,0,0,0,0,0,0,0,
Marianna,30.857,-85.168,2019,404,4,TUF297,Grn control,78,15,0,0,0,8/8/2019,0,0,0,0,0,0,0,0,
Marianna,30.857,-85.168,2019,404,4,TUF297,Grn control,93,15,0,0,0,8/23/2019,0,0,0,0,0,0,0,0,
Marianna,30.857,-85.168,2019,404,4,TUF297,Grn control,106,13,5,5,5,9/5/2019,10,10,10,10,10,10,0.384615385,0.769230769,
Marianna,30.857,-85.168,2019,404,4,TUF297,Grn control,121,15,0,0,5,9/20/2019,25,20,30,25,20,30,0,1.333333333,
Marianna,30.857,-85.168,2019,404,4,TUF297,Grn control,133,12,0,0,5,10/2/2019,30,20,50,30,20,50,0,1.666666667,
Marianna,30.857,-85.168,2019,405,4,TUF297,Scl2,42,42,0,0,0,7/3/2019,0,0,0,0,0,0,0,0,
Marianna,30.857,-85.168,2019,405,4,TUF297,Scl2,51,9,0,0,0,7/12/2019,0,0,0,0,0,0,0,0,
Marianna,30.857,-85.168,2019,405,4,TUF297,Scl2,63,12,0,0,0,7/24/2019,0,0,0,0,0,0,0,0,
Marianna,30.857,-85.168,2019,405,4,TUF297,Scl2,78,15,0,0,0,8/8/2019,15,15,15,15,15,15,0,1,
Marianna,30.857,-85.168,2019,405,4,TUF297,Scl2,93,15,80,80,80,8/23/2019,80,65,80,75,60,75,5.333333333,4,
Marianna,30.857,-85.168,2019,405,4,TUF297,Scl2,106,13,5,0,80,9/5/2019,40,5,85,35,5,80,0,0.384615385,
Marianna,30.857,-85.168,2019,405,4,TUF297,Scl2,121,15,0,0,80,9/20/2019,30,0,85,30,0,80,0,0,
Marianna,30.857,-85.168,2019,405,4,TUF297,Scl2,133,12,0,0,80,10/2/2019,35,0,85,35,0,80,0,0,
Marianna,30.857,-85.168,2019,406,4,TUF297,Grn2,42,42,0,0,0,7/3/2019,0,0,0,0,0,0,0,0,
Marianna,30.857,-85.168,2019,406,4,TUF297,Grn2,51,9,0,0,0,7/12/2019,0,0,0,0,0,0,0,0,
Marianna,30.857,-85.168,2019,406,4,TUF297,Grn2,63,12,0,0,0,7/24/2019,0,0,0,0,0,0,0,0,
Marianna,30.857,-85.168,2019,406,4,TUF297,Grn2,78,15,0,0,0,8/8/2019,0,0,0,0,0,0,0,0,
Marianna,30.857,-85.168,2019,406,4,TUF297,Grn2,93,15,45,45,45,8/23/2019,45,45,45,30,30,30,3,2,
Marianna,30.857,-85.168,2019,406,4,TUF297,Grn2,106,13,10,5,50,9/5/2019,25,5,50,15,0,30,0.384615385,0,
Marianna,30.857,-85.168,2019,406,4,TUF297,Grn2,121,15,0,0,50,9/20/2019,15,0,50,15,5,35,0,0.333333333,
Marianna,30.857,-85.168,2019,406,4,TUF297,Grn2,133,12,10,0,50,10/2/2019,25,0,50,15,5,40,0,0.416666667,
Marianna,30.857,-85.168,2019,407,4,TUF297,Grn1,42,42,0,0,0,7/3/2019,0,0,0,0,0,0,0,0,
Marianna,30.857,-85.168,2019,407,4,TUF297,Grn1,51,9,5,5,5,7/12/2019,10,10,10,10,10,10,0.555555556,1.111111111,
Marianna,30.857,-85.168,2019,407,4,TUF297,Grn1,63,12,45,40,45,7/24/2019,45,35,45,25,20,30,3.333333333,1.666666667,
Marianna,30.857,-85.168,2019,407,4,TUF297,Grn1,78,15,15,5,50,8/8/2019,60,25,70,60,40,70,0.333333333,2.666666667,
Marianna,30.857,-85.168,2019,407,4,TUF297,Grn1,93,15,100,50,100,8/23/2019,100,30,100,95,25,95,3.333333333,1.666666667,
Marianna,30.857,-85.168,2019,407,4,TUF297,Grn1,106,13,5,0,100,9/5/2019,30,0,100,30,0,95,0,0,
Marianna,30.857,-85.168,2019,407,4,TUF297,Grn1,121,15,0,0,100,9/20/2019,55,0,100,55,0,95,0,0,
Marianna,30.857,-85.168,2019,407,4,TUF297,Grn1,133,12,0,0,100,10/2/2019,30,0,100,30,0,95,0,0,
Marianna,30.857,-85.168,2019,408,4,TUF297,Grn3,42,42,0,0,0,7/3/2019,0,0,0,0,0,0,0,0,
Marianna,30.857,-85.168,2019,408,4,TUF297,Grn3,51,9,0,0,0,7/12/2019,0,0,0,0,0,0,0,0,
Marianna,30.857,-85.168,2019,408,4,TUF297,Grn3,63,12,15,15,15,7/24/2019,15,15,15,0,0,0,1.25,0,
Marianna,30.857,-85.168,2019,408,4,TUF297,Grn3,78,15,0,0,15,8/8/2019,0,0,15,0,0,0,0,0,
Marianna,30.857,-85.168,2019,408,4,TUF297,Grn3,93,15,0,0,15,8/23/2019,0,0,15,0,0,0,0,0,
Marianna,30.857,-85.168,2019,408,4,TUF297,Grn3,106,13,0,0,15,9/5/2019,15,15,30,15,15,15,0,1.153846154,
Marianna,30.857,-85.168,2019,408,4,TUF297,Grn3,121,15,5,5,20,9/20/2019,30,15,45,25,15,30,0.333333333,1,
Marianna,30.857,-85.168,2019,408,4,TUF297,Grn3,133,12,5,5,25,10/2/2019,10,5,50,5,0,30,0.416666667,0,
Marianna,30.857,-85.168,2019,409,4,GA06G,Scl1,42,42,0,0,0,7/3/2019,0,0,0,0,0,0,0,0,
Marianna,30.857,-85.168,2019,409,4,GA06G,Scl1,51,9,0,0,0,7/12/2019,0,0,0,0,0,0,0,0,
Marianna,30.857,-85.168,2019,409,4,GA06G,Scl1,63,12,20,20,20,7/24/2019,20,20,20,15,15,15,1.666666667,1.25,
Marianna,30.857,-85.168,2019,409,4,GA06G,Scl1,78,15,0,0,20,8/8/2019,35,25,45,35,25,40,0,1.666666667,
Marianna,30.857,-85.168,2019,409,4,GA06G,Scl1,93,15,20,0,20,8/23/2019,35,10,55,35,15,55,0,1,
Marianna,30.857,-85.168,2019,409,4,GA06G,Scl1,106,13,20,15,35,9/5/2019,35,5,60,35,5,60,1.153846154,0.384615385,
Marianna,30.857,-85.168,2019,409,4,GA06G,Scl1,121,15,0,0,35,9/20/2019,30,5,65,30,5,65,0,0.333333333,
Marianna,30.857,-85.168,2019,409,4,GA06G,Scl1,133,12,5,5,40,10/2/2019,40,10,75,35,5,70,0.416666667,0.416666667,
Marianna,30.857,-85.168,2019,410,4,GA06G,Grn2,42,42,0,0,0,7/3/2019,0,0,0,0,0,0,0,0,
Marianna,30.857,-85.168,2019,410,4,GA06G,Grn2,51,9,0,0,0,7/12/2019,0,0,0,0,0,0,0,0,
Marianna,30.857,-85.168,2019,410,4,GA06G,Grn2,63,12,25,25,25,7/24/2019,25,25,25,15,15,15,2.083333333,1.25,
Marianna,30.857,-85.168,2019,410,4,GA06G,Grn2,78,15,0,0,25,8/8/2019,60,50,75,60,55,70,0,3.666666667,
Marianna,30.857,-85.168,2019,410,4,GA06G,Grn2,93,15,40,30,55,8/23/2019,60,15,90,55,20,90,2,1.333333333,
Marianna,30.857,-85.168,2019,410,4,GA06G,Grn2,106,13,20,0,55,9/5/2019,55,5,95,55,5,95,0,0.384615385,
Marianna,30.857,-85.168,2019,410,4,GA06G,Grn2,121,15,0,0,55,9/20/2019,30,0,95,30,0,95,0,0,
Marianna,30.857,-85.168,2019,410,4,GA06G,Grn2,133,12,5,5,60,10/2/2019,35,0,95,30,0,95,0.416666667,0,
Marianna,30.857,-85.168,2019,411,4,GA06G,Control,42,42,0,0,0,7/3/2019,0,0,0,0,0,0,0,0,
Marianna,30.857,-85.168,2019,411,4,GA06G,Control,51,9,0,0,0,7/12/2019,0,0,0,0,0,0,0,0,
Marianna,30.857,-85.168,2019,411,4,GA06G,Control,63,12,0,0,0,7/24/2019,0,0,0,0,0,0,0,0,
Marianna,30.857,-85.168,2019,411,4,GA06G,Control,78,15,0,0,0,8/8/2019,0,0,0,0,0,0,0,0,
Marianna,30.857,-85.168,2019,411,4,GA06G,Control,93,15,10,10,10,8/23/2019,15,15,15,15,15,15,0.666666667,1,
Marianna,30.857,-85.168,2019,411,4,GA06G,Control,106,13,5,5,15,9/5/2019,25,15,30,25,15,30,0.384615385,1.153846154,
Marianna,30.857,-85.168,2019,411,4,GA06G,Control,121,15,0,0,15,9/20/2019,20,10,40,20,10,40,0,0.666666667,
Marianna,30.857,-85.168,2019,411,4,GA06G,Control,133,12,10,10,25,10/2/2019,25,15,55,20,15,55,0.833333333,1.25,
Marianna,30.857,-85.168,2019,412,4,GA06G,Scl3,42,42,0,0,0,7/3/2019,0,0,0,0,0,0,0,0,
Marianna,30.857,-85.168,2019,412,4,GA06G,Scl3,51,9,0,0,0,7/12/2019,0,0,0,0,0,0,0,0,
Marianna,30.857,-85.168,2019,412,4,GA06G,Scl3,63,12,0,0,0,7/24/2019,0,0,0,0,0,0,0,0,
Marianna,30.857,-85.168,2019,412,4,GA06G,Scl3,78,15,0,0,0,8/8/2019,40,40,40,40,40,40,0,2.666666667,
Marianna,30.857,-85.168,2019,412,4,GA06G,Scl3,93,15,5,5,5,8/23/2019,35,10,50,30,5,45,0.333333333,0.333333333,
Marianna,30.857,-85.168,2019,412,4,GA06G,Scl3,106,13,5,5,10,9/5/2019,50,25,75,50,25,70,0.384615385,1.923076923,
Marianna,30.857,-85.168,2019,412,4,GA06G,Scl3,121,15,0,0,10,9/20/2019,45,10,85,45,10,80,0,0.666666667,
Marianna,30.857,-85.168,2019,412,4,GA06G,Scl3,133,12,0,0,10,10/2/2019,45,10,95,45,10,90,0,0.833333333,
Marianna,30.857,-85.168,2019,413,4,GA06G,Grn3,42,42,0,0,0,7/3/2019,0,0,0,0,0,0,0,0,
Marianna,30.857,-85.168,2019,413,4,GA06G,Grn3,51,9,0,0,0,7/12/2019,0,0,0,0,0,0,0,0,
Marianna,30.857,-85.168,2019,413,4,GA06G,Grn3,63,12,20,20,20,7/24/2019,20,20,20,5,5,5,1.666666667,0.416666667,
Marianna,30.857,-85.168,2019,413,4,GA06G,Grn3,78,15,5,5,25,8/8/2019,20,10,30,20,20,25,0.333333333,1.333333333,
Marianna,30.857,-85.168,2019,413,4,GA06G,Grn3,93,15,30,20,45,8/23/2019,30,15,45,30,15,40,1.333333333,1,
Marianna,30.857,-85.168,2019,413,4,GA06G,Grn3,106,13,30,15,60,9/5/2019,35,15,60,35,15,55,1.153846154,1.153846154,
Marianna,30.857,-85.168,2019,413,4,GA06G,Grn3,121,15,0,0,60,9/20/2019,35,5,65,35,5,60,0,0.333333333,
Marianna,30.857,-85.168,2019,413,4,GA06G,Grn3,133,12,10,10,70,10/2/2019,40,10,75,30,0,60,0.833333333,0,
Marianna,30.857,-85.168,2019,414,4,GA06G,Grn1,42,42,0,0,0,7/3/2019,0,0,0,0,0,0,0,0,
Marianna,30.857,-85.168,2019,414,4,GA06G,Grn1,51,9,5,5,5,7/12/2019,5,5,5,0,0,0,0.555555556,0,
Marianna,30.857,-85.168,2019,414,4,GA06G,Grn1,63,12,60,60,65,7/24/2019,70,65,70,60,60,60,5,5,
Marianna,30.857,-85.168,2019,414,4,GA06G,Grn1,78,15,15,5,70,8/8/2019,90,25,95,90,35,95,0.333333333,2.333333333,
Marianna,30.857,-85.168,2019,414,4,GA06G,Grn1,93,15,80,25,95,8/23/2019,90,5,100,85,5,100,1.666666667,0.333333333,
Marianna,30.857,-85.168,2019,414,4,GA06G,Grn1,106,13,0,0,95,9/5/2019,35,0,100,35,0,100,0,0,
Marianna,30.857,-85.168,2019,414,4,GA06G,Grn1,121,15,0,0,95,9/20/2019,45,0,100,45,0,100,0,0,
Marianna,30.857,-85.168,2019,414,4,GA06G,Grn1,133,12,5,0,95,10/2/2019,45,0,100,40,0,100,0,0,
Marianna,30.857,-85.168,2019,415,4,GA06G,Scl2,42,42,0,0,0,7/3/2019,0,0,0,0,0,0,0,0,
Marianna,30.857,-85.168,2019,415,4,GA06G,Scl2,51,9,0,0,0,7/12/2019,0,0,0,0,0,0,0,0,
Marianna,30.857,-85.168,2019,415,4,GA06G,Scl2,63,12,15,15,15,7/24/2019,20,20,20,10,10,10,1.25,0.833333333,
Marianna,30.857,-85.168,2019,415,4,GA06G,Scl2,78,15,20,20,35,8/8/2019,30,25,45,30,25,35,1.333333333,1.666666667,
Marianna,30.857,-85.168,2019,415,4,GA06G,Scl2,93,15,45,25,60,8/23/2019,65,30,75,65,40,75,1.666666667,2.666666667,
Marianna,30.857,-85.168,2019,415,4,GA06G,Scl2,106,13,10,5,65,9/5/2019,45,5,80,45,5,80,0.384615385,0.384615385,
Marianna,30.857,-85.168,2019,415,4,GA06G,Scl2,121,15,0,0,65,9/20/2019,55,0,80,55,0,80,0,0,
Marianna,30.857,-85.168,2019,415,4,GA06G,Scl2,133,12,10,10,75,10/2/2019,50,10,90,40,0,80,0.833333333,0,
Marianna,30.857,-85.168,2019,416,4,GA06G,Grn control,42,42,0,0,0,7/3/2019,0,0,0,0,0,0,0,0,
Marianna,30.857,-85.168,2019,416,4,GA06G,Grn control,51,9,0,0,0,7/12/2019,0,0,0,0,0,0,0,0,
Marianna,30.857,-85.168,2019,416,4,GA06G,Grn control,63,12,5,5,5,7/24/2019,5,5,5,0,0,0,0.416666667,0,
Marianna,30.857,-85.168,2019,416,4,GA06G,Grn control,78,15,0,0,5,8/8/2019,0,0,5,0,0,0,0,0,
Marianna,30.857,-85.168,2019,416,4,GA06G,Grn control,93,15,0,0,5,8/23/2019,10,10,15,10,10,10,0,0.666666667,
Marianna,30.857,-85.168,2019,416,4,GA06G,Grn control,106,13,0,0,5,9/5/2019,10,0,15,10,0,10,0,0,
Marianna,30.857,-85.168,2019,416,4,GA06G,Grn control,121,15,0,0,5,9/20/2019,30,15,30,30,20,30,0,1.333333333,
Marianna,30.857,-85.168,2019,416,4,GA06G,Grn control,133,12,5,5,10,10/2/2019,40,15,45,35,10,40,0.416666667,0.833333333,
Marianna,30.857,-85.168,2020,101,1,TUF297,Grn3,44,44,0,0,0,7/9/2020,0,0,0,0,0,0,0,0,35.71428571
Marianna,30.857,-85.168,2020,101,1,TUF297,Grn3,59,15,0,0,0,7/24/2020,0,0,0,0,0,0,0,0,55.49450549
Marianna,30.857,-85.168,2020,101,1,TUF297,Grn3,73,14,5,5,5,8/7/2020,5,5,5,0,0,0,0.357142857,0,95
Marianna,30.857,-85.168,2020,101,1,TUF297,Grn3,87,14,40,35,40,8/21/2020,40,35,40,0,0,0,2.5,0,100
Marianna,30.857,-85.168,2020,101,1,TUF297,Grn3,101,14,20,0,40,9/4/2020,25,0,40,5,5,5,0,0.357142857,100
Marianna,30.857,-85.168,2020,101,1,TUF297,Grn3,146,45,0,0,40,10/19/2020,25,15,55,25,25,30,0,0.555555556,100
Marianna,30.857,-85.168,2020,102,1,TUF297,Grn2,44,44,0,0,0,7/9/2020,0,0,0,0,0,0,0,0,35.16483516
Marianna,30.857,-85.168,2020,102,1,TUF297,Grn2,59,15,0,0,0,7/24/2020,0,0,0,0,0,0,0,0,62.08791209
Marianna,30.857,-85.168,2020,102,1,TUF297,Grn2,73,14,10,10,10,8/7/2020,10,10,10,0,0,0,0.714285714,0,99
Marianna,30.857,-85.168,2020,102,1,TUF297,Grn2,87,14,20,15,25,8/21/2020,25,20,30,5,5,5,1.071428571,0.357142857,100
Marianna,30.857,-85.168,2020,102,1,TUF297,Grn2,101,14,0,0,25,9/4/2020,0,0,30,0,0,5,0,0,100
Marianna,30.857,-85.168,2020,102,1,TUF297,Grn2,146,45,0,0,25,10/19/2020,10,0,30,10,5,10,0,0.111111111,100
Marianna,30.857,-85.168,2020,103,1,TUF297,Grn1,44,44,0,0,0,7/9/2020,0,0,0,0,0,0,0,0,33.51648352
Marianna,30.857,-85.168,2020,103,1,TUF297,Grn1,59,15,0,0,0,7/24/2020,0,0,0,0,0,0,0,0,62.63736264
Marianna,30.857,-85.168,2020,103,1,TUF297,Grn1,73,14,5,5,5,8/7/2020,5,5,5,5,5,5,0.357142857,0.357142857,95
Marianna,30.857,-85.168,2020,103,1,TUF297,Grn1,87,14,15,15,20,8/21/2020,15,15,20,0,0,5,1.071428571,0,100
Marianna,30.857,-85.168,2020,103,2,TUF297,Grn1,101,14,5,0,20,9/4/2020,5,0,20,0,0,5,0,0,100
Marianna,30.857,-85.168,2020,103,2,TUF297,Grn1,146,45,0,0,20,10/19/2020,5,5,25,5,5,10,0,0.111111111,100
Marianna,30.857,-85.168,2020,104,2,TUF297,Scl1,44,44,0,0,0,7/9/2020,0,0,0,0,0,0,0,0,43.95604396
Marianna,30.857,-85.168,2020,104,2,TUF297,Scl1,59,15,5,5,5,7/24/2020,5,5,5,0,0,0,0.333333333,0,75.82417582
Marianna,30.857,-85.168,2020,104,2,TUF297,Scl1,73,14,20,20,25,8/7/2020,20,20,25,0,0,0,1.428571429,0,97
Marianna,30.857,-85.168,2020,104,2,TUF297,Scl1,87,14,25,10,35,8/21/2020,25,10,35,0,0,0,0.714285714,0,100
Marianna,30.857,-85.168,2020,104,2,TUF297,Scl1,101,14,0,0,35,9/4/2020,0,0,35,0,0,0,0,0,100
Marianna,30.857,-85.168,2020,104,2,TUF297,Scl1,146,45,0,0,35,10/19/2020,25,5,40,25,25,25,0,0.555555556,100
Marianna,30.857,-85.168,2020,105,2,TUF297,Scl3,44,44,0,0,0,7/9/2020,0,0,0,0,0,0,0,0,49.45054945
Marianna,30.857,-85.168,2020,105,2,TUF297,Scl3,59,15,5,5,5,7/24/2020,5,5,5,0,0,0,0.333333333,0,78.02197802
Marianna,30.857,-85.168,2020,105,2,TUF297,Scl3,73,14,40,40,45,8/7/2020,40,40,45,15,15,15,2.857142857,1.071428571,97
Marianna,30.857,-85.168,2020,105,2,TUF297,Scl3,87,14,75,40,85,8/21/2020,75,40,85,60,45,60,2.857142857,3.214285714,100
Marianna,30.857,-85.168,2020,105,2,TUF297,Scl3,101,14,0,0,85,9/4/2020,65,10,95,65,20,80,0,1.428571429,100
Marianna,30.857,-85.168,2020,105,2,TUF297,Scl3,146,45,0,0,85,10/19/2020,30,0,95,30,0,80,0,0,100
Marianna,30.857,-85.168,2020,106,2,TUF297,Control,44,44,0,0,0,7/9/2020,0,0,0,0,0,0,0,0,50.54945055
Marianna,30.857,-85.168,2020,106,2,TUF297,Control,59,15,5,5,5,7/24/2020,5,5,5,0,0,0,0.333333333,0,81.31868132
Marianna,30.857,-85.168,2020,106,3,TUF297,Control,73,14,20,15,20,8/7/2020,20,15,20,0,0,0,1.071428571,0,95
Marianna,30.857,-85.168,2020,106,3,TUF297,Control,87,14,5,0,20,8/21/2020,5,0,20,5,5,5,0,0.357142857,100
Marianna,30.857,-85.168,2020,106,3,TUF297,Control,101,14,0,0,20,9/4/2020,5,0,20,5,0,5,0,0,100
Marianna,30.857,-85.168,2020,106,3,TUF297,Control,146,45,0,0,20,10/19/2020,5,5,25,5,5,10,0,0.111111111,100
Marianna,30.857,-85.168,2020,107,3,TUF297,Grn control,44,44,0,0,0,7/9/2020,0,0,0,0,0,0,0,0,47.25274725
Marianna,30.857,-85.168,2020,107,3,TUF297,Grn control,59,15,15,15,15,7/24/2020,15,15,15,0,0,0,1,0,79.12087912
Marianna,30.857,-85.168,2020,107,3,TUF297,Grn control,73,14,55,50,65,8/7/2020,55,50,65,0,0,0,3.571428571,0,95
Marianna,30.857,-85.168,2020,107,3,TUF297,Grn control,87,14,50,25,90,8/21/2020,50,25,90,15,15,15,1.785714286,1.071428571,100
Marianna,30.857,-85.168,2020,107,3,TUF297,Grn control,101,14,0,0,90,9/4/2020,35,0,90,35,20,35,0,1.428571429,100
Marianna,30.857,-85.168,2020,107,3,TUF297,Grn control,146,45,0,0,90,10/19/2020,20,0,90,20,10,45,0,0.222222222,100
Marianna,30.857,-85.168,2020,108,3,TUF297,Scl2,44,44,0,0,0,7/9/2020,0,0,0,0,0,0,0,0,45.6043956
Marianna,30.857,-85.168,2020,108,3,TUF297,Scl2,59,15,5,5,5,7/24/2020,5,5,5,0,0,0,0.333333333,0,64.83516484
Marianna,30.857,-85.168,2020,108,3,TUF297,Scl2,73,14,20,20,25,8/7/2020,20,20,25,0,0,0,1.428571429,0,100
Marianna,30.857,-85.168,2020,108,3,TUF297,Scl2,87,14,20,15,40,8/21/2020,20,15,40,5,5,5,1.071428571,0.357142857,100
Marianna,30.857,-85.168,2020,108,3,TUF297,Scl2,101,14,5,5,45,9/4/2020,10,10,50,5,5,10,0.357142857,0.357142857,100
Marianna,30.857,-85.168,2020,108,3,TUF297,Scl2,146,45,0,0,45,10/19/2020,10,5,55,10,10,20,0,0.222222222,100
Marianna,30.857,-85.168,2020,109,4,GA06G,Grn3,44,44,0,0,0,7/9/2020,0,0,0,0,0,0,0,0,34.61538462
Marianna,30.857,-85.168,2020,109,4,GA06G,Grn3,59,15,0,0,0,7/24/2020,0,0,0,0,0,0,0,0,69.23076923
Marianna,30.857,-85.168,2020,109,4,GA06G,Grn3,73,14,0,0,0,8/7/2020,0,0,0,0,0,0,0,0,96
Marianna,30.857,-85.168,2020,109,4,GA06G,Grn3,87,14,0,0,0,8/21/2020,0,0,0,0,0,0,0,0,100
Marianna,30.857,-85.168,2020,109,4,GA06G,Grn3,101,14,0,0,0,9/4/2020,0,0,0,0,0,0,0,0,100
Marianna,30.857,-85.168,2020,109,4,GA06G,Grn3,146,45,0,0,0,10/19/2020,5,5,5,5,5,5,0,0.111111111,100
Marianna,30.857,-85.168,2020,110,4,GA06G,Scl1,44,44,0,0,0,7/9/2020,0,0,0,0,0,0,0,0,40.10989011
Marianna,30.857,-85.168,2020,110,4,GA06G,Scl1,59,15,0,0,0,7/24/2020,0,0,0,0,0,0,0,0,73.07692308
Marianna,30.857,-85.168,2020,110,4,GA06G,Scl1,73,14,5,5,5,8/7/2020,5,5,5,0,0,0,0.357142857,0,98
Marianna,30.857,-85.168,2020,110,4,GA06G,Scl1,87,14,15,15,20,8/21/2020,15,15,20,0,0,0,1.071428571,0,100
Marianna,30.857,-85.168,2020,110,4,GA06G,Scl1,101,14,0,0,20,9/4/2020,0,0,20,0,0,0,0,0,100
Marianna,30.857,-85.168,2020,110,4,GA06G,Scl1,146,45,0,0,20,10/19/2020,10,10,30,10,10,10,0,0.222222222,100
Marianna,30.857,-85.168,2020,111,4,GA06G,Grn1,44,44,0,0,0,7/9/2020,0,0,0,0,0,0,0,0,48.35164835
Marianna,30.857,-85.168,2020,111,4,GA06G,Grn1,59,15,5,5,5,7/24/2020,5,5,5,0,0,0,0.333333333,0,80.76923077
Marianna,30.857,-85.168,2020,111,4,GA06G,Grn1,73,14,0,0,5,8/7/2020,0,0,5,0,0,0,0,0,96
Marianna,30.857,-85.168,2020,111,4,GA06G,Grn1,87,14,40,40,45,8/21/2020,40,40,45,0,0,0,2.857142857,0,100
Marianna,30.857,-85.168,2020,111,1,GA06G,Grn1,101,14,5,0,45,9/4/2020,50,25,70,50,50,50,0,3.571428571,100
Marianna,30.857,-85.168,2020,111,1,GA06G,Grn1,146,45,0,0,45,10/19/2020,10,0,70,10,5,55,0,0.111111111,100
Marianna,30.857,-85.168,2020,112,1,GA06G,Grn control,44,44,0,0,0,7/9/2020,0,0,0,0,0,0,0,0,52.74725275
Marianna,30.857,-85.168,2020,112,1,GA06G,Grn control,59,15,0,0,0,7/24/2020,0,0,0,0,0,0,0,0,87.91208791
Marianna,30.857,-85.168,2020,112,1,GA06G,Grn control,73,14,10,10,10,8/7/2020,10,10,10,0,0,0,0.714285714,0,97
Marianna,30.857,-85.168,2020,112,1,GA06G,Grn control,87,14,40,35,45,8/21/2020,40,35,45,10,10,10,2.5,0.714285714,100
Marianna,30.857,-85.168,2020,112,1,GA06G,Grn control,101,14,5,5,50,9/4/2020,35,15,60,30,20,30,0.357142857,1.428571429,100
Marianna,30.857,-85.168,2020,112,1,GA06G,Grn control,146,45,0,0,50,10/19/2020,15,0,60,15,5,35,0,0.111111111,100
Marianna,30.857,-85.168,2020,113,1,GA06G,Scl2,44,44,0,0,0,7/9/2020,0,0,0,0,0,0,0,0,42.85714286
Marianna,30.857,-85.168,2020,113,1,GA06G,Scl2,59,15,0,0,0,7/24/2020,0,0,0,0,0,0,0,0,82.96703297
Marianna,30.857,-85.168,2020,113,1,GA06G,Scl2,73,14,0,0,0,8/7/2020,0,0,0,0,0,0,0,0,96
Marianna,30.857,-85.168,2020,113,1,GA06G,Scl2,87,14,5,5,5,8/21/2020,5,5,5,0,0,0,0.357142857,0,100
Marianna,30.857,-85.168,2020,113,1,GA06G,Scl2,101,14,0,0,5,9/4/2020,0,0,5,0,0,0,0,0,100
Marianna,30.857,-85.168,2020,113,1,GA06G,Scl2,146,45,0,0,5,10/19/2020,5,5,10,5,5,5,0,0.111111111,100
Marianna,30.857,-85.168,2020,114,1,GA06G,Grn2,44,44,0,0,0,7/9/2020,0,0,0,0,0,0,0,0,65.38461538
Marianna,30.857,-85.168,2020,114,1,GA06G,Grn2,59,15,0,0,0,7/24/2020,0,0,0,0,0,0,0,0,100
Marianna,30.857,-85.168,2020,114,2,GA06G,Grn2,73,14,0,0,0,8/7/2020,0,0,0,0,0,0,0,0,100
Marianna,30.857,-85.168,2020,114,2,GA06G,Grn2,87,14,30,30,30,8/21/2020,30,30,30,20,20,20,2.142857143,1.428571429,100
Marianna,30.857,-85.168,2020,114,2,GA06G,Grn2,101,14,5,0,30,9/4/2020,15,0,30,15,0,20,0,0,100
Marianna,30.857,-85.168,2020,114,2,GA06G,Grn2,146,45,0,0,30,10/19/2020,30,10,40,30,20,40,0,0.444444444,100
Marianna,30.857,-85.168,2020,115,2,GA06G,Scl3,44,44,0,0,0,7/9/2020,0,0,0,0,0,0,0,0,57.14285714
Marianna,30.857,-85.168,2020,115,2,GA06G,Scl3,59,15,0,0,0,7/24/2020,0,0,0,0,0,0,0,0,93.40659341
Marianna,30.857,-85.168,2020,115,2,GA06G,Scl3,73,14,0,0,0,8/7/2020,0,0,0,0,0,0,0,0,96
Marianna,30.857,-85.168,2020,115,2,GA06G,Scl3,87,14,10,10,10,8/21/2020,10,10,10,0,0,0,0.714285714,0,100
Marianna,30.857,-85.168,2020,115,2,GA06G,Scl3,101,14,0,0,10,9/4/2020,0,0,10,0,0,0,0,0,100
Marianna,30.857,-85.168,2020,115,2,GA06G,Scl3,146,45,0,0,10,10/19/2020,20,20,30,20,20,20,0,0.444444444,100
Marianna,30.857,-85.168,2020,116,2,GA06G,Control,44,44,0,0,0,7/9/2020,0,0,0,0,0,0,0,0,63.18681319
Marianna,30.857,-85.168,2020,116,2,GA06G,Control,59,15,0,0,0,7/24/2020,0,0,0,0,0,0,0,0,96.15384615
Marianna,30.857,-85.168,2020,116,2,GA06G,Control,73,14,0,0,0,8/7/2020,0,0,0,0,0,0,0,0,99
Marianna,30.857,-85.168,2020,116,2,GA06G,Control,87,14,30,30,30,8/21/2020,30,30,30,0,0,0,2.142857143,0,100
Marianna,30.857,-85.168,2020,116,2,GA06G,Control,101,14,0,0,30,9/4/2020,0,0,30,0,0,0,0,0,100
Marianna,30.857,-85.168,2020,116,2,GA06G,Control,146,45,0,0,30,10/19/2020,25,25,55,25,25,25,0,0.555555556,100
Marianna,30.857,-85.168,2020,201,3,GA06G,Grn control,44,44,0,0,0,7/9/2020,0,0,0,0,0,0,0,0,39.56043956
Marianna,30.857,-85.168,2020,201,3,GA06G,Grn control,59,15,0,0,0,7/24/2020,0,0,0,0,0,0,0,0,70.32967033
Marianna,30.857,-85.168,2020,201,3,GA06G,Grn control,73,14,0,0,0,8/7/2020,0,0,0,0,0,0,0,0,98
Marianna,30.857,-85.168,2020,201,3,GA06G,Grn control,87,14,0,0,0,8/21/2020,0,0,0,0,0,0,0,0,100
Marianna,30.857,-85.168,2020,201,3,GA06G,Grn control,101,14,0,0,0,9/4/2020,0,0,0,0,0,0,0,0,100
Marianna,30.857,-85.168,2020,201,3,GA06G,Grn control,146,45,0,0,0,10/19/2020,30,30,30,30,30,30,0,0.666666667,100
Marianna,30.857,-85.168,2020,202,3,GA06G,Grn1,44,44,0,0,0,7/9/2020,0,0,0,0,0,0,0,0,51.64835165
Marianna,30.857,-85.168,2020,202,3,GA06G,Grn1,59,15,5,5,5,7/24/2020,5,5,5,0,0,0,0.333333333,0,80.76923077
Marianna,30.857,-85.168,2020,202,3,GA06G,Grn1,73,14,15,10,15,8/7/2020,15,10,15,0,0,0,0.714285714,0,98
Marianna,30.857,-85.168,2020,202,3,GA06G,Grn1,87,14,30,25,40,8/21/2020,30,25,40,0,0,0,1.785714286,0,100
Marianna,30.857,-85.168,2020,202,3,GA06G,Grn1,101,14,0,0,40,9/4/2020,5,5,45,5,5,5,0,0.357142857,100
Marianna,30.857,-85.168,2020,202,3,GA06G,Grn1,146,45,0,0,40,10/19/2020,25,10,55,25,20,25,0,0.444444444,100
Marianna,30.857,-85.168,2020,203,3,GA06G,Control,44,44,0,0,0,7/9/2020,0,0,0,0,0,0,0,0,51.0989011
Marianna,30.857,-85.168,2020,203,3,GA06G,Control,59,15,0,0,0,7/24/2020,0,0,0,0,0,0,0,0,77.47252747
Marianna,30.857,-85.168,2020,203,3,GA06G,Control,73,14,0,0,0,8/7/2020,0,0,0,0,0,0,0,0,97
Marianna,30.857,-85.168,2020,203,3,GA06G,Control,87,14,10,10,10,8/21/2020,10,10,10,0,0,0,0.714285714,0,100
Marianna,30.857,-85.168,2020,203,4,GA06G,Control,101,14,0,0,10,9/4/2020,0,0,10,0,0,0,0,0,100
Marianna,30.857,-85.168,2020,203,4,GA06G,Control,146,45,0,0,10,10/19/2020,25,25,35,25,25,25,0,0.555555556,100
Marianna,30.857,-85.168,2020,204,4,GA06G,Grn2,44,44,0,0,0,7/9/2020,0,0,0,0,0,0,0,0,59.34065934
Marianna,30.857,-85.168,2020,204,4,GA06G,Grn2,59,15,0,0,0,7/24/2020,0,0,0,0,0,0,0,0,92.30769231
Marianna,30.857,-85.168,2020,204,4,GA06G,Grn2,73,14,10,10,10,8/7/2020,10,10,10,0,0,0,0.714285714,0,100
Marianna,30.857,-85.168,2020,204,4,GA06G,Grn2,87,14,0,0,10,8/21/2020,0,0,10,0,0,0,0,0,100
Marianna,30.857,-85.168,2020,204,4,GA06G,Grn2,101,14,0,0,10,9/4/2020,0,0,10,0,0,0,0,0,100
Marianna,30.857,-85.168,2020,204,4,GA06G,Grn2,146,45,0,0,10,10/19/2020,20,20,30,20,20,20,0,0.444444444,100
Marianna,30.857,-85.168,2020,205,4,GA06G,Scl3,44,44,0,0,0,7/9/2020,0,0,0,0,0,0,0,0,55.49450549
Marianna,30.857,-85.168,2020,205,4,GA06G,Scl3,59,15,0,0,0,7/24/2020,0,0,0,0,0,0,0,0,86.26373626
Marianna,30.857,-85.168,2020,205,4,GA06G,Scl3,73,14,5,5,5,8/7/2020,5,5,5,0,0,0,0.357142857,0,97
Marianna,30.857,-85.168,2020,205,4,GA06G,Scl3,87,14,5,5,10,8/21/2020,5,5,10,0,0,0,0.357142857,0,100
Marianna,30.857,-85.168,2020,205,4,GA06G,Scl3,101,14,0,0,10,9/4/2020,0,0,10,0,0,0,0,0,100
Marianna,30.857,-85.168,2020,205,4,GA06G,Scl3,146,45,0,0,10,10/19/2020,20,20,30,20,20,20,0,0.444444444,100
Marianna,30.857,-85.168,2020,206,4,GA06G,Scl2,44,44,0,0,0,7/9/2020,0,0,0,0,0,0,0,0,61.53846154
Marianna,30.857,-85.168,2020,206,4,GA06G,Scl2,59,15,0,0,0,7/24/2020,0,0,0,0,0,0,0,0,95.6043956
Marianna,30.857,-85.168,2020,206,1,GA06G,Scl2,73,14,0,0,0,8/7/2020,0,0,0,0,0,0,0,0,98
Marianna,30.857,-85.168,2020,206,1,GA06G,Scl2,87,14,5,5,5,8/21/2020,5,5,5,0,0,0,0.357142857,0,100
Marianna,30.857,-85.168,2020,206,1,GA06G,Scl2,101,14,0,0,5,9/4/2020,0,0,5,0,0,0,0,0,100
Marianna,30.857,-85.168,2020,206,1,GA06G,Scl2,146,45,0,0,5,10/19/2020,0,0,5,0,0,0,0,0,100
Marianna,30.857,-85.168,2020,207,1,GA06G,Grn3,44,44,0,0,0,7/9/2020,0,0,0,0,0,0,0,0,56.04395604
Marianna,30.857,-85.168,2020,207,1,GA06G,Grn3,59,15,0,0,0,7/24/2020,0,0,0,0,0,0,0,0,87.36263736
Marianna,30.857,-85.168,2020,207,1,GA06G,Grn3,73,14,0,0,0,8/7/2020,0,0,0,0,0,0,0,0,95
Marianna,30.857,-85.168,2020,207,1,GA06G,Grn3,87,14,0,0,0,8/21/2020,0,0,0,0,0,0,0,0,100
Marianna,30.857,-85.168,2020,207,1,GA06G,Grn3,101,14,0,0,0,9/4/2020,0,0,0,0,0,0,0,0,100
Marianna,30.857,-85.168,2020,207,1,GA06G,Grn3,146,45,0,0,0,10/19/2020,10,10,10,10,10,10,0,0.222222222,100
Marianna,30.857,-85.168,2020,208,1,GA06G,Scl1,44,44,5,5,5,7/9/2020,5,5,5,0,0,0,0.113636364,0,47.25274725
Marianna,30.857,-85.168,2020,208,1,GA06G,Scl1,59,15,0,0,5,7/24/2020,0,0,5,0,0,0,0,0,75.82417582
Marianna,30.857,-85.168,2020,208,1,GA06G,Scl1,73,14,0,0,5,8/7/2020,0,0,5,0,0,0,0,0,97
Marianna,30.857,-85.168,2020,208,1,GA06G,Scl1,87,14,5,5,10,8/21/2020,5,5,10,0,0,0,0.357142857,0,100
Marianna,30.857,-85.168,2020,208,1,GA06G,Scl1,101,14,0,0,10,9/4/2020,0,0,10,0,0,0,0,0,100
Marianna,30.857,-85.168,2020,208,1,GA06G,Scl1,146,45,0,0,10,10/19/2020,10,10,20,10,10,10,0,0.222222222,100
Marianna,30.857,-85.168,2020,209,2,TUF297,Grn3,44,44,0,0,0,7/9/2020,0,0,0,0,0,0,0,0,42.30769231
Marianna,30.857,-85.168,2020,209,2,TUF297,Grn3,59,15,0,0,0,7/24/2020,0,0,0,0,0,0,0,0,71.97802198
Marianna,30.857,-85.168,2020,209,2,TUF297,Grn3,73,14,5,5,5,8/7/2020,5,5,5,0,0,0,0.357142857,0,100
Marianna,30.857,-85.168,2020,209,2,TUF297,Grn3,87,14,5,5,10,8/21/2020,5,5,10,0,0,0,0.357142857,0,100
Marianna,30.857,-85.168,2020,209,2,TUF297,Grn3,101,14,5,5,15,9/4/2020,10,5,15,5,5,5,0.357142857,0.357142857,100
Marianna,30.857,-85.168,2020,209,2,TUF297,Grn3,146,45,0,0,15,10/19/2020,15,5,20,15,10,15,0,0.222222222,100
Marianna,30.857,-85.168,2020,210,2,TUF297,Control,44,44,0,0,0,7/9/2020,0,0,0,0,0,0,0,0,40.10989011
Marianna,30.857,-85.168,2020,210,2,TUF297,Control,59,15,15,15,15,7/24/2020,15,15,15,0,0,0,1,0,79.12087912
Marianna,30.857,-85.168,2020,210,2,TUF297,Control,73,14,5,0,15,8/7/2020,5,0,15,0,0,0,0,0,97
Marianna,30.857,-85.168,2020,210,2,TUF297,Control,87,14,15,10,25,8/21/2020,15,10,25,0,0,0,0.714285714,0,100
Marianna,30.857,-85.168,2020,210,2,TUF297,Control,101,14,5,0,25,9/4/2020,20,5,30,15,15,15,0,1.071428571,100
Marianna,30.857,-85.168,2020,210,2,TUF297,Control,146,45,0,0,25,10/19/2020,10,5,35,10,10,25,0,0.222222222,100
Marianna,30.857,-85.168,2020,211,2,TUF297,Grn1,44,44,0,0,0,7/9/2020,0,0,0,0,0,0,0,0,38.46153846
Marianna,30.857,-85.168,2020,211,2,TUF297,Grn1,59,15,0,0,0,7/24/2020,0,0,0,0,0,0,0,0,70.87912088
Marianna,30.857,-85.168,2020,211,2,TUF297,Grn1,73,14,0,0,0,8/7/2020,0,0,0,0,0,0,0,0,100
Marianna,30.857,-85.168,2020,211,2,TUF297,Grn1,87,14,15,15,15,8/21/2020,15,15,15,0,0,0,1.071428571,0,100
Marianna,30.857,-85.168,2020,211,3,TUF297,Grn1,101,14,5,5,20,9/4/2020,10,5,20,10,10,10,0.357142857,0.714285714,100
Marianna,30.857,-85.168,2020,211,3,TUF297,Grn1,146,45,0,0,20,10/19/2020,20,15,35,20,15,25,0,0.333333333,100
Marianna,30.857,-85.168,2020,212,3,TUF297,Scl1,44,44,0,0,0,7/9/2020,0,0,0,0,0,0,0,0,43.40659341
Marianna,30.857,-85.168,2020,212,3,TUF297,Scl1,59,15,0,0,0,7/24/2020,0,0,0,0,0,0,0,0,79.67032967
Marianna,30.857,-85.168,2020,212,3,TUF297,Scl1,73,14,10,10,10,8/7/2020,10,10,10,5,5,5,0.714285714,0.357142857,95
Marianna,30.857,-85.168,2020,212,3,TUF297,Scl1,87,14,10,5,15,8/21/2020,10,5,15,0,0,5,0.357142857,0,100
Marianna,30.857,-85.168,2020,212,3,TUF297,Scl1,101,14,5,0,15,9/4/2020,5,0,15,0,0,5,0,0,100
Marianna,30.857,-85.168,2020,212,3,TUF297,Scl1,146,45,0,0,15,10/19/2020,10,5,20,10,5,10,0,0.111111111,100
Marianna,30.857,-85.168,2020,213,3,TUF297,Grn control,44,44,0,0,0,7/9/2020,0,0,0,0,0,0,0,0,48.35164835
Marianna,30.857,-85.168,2020,213,3,TUF297,Grn control,59,15,25,25,25,7/24/2020,25,25,25,0,0,0,1.666666667,0,83.51648352
Marianna,30.857,-85.168,2020,213,3,TUF297,Grn control,73,14,45,25,50,8/7/2020,45,25,50,30,30,30,1.785714286,2.142857143,99
Marianna,30.857,-85.168,2020,213,3,TUF297,Grn control,87,14,55,35,85,8/21/2020,55,35,85,40,25,55,2.5,1.785714286,100
Marianna,30.857,-85.168,2020,213,3,TUF297,Grn control,101,14,0,0,85,9/4/2020,55,0,85,55,10,65,0,0.714285714,100
Marianna,30.857,-85.168,2020,213,3,TUF297,Grn control,146,45,0,0,85,10/19/2020,25,5,90,25,10,75,0,0.222222222,100
Marianna,30.857,-85.168,2020,214,3,TUF297,Scl2,44,44,0,0,0,7/9/2020,0,0,0,0,0,0,0,0,47.25274725
Marianna,30.857,-85.168,2020,214,3,TUF297,Scl2,59,15,5,5,5,7/24/2020,5,5,5,0,0,0,0.333333333,0,85.16483516
Marianna,30.857,-85.168,2020,214,4,TUF297,Scl2,73,14,10,10,15,8/7/2020,10,10,15,0,0,0,0.714285714,0,99
Marianna,30.857,-85.168,2020,214,4,TUF297,Scl2,87,14,5,0,15,8/21/2020,5,0,15,0,0,0,0,0,100
Marianna,30.857,-85.168,2020,214,4,TUF297,Scl2,101,14,5,5,20,9/4/2020,10,10,25,10,10,10,0.357142857,0.714285714,100
Marianna,30.857,-85.168,2020,214,4,TUF297,Scl2,146,45,0,0,20,10/19/2020,10,5,30,10,5,15,0,0.111111111,100
Marianna,30.857,-85.168,2020,215,4,TUF297,Scl3,44,44,0,0,0,7/9/2020,0,0,0,0,0,0,0,0,47.8021978
Marianna,30.857,-85.168,2020,215,4,TUF297,Scl3,59,15,15,15,15,7/24/2020,15,15,15,0,0,0,1,0,79.12087912
Marianna,30.857,-85.168,2020,215,4,TUF297,Scl3,73,14,15,5,20,8/7/2020,15,5,20,5,5,5,0.357142857,0.357142857,97
Marianna,30.857,-85.168,2020,215,4,TUF297,Scl3,87,14,25,10,30,8/21/2020,25,10,30,15,10,15,0.714285714,0.714285714,100
Marianna,30.857,-85.168,2020,215,4,TUF297,Scl3,101,14,5,5,35,9/4/2020,45,25,55,40,30,45,0.357142857,2.142857143,100
Marianna,30.857,-85.168,2020,215,4,TUF297,Scl3,146,45,0,0,35,10/19/2020,10,0,55,10,5,50,0,0.111111111,100
Marianna,30.857,-85.168,2020,216,4,TUF297,Grn2,44,44,0,0,0,7/9/2020,0,0,0,0,0,0,0,0,45.6043956
Marianna,30.857,-85.168,2020,216,4,TUF297,Grn2,59,15,0,0,0,7/24/2020,0,0,0,0,0,0,0,0,78.02197802
Marianna,30.857,-85.168,2020,216,4,TUF297,Grn2,73,14,0,0,0,8/7/2020,0,0,0,0,0,0,0,0,95
Marianna,30.857,-85.168,2020,216,4,TUF297,Grn2,87,14,0,0,0,8/21/2020,0,0,0,0,0,0,0,0,100
Marianna,30.857,-85.168,2020,216,4,TUF297,Grn2,101,14,0,0,0,9/4/2020,15,15,15,15,15,15,0,1.071428571,100
Marianna,30.857,-85.168,2020,216,4,TUF297,Grn2,146,45,0,0,0,10/19/2020,5,5,20,5,5,20,0,0.111111111,100
Marianna,30.857,-85.168,2020,301,1,GA06G,Control,44,44,0,0,0,7/9/2020,0,0,0,0,0,0,0,0,48.9010989
Marianna,30.857,-85.168,2020,301,1,GA06G,Control,59,15,0,0,0,7/24/2020,0,0,0,0,0,0,0,0,84.06593407
Marianna,30.857,-85.168,2020,301,1,GA06G,Control,73,14,0,0,0,8/7/2020,0,0,0,0,0,0,0,0,96
Marianna,30.857,-85.168,2020,301,1,GA06G,Control,87,14,5,5,5,8/21/2020,5,5,5,0,0,0,0.357142857,0,100
Marianna,30.857,-85.168,2020,301,1,GA06G,Control,101,14,0,0,5,9/4/2020,0,0,5,0,0,0,0,0,100
Marianna,30.857,-85.168,2020,301,1,GA06G,Control,146,45,0,0,5,10/19/2020,10,10,15,10,10,10,0,0.222222222,100
Marianna,30.857,-85.168,2020,302,1,GA06G,Grn control,44,44,0,0,0,7/9/2020,0,0,0,0,0,0,0,0,46.15384615
Marianna,30.857,-85.168,2020,302,1,GA06G,Grn control,59,15,0,0,0,7/24/2020,0,0,0,0,0,0,0,0,84.06593407
Marianna,30.857,-85.168,2020,302,1,GA06G,Grn control,73,14,0,0,0,8/7/2020,0,0,0,0,0,0,0,0,100
Marianna,30.857,-85.168,2020,302,1,GA06G,Grn control,87,14,5,5,5,8/21/2020,5,5,5,0,0,0,0.357142857,0,100
Marianna,30.857,-85.168,2020,302,1,GA06G,Grn control,101,14,0,0,5,9/4/2020,0,0,5,0,0,0,0,0,100
Marianna,30.857,-85.168,2020,302,1,GA06G,Grn control,146,45,0,0,5,10/19/2020,15,15,20,15,15,15,0,0.333333333,100
Marianna,30.857,-85.168,2020,303,1,GA06G,Grn1,44,44,0,0,0,7/9/2020,0,0,0,0,0,0,0,0,45.6043956
Marianna,30.857,-85.168,2020,303,1,GA06G,Grn1,59,15,0,0,0,7/24/2020,0,0,0,0,0,0,0,0,75.82417582
Marianna,30.857,-85.168,2020,303,1,GA06G,Grn1,73,14,0,0,0,8/7/2020,0,0,0,0,0,0,0,0,96
Marianna,30.857,-85.168,2020,303,1,GA06G,Grn1,87,14,5,5,5,8/21/2020,5,5,5,0,0,0,0.357142857,0,100
Marianna,30.857,-85.168,2020,303,2,GA06G,Grn1,101,14,0,0,5,9/4/2020,0,0,5,0,0,0,0,0,100
Marianna,30.857,-85.168,2020,303,2,GA06G,Grn1,146,45,0,0,5,10/19/2020,15,15,20,15,15,15,0,0.333333333,100
Marianna,30.857,-85.168,2020,304,2,GA06G,Scl2,44,44,0,0,0,7/9/2020,0,0,0,0,0,0,0,0,53.84615385
Marianna,30.857,-85.168,2020,304,2,GA06G,Scl2,59,15,15,15,15,7/24/2020,15,15,15,0,0,0,1,0,90.10989011
Marianna,30.857,-85.168,2020,304,2,GA06G,Scl2,73,14,15,10,25,8/7/2020,15,10,25,5,5,5,0.714285714,0.357142857,98
Marianna,30.857,-85.168,2020,304,2,GA06G,Scl2,87,14,35,30,55,8/21/2020,35,30,55,0,0,5,2.142857143,0,100
Marianna,30.857,-85.168,2020,304,2,GA06G,Scl2,101,14,5,0,55,9/4/2020,40,10,65,40,35,40,0,2.5,100
Marianna,30.857,-85.168,2020,304,2,GA06G,Scl2,146,45,0,0,55,10/19/2020,20,5,70,20,10,50,0,0.222222222,100
Marianna,30.857,-85.168,2020,305,2,GA06G,Grn3,44,44,0,0,0,7/9/2020,0,0,0,0,0,0,0,0,53.2967033
Marianna,30.857,-85.168,2020,305,2,GA06G,Grn3,59,15,0,0,0,7/24/2020,0,0,0,0,0,0,0,0,81.86813187
Marianna,30.857,-85.168,2020,305,2,GA06G,Grn3,73,14,0,0,0,8/7/2020,0,0,0,0,0,0,0,0,100
Marianna,30.857,-85.168,2020,305,2,GA06G,Grn3,87,14,5,5,5,8/21/2020,5,5,5,0,0,0,0.357142857,0,100
Marianna,30.857,-85.168,2020,305,2,GA06G,Grn3,101,14,5,5,10,9/4/2020,5,5,10,5,5,5,0.357142857,0.357142857,100
Marianna,30.857,-85.168,2020,305,2,GA06G,Grn3,146,45,0,0,10,10/19/2020,10,10,20,10,10,15,0,0.222222222,100
Marianna,30.857,-85.168,2020,306,2,GA06G,Scl3,44,44,0,0,0,7/9/2020,0,0,0,0,0,0,0,0,56.04395604
Marianna,30.857,-85.168,2020,306,2,GA06G,Scl3,59,15,0,0,0,7/24/2020,0,0,0,0,0,0,0,0,92.30769231
Marianna,30.857,-85.168,2020,306,3,GA06G,Scl3,73,14,5,5,5,8/7/2020,5,5,5,0,0,0,0.357142857,0,99
Marianna,30.857,-85.168,2020,306,3,GA06G,Scl3,87,14,15,15,20,8/21/2020,15,15,20,0,0,0,1.071428571,0,100
Marianna,30.857,-85.168,2020,306,3,GA06G,Scl3,101,14,0,0,20,9/4/2020,15,10,30,15,15,15,0,1.071428571,100
Marianna,30.857,-85.168,2020,306,3,GA06G,Scl3,146,45,0,0,20,10/19/2020,20,10,40,20,10,25,0,0.222222222,100
Marianna,30.857,-85.168,2020,307,3,GA06G,Scl1,44,44,0,0,0,7/9/2020,0,0,0,0,0,0,0,0,57.14285714
Marianna,30.857,-85.168,2020,307,3,GA06G,Scl1,59,15,5,5,5,7/24/2020,5,5,5,0,0,0,0.333333333,0,93.95604396
Marianna,30.857,-85.168,2020,307,3,GA06G,Scl1,73,14,10,5,10,8/7/2020,10,5,10,0,0,0,0.357142857,0,97
Marianna,30.857,-85.168,2020,307,3,GA06G,Scl1,87,14,10,5,15,8/21/2020,10,5,15,0,0,0,0.357142857,0,100
Marianna,30.857,-85.168,2020,307,3,GA06G,Scl1,101,14,0,0,15,9/4/2020,15,15,30,15,15,15,0,1.071428571,100
Marianna,30.857,-85.168,2020,307,3,GA06G,Scl1,146,45,0,0,15,10/19/2020,5,0,30,5,0,15,0,0,100
Marianna,30.857,-85.168,2020,308,3,GA06G,Grn2,44,44,0,0,0,7/9/2020,0,0,0,0,0,0,0,0,54.94505495
Marianna,30.857,-85.168,2020,308,3,GA06G,Grn2,59,15,0,0,0,7/24/2020,0,0,0,0,0,0,0,0,82.96703297
Marianna,30.857,-85.168,2020,308,3,GA06G,Grn2,73,14,0,0,0,8/7/2020,0,0,0,0,0,0,0,0,98
Marianna,30.857,-85.168,2020,308,3,GA06G,Grn2,87,14,0,0,0,8/21/2020,0,0,0,0,0,0,0,0,100
Marianna,30.857,-85.168,2020,308,3,GA06G,Grn2,101,14,0,0,0,9/4/2020,5,5,5,5,5,5,0,0.357142857,100
Marianna,30.857,-85.168,2020,308,3,GA06G,Grn2,146,45,0,0,0,10/19/2020,0,0,5,0,0,5,0,0,100
Marianna,30.857,-85.168,2020,309,4,TUF297,Grn control,44,44,0,0,0,7/9/2020,0,0,0,0,0,0,0,0,27.47252747
Marianna,30.857,-85.168,2020,309,4,TUF297,Grn control,59,15,0,0,0,7/24/2020,0,0,0,0,0,0,0,0,48.9010989
Marianna,30.857,-85.168,2020,309,4,TUF297,Grn control,73,14,0,0,0,8/7/2020,0,0,0,0,0,0,0,0,97
Marianna,30.857,-85.168,2020,309,4,TUF297,Grn control,87,14,5,5,5,8/21/2020,5,5,5,0,0,0,0.357142857,0,100
Marianna,30.857,-85.168,2020,309,4,TUF297,Grn control,101,14,0,0,5,9/4/2020,0,0,5,0,0,0,0,0,100
Marianna,30.857,-85.168,2020,309,4,TUF297,Grn control,146,45,0,0,5,10/19/2020,10,10,15,10,10,10,0,0.222222222,100
Marianna,30.857,-85.168,2020,310,4,TUF297,Scl1,44,44,0,0,0,7/9/2020,0,0,0,0,0,0,0,0,50.54945055
Marianna,30.857,-85.168,2020,310,4,TUF297,Scl1,59,15,0,0,0,7/24/2020,0,0,0,0,0,0,0,0,71.97802198
Marianna,30.857,-85.168,2020,310,4,TUF297,Scl1,73,14,5,5,5,8/7/2020,5,5,5,0,0,0,0.357142857,0,99
Marianna,30.857,-85.168,2020,310,4,TUF297,Scl1,87,14,5,5,10,8/21/2020,10,10,15,5,5,5,0.357142857,0.357142857,100
Marianna,30.857,-85.168,2020,310,4,TUF297,Scl1,101,14,5,5,15,9/4/2020,5,5,20,0,0,5,0.357142857,0,100
Marianna,30.857,-85.168,2020,310,4,TUF297,Scl1,146,45,0,0,15,10/19/2020,20,10,30,20,20,25,0,0.444444444,100
Marianna,30.857,-85.168,2020,311,4,TUF297,Control,44,44,0,0,0,7/9/2020,0,0,0,0,0,0,0,0,38.46153846
Marianna,30.857,-85.168,2020,311,4,TUF297,Control,59,15,0,0,0,7/24/2020,0,0,0,0,0,0,0,0,67.58241758
Marianna,30.857,-85.168,2020,311,4,TUF297,Control,73,14,5,5,5,8/7/2020,5,5,5,0,0,0,0.357142857,0,100
Marianna,30.857,-85.168,2020,311,4,TUF297,Control,87,14,5,5,10,8/21/2020,5,5,10,0,0,0,0.357142857,0,100
Marianna,30.857,-85.168,2020,311,1,TUF297,Control,101,14,0,0,10,9/4/2020,0,0,10,0,0,0,0,0,100
Marianna,30.857,-85.168,2020,311,1,TUF297,Control,146,45,0,0,10,10/19/2020,5,5,15,5,5,5,0,0.111111111,100
Marianna,30.857,-85.168,2020,312,1,TUF297,Scl2,44,44,0,0,0,7/9/2020,0,0,0,0,0,0,0,0,46.15384615
Marianna,30.857,-85.168,2020,312,1,TUF297,Scl2,59,15,10,10,10,7/24/2020,10,10,10,0,0,0,0.666666667,0,85.71428571
Marianna,30.857,-85.168,2020,312,1,TUF297,Scl2,73,14,15,15,25,8/7/2020,15,15,25,5,5,5,1.071428571,0.357142857,100
Marianna,30.857,-85.168,2020,312,1,TUF297,Scl2,87,14,45,25,50,8/21/2020,45,25,50,25,20,25,1.785714286,1.428571429,100
Marianna,30.857,-85.168,2020,312,1,TUF297,Scl2,101,14,25,20,70,9/4/2020,75,25,75,75,50,75,1.428571429,3.571428571,100
Marianna,30.857,-85.168,2020,312,1,TUF297,Scl2,146,45,0,0,70,10/19/2020,45,10,85,45,10,85,0,0.222222222,100
Marianna,30.857,-85.168,2020,313,1,TUF297,Scl3,44,44,0,0,0,7/9/2020,0,0,0,0,0,0,0,0,46.15384615
Marianna,30.857,-85.168,2020,313,1,TUF297,Scl3,59,15,5,5,5,7/24/2020,5,5,5,0,0,0,0.333333333,0,71.97802198
Marianna,30.857,-85.168,2020,313,1,TUF297,Scl3,73,14,10,10,15,8/7/2020,10,10,15,0,0,0,0.714285714,0,100
Marianna,30.857,-85.168,2020,313,1,TUF297,Scl3,87,14,15,10,25,8/21/2020,15,10,25,15,15,15,0.714285714,1.071428571,100
Marianna,30.857,-85.168,2020,313,1,TUF297,Scl3,101,14,5,0,25,9/4/2020,25,5,30,25,10,25,0,0.714285714,100
Marianna,30.857,-85.168,2020,313,1,TUF297,Scl3,146,45,0,0,25,10/19/2020,15,0,30,15,5,30,0,0.111111111,100
Marianna,30.857,-85.168,2020,314,1,TUF297,Grn2,44,44,0,0,0,7/9/2020,0,0,0,0,0,0,0,0,51.0989011
Marianna,30.857,-85.168,2020,314,1,TUF297,Grn2,59,15,10,10,10,7/24/2020,10,10,10,0,0,0,0.666666667,0,84.61538462
Marianna,30.857,-85.168,2020,314,2,TUF297,Grn2,73,14,10,10,20,8/7/2020,10,10,20,0,0,0,0.714285714,0,98
Marianna,30.857,-85.168,2020,314,2,TUF297,Grn2,87,14,10,10,30,8/21/2020,10,10,30,5,5,5,0.714285714,0.357142857,100
Marianna,30.857,-85.168,2020,314,2,TUF297,Grn2,101,14,0,0,30,9/4/2020,20,5,35,20,15,20,0,1.071428571,100
Marianna,30.857,-85.168,2020,314,2,TUF297,Grn2,146,45,0,0,30,10/19/2020,15,0,35,15,5,25,0,0.111111111,100
Marianna,30.857,-85.168,2020,315,2,TUF297,Grn1,44,44,0,0,0,7/9/2020,0,0,0,0,0,0,0,0,43.95604396
Marianna,30.857,-85.168,2020,315,2,TUF297,Grn1,59,15,0,0,0,7/24/2020,0,0,0,0,0,0,0,0,80.21978022
Marianna,30.857,-85.168,2020,315,2,TUF297,Grn1,73,14,0,0,0,8/7/2020,0,0,0,0,0,0,0,0,100
Marianna,30.857,-85.168,2020,315,2,TUF297,Grn1,87,14,15,15,15,8/21/2020,15,15,15,10,10,10,1.071428571,0.714285714,100
Marianna,30.857,-85.168,2020,315,2,TUF297,Grn1,101,14,0,0,15,9/4/2020,15,10,25,15,10,20,0,0.714285714,100
Marianna,30.857,-85.168,2020,315,2,TUF297,Grn1,146,45,0,0,15,10/19/2020,5,0,25,5,0,20,0,0,100
Marianna,30.857,-85.168,2020,316,2,TUF297,Grn3,44,44,0,0,0,7/9/2020,0,0,0,0,0,0,0,0,41.20879121
Marianna,30.857,-85.168,2020,316,2,TUF297,Grn3,59,15,20,20,20,7/24/2020,20,20,20,0,0,0,1.333333333,0,74.72527473
Marianna,30.857,-85.168,2020,316,2,TUF297,Grn3,73,14,25,15,35,8/7/2020,25,15,35,0,0,0,1.071428571,0,97
Marianna,30.857,-85.168,2020,316,2,TUF297,Grn3,87,14,40,20,55,8/21/2020,40,20,55,20,20,20,1.428571429,1.428571429,100
Marianna,30.857,-85.168,2020,316,2,TUF297,Grn3,101,14,0,0,55,9/4/2020,50,20,75,50,35,55,0,2.5,100
Marianna,30.857,-85.168,2020,316,2,TUF297,Grn3,146,45,0,0,55,10/19/2020,5,0,75,5,0,55,0,0,100
Marianna,30.857,-85.168,2020,401,3,TUF297,Scl1,44,44,0,0,0,7/9/2020,0,0,0,0,0,0,0,0,41.20879121
Marianna,30.857,-85.168,2020,401,3,TUF297,Scl1,59,15,0,0,0,7/24/2020,0,0,0,0,0,0,0,0,74.17582418
Marianna,30.857,-85.168,2020,401,3,TUF297,Scl1,73,14,15,15,15,8/7/2020,15,15,15,0,0,0,1.071428571,0,97
Marianna,30.857,-85.168,2020,401,3,TUF297,Scl1,87,14,20,10,25,8/21/2020,20,10,25,0,0,0,0.714285714,0,100
Marianna,30.857,-85.168,2020,401,3,TUF297,Scl1,101,14,0,0,25,9/4/2020,0,0,25,0,0,0,0,0,100
Marianna,30.857,-85.168,2020,401,3,TUF297,Scl1,146,45,0,0,25,10/19/2020,15,15,40,15,15,15,0,0.333333333,100
Marianna,30.857,-85.168,2020,402,3,TUF297,Grn3,44,44,0,0,0,7/9/2020,0,0,0,0,0,0,0,0,54.94505495
Marianna,30.857,-85.168,2020,402,3,TUF297,Grn3,59,15,0,0,0,7/24/2020,0,0,0,0,0,0,0,0,82.41758242
Marianna,30.857,-85.168,2020,402,3,TUF297,Grn3,73,14,10,10,10,8/7/2020,10,10,10,0,0,0,0.714285714,0,98
Marianna,30.857,-85.168,2020,402,3,TUF297,Grn3,87,14,35,35,45,8/21/2020,35,35,45,15,15,15,2.5,1.071428571,100
Marianna,30.857,-85.168,2020,402,3,TUF297,Grn3,101,14,0,0,45,9/4/2020,15,0,45,15,10,25,0,0.714285714,100
Marianna,30.857,-85.168,2020,402,3,TUF297,Grn3,146,45,0,0,45,10/19/2020,20,15,60,20,15,40,0,0.333333333,100
Marianna,30.857,-85.168,2020,403,3,TUF297,Grn control,44,44,0,0,0,7/9/2020,0,0,0,0,0,0,0,0,46.7032967
Marianna,30.857,-85.168,2020,403,3,TUF297,Grn control,59,15,0,0,0,7/24/2020,0,0,0,0,0,0,0,0,75.82417582
Marianna,30.857,-85.168,2020,403,3,TUF297,Grn control,73,14,0,0,0,8/7/2020,0,0,0,0,0,0,0,0,100
Marianna,30.857,-85.168,2020,403,3,TUF297,Grn control,87,14,20,20,20,8/21/2020,20,20,20,0,0,0,1.428571429,0,100
Marianna,30.857,-85.168,2020,403,4,TUF297,Grn control,101,14,0,0,20,9/4/2020,20,10,30,20,20,20,0,1.428571429,100
Marianna,30.857,-85.168,2020,403,4,TUF297,Grn control,146,45,0,0,20,10/19/2020,10,5,35,10,5,25,0,0.111111111,100
Marianna,30.857,-85.168,2020,404,4,TUF297,Scl2,44,44,0,0,0,7/9/2020,0,0,0,0,0,0,0,0,47.8021978
Marianna,30.857,-85.168,2020,404,4,TUF297,Scl2,59,15,5,5,5,7/24/2020,5,5,5,0,0,0,0.333333333,0,74.72527473
Marianna,30.857,-85.168,2020,404,4,TUF297,Scl2,73,14,0,0,5,8/7/2020,0,0,5,0,0,0,0,0,98
Marianna,30.857,-85.168,2020,404,4,TUF297,Scl2,87,14,5,5,10,8/21/2020,5,5,10,5,5,5,0.357142857,0.357142857,100
Marianna,30.857,-85.168,2020,404,4,TUF297,Scl2,101,14,5,0,10,9/4/2020,10,0,10,10,5,10,0,0.357142857,100
Marianna,30.857,-85.168,2020,404,4,TUF297,Scl2,146,45,0,0,10,10/19/2020,5,5,15,5,5,15,0,0.111111111,100
Marianna,30.857,-85.168,2020,405,4,TUF297,Control,44,44,5,5,5,7/9/2020,5,5,5,0,0,0,0.113636364,0,49.45054945
Marianna,30.857,-85.168,2020,405,4,TUF297,Control,59,15,25,25,30,7/24/2020,25,25,30,0,0,0,1.666666667,0,80.76923077
Marianna,30.857,-85.168,2020,405,4,TUF297,Control,73,14,60,35,65,8/7/2020,60,35,65,25,25,25,2.5,1.785714286,96
Marianna,30.857,-85.168,2020,405,4,TUF297,Control,87,14,60,15,80,8/21/2020,60,15,80,55,35,60,1.071428571,2.5,100
Marianna,30.857,-85.168,2020,405,4,TUF297,Control,101,14,5,0,80,9/4/2020,70,5,85,70,15,75,0,1.071428571,100
Marianna,30.857,-85.168,2020,405,4,TUF297,Control,146,45,0,0,80,10/19/2020,30,5,90,30,5,80,0,0.111111111,100
Marianna,30.857,-85.168,2020,406,4,TUF297,Grn1,44,44,0,0,0,7/9/2020,0,0,0,0,0,0,0,0,53.2967033
Marianna,30.857,-85.168,2020,406,4,TUF297,Grn1,59,15,0,0,0,7/24/2020,0,0,0,0,0,0,0,0,80.21978022
Marianna,30.857,-85.168,2020,406,1,TUF297,Grn1,73,14,0,0,0,8/7/2020,0,0,0,0,0,0,0,0,99
Marianna,30.857,-85.168,2020,406,1,TUF297,Grn1,87,14,15,15,15,8/21/2020,15,15,15,10,10,10,1.071428571,0.714285714,100
Marianna,30.857,-85.168,2020,406,1,TUF297,Grn1,101,14,0,0,15,9/4/2020,10,5,20,10,5,15,0,0.357142857,100
Marianna,30.857,-85.168,2020,406,1,TUF297,Grn1,146,45,0,0,15,10/19/2020,10,5,25,10,5,20,0,0.111111111,100
Marianna,30.857,-85.168,2020,407,1,TUF297,Grn2,44,44,5,5,5,7/9/2020,5,5,5,0,0,0,0.113636364,0,67.58241758
Marianna,30.857,-85.168,2020,407,1,TUF297,Grn2,59,15,15,10,15,7/24/2020,15,10,15,0,0,0,0.666666667,0,95.05494505
Marianna,30.857,-85.168,2020,407,1,TUF297,Grn2,73,14,55,45,60,8/7/2020,55,45,60,0,0,0,3.214285714,0,99
Marianna,30.857,-85.168,2020,407,1,TUF297,Grn2,87,14,60,25,85,8/21/2020,70,25,85,150,150,150,1.785714286,10.71428571,100
Marianna,30.857,-85.168,2020,407,1,TUF297,Grn2,101,14,10,0,85,9/4/2020,75,5,90,75,35,185,0,2.5,100
Marianna,30.857,-85.168,2020,407,1,TUF297,Grn2,146,45,0,0,85,10/19/2020,40,0,90,40,0,185,0,0,100
Marianna,30.857,-85.168,2020,408,1,TUF297,Scl3,44,44,0,0,0,7/9/2020,0,0,0,0,0,0,0,0,57.14285714
Marianna,30.857,-85.168,2020,408,1,TUF297,Scl3,59,15,15,15,15,7/24/2020,15,15,15,0,0,0,1,0,82.96703297
Marianna,30.857,-85.168,2020,408,1,TUF297,Scl3,73,14,30,20,35,8/7/2020,30,20,35,15,15,15,1.428571429,1.071428571,98
Marianna,30.857,-85.168,2020,408,1,TUF297,Scl3,87,14,45,15,50,8/21/2020,45,15,50,40,30,45,1.071428571,2.142857143,100
Marianna,30.857,-85.168,2020,408,1,TUF297,Scl3,101,14,0,0,50,9/4/2020,55,15,65,55,15,60,0,1.071428571,100
Marianna,30.857,-85.168,2020,408,1,TUF297,Scl3,146,45,0,0,50,10/19/2020,25,5,70,25,5,65,0,0.111111111,100
Marianna,30.857,-85.168,2020,409,2,GA06G,Grn2,44,44,0,0,0,7/9/2020,0,0,0,0,0,0,0,0,37.91208791
Marianna,30.857,-85.168,2020,409,2,GA06G,Grn2,59,15,0,0,0,7/24/2020,0,0,0,0,0,0,0,0,66.48351648
Marianna,30.857,-85.168,2020,409,2,GA06G,Grn2,73,14,0,0,0,8/7/2020,0,0,0,0,0,0,0,0,100
Marianna,30.857,-85.168,2020,409,2,GA06G,Grn2,87,14,5,5,5,8/21/2020,5,5,5,0,0,0,0.357142857,0,100
Marianna,30.857,-85.168,2020,409,2,GA06G,Grn2,101,14,0,0,5,9/4/2020,10,5,10,10,10,10,0,0.714285714,100
Marianna,30.857,-85.168,2020,409,2,GA06G,Grn2,146,45,0,0,5,10/19/2020,10,5,15,10,5,15,0,0.111111111,100
Marianna,30.857,-85.168,2020,410,2,GA06G,Scl3,44,44,0,0,0,7/9/2020,0,0,0,0,0,0,0,0,40.10989011
Marianna,30.857,-85.168,2020,410,2,GA06G,Scl3,59,15,0,0,0,7/24/2020,0,0,0,0,0,0,0,0,72.52747253
Marianna,30.857,-85.168,2020,410,2,GA06G,Scl3,73,14,0,0,0,8/7/2020,0,0,0,0,0,0,0,0,95
Marianna,30.857,-85.168,2020,410,2,GA06G,Scl3,87,14,10,10,10,8/21/2020,10,10,10,0,0,0,0.714285714,0,100
Marianna,30.857,-85.168,2020,410,2,GA06G,Scl3,101,14,0,0,10,9/4/2020,0,0,10,0,0,0,0,0,100
Marianna,30.857,-85.168,2020,410,2,GA06G,Scl3,146,45,0,0,10,10/19/2020,5,5,15,5,5,5,0,0.111111111,100
Marianna,30.857,-85.168,2020,411,2,GA06G,Scl1,44,44,0,0,0,7/9/2020,0,0,0,0,0,0,0,0,39.56043956
Marianna,30.857,-85.168,2020,411,2,GA06G,Scl1,59,15,0,0,0,7/24/2020,0,0,0,0,0,0,0,0,74.17582418
Marianna,30.857,-85.168,2020,411,2,GA06G,Scl1,73,14,5,5,5,8/7/2020,5,5,5,0,0,0,0.357142857,0,97
Marianna,30.857,-85.168,2020,411,2,GA06G,Scl1,87,14,25,25,30,8/21/2020,25,25,30,0,0,0,1.785714286,0,100
Marianna,30.857,-85.168,2020,411,3,GA06G,Scl1,101,14,0,0,30,9/4/2020,10,5,35,10,10,10,0,0.714285714,100
Marianna,30.857,-85.168,2020,411,3,GA06G,Scl1,146,45,0,0,30,10/19/2020,10,10,45,10,10,20,0,0.222222222,100
Marianna,30.857,-85.168,2020,412,3,GA06G,Scl2,44,44,0,0,0,7/9/2020,0,0,0,0,0,0,0,0,56.04395604
Marianna,30.857,-85.168,2020,412,3,GA06G,Scl2,59,15,0,0,0,7/24/2020,0,0,0,0,0,0,0,0,72.52747253
Marianna,30.857,-85.168,2020,412,3,GA06G,Scl2,73,14,0,0,0,8/7/2020,0,0,0,0,0,0,0,0,99
Marianna,30.857,-85.168,2020,412,3,GA06G,Scl2,87,14,0,0,0,8/21/2020,0,0,0,0,0,0,0,0,100
Marianna,30.857,-85.168,2020,412,3,GA06G,Scl2,101,14,0,0,0,9/4/2020,0,0,0,0,0,0,0,0,100
Marianna,30.857,-85.168,2020,412,3,GA06G,Scl2,146,45,0,0,0,10/19/2020,15,15,15,15,15,15,0,0.333333333,100
Marianna,30.857,-85.168,2020,413,3,GA06G,Grn1,44,44,0,0,0,7/9/2020,0,0,0,0,0,0,0,0,53.84615385
Marianna,30.857,-85.168,2020,413,3,GA06G,Grn1,59,15,0,0,0,7/24/2020,0,0,0,0,0,0,0,0,85.16483516
Marianna,30.857,-85.168,2020,413,3,GA06G,Grn1,73,14,5,5,5,8/7/2020,5,5,5,0,0,0,0.357142857,0,100
Marianna,30.857,-85.168,2020,413,3,GA06G,Grn1,87,14,0,0,5,8/21/2020,0,0,5,0,0,0,0,0,100
Marianna,30.857,-85.168,2020,413,3,GA06G,Grn1,101,14,0,0,5,9/4/2020,0,0,5,0,0,0,0,0,100
Marianna,30.857,-85.168,2020,413,3,GA06G,Grn1,146,45,0,0,5,10/19/2020,15,15,20,15,15,15,0,0.333333333,100
Marianna,30.857,-85.168,2020,414,3,GA06G,Control,44,44,0,0,0,7/9/2020,0,0,0,0,0,0,0,0,45.05494505
Marianna,30.857,-85.168,2020,414,3,GA06G,Control,59,15,0,0,0,7/24/2020,0,0,0,0,0,0,0,0,78.02197802
Marianna,30.857,-85.168,2020,414,4,GA06G,Control,73,14,0,0,0,8/7/2020,0,0,0,0,0,0,0,0,96
Marianna,30.857,-85.168,2020,414,4,GA06G,Control,87,14,5,5,5,8/21/2020,5,5,5,0,0,0,0.357142857,0,100
Marianna,30.857,-85.168,2020,414,4,GA06G,Control,101,14,0,0,5,9/4/2020,0,0,5,0,0,0,0,0,100
Marianna,30.857,-85.168,2020,414,4,GA06G,Control,146,45,0,0,5,10/19/2020,5,5,10,5,5,5,0,0.111111111,100
Marianna,30.857,-85.168,2020,415,4,GA06G,Grn3,44,44,0,0,0,7/9/2020,0,0,0,0,0,0,0,0,57.69230769
Marianna,30.857,-85.168,2020,415,4,GA06G,Grn3,59,15,0,0,0,7/24/2020,0,0,0,0,0,0,0,0,91.75824176
Marianna,30.857,-85.168,2020,415,4,GA06G,Grn3,73,14,0,0,0,8/7/2020,0,0,0,0,0,0,0,0,98
Marianna,30.857,-85.168,2020,415,4,GA06G,Grn3,87,14,10,10,10,8/21/2020,10,10,10,0,0,0,0.714285714,0,100
Marianna,30.857,-85.168,2020,415,4,GA06G,Grn3,101,14,10,5,15,9/4/2020,10,5,15,5,5,5,0.357142857,0.357142857,100
Marianna,30.857,-85.168,2020,415,4,GA06G,Grn3,146,45,0,0,15,10/19/2020,15,5,20,15,10,15,0,0.222222222,100
Marianna,30.857,-85.168,2020,416,4,GA06G,Grn control,44,44,0,0,0,7/9/2020,0,0,0,0,0,0,0,0,62.63736264
Marianna,30.857,-85.168,2020,416,4,GA06G,Grn control,59,15,0,0,0,7/24/2020,0,0,0,0,0,0,0,0,97.8021978
Marianna,30.857,-85.168,2020,416,4,GA06G,Grn control,73,14,15,15,15,8/7/2020,15,15,15,0,0,0,1.071428571,0,95
Marianna,30.857,-85.168,2020,416,4,GA06G,Grn control,87,14,5,5,20,8/21/2020,5,5,20,0,0,0,0.357142857,0,100
Marianna,30.857,-85.168,2020,416,4,GA06G,Grn control,101,14,5,5,25,9/4/2020,5,5,25,5,5,5,0.357142857,0.357142857,100
Marianna,30.857,-85.168,2020,416,4,GA06G,Grn control,146,45,0,0,25,10/19/2020,0,0,25,0,0,5,0,0,100
Quincy,30.54,-84.583,2019,101,1,GA06G,Grn2,48,48,0,0,0,7/3/2019,0,0,0,0,0,0,0,0,
Quincy,30.54,-84.583,2019,101,1,GA06G,Grn2,56,8,0,0,0,7/11/2019,30,30,30,0,0,0,0,0,
Quincy,30.54,-84.583,2019,101,1,GA06G,Grn2,92,36,30,30,30,8/16/2019,35,10,40,20,20,20,0.833333333,0.555555556,
Quincy,30.54,-84.583,2019,101,1,GA06G,Grn2,113,21,0,0,30,9/6/2019,45,20,60,35,20,40,0,0.952380952,
Quincy,30.54,-84.583,2019,101,1,GA06G,Grn2,126,13,25,20,50,9/19/2019,65,15,75,20,0,40,1.538461538,0,
Quincy,30.54,-84.583,2019,101,1,GA06G,Grn2,138,12,0,0,50,10/1/2019,0,0,75,65,30,70,0,2.5,
Quincy,30.54,-84.583,2019,102,1,GA06G,Control,48,48,0,0,0,7/3/2019,0,0,0,0,0,0,0,0,
Quincy,30.54,-84.583,2019,102,1,GA06G,Control,56,8,0,0,0,7/11/2019,0,0,0,0,0,0,0,0,
Quincy,30.54,-84.583,2019,102,1,GA06G,Control,92,36,0,0,0,8/16/2019,0,0,0,0,0,0,0,0,
Quincy,30.54,-84.583,2019,102,1,GA06G,Control,113,21,0,0,0,9/6/2019,0,0,0,0,0,0,0,0,
Quincy,30.54,-84.583,2019,102,1,GA06G,Control,126,13,0,0,0,9/19/2019,10,10,10,0,0,0,0,0,
Quincy,30.54,-84.583,2019,102,1,GA06G,Control,138,12,0,0,0,10/1/2019,0,0,10,10,10,10,0,0.833333333,
Quincy,30.54,-84.583,2019,103,1,GA06G,Grn1,48,48,0,0,0,7/3/2019,10,10,10,0,0,0,0,0,
Quincy,30.54,-84.583,2019,103,1,GA06G,Grn1,56,8,10,10,10,7/11/2019,5,5,15,0,0,0,1.25,0,
Quincy,30.54,-84.583,2019,103,1,GA06G,Grn1,92,36,5,5,15,8/16/2019,0,0,15,5,5,5,0.138888889,0.138888889,
Quincy,30.54,-84.583,2019,103,1,GA06G,Grn1,113,21,0,0,15,9/6/2019,0,0,15,0,0,5,0,0,
Quincy,30.54,-84.583,2019,103,1,GA06G,Grn1,126,13,0,0,15,9/19/2019,20,20,35,0,0,5,0,0,
Quincy,30.54,-84.583,2019,103,1,GA06G,Grn1,138,12,5,5,20,10/1/2019,0,0,35,20,20,25,0.416666667,1.666666667,
Quincy,30.54,-84.583,2019,104,1,GA06G,Grn3,48,48,0,0,0,7/3/2019,0,0,0,0,0,0,0,0,
Quincy,30.54,-84.583,2019,104,1,GA06G,Grn3,56,8,0,0,0,7/11/2019,10,10,10,0,0,0,0,0,
Quincy,30.54,-84.583,2019,104,1,GA06G,Grn3,92,36,10,10,10,8/16/2019,0,0,10,10,10,10,0.277777778,0.277777778,
Quincy,30.54,-84.583,2019,104,1,GA06G,Grn3,113,21,0,0,10,9/6/2019,0,0,10,0,0,10,0,0,
Quincy,30.54,-84.583,2019,104,1,GA06G,Grn3,126,13,0,0,10,9/19/2019,5,5,15,0,0,10,0,0,
Quincy,30.54,-84.583,2019,104,1,GA06G,Grn3,138,12,0,0,10,10/1/2019,0,0,15,5,5,15,0,0.416666667,
Quincy,30.54,-84.583,2019,106,1,GA06G,Scl2,48,48,0,0,0,7/3/2019,0,0,0,0,0,0,0,0,
Quincy,30.54,-84.583,2019,106,1,GA06G,Scl2,56,8,0,0,0,7/11/2019,15,15,15,0,0,0,0,0,
Quincy,30.54,-84.583,2019,106,1,GA06G,Scl2,92,36,15,15,15,8/16/2019,15,5,20,0,0,0,0.416666667,0,
Quincy,30.54,-84.583,2019,106,1,GA06G,Scl2,113,21,0,0,15,9/6/2019,10,0,20,15,15,15,0,0.714285714,
Quincy,30.54,-84.583,2019,106,1,GA06G,Scl2,126,13,0,0,15,9/19/2019,15,0,20,10,0,15,0,0,
Quincy,30.54,-84.583,2019,106,1,GA06G,Scl2,138,12,0,0,15,10/1/2019,0,0,20,15,5,20,0,0.416666667,
Quincy,30.54,-84.583,2019,107,1,GA06G,Scl1,48,48,0,0,0,7/3/2019,0,0,0,0,0,0,0,0,
Quincy,30.54,-84.583,2019,107,1,GA06G,Scl1,56,8,0,0,0,7/11/2019,25,25,25,0,0,0,0,0,
Quincy,30.54,-84.583,2019,107,1,GA06G,Scl1,92,36,25,25,25,8/16/2019,45,30,55,20,20,20,0.694444444,0.555555556,
Quincy,30.54,-84.583,2019,107,1,GA06G,Scl1,113,21,0,0,25,9/6/2019,10,0,55,45,35,55,0,1.666666667,
Quincy,30.54,-84.583,2019,107,1,GA06G,Scl1,126,13,0,0,25,9/19/2019,55,15,70,10,0,55,0,0,
Quincy,30.54,-84.583,2019,107,1,GA06G,Scl1,138,12,0,0,25,10/1/2019,0,0,70,55,15,70,0,1.25,
Quincy,30.54,-84.583,2019,108,1,GA06G,Grn control,48,48,0,0,0,7/3/2019,0,0,0,0,0,0,0,0,
Quincy,30.54,-84.583,2019,108,1,GA06G,Grn control,56,8,0,0,0,7/11/2019,5,5,5,0,0,0,0,0,
Quincy,30.54,-84.583,2019,108,1,GA06G,Grn control,92,36,5,5,5,8/16/2019,20,20,25,5,5,5,0.138888889,0.138888889,
Quincy,30.54,-84.583,2019,108,1,GA06G,Grn control,113,21,0,0,5,9/6/2019,0,0,25,20,20,25,0,0.952380952,
Quincy,30.54,-84.583,2019,108,1,GA06G,Grn control,126,13,0,0,5,9/19/2019,25,20,45,0,0,25,0,0,
Quincy,30.54,-84.583,2019,108,1,GA06G,Grn control,138,12,0,0,5,10/1/2019,0,0,45,25,20,45,0,1.666666667,
Quincy,30.54,-84.583,2019,109,1,GA06G,Scl3,48,48,0,0,0,7/3/2019,0,0,0,0,0,0,0,0,
Quincy,30.54,-84.583,2019,109,1,GA06G,Scl3,56,8,0,0,0,7/11/2019,5,5,5,0,0,0,0,0,
Quincy,30.54,-84.583,2019,109,1,GA06G,Scl3,92,36,5,5,5,8/16/2019,0,0,5,0,0,0,0.138888889,0,
Quincy,30.54,-84.583,2019,109,1,GA06G,Scl3,113,21,0,0,5,9/6/2019,0,0,5,0,0,0,0,0,
Quincy,30.54,-84.583,2019,109,1,GA06G,Scl3,126,13,0,0,5,9/19/2019,0,0,5,0,0,0,0,0,
Quincy,30.54,-84.583,2019,109,1,GA06G,Scl3,138,12,0,0,5,10/1/2019,0,0,5,0,0,0,0,0,
Quincy,30.54,-84.583,2019,112,1,TUF297,Scl1,48,48,0,0,0,7/3/2019,0,0,0,0,0,0,0,0,
Quincy,30.54,-84.583,2019,112,1,TUF297,Scl1,56,8,0,0,0,7/11/2019,0,0,0,0,0,0,0,0,
Quincy,30.54,-84.583,2019,112,1,TUF297,Scl1,92,36,0,0,0,8/16/2019,0,0,0,0,0,0,0,0,
Quincy,30.54,-84.583,2019,112,1,TUF297,Scl1,113,21,0,0,0,9/6/2019,0,0,0,0,0,0,0,0,
Quincy,30.54,-84.583,2019,112,1,TUF297,Scl1,126,13,0,0,0,9/19/2019,5,5,5,0,0,0,0,0,
Quincy,30.54,-84.583,2019,112,1,TUF297,Scl1,138,12,0,0,0,10/1/2019,0,0,5,5,5,5,0,0.416666667,
Quincy,30.54,-84.583,2019,113,1,TUF297,Scl3,48,48,0,0,0,7/3/2019,0,0,0,0,0,0,0,0,
Quincy,30.54,-84.583,2019,113,1,TUF297,Scl3,56,8,0,0,0,7/11/2019,0,0,0,0,0,0,0,0,
Quincy,30.54,-84.583,2019,113,1,TUF297,Scl3,92,36,0,0,0,8/16/2019,0,0,0,0,0,0,0,0,
Quincy,30.54,-84.583,2019,113,1,TUF297,Scl3,113,21,0,0,0,9/6/2019,0,0,0,0,0,0,0,0,
Quincy,30.54,-84.583,2019,113,1,TUF297,Scl3,126,13,0,0,0,9/19/2019,0,0,0,0,0,0,0,0,
Quincy,30.54,-84.583,2019,113,1,TUF297,Scl3,138,12,0,0,0,10/1/2019,0,0,0,0,0,0,0,0,
Quincy,30.54,-84.583,2019,115,1,TUF297,Grn control,48,48,0,0,0,7/3/2019,0,0,0,0,0,0,0,0,
Quincy,30.54,-84.583,2019,115,1,TUF297,Grn control,56,8,0,0,0,7/11/2019,0,0,0,0,0,0,0,0,
Quincy,30.54,-84.583,2019,115,1,TUF297,Grn control,92,36,0,0,0,8/16/2019,0,0,0,0,0,0,0,0,
Quincy,30.54,-84.583,2019,115,1,TUF297,Grn control,113,21,0,0,0,9/6/2019,0,0,0,0,0,0,0,0,
Quincy,30.54,-84.583,2019,115,1,TUF297,Grn control,126,13,0,0,0,9/19/2019,0,0,0,0,0,0,0,0,
Quincy,30.54,-84.583,2019,115,1,TUF297,Grn control,138,12,0,0,0,10/1/2019,0,0,0,0,0,0,0,0,
Quincy,30.54,-84.583,2019,116,1,TUF297,Grn2,48,48,0,0,0,7/3/2019,0,0,0,0,0,0,0,0,
Quincy,30.54,-84.583,2019,116,1,TUF297,Grn2,56,8,0,0,0,7/11/2019,0,0,0,0,0,0,0,0,
Quincy,30.54,-84.583,2019,116,1,TUF297,Grn2,92,36,0,0,0,8/16/2019,0,0,0,0,0,0,0,0,
Quincy,30.54,-84.583,2019,116,1,TUF297,Grn2,113,21,0,0,0,9/6/2019,10,10,10,0,0,0,0,0,
Quincy,30.54,-84.583,2019,116,1,TUF297,Grn2,126,13,5,5,5,9/19/2019,20,15,25,5,5,5,0.384615385,0.384615385,
Quincy,30.54,-84.583,2019,116,1,TUF297,Grn2,138,12,5,0,5,10/1/2019,0,0,25,20,20,25,0,1.666666667,
Quincy,30.54,-84.583,2019,117,1,TUF297,Control,48,48,0,0,0,7/3/2019,0,0,0,0,0,0,0,0,
Quincy,30.54,-84.583,2019,117,1,TUF297,Control,56,8,0,0,0,7/11/2019,0,0,0,0,0,0,0,0,
Quincy,30.54,-84.583,2019,117,1,TUF297,Control,92,36,0,0,0,8/16/2019,0,0,0,0,0,0,0,0,
Quincy,30.54,-84.583,2019,117,1,TUF297,Control,113,21,0,0,0,9/6/2019,5,5,5,0,0,0,0,0,
Quincy,30.54,-84.583,2019,117,1,TUF297,Control,126,13,5,5,5,9/19/2019,5,0,5,0,0,0,0.384615385,0,
Quincy,30.54,-84.583,2019,117,1,TUF297,Control,138,12,0,0,5,10/1/2019,0,0,5,5,5,5,0,0.416666667,
Quincy,30.54,-84.583,2019,120,1,TUF297,Grn1,48,48,0,0,0,7/3/2019,0,0,0,0,0,0,0,0,
Quincy,30.54,-84.583,2019,120,1,TUF297,Grn1,56,8,0,0,0,7/11/2019,0,0,0,0,0,0,0,0,
Quincy,30.54,-84.583,2019,120,1,TUF297,Grn1,92,36,0,0,0,8/16/2019,0,0,0,0,0,0,0,0,
Quincy,30.54,-84.583,2019,120,1,TUF297,Grn1,113,21,0,0,0,9/6/2019,5,5,5,0,0,0,0,0,
Quincy,30.54,-84.583,2019,120,1,TUF297,Grn1,126,13,5,5,5,9/19/2019,0,0,5,0,0,0,0.384615385,0,
Quincy,30.54,-84.583,2019,120,1,TUF297,Grn1,138,12,0,0,5,10/1/2019,0,0,5,0,0,0,0,0,
Quincy,30.54,-84.583,2019,121,1,TUF297,Scl2,48,48,0,0,0,7/3/2019,0,0,0,0,0,0,0,0,
Quincy,30.54,-84.583,2019,121,1,TUF297,Scl2,56,8,0,0,0,7/11/2019,0,0,0,0,0,0,0,0,
Quincy,30.54,-84.583,2019,121,1,TUF297,Scl2,92,36,0,0,0,8/16/2019,0,0,0,0,0,0,0,0,
Quincy,30.54,-84.583,2019,121,1,TUF297,Scl2,113,21,0,0,0,9/6/2019,0,0,0,0,0,0,0,0,
Quincy,30.54,-84.583,2019,121,1,TUF297,Scl2,126,13,0,0,0,9/19/2019,0,0,0,0,0,0,0,0,
Quincy,30.54,-84.583,2019,121,1,TUF297,Scl2,138,12,0,0,0,10/1/2019,0,0,0,0,0,0,0,0,
Quincy,30.54,-84.583,2019,122,1,TUF297,Grn3,48,48,0,0,0,7/3/2019,0,0,0,0,0,0,0,0,
Quincy,30.54,-84.583,2019,122,1,TUF297,Grn3,56,8,0,0,0,7/11/2019,0,0,0,0,0,0,0,0,
Quincy,30.54,-84.583,2019,122,1,TUF297,Grn3,92,36,0,0,0,8/16/2019,0,0,0,0,0,0,0,0,
Quincy,30.54,-84.583,2019,122,1,TUF297,Grn3,113,21,0,0,0,9/6/2019,0,0,0,0,0,0,0,0,
Quincy,30.54,-84.583,2019,122,1,TUF297,Grn3,126,13,0,0,0,9/19/2019,0,0,0,0,0,0,0,0,
Quincy,30.54,-84.583,2019,122,1,TUF297,Grn3,138,12,0,0,0,10/1/2019,0,0,0,0,0,0,0,0,
Quincy,30.54,-84.583,2019,201,2,TUF297,Scl3,48,48,0,0,0,7/3/2019,0,0,0,0,0,0,0,0,
Quincy,30.54,-84.583,2019,201,2,TUF297,Scl3,56,8,0,0,0,7/11/2019,0,0,0,0,0,0,0,0,
Quincy,30.54,-84.583,2019,201,2,TUF297,Scl3,92,36,0,0,0,8/16/2019,0,0,0,0,0,0,0,0,
Quincy,30.54,-84.583,2019,201,2,TUF297,Scl3,113,21,0,0,0,9/6/2019,0,0,0,0,0,0,0,0,
Quincy,30.54,-84.583,2019,201,2,TUF297,Scl3,126,13,0,0,0,9/19/2019,0,0,0,0,0,0,0,0,
Quincy,30.54,-84.583,2019,201,2,TUF297,Scl3,138,12,0,0,0,10/1/2019,0,0,0,0,0,0,0,0,
Quincy,30.54,-84.583,2019,202,2,TUF297,Scl2,48,48,0,0,0,7/3/2019,0,0,0,0,0,0,0,0,
Quincy,30.54,-84.583,2019,202,2,TUF297,Scl2,56,8,0,0,0,7/11/2019,0,0,0,0,0,0,0,0,
Quincy,30.54,-84.583,2019,202,2,TUF297,Scl2,92,36,0,0,0,8/16/2019,0,0,0,0,0,0,0,0,
Quincy,30.54,-84.583,2019,202,2,TUF297,Scl2,113,21,0,0,0,9/6/2019,0,0,0,0,0,0,0,0,
Quincy,30.54,-84.583,2019,202,2,TUF297,Scl2,126,13,0,0,0,9/19/2019,5,5,5,0,0,0,0,0,
Quincy,30.54,-84.583,2019,202,2,TUF297,Scl2,138,12,0,0,0,10/1/2019,0,0,5,5,5,5,0,0.416666667,
Quincy,30.54,-84.583,2019,204,2,TUF297,Grn3,48,48,0,0,0,7/3/2019,0,0,0,0,0,0,0,0,
Quincy,30.54,-84.583,2019,204,2,TUF297,Grn3,56,8,0,0,0,7/11/2019,0,0,0,0,0,0,0,0,
Quincy,30.54,-84.583,2019,204,2,TUF297,Grn3,92,36,0,0,0,8/16/2019,0,0,0,0,0,0,0,0,
Quincy,30.54,-84.583,2019,204,2,TUF297,Grn3,113,21,0,0,0,9/6/2019,0,0,0,0,0,0,0,0,
Quincy,30.54,-84.583,2019,204,2,TUF297,Grn3,126,13,0,0,0,9/19/2019,0,0,0,0,0,0,0,0,
Quincy,30.54,-84.583,2019,204,2,TUF297,Grn3,138,12,0,0,0,10/1/2019,0,0,0,0,0,0,0,0,
Quincy,30.54,-84.583,2019,205,2,TUF297,Control,48,48,0,0,0,7/3/2019,0,0,0,0,0,0,0,0,
Quincy,30.54,-84.583,2019,205,2,TUF297,Control,56,8,0,0,0,7/11/2019,0,0,0,0,0,0,0,0,
Quincy,30.54,-84.583,2019,205,2,TUF297,Control,92,36,0,0,0,8/16/2019,0,0,0,0,0,0,0,0,
Quincy,30.54,-84.583,2019,205,2,TUF297,Control,113,21,0,0,0,9/6/2019,0,0,0,0,0,0,0,0,
Quincy,30.54,-84.583,2019,205,2,TUF297,Control,126,13,0,0,0,9/19/2019,0,0,0,0,0,0,0,0,
Quincy,30.54,-84.583,2019,205,2,TUF297,Control,138,12,0,0,0,10/1/2019,0,0,0,0,0,0,0,0,
Quincy,30.54,-84.583,2019,206,2,TUF297,Grn2,48,48,0,0,0,7/3/2019,0,0,0,0,0,0,0,0,
Quincy,30.54,-84.583,2019,206,2,TUF297,Grn2,56,8,0,0,0,7/11/2019,0,0,0,0,0,0,0,0,
Quincy,30.54,-84.583,2019,206,2,TUF297,Grn2,92,36,0,0,0,8/16/2019,5,5,5,0,0,0,0,0,
Quincy,30.54,-84.583,2019,206,2,TUF297,Grn2,113,21,0,0,0,9/6/2019,0,0,5,5,5,5,0,0.238095238,
Quincy,30.54,-84.583,2019,206,2,TUF297,Grn2,126,13,0,0,0,9/19/2019,5,5,10,0,0,5,0,0,
Quincy,30.54,-84.583,2019,206,2,TUF297,Grn2,138,12,5,5,5,10/1/2019,0,0,10,5,5,10,0.416666667,0.416666667,
Quincy,30.54,-84.583,2019,207,2,TUF297,Grn control,48,48,0,0,0,7/3/2019,0,0,0,0,0,0,0,0,
Quincy,30.54,-84.583,2019,207,2,TUF297,Grn control,56,8,0,0,0,7/11/2019,5,5,5,0,0,0,0,0,
Quincy,30.54,-84.583,2019,207,2,TUF297,Grn control,92,36,5,5,5,8/16/2019,0,0,5,5,5,5,0.138888889,0.138888889,
Quincy,30.54,-84.583,2019,207,2,TUF297,Grn control,113,21,0,0,5,9/6/2019,0,0,5,0,0,5,0,0,
Quincy,30.54,-84.583,2019,207,2,TUF297,Grn control,126,13,0,0,5,9/19/2019,0,0,5,0,0,5,0,0,
Quincy,30.54,-84.583,2019,207,2,TUF297,Grn control,138,12,0,0,5,10/1/2019,0,0,5,0,0,5,0,0,
Quincy,30.54,-84.583,2019,209,2,TUF297,Scl1,48,48,0,0,0,7/3/2019,0,0,0,0,0,0,0,0,
Quincy,30.54,-84.583,2019,209,2,TUF297,Scl1,56,8,0,0,0,7/11/2019,0,0,0,0,0,0,0,0,
Quincy,30.54,-84.583,2019,209,2,TUF297,Scl1,92,36,0,0,0,8/16/2019,0,0,0,0,0,0,0,0,
Quincy,30.54,-84.583,2019,209,2,TUF297,Scl1,113,21,0,0,0,9/6/2019,0,0,0,0,0,0,0,0,
Quincy,30.54,-84.583,2019,209,2,TUF297,Scl1,126,13,0,0,0,9/19/2019,5,5,5,0,0,0,0,0,
Quincy,30.54,-84.583,2019,209,2,TUF297,Scl1,138,12,0,0,0,10/1/2019,0,0,5,5,5,5,0,0.416666667,
Quincy,30.54,-84.583,2019,211,2,TUF297,Grn1,48,48,0,0,0,7/3/2019,0,0,0,0,0,0,0,0,
Quincy,30.54,-84.583,2019,211,2,TUF297,Grn1,56,8,0,0,0,7/11/2019,0,0,0,0,0,0,0,0,
Quincy,30.54,-84.583,2019,211,2,TUF297,Grn1,92,36,0,0,0,8/16/2019,0,0,0,0,0,0,0,0,
Quincy,30.54,-84.583,2019,211,2,TUF297,Grn1,113,21,0,0,0,9/6/2019,0,0,0,0,0,0,0,0,
Quincy,30.54,-84.583,2019,211,2,TUF297,Grn1,126,13,0,0,0,9/19/2019,15,15,15,0,0,0,0,0,
Quincy,30.54,-84.583,2019,211,2,TUF297,Grn1,138,12,0,0,0,10/1/2019,0,0,15,15,15,15,0,1.25,
Quincy,30.54,-84.583,2019,213,2,GA06G,Scl2,48,48,0,0,0,7/3/2019,0,0,0,0,0,0,0,0,
Quincy,30.54,-84.583,2019,213,2,GA06G,Scl2,56,8,0,0,0,7/11/2019,10,10,10,0,0,0,0,0,
Quincy,30.54,-84.583,2019,213,2,GA06G,Scl2,92,36,0,0,0,8/16/2019,10,10,20,10,10,10,0,0.277777778,
Quincy,30.54,-84.583,2019,213,2,GA06G,Scl2,113,21,0,0,0,9/6/2019,5,5,25,10,10,20,0,0.476190476,
Quincy,30.54,-84.583,2019,213,2,GA06G,Scl2,126,13,0,0,0,9/19/2019,5,0,25,5,5,25,0,0.384615385,
Quincy,30.54,-84.583,2019,213,2,GA06G,Scl2,138,12,0,0,0,10/1/2019,0,0,25,5,0,25,0,0,
Quincy,30.54,-84.583,2019,216,2,GA06G,Control,48,48,0,0,0,7/3/2019,0,0,0,0,0,0,0,0,
Quincy,30.54,-84.583,2019,216,2,GA06G,Control,56,8,0,0,0,7/11/2019,0,0,0,0,0,0,0,0,
Quincy,30.54,-84.583,2019,216,2,GA06G,Control,92,36,0,0,0,8/16/2019,0,0,0,0,0,0,0,0,
Quincy,30.54,-84.583,2019,216,2,GA06G,Control,113,21,0,0,0,9/6/2019,0,0,0,0,0,0,0,0,
Quincy,30.54,-84.583,2019,216,2,GA06G,Control,126,13,0,0,0,9/19/2019,0,0,0,0,0,0,0,0,
Quincy,30.54,-84.583,2019,216,2,GA06G,Control,138,12,0,0,0,10/1/2019,0,0,0,0,0,0,0,0,
Quincy,30.54,-84.583,2019,217,2,GA06G,Grn2,48,48,0,0,0,7/3/2019,0,0,0,0,0,0,0,0,
Quincy,30.54,-84.583,2019,217,2,GA06G,Grn2,56,8,0,0,0,7/11/2019,25,25,25,0,0,0,0,0,
Quincy,30.54,-84.583,2019,217,2,GA06G,Grn2,92,36,25,25,25,8/16/2019,50,30,55,15,15,15,0.694444444,0.416666667,
Quincy,30.54,-84.583,2019,217,2,GA06G,Grn2,113,21,0,0,25,9/6/2019,10,0,55,50,40,55,0,1.904761905,
Quincy,30.54,-84.583,2019,217,2,GA06G,Grn2,126,13,0,0,25,9/19/2019,25,0,55,10,0,55,0,0,
Quincy,30.54,-84.583,2019,217,2,GA06G,Grn2,138,12,0,0,25,10/1/2019,0,0,55,25,0,55,0,0,
Quincy,30.54,-84.583,2019,218,2,GA06G,Scl3,48,48,0,0,0,7/3/2019,0,0,0,0,0,0,0,0,
Quincy,30.54,-84.583,2019,218,2,GA06G,Scl3,56,8,0,0,0,7/11/2019,15,15,15,0,0,0,0,0,
Quincy,30.54,-84.583,2019,218,2,GA06G,Scl3,92,36,15,15,15,8/16/2019,20,5,20,10,10,10,0.416666667,0.277777778,
Quincy,30.54,-84.583,2019,218,2,GA06G,Scl3,113,21,0,0,15,9/6/2019,0,0,20,20,10,20,0,0.476190476,
Quincy,30.54,-84.583,2019,218,2,GA06G,Scl3,126,13,0,0,15,9/19/2019,0,0,20,0,0,20,0,0,
Quincy,30.54,-84.583,2019,218,2,GA06G,Scl3,138,12,0,0,15,10/1/2019,0,0,20,0,0,20,0,0,
Quincy,30.54,-84.583,2019,219,2,GA06G,Grn control,48,48,0,0,0,7/3/2019,0,0,0,0,0,0,0,0,
Quincy,30.54,-84.583,2019,219,2,GA06G,Grn control,56,8,0,0,0,7/11/2019,0,0,0,0,0,0,0,0,
Quincy,30.54,-84.583,2019,219,2,GA06G,Grn control,92,36,0,0,0,8/16/2019,0,0,0,0,0,0,0,0,
Quincy,30.54,-84.583,2019,219,2,GA06G,Grn control,113,21,0,0,0,9/6/2019,0,0,0,0,0,0,0,0,
Quincy,30.54,-84.583,2019,219,2,GA06G,Grn control,126,13,0,0,0,9/19/2019,0,0,0,0,0,0,0,0,
Quincy,30.54,-84.583,2019,219,2,GA06G,Grn control,138,12,0,0,0,10/1/2019,0,0,0,0,0,0,0,0,
Quincy,30.54,-84.583,2019,220,2,GA06G,Scl1,48,48,0,0,0,7/3/2019,0,0,0,0,0,0,0,0,
Quincy,30.54,-84.583,2019,220,2,GA06G,Scl1,56,8,0,0,0,7/11/2019,10,10,10,0,0,0,0,0,
Quincy,30.54,-84.583,2019,220,2,GA06G,Scl1,92,36,10,10,10,8/16/2019,15,10,20,10,10,10,0.277777778,0.277777778,
Quincy,30.54,-84.583,2019,220,2,GA06G,Scl1,113,21,0,0,10,9/6/2019,5,0,20,15,10,20,0,0.476190476,
Quincy,30.54,-84.583,2019,220,2,GA06G,Scl1,126,13,0,0,10,9/19/2019,15,10,30,5,0,20,0,0,
Quincy,30.54,-84.583,2019,220,2,GA06G,Scl1,138,12,0,0,10,10/1/2019,0,0,30,15,10,30,0,0.833333333,
Quincy,30.54,-84.583,2019,221,2,GA06G,Grn3,48,48,0,0,0,7/3/2019,0,0,0,0,0,0,0,0,
Quincy,30.54,-84.583,2019,221,2,GA06G,Grn3,56,8,0,0,0,7/11/2019,5,5,5,0,0,0,0,0,
Quincy,30.54,-84.583,2019,221,2,GA06G,Grn3,92,36,0,0,0,8/16/2019,0,0,5,5,5,5,0,0.138888889,
Quincy,30.54,-84.583,2019,221,2,GA06G,Grn3,113,21,0,0,0,9/6/2019,0,0,5,0,0,5,0,0,
Quincy,30.54,-84.583,2019,221,2,GA06G,Grn3,126,13,0,0,0,9/19/2019,5,5,10,0,0,5,0,0,
Quincy,30.54,-84.583,2019,221,2,GA06G,Grn3,138,12,0,0,0,10/1/2019,0,0,10,5,5,10,0,0.416666667,
Quincy,30.54,-84.583,2019,222,2,GA06G,Grn1,48,48,0,0,0,7/3/2019,5,5,5,0,0,0,0,0,
Quincy,30.54,-84.583,2019,222,2,GA06G,Grn1,56,8,5,5,5,7/11/2019,20,15,20,0,0,0,0.625,0,
Quincy,30.54,-84.583,2019,222,2,GA06G,Grn1,92,36,20,15,20,8/16/2019,5,0,20,10,10,10,0.416666667,0.277777778,
Quincy,30.54,-84.583,2019,222,2,GA06G,Grn1,113,21,0,0,20,9/6/2019,5,0,20,5,0,10,0,0,
Quincy,30.54,-84.583,2019,222,2,GA06G,Grn1,126,13,0,0,20,9/19/2019,5,0,20,5,0,10,0,0,
Quincy,30.54,-84.583,2019,222,2,GA06G,Grn1,138,12,0,0,20,10/1/2019,0,0,20,5,0,10,0,0,
Quincy,30.54,-84.583,2019,302,3,TUF297,Scl3,48,48,0,0,0,7/3/2019,0,0,0,0,0,0,0,0,
Quincy,30.54,-84.583,2019,302,3,TUF297,Scl3,56,8,0,0,0,7/11/2019,0,0,0,0,0,0,0,0,
Quincy,30.54,-84.583,2019,302,3,TUF297,Scl3,92,36,0,0,0,8/16/2019,0,0,0,0,0,0,0,0,
Quincy,30.54,-84.583,2019,302,3,TUF297,Scl3,113,21,0,0,0,9/6/2019,0,0,0,0,0,0,0,0,
Quincy,30.54,-84.583,2019,302,3,TUF297,Scl3,126,13,0,0,0,9/19/2019,0,0,0,0,0,0,0,0,
Quincy,30.54,-84.583,2019,302,3,TUF297,Scl3,138,12,0,0,0,10/1/2019,0,0,0,0,0,0,0,0,
Quincy,30.54,-84.583,2019,303,3,TUF297,Scl2,48,48,0,0,0,7/3/2019,0,0,0,0,0,0,0,0,
Quincy,30.54,-84.583,2019,303,3,TUF297,Scl2,56,8,0,0,0,7/11/2019,0,0,0,0,0,0,0,0,
Quincy,30.54,-84.583,2019,303,3,TUF297,Scl2,92,36,0,0,0,8/16/2019,0,0,0,0,0,0,0,0,
Quincy,30.54,-84.583,2019,303,3,TUF297,Scl2,113,21,0,0,0,9/6/2019,0,0,0,0,0,0,0,0,
Quincy,30.54,-84.583,2019,303,3,TUF297,Scl2,126,13,0,0,0,9/19/2019,5,5,5,0,0,0,0,0,
Quincy,30.54,-84.583,2019,303,3,TUF297,Scl2,138,12,0,0,0,10/1/2019,0,0,5,5,5,5,0,0.416666667,
Quincy,30.54,-84.583,2019,304,3,TUF297,Grn1,48,48,0,0,0,7/3/2019,0,0,0,0,0,0,0,0,
Quincy,30.54,-84.583,2019,304,3,TUF297,Grn1,56,8,0,0,0,7/11/2019,0,0,0,0,0,0,0,0,
Quincy,30.54,-84.583,2019,304,3,TUF297,Grn1,92,36,0,0,0,8/16/2019,0,0,0,0,0,0,0,0,
Quincy,30.54,-84.583,2019,304,3,TUF297,Grn1,113,21,0,0,0,9/6/2019,0,0,0,0,0,0,0,0,
Quincy,30.54,-84.583,2019,304,3,TUF297,Grn1,126,13,0,0,0,9/19/2019,0,0,0,0,0,0,0,0,
Quincy,30.54,-84.583,2019,304,3,TUF297,Grn1,138,12,0,0,0,10/1/2019,0,0,0,0,0,0,0,0,
Quincy,30.54,-84.583,2019,305,3,TUF297,Grn3,48,48,0,0,0,7/3/2019,0,0,0,0,0,0,0,0,
Quincy,30.54,-84.583,2019,305,3,TUF297,Grn3,56,8,0,0,0,7/11/2019,0,0,0,0,0,0,0,0,
Quincy,30.54,-84.583,2019,305,3,TUF297,Grn3,92,36,0,0,0,8/16/2019,0,0,0,0,0,0,0,0,
Quincy,30.54,-84.583,2019,305,3,TUF297,Grn3,113,21,0,0,0,9/6/2019,0,0,0,0,0,0,0,0,
Quincy,30.54,-84.583,2019,305,3,TUF297,Grn3,126,13,0,0,0,9/19/2019,0,0,0,0,0,0,0,0,
Quincy,30.54,-84.583,2019,305,3,TUF297,Grn3,138,12,0,0,0,10/1/2019,0,0,0,0,0,0,0,0,
Quincy,30.54,-84.583,2019,307,3,TUF297,Scl1,48,48,0,0,0,7/3/2019,0,0,0,0,0,0,0,0,
Quincy,30.54,-84.583,2019,307,3,TUF297,Scl1,56,8,0,0,0,7/11/2019,0,0,0,0,0,0,0,0,
Quincy,30.54,-84.583,2019,307,3,TUF297,Scl1,92,36,0,0,0,8/16/2019,0,0,0,0,0,0,0,0,
Quincy,30.54,-84.583,2019,307,3,TUF297,Scl1,113,21,0,0,0,9/6/2019,0,0,0,0,0,0,0,0,
Quincy,30.54,-84.583,2019,307,3,TUF297,Scl1,126,13,0,0,0,9/19/2019,0,0,0,0,0,0,0,0,
Quincy,30.54,-84.583,2019,307,3,TUF297,Scl1,138,12,0,0,0,10/1/2019,0,0,0,0,0,0,0,0,
Quincy,30.54,-84.583,2019,308,3,TUF297,Grn2,48,48,0,0,0,7/3/2019,0,0,0,0,0,0,0,0,
Quincy,30.54,-84.583,2019,308,3,TUF297,Grn2,56,8,0,0,0,7/11/2019,0,0,0,0,0,0,0,0,
Quincy,30.54,-84.583,2019,308,3,TUF297,Grn2,92,36,0,0,0,8/16/2019,0,0,0,0,0,0,0,0,
Quincy,30.54,-84.583,2019,308,3,TUF297,Grn2,113,21,0,0,0,9/6/2019,0,0,0,0,0,0,0,0,
Quincy,30.54,-84.583,2019,308,3,TUF297,Grn2,126,13,0,0,0,9/19/2019,0,0,0,0,0,0,0,0,
Quincy,30.54,-84.583,2019,308,3,TUF297,Grn2,138,12,0,0,0,10/1/2019,0,0,0,0,0,0,0,0,
Quincy,30.54,-84.583,2019,309,3,TUF297,Grn control,48,48,0,0,0,7/3/2019,0,0,0,0,0,0,0,0,
Quincy,30.54,-84.583,2019,309,3,TUF297,Grn control,56,8,0,0,0,7/11/2019,0,0,0,0,0,0,0,0,
Quincy,30.54,-84.583,2019,309,3,TUF297,Grn control,92,36,0,0,0,8/16/2019,0,0,0,0,0,0,0,0,
Quincy,30.54,-84.583,2019,309,3,TUF297,Grn control,113,21,0,0,0,9/6/2019,0,0,0,0,0,0,0,0,
Quincy,30.54,-84.583,2019,309,3,TUF297,Grn control,126,13,0,0,0,9/19/2019,0,0,0,0,0,0,0,0,
Quincy,30.54,-84.583,2019,309,3,TUF297,Grn control,138,12,0,0,0,10/1/2019,0,0,0,0,0,0,0,0,
Quincy,30.54,-84.583,2019,311,3,TUF297,Control,48,48,0,0,0,7/3/2019,0,0,0,0,0,0,0,0,
Quincy,30.54,-84.583,2019,311,3,TUF297,Control,56,8,0,0,0,7/11/2019,0,0,0,0,0,0,0,0,
Quincy,30.54,-84.583,2019,311,3,TUF297,Control,92,36,0,0,0,8/16/2019,0,0,0,0,0,0,0,0,
Quincy,30.54,-84.583,2019,311,3,TUF297,Control,113,21,0,0,0,9/6/2019,0,0,0,0,0,0,0,0,
Quincy,30.54,-84.583,2019,311,3,TUF297,Control,126,13,0,0,0,9/19/2019,5,5,5,0,0,0,0,0,
Quincy,30.54,-84.583,2019,311,3,TUF297,Control,138,12,0,0,0,10/1/2019,0,0,5,5,5,5,0,0.416666667,
Quincy,30.54,-84.583,2019,312,3,GA06G,Grn2,48,48,0,0,0,7/3/2019,0,0,0,0,0,0,0,0,
Quincy,30.54,-84.583,2019,312,3,GA06G,Grn2,56,8,0,0,0,7/11/2019,25,25,25,0,0,0,0,0,
Quincy,30.54,-84.583,2019,312,3,GA06G,Grn2,92,36,20,20,20,8/16/2019,35,15,40,25,25,25,0.555555556,0.694444444,
Quincy,30.54,-84.583,2019,312,3,GA06G,Grn2,113,21,0,0,20,9/6/2019,10,0,40,35,15,40,0,0.714285714,
Quincy,30.54,-84.583,2019,312,3,GA06G,Grn2,126,13,0,0,20,9/19/2019,25,5,45,10,0,40,0,0,
Quincy,30.54,-84.583,2019,312,3,GA06G,Grn2,138,12,0,0,20,10/1/2019,0,0,45,25,5,45,0,0.416666667,
Quincy,30.54,-84.583,2019,313,3,GA06G,Scl2,48,48,0,0,0,7/3/2019,0,0,0,0,0,0,0,0,
Quincy,30.54,-84.583,2019,313,3,GA06G,Scl2,56,8,0,0,0,7/11/2019,5,5,5,0,0,0,0,0,
Quincy,30.54,-84.583,2019,313,3,GA06G,Scl2,92,36,5,5,5,8/16/2019,25,20,25,5,5,5,0.138888889,0.138888889,
Quincy,30.54,-84.583,2019,313,3,GA06G,Scl2,113,21,0,0,5,9/6/2019,15,5,30,25,20,25,0,0.952380952,
Quincy,30.54,-84.583,2019,313,3,GA06G,Scl2,126,13,0,0,5,9/19/2019,10,5,35,15,5,30,0,0.384615385,
Quincy,30.54,-84.583,2019,313,3,GA06G,Scl2,138,12,0,0,5,10/1/2019,0,0,35,10,5,35,0,0.416666667,
Quincy,30.54,-84.583,2019,314,3,GA06G,Grn3,48,48,0,0,0,7/3/2019,0,0,0,5,5,5,0,0.104166667,
Quincy,30.54,-84.583,2019,314,3,GA06G,Grn3,56,8,0,0,0,7/11/2019,0,0,0,0,0,5,0,0,
Quincy,30.54,-84.583,2019,314,3,GA06G,Grn3,92,36,0,0,0,8/16/2019,0,0,0,0,0,5,0,0,
Quincy,30.54,-84.583,2019,314,3,GA06G,Grn3,113,21,0,0,0,9/6/2019,0,0,0,0,0,5,0,0,
Quincy,30.54,-84.583,2019,314,3,GA06G,Grn3,126,13,0,0,0,9/19/2019,0,0,0,0,0,5,0,0,
Quincy,30.54,-84.583,2019,314,3,GA06G,Grn3,138,12,0,0,0,10/1/2019,5,5,5,0,0,5,0,0,
Quincy,30.54,-84.583,2019,315,3,GA06G,Grn control,48,48,0,0,0,7/3/2019,0,0,0,0,0,0,0,0,
Quincy,30.54,-84.583,2019,315,3,GA06G,Grn control,56,8,0,0,0,7/11/2019,0,0,0,0,0,0,0,0,
Quincy,30.54,-84.583,2019,315,3,GA06G,Grn control,92,36,0,0,0,8/16/2019,0,0,0,0,0,0,0,0,
Quincy,30.54,-84.583,2019,315,3,GA06G,Grn control,113,21,0,0,0,9/6/2019,0,0,0,0,0,0,0,0,
Quincy,30.54,-84.583,2019,315,3,GA06G,Grn control,126,13,0,0,0,9/19/2019,0,0,0,0,0,0,0,0,
Quincy,30.54,-84.583,2019,315,3,GA06G,Grn control,138,12,0,0,0,10/1/2019,0,0,0,0,0,0,0,0,
Quincy,30.54,-84.583,2019,316,3,GA06G,Scl1,48,48,0,0,0,7/3/2019,0,0,0,0,0,0,0,0,
Quincy,30.54,-84.583,2019,316,3,GA06G,Scl1,56,8,0,0,0,7/11/2019,15,15,15,0,0,0,0,0,
Quincy,30.54,-84.583,2019,316,3,GA06G,Scl1,92,36,10,10,10,8/16/2019,20,10,25,15,15,15,0.277777778,0.416666667,
Quincy,30.54,-84.583,2019,316,3,GA06G,Scl1,113,21,0,0,10,9/6/2019,0,0,25,20,10,25,0,0.476190476,
Quincy,30.54,-84.583,2019,316,3,GA06G,Scl1,126,13,0,0,10,9/19/2019,10,0,25,0,0,25,0,0,
Quincy,30.54,-84.583,2019,316,3,GA06G,Scl1,138,12,0,0,10,10/1/2019,0,0,25,10,0,25,0,0,
Quincy,30.54,-84.583,2019,317,3,GA06G,Grn1,48,48,0,0,0,7/3/2019,0,0,0,0,0,0,0,0,
Quincy,30.54,-84.583,2019,317,3,GA06G,Grn1,56,8,0,0,0,7/11/2019,20,20,20,0,0,0,0,0,
Quincy,30.54,-84.583,2019,317,3,GA06G,Grn1,92,36,20,20,20,8/16/2019,20,5,25,20,20,20,0.555555556,0.555555556,
Quincy,30.54,-84.583,2019,317,3,GA06G,Grn1,113,21,0,0,20,9/6/2019,0,0,25,20,5,25,0,0.238095238,
Quincy,30.54,-84.583,2019,317,3,GA06G,Grn1,126,13,0,0,20,9/19/2019,20,5,30,0,0,25,0,0,
Quincy,30.54,-84.583,2019,317,3,GA06G,Grn1,138,12,0,0,20,10/1/2019,0,0,30,20,5,30,0,0.416666667,
Quincy,30.54,-84.583,2019,320,3,GA06G,Control,48,48,0,0,0,7/3/2019,0,0,0,0,0,0,0,0,
Quincy,30.54,-84.583,2019,320,3,GA06G,Control,56,8,0,0,0,7/11/2019,5,5,5,0,0,0,0,0,
Quincy,30.54,-84.583,2019,320,3,GA06G,Control,92,36,5,5,5,8/16/2019,0,0,5,5,5,5,0.138888889,0.138888889,
Quincy,30.54,-84.583,2019,320,3,GA06G,Control,113,21,0,0,5,9/6/2019,0,0,5,0,0,5,0,0,
Quincy,30.54,-84.583,2019,320,3,GA06G,Control,126,13,0,0,5,9/19/2019,0,0,5,0,0,5,0,0,
Quincy,30.54,-84.583,2019,320,3,GA06G,Control,138,12,0,0,5,10/1/2019,0,0,5,0,0,5,0,0,
Quincy,30.54,-84.583,2019,322,3,GA06G,Scl3,48,48,0,0,0,7/3/2019,0,0,0,0,0,0,0,0,
Quincy,30.54,-84.583,2019,322,3,GA06G,Scl3,56,8,0,0,0,7/11/2019,0,0,0,0,0,0,0,0,
Quincy,30.54,-84.583,2019,322,3,GA06G,Scl3,92,36,0,0,0,8/16/2019,0,0,0,0,0,0,0,0,
Quincy,30.54,-84.583,2019,322,3,GA06G,Scl3,113,21,0,0,0,9/6/2019,0,0,0,0,0,0,0,0,
Quincy,30.54,-84.583,2019,322,3,GA06G,Scl3,126,13,0,0,0,9/19/2019,0,0,0,0,0,0,0,0,
Quincy,30.54,-84.583,2019,322,3,GA06G,Scl3,138,12,0,0,0,10/1/2019,0,0,0,0,0,0,0,0,
Quincy,30.54,-84.583,2019,401,4,GA06G,Control,48,48,0,0,0,7/3/2019,0,0,0,0,0,0,0,0,
Quincy,30.54,-84.583,2019,401,4,GA06G,Control,56,8,0,0,0,7/11/2019,10,10,10,0,0,0,0,0,
Quincy,30.54,-84.583,2019,401,4,GA06G,Control,92,36,5,5,5,8/16/2019,5,0,10,10,10,10,0.138888889,0.277777778,
Quincy,30.54,-84.583,2019,401,4,GA06G,Control,113,21,0,0,5,9/6/2019,0,0,10,5,0,10,0,0,
Quincy,30.54,-84.583,2019,401,4,GA06G,Control,126,13,0,0,5,9/19/2019,5,0,10,0,0,10,0,0,
Quincy,30.54,-84.583,2019,401,4,GA06G,Control,138,12,0,0,5,10/1/2019,0,0,10,5,0,10,0,0,
Quincy,30.54,-84.583,2019,402,4,GA06G,Grn control,48,48,0,0,0,7/3/2019,0,0,0,0,0,0,0,0,
Quincy,30.54,-84.583,2019,402,4,GA06G,Grn control,56,8,0,0,0,7/11/2019,0,0,0,0,0,0,0,0,
Quincy,30.54,-84.583,2019,402,4,GA06G,Grn control,92,36,0,0,0,8/16/2019,0,0,0,0,0,0,0,0,
Quincy,30.54,-84.583,2019,402,4,GA06G,Grn control,113,21,0,0,0,9/6/2019,0,0,0,0,0,0,0,0,
Quincy,30.54,-84.583,2019,402,4,GA06G,Grn control,126,13,0,0,0,9/19/2019,0,0,0,0,0,0,0,0,
Quincy,30.54,-84.583,2019,402,4,GA06G,Grn control,138,12,0,0,0,10/1/2019,0,0,0,0,0,0,0,0,
Quincy,30.54,-84.583,2019,404,4,GA06G,Grn2,48,48,0,0,0,7/3/2019,0,0,0,0,0,0,0,0,
Quincy,30.54,-84.583,2019,404,4,GA06G,Grn2,56,8,0,0,0,7/11/2019,20,20,20,0,0,0,0,0,
Quincy,30.54,-84.583,2019,404,4,GA06G,Grn2,92,36,5,5,5,8/16/2019,35,20,40,20,20,20,0.138888889,0.555555556,
Quincy,30.54,-84.583,2019,404,4,GA06G,Grn2,113,21,5,5,10,9/6/2019,10,0,40,35,20,40,0.238095238,0.952380952,
Quincy,30.54,-84.583,2019,404,4,GA06G,Grn2,126,13,0,0,10,9/19/2019,0,0,40,10,0,40,0,0,
Quincy,30.54,-84.583,2019,404,4,GA06G,Grn2,138,12,0,0,10,10/1/2019,0,0,40,0,0,40,0,0,
Quincy,30.54,-84.583,2019,405,4,GA06G,Scl1,48,48,0,0,0,7/3/2019,0,0,0,0,0,0,0,0,
Quincy,30.54,-84.583,2019,405,4,GA06G,Scl1,56,8,0,0,0,7/11/2019,5,5,5,0,0,0,0,0,
Quincy,30.54,-84.583,2019,405,4,GA06G,Scl1,92,36,5,5,5,8/16/2019,0,0,5,5,5,5,0.138888889,0.138888889,
Quincy,30.54,-84.583,2019,405,4,GA06G,Scl1,113,21,0,0,5,9/6/2019,0,0,5,0,0,5,0,0,
Quincy,30.54,-84.583,2019,405,4,GA06G,Scl1,126,13,0,0,5,9/19/2019,0,0,5,0,0,5,0,0,
Quincy,30.54,-84.583,2019,405,4,GA06G,Scl1,138,12,0,0,5,10/1/2019,0,0,5,0,0,5,0,0,
Quincy,30.54,-84.583,2019,406,4,GA06G,Scl2,48,48,0,0,0,7/3/2019,0,0,0,0,0,0,0,0,
Quincy,30.54,-84.583,2019,406,4,GA06G,Scl2,56,8,0,0,0,7/11/2019,5,5,5,0,0,0,0,0,
Quincy,30.54,-84.583,2019,406,4,GA06G,Scl2,92,36,0,0,0,8/16/2019,30,25,30,5,5,5,0,0.138888889,
Quincy,30.54,-84.583,2019,406,4,GA06G,Scl2,113,21,5,5,5,9/6/2019,0,0,30,30,25,30,0.238095238,1.19047619,
Quincy,30.54,-84.583,2019,406,4,GA06G,Scl2,126,13,0,0,5,9/19/2019,5,0,30,0,0,30,0,0,
Quincy,30.54,-84.583,2019,406,4,GA06G,Scl2,138,12,0,0,5,10/1/2019,0,0,30,5,0,30,0,0,
Quincy,30.54,-84.583,2019,407,4,GA06G,Grn1,48,48,0,0,0,7/3/2019,0,0,0,0,0,0,0,0,
Quincy,30.54,-84.583,2019,407,4,GA06G,Grn1,56,8,0,0,0,7/11/2019,30,30,30,0,0,0,0,0,
Quincy,30.54,-84.583,2019,407,4,GA06G,Grn1,92,36,20,20,20,8/16/2019,15,10,40,25,25,25,0.555555556,0.694444444,
Quincy,30.54,-84.583,2019,407,4,GA06G,Grn1,113,21,0,0,20,9/6/2019,0,0,40,15,10,35,0,0.476190476,
Quincy,30.54,-84.583,2019,407,4,GA06G,Grn1,126,13,0,0,20,9/19/2019,10,5,45,0,0,35,0,0,
Quincy,30.54,-84.583,2019,407,4,GA06G,Grn1,138,12,0,0,20,10/1/2019,0,0,45,10,5,40,0,0.416666667,
Quincy,30.54,-84.583,2019,408,4,GA06G,Grn3,48,48,0,0,0,7/3/2019,0,0,0,0,0,0,0,0,
Quincy,30.54,-84.583,2019,408,4,GA06G,Grn3,56,8,0,0,0,7/11/2019,0,0,0,0,0,0,0,0,
Quincy,30.54,-84.583,2019,408,4,GA06G,Grn3,92,36,0,0,0,8/16/2019,0,0,0,0,0,0,0,0,
Quincy,30.54,-84.583,2019,408,4,GA06G,Grn3,113,21,0,0,0,9/6/2019,0,0,0,0,0,0,0,0,
Quincy,30.54,-84.583,2019,408,4,GA06G,Grn3,126,13,0,0,0,9/19/2019,0,0,0,0,0,0,0,0,
Quincy,30.54,-84.583,2019,408,4,GA06G,Grn3,138,12,0,0,0,10/1/2019,0,0,0,0,0,0,0,0,
Quincy,30.54,-84.583,2019,411,4,GA06G,Scl3,48,48,0,0,0,7/3/2019,0,0,0,0,0,0,0,0,
Quincy,30.54,-84.583,2019,411,4,GA06G,Scl3,56,8,0,0,0,7/11/2019,0,0,0,0,0,0,0,0,
Quincy,30.54,-84.583,2019,411,4,GA06G,Scl3,92,36,0,0,0,8/16/2019,0,0,0,0,0,0,0,0,
Quincy,30.54,-84.583,2019,411,4,GA06G,Scl3,113,21,0,0,0,9/6/2019,0,0,0,0,0,0,0,0,
Quincy,30.54,-84.583,2019,411,4,GA06G,Scl3,126,13,0,0,0,9/19/2019,5,5,5,0,0,0,0,0,
Quincy,30.54,-84.583,2019,411,4,GA06G,Scl3,138,12,0,0,0,10/1/2019,0,0,5,5,5,5,0,0.416666667,
Quincy,30.54,-84.583,2019,412,4,TUF297,Grn1,48,48,0,0,0,7/3/2019,0,0,0,0,0,0,0,0,
Quincy,30.54,-84.583,2019,412,4,TUF297,Grn1,56,8,0,0,0,7/11/2019,0,0,0,0,0,0,0,0,
Quincy,30.54,-84.583,2019,412,4,TUF297,Grn1,92,36,0,0,0,8/16/2019,20,20,20,0,0,0,0,0,
Quincy,30.54,-84.583,2019,412,4,TUF297,Grn1,113,21,0,0,0,9/6/2019,0,0,20,20,20,20,0,0.952380952,
Quincy,30.54,-84.583,2019,412,4,TUF297,Grn1,126,13,0,0,0,9/19/2019,5,5,25,0,0,20,0,0,
Quincy,30.54,-84.583,2019,412,4,TUF297,Grn1,138,12,0,0,0,10/1/2019,0,0,25,5,5,25,0,0.416666667,
Quincy,30.54,-84.583,2019,413,4,TUF297,Grn2,48,48,0,0,0,7/3/2019,0,0,0,0,0,0,0,0,
Quincy,30.54,-84.583,2019,413,4,TUF297,Grn2,56,8,0,0,0,7/11/2019,5,5,5,0,0,0,0,0,
Quincy,30.54,-84.583,2019,413,4,TUF297,Grn2,92,36,0,0,0,8/16/2019,0,0,5,5,5,5,0,0.138888889,
Quincy,30.54,-84.583,2019,413,4,TUF297,Grn2,113,21,0,0,0,9/6/2019,0,0,5,0,0,5,0,0,
Quincy,30.54,-84.583,2019,413,4,TUF297,Grn2,126,13,0,0,0,9/19/2019,0,0,5,0,0,5,0,0,
Quincy,30.54,-84.583,2019,413,4,TUF297,Grn2,138,12,0,0,0,10/1/2019,0,0,5,0,0,5,0,0,
Quincy,30.54,-84.583,2019,416,4,TUF297,Grn control,48,48,0,0,0,7/3/2019,0,0,0,0,0,0,0,0,
Quincy,30.54,-84.583,2019,416,4,TUF297,Grn control,56,8,0,0,0,7/11/2019,0,0,0,0,0,0,0,0,
Quincy,30.54,-84.583,2019,416,4,TUF297,Grn control,92,36,0,0,0,8/16/2019,0,0,0,0,0,0,0,0,
Quincy,30.54,-84.583,2019,416,4,TUF297,Grn control,113,21,0,0,0,9/6/2019,0,0,0,0,0,0,0,0,
Quincy,30.54,-84.583,2019,416,4,TUF297,Grn control,126,13,0,0,0,9/19/2019,0,0,0,0,0,0,0,0,
Quincy,30.54,-84.583,2019,416,4,TUF297,Grn control,138,12,0,0,0,10/1/2019,0,0,0,0,0,0,0,0,
Quincy,30.54,-84.583,2019,417,4,TUF297,Control,48,48,0,0,0,7/3/2019,0,0,0,0,0,0,0,0,
Quincy,30.54,-84.583,2019,417,4,TUF297,Control,56,8,0,0,0,7/11/2019,0,0,0,0,0,0,0,0,
Quincy,30.54,-84.583,2019,417,4,TUF297,Control,92,36,0,0,0,8/16/2019,0,0,0,0,0,0,0,0,
Quincy,30.54,-84.583,2019,417,4,TUF297,Control,113,21,0,0,0,9/6/2019,0,0,0,0,0,0,0,0,
Quincy,30.54,-84.583,2019,417,4,TUF297,Control,126,13,0,0,0,9/19/2019,0,0,0,0,0,0,0,0,
Quincy,30.54,-84.583,2019,417,4,TUF297,Control,138,12,0,0,0,10/1/2019,0,0,0,0,0,0,0,0,
Quincy,30.54,-84.583,2019,418,4,TUF297,Scl1,48,48,0,0,0,7/3/2019,0,0,0,0,0,0,0,0,
Quincy,30.54,-84.583,2019,418,4,TUF297,Scl1,56,8,0,0,0,7/11/2019,0,0,0,0,0,0,0,0,
Quincy,30.54,-84.583,2019,418,4,TUF297,Scl1,92,36,0,0,0,8/16/2019,0,0,0,0,0,0,0,0,
Quincy,30.54,-84.583,2019,418,4,TUF297,Scl1,113,21,0,0,0,9/6/2019,0,0,0,0,0,0,0,0,
Quincy,30.54,-84.583,2019,418,4,TUF297,Scl1,126,13,0,0,0,9/19/2019,0,0,0,0,0,0,0,0,
Quincy,30.54,-84.583,2019,418,4,TUF297,Scl1,138,12,0,0,0,10/1/2019,0,0,0,0,0,0,0,0,
Quincy,30.54,-84.583,2019,420,4,TUF297,Scl3,48,48,0,0,0,7/3/2019,0,0,0,0,0,0,0,0,
Quincy,30.54,-84.583,2019,420,4,TUF297,Scl3,56,8,0,0,0,7/11/2019,0,0,0,0,0,0,0,0,
Quincy,30.54,-84.583,2019,420,4,TUF297,Scl3,92,36,0,0,0,8/16/2019,0,0,0,0,0,0,0,0,
Quincy,30.54,-84.583,2019,420,4,TUF297,Scl3,113,21,0,0,0,9/6/2019,0,0,0,0,0,0,0,0,
Quincy,30.54,-84.583,2019,420,4,TUF297,Scl3,126,13,0,0,0,9/19/2019,10,10,10,0,0,0,0,0,
Quincy,30.54,-84.583,2019,420,4,TUF297,Scl3,138,12,10,10,10,10/1/2019,0,0,10,10,10,10,0.833333333,0.833333333,
Quincy,30.54,-84.583,2019,421,4,TUF297,Grn3,48,48,0,0,0,7/3/2019,0,0,0,0,0,0,0,0,
Quincy,30.54,-84.583,2019,421,4,TUF297,Grn3,56,8,0,0,0,7/11/2019,0,0,0,0,0,0,0,0,
Quincy,30.54,-84.583,2019,421,4,TUF297,Grn3,92,36,0,0,0,8/16/2019,0,0,0,0,0,0,0,0,
Quincy,30.54,-84.583,2019,421,4,TUF297,Grn3,113,21,0,0,0,9/6/2019,0,0,0,0,0,0,0,0,
Quincy,30.54,-84.583,2019,421,4,TUF297,Grn3,126,13,0,0,0,9/19/2019,0,0,0,0,0,0,0,0,
Quincy,30.54,-84.583,2019,421,4,TUF297,Grn3,138,12,0,0,0,10/1/2019,0,0,0,0,0,0,0,0,
Quincy,30.54,-84.583,2019,422,4,TUF297,Scl2,48,48,0,0,0,7/3/2019,0,0,0,0,0,0,0,0,
Quincy,30.54,-84.583,2019,422,4,TUF297,Scl2,56,8,0,0,0,7/11/2019,0,0,0,0,0,0,0,0,
Quincy,30.54,-84.583,2019,422,4,TUF297,Scl2,92,36,0,0,0,8/16/2019,0,0,0,0,0,0,0,0,
Quincy,30.54,-84.583,2019,422,4,TUF297,Scl2,113,21,0,0,0,9/6/2019,0,0,0,0,0,0,0,0,
Quincy,30.54,-84.583,2019,422,4,TUF297,Scl2,126,13,0,0,0,9/19/2019,0,0,0,0,0,0,0,0,
Quincy,30.54,-84.583,2019,422,4,TUF297,Scl2,138,12,0,0,0,10/1/2019,0,0,0,0,0,0,0,0,
Quincy,30.54,-84.583,2020,101,1,TUF297,Scl3,58,58,0,0,0,7/12/2020,0,0,0,0,0,0,0,0,87.91208791
Quincy,30.54,-84.583,2020,101,1,TUF297,Scl3,69,11,5,5,5,7/23/2020,5,5,5,0,0,0,0.454545455,0,100
Quincy,30.54,-84.583,2020,101,1,TUF297,Scl3,83,14,0,0,5,8/6/2020,0,0,5,0,0,0,0,0,100
Quincy,30.54,-84.583,2020,101,1,TUF297,Scl3,97,14,0,0,5,8/20/2020,0,0,5,0,0,0,0,0,100
Quincy,30.54,-84.583,2020,101,1,TUF297,Scl3,111,14,0,0,5,9/3/2020,0,0,5,0,0,0,0,0,100
Quincy,30.54,-84.583,2020,101,1,TUF297,Scl3,129,18,0,0,5,9/21/2020,0,0,5,0,0,0,0,0,100
Quincy,30.54,-84.583,2020,102,1,TUF297,Scl2,58,58,0,0,0,7/12/2020,0,0,0,0,0,0,0,0,78.02197802
Quincy,30.54,-84.583,2020,102,1,TUF297,Scl2,69,11,5,5,5,7/23/2020,5,5,5,0,0,0,0.454545455,0,100
Quincy,30.54,-84.583,2020,102,1,TUF297,Scl2,83,14,0,0,5,8/6/2020,0,0,5,0,0,0,0,0,100
Quincy,30.54,-84.583,2020,102,1,TUF297,Scl2,97,14,10,10,15,8/20/2020,10,10,15,0,0,0,0.714285714,0,100
Quincy,30.54,-84.583,2020,102,1,TUF297,Scl2,111,14,0,0,15,9/3/2020,0,0,15,0,0,0,0,0,100
Quincy,30.54,-84.583,2020,102,1,TUF297,Scl2,129,18,0,0,15,9/21/2020,20,15,30,0,0,0,0,0,100
Quincy,30.54,-84.583,2020,103,1,TUF297,Scl1,58,58,0,0,0,7/12/2020,0,0,0,0,0,0,0,0,70.87912088
Quincy,30.54,-84.583,2020,103,1,TUF297,Scl1,69,11,5,5,5,7/23/2020,5,5,5,0,0,0,0.454545455,0,91.75824176
Quincy,30.54,-84.583,2020,103,1,TUF297,Scl1,83,14,5,5,10,8/6/2020,5,5,10,0,0,0,0.357142857,0,100
Quincy,30.54,-84.583,2020,103,1,TUF297,Scl1,97,14,25,25,35,8/20/2020,25,25,35,0,0,0,1.785714286,0,100
Quincy,30.54,-84.583,2020,103,1,TUF297,Scl1,111,14,10,10,45,9/3/2020,45,30,65,0,0,0,0.714285714,0,100
Quincy,30.54,-84.583,2020,103,1,TUF297,Scl1,129,18,0,0,45,9/21/2020,60,20,85,0,0,0,0,0,100
Quincy,30.54,-84.583,2020,105,1,TUF297,Grn1,58,58,0,0,0,7/12/2020,0,0,0,0,0,0,0,0,40.65934066
Quincy,30.54,-84.583,2020,105,1,TUF297,Grn1,69,11,0,0,0,7/23/2020,0,0,0,0,0,0,0,0,68.13186813
Quincy,30.54,-84.583,2020,105,1,TUF297,Grn1,83,14,0,0,0,8/6/2020,0,0,0,0,0,0,0,0,100
Quincy,30.54,-84.583,2020,105,1,TUF297,Grn1,97,14,10,10,10,8/20/2020,10,10,10,0,0,0,0.714285714,0,100
Quincy,30.54,-84.583,2020,105,1,TUF297,Grn1,111,14,5,5,15,9/3/2020,20,10,20,0,0,0,0.357142857,0,100
Quincy,30.54,-84.583,2020,105,1,TUF297,Grn1,129,18,0,0,15,9/21/2020,25,10,30,0,0,0,0,0,100
Quincy,30.54,-84.583,2020,106,1,TUF297,Grn3,58,58,0,0,0,7/12/2020,0,0,0,0,0,0,0,0,43.40659341
Quincy,30.54,-84.583,2020,106,1,TUF297,Grn3,69,11,5,5,5,7/23/2020,5,5,5,0,0,0,0.454545455,0,71.97802198
Quincy,30.54,-84.583,2020,106,1,TUF297,Grn3,83,14,0,0,5,8/6/2020,0,0,5,0,0,0,0,0,100
Quincy,30.54,-84.583,2020,106,1,TUF297,Grn3,97,14,5,0,5,8/20/2020,5,0,5,0,0,0,0,0,100
Quincy,30.54,-84.583,2020,106,1,TUF297,Grn3,111,14,5,5,10,9/3/2020,5,5,10,0,0,0,0.357142857,0,100
Quincy,30.54,-84.583,2020,106,1,TUF297,Grn3,129,18,0,0,10,9/21/2020,10,5,15,0,0,0,0,0,100
Quincy,30.54,-84.583,2020,108,1,TUF297,Control,58,58,0,0,0,7/12/2020,0,0,0,0,0,0,0,0,62.08791209
Quincy,30.54,-84.583,2020,108,1,TUF297,Control,69,11,0,0,0,7/23/2020,0,0,0,0,0,0,0,0,73.07692308
Quincy,30.54,-84.583,2020,108,1,TUF297,Control,83,14,0,0,0,8/6/2020,0,0,0,0,0,0,0,0,100
Quincy,30.54,-84.583,2020,108,1,TUF297,Control,97,14,0,0,0,8/20/2020,0,0,0,0,0,0,0,0,100
Quincy,30.54,-84.583,2020,108,1,TUF297,Control,111,14,5,5,5,9/3/2020,15,15,15,0,0,0,0.357142857,0,100
Quincy,30.54,-84.583,2020,108,1,TUF297,Control,129,18,0,0,5,9/21/2020,0,0,15,0,0,0,0,0,100
Quincy,30.54,-84.583,2020,110,1,TUF297,Grn control,58,58,0,0,0,7/12/2020,0,0,0,0,0,0,0,0,72.52747253
Quincy,30.54,-84.583,2020,110,1,TUF297,Grn control,69,11,0,0,0,7/23/2020,0,0,0,0,0,0,0,0,100
Quincy,30.54,-84.583,2020,110,1,TUF297,Grn control,83,14,0,0,0,8/6/2020,0,0,0,0,0,0,0,0,100
Quincy,30.54,-84.583,2020,110,1,TUF297,Grn control,97,14,0,0,0,8/20/2020,0,0,0,0,0,0,0,0,100
Quincy,30.54,-84.583,2020,110,1,TUF297,Grn control,111,14,0,0,0,9/3/2020,0,0,0,0,0,0,0,0,100
Quincy,30.54,-84.583,2020,110,1,TUF297,Grn control,129,18,0,0,0,9/21/2020,0,0,0,0,0,0,0,0,100
Quincy,30.54,-84.583,2020,111,1,TUF297,Grn2,58,58,0,0,0,7/12/2020,0,0,0,0,0,5,0,0,70.32967033
Quincy,30.54,-84.583,2020,111,1,TUF297,Grn2,69,11,5,5,5,7/23/2020,5,5,5,0,0,0,0.454545455,0,100
Quincy,30.54,-84.583,2020,111,1,TUF297,Grn2,83,14,5,5,10,8/6/2020,5,5,10,0,0,0,0.357142857,0,100
Quincy,30.54,-84.583,2020,111,1,TUF297,Grn2,97,14,5,0,10,8/20/2020,5,0,10,0,0,0,0,0,100
Quincy,30.54,-84.583,2020,111,1,TUF297,Grn2,111,14,5,5,15,9/3/2020,5,5,15,0,0,0,0.357142857,0,100
Quincy,30.54,-84.583,2020,111,1,TUF297,Grn2,129,18,0,0,15,9/21/2020,0,0,15,0,0,0,0,0,100
Quincy,30.54,-84.583,2020,114,1,GA06G,Scl3,58,58,0,0,0,7/12/2020,0,0,0,0,0,0,0,0,36.26373626
Quincy,30.54,-84.583,2020,114,1,GA06G,Scl3,69,11,0,0,0,7/23/2020,0,0,0,0,0,0,0,0,61.53846154
Quincy,30.54,-84.583,2020,114,1,GA06G,Scl3,83,14,0,0,0,8/6/2020,0,0,0,0,0,0,0,0,82.96703297
Quincy,30.54,-84.583,2020,114,1,GA06G,Scl3,97,14,5,5,5,8/20/2020,5,5,5,0,0,0,0.357142857,0,100
Quincy,30.54,-84.583,2020,114,1,GA06G,Scl3,111,14,0,0,5,9/3/2020,0,0,5,0,0,0,0,0,100
Quincy,30.54,-84.583,2020,114,1,GA06G,Scl3,129,18,0,0,5,9/21/2020,0,0,5,0,0,0,0,0,100
Quincy,30.54,-84.583,2020,115,1,GA06G,Grn1,58,58,0,0,0,7/12/2020,0,0,0,0,0,0,0,0,35.71428571
Quincy,30.54,-84.583,2020,115,1,GA06G,Grn1,69,11,0,0,0,7/23/2020,0,0,0,0,0,0,0,0,54.3956044
Quincy,30.54,-84.583,2020,115,1,GA06G,Grn1,83,14,10,10,10,8/6/2020,10,10,10,0,0,0,0.714285714,0,79.67032967
Quincy,30.54,-84.583,2020,115,1,GA06G,Grn1,97,14,25,15,25,8/20/2020,25,15,25,0,0,0,1.071428571,0,100
Quincy,30.54,-84.583,2020,115,1,GA06G,Grn1,111,14,0,0,25,9/3/2020,25,10,35,0,0,0,0,0,100
Quincy,30.54,-84.583,2020,115,1,GA06G,Grn1,129,18,0,0,25,9/21/2020,35,10,45,0,0,0,0,0,100
Quincy,30.54,-84.583,2020,116,1,GA06G,Scl1,58,58,0,0,0,7/12/2020,0,0,0,0,0,0,0,0,51.64835165
Quincy,30.54,-84.583,2020,116,1,GA06G,Scl1,69,11,0,0,0,7/23/2020,0,0,0,0,0,0,0,0,65.93406593
Quincy,30.54,-84.583,2020,116,1,GA06G,Scl1,83,14,5,5,5,8/6/2020,5,5,5,0,0,0,0.357142857,0,84.06593407
Quincy,30.54,-84.583,2020,116,1,GA06G,Scl1,97,14,40,40,45,8/20/2020,40,40,45,0,0,0,2.857142857,0,100
Quincy,30.54,-84.583,2020,116,1,GA06G,Scl1,111,14,5,5,50,9/3/2020,40,25,70,20,20,20,0.357142857,1.428571429,100
Quincy,30.54,-84.583,2020,116,1,GA06G,Scl1,129,18,0,0,50,9/21/2020,55,0,70,0,0,0,0,0,100
Quincy,30.54,-84.583,2020,117,1,GA06G,Grn control,58,58,0,0,0,7/12/2020,0,0,0,5,5,5,0,0.086206897,72.52747253
Quincy,30.54,-84.583,2020,117,1,GA06G,Grn control,69,11,0,0,0,7/23/2020,0,0,0,10,10,10,0,0.909090909,91.75824176
Quincy,30.54,-84.583,2020,117,1,GA06G,Grn control,83,14,0,0,0,8/6/2020,0,0,0,0,0,0,0,0,100
Quincy,30.54,-84.583,2020,117,1,GA06G,Grn control,97,14,0,0,0,8/20/2020,0,0,0,20,20,20,0,1.428571429,100
Quincy,30.54,-84.583,2020,117,1,GA06G,Grn control,111,14,5,5,5,9/3/2020,5,5,5,5,5,5,0.357142857,0.357142857,100
Quincy,30.54,-84.583,2020,117,1,GA06G,Grn control,129,18,0,0,5,9/21/2020,5,5,10,0,0,0,0,0,100
Quincy,30.54,-84.583,2020,119,1,GA06G,Grn2,58,58,0,0,0,7/12/2020,0,0,0,0,0,0,0,0,55.49450549
Quincy,30.54,-84.583,2020,119,1,GA06G,Grn2,69,11,5,5,5,7/23/2020,5,5,5,0,0,0,0.454545455,0,67.58241758
Quincy,30.54,-84.583,2020,119,1,GA06G,Grn2,83,14,0,0,5,8/6/2020,0,0,5,0,0,0,0,0,89.01098901
Quincy,30.54,-84.583,2020,119,1,GA06G,Grn2,97,14,25,25,30,8/20/2020,25,25,30,0,0,0,1.785714286,0,100
Quincy,30.54,-84.583,2020,119,1,GA06G,Grn2,111,14,10,0,30,9/3/2020,25,15,45,0,0,0,0,0,100
Quincy,30.54,-84.583,2020,119,1,GA06G,Grn2,129,18,0,0,30,9/21/2020,30,5,50,0,0,0,0,0,100
Quincy,30.54,-84.583,2020,120,1,GA06G,Scl2,58,58,0,0,0,7/12/2020,0,0,0,0,0,0,0,0,45.6043956
Quincy,30.54,-84.583,2020,120,1,GA06G,Scl2,69,11,5,5,5,7/23/2020,5,5,5,0,0,0,0.454545455,0,73.62637363
Quincy,30.54,-84.583,2020,120,1,GA06G,Scl2,83,14,0,0,5,8/6/2020,0,0,5,0,0,0,0,0,92.30769231
Quincy,30.54,-84.583,2020,120,1,GA06G,Scl2,97,14,30,25,30,8/20/2020,30,25,30,0,0,0,1.785714286,0,100
Quincy,30.54,-84.583,2020,120,1,GA06G,Scl2,111,14,5,5,35,9/3/2020,70,45,75,0,0,0,0.357142857,0,100
Quincy,30.54,-84.583,2020,120,1,GA06G,Scl2,129,18,0,0,35,9/21/2020,70,10,85,0,0,0,0,0,100
Quincy,30.54,-84.583,2020,121,1,GA06G,Grn3,58,58,0,0,0,7/12/2020,0,0,0,0,0,0,0,0,42.85714286
Quincy,30.54,-84.583,2020,121,1,GA06G,Grn3,69,11,0,0,0,7/23/2020,0,0,0,5,5,5,0,0.454545455,62.08791209
Quincy,30.54,-84.583,2020,121,1,GA06G,Grn3,83,14,0,0,0,8/6/2020,0,0,0,0,0,0,0,0,84.06593407
Quincy,30.54,-84.583,2020,121,1,GA06G,Grn3,97,14,5,5,5,8/20/2020,5,5,5,0,0,0,0.357142857,0,100
Quincy,30.54,-84.583,2020,121,1,GA06G,Grn3,111,14,0,0,5,9/3/2020,5,5,10,10,10,10,0,0.714285714,100
Quincy,30.54,-84.583,2020,121,1,GA06G,Grn3,129,18,0,0,5,9/21/2020,0,0,10,0,0,0,0,0,100
Quincy,30.54,-84.583,2020,122,1,GA06G,Control,58,58,0,0,0,7/12/2020,0,0,0,15,15,15,0,0.25862069,47.25274725
Quincy,30.54,-84.583,2020,122,1,GA06G,Control,69,11,0,0,0,7/23/2020,0,0,0,10,10,10,0,0.909090909,69.23076923
Quincy,30.54,-84.583,2020,122,1,GA06G,Control,83,14,0,0,0,8/6/2020,0,0,0,0,0,0,0,0,90.65934066
Quincy,30.54,-84.583,2020,122,1,GA06G,Control,97,14,5,5,5,8/20/2020,5,5,5,10,10,10,0.357142857,0.714285714,100
Quincy,30.54,-84.583,2020,122,1,GA06G,Control,111,14,0,0,5,9/3/2020,0,0,5,5,5,5,0,0.357142857,100
Quincy,30.54,-84.583,2020,122,1,GA06G,Control,129,18,0,0,5,9/21/2020,0,0,5,10,10,10,0,0.555555556,100
Quincy,30.54,-84.583,2020,202,2,GA06G,Grn control,58,58,0,0,0,7/12/2020,0,0,0,0,0,0,0,0,46.7032967
Quincy,30.54,-84.583,2020,202,2,GA06G,Grn control,69,11,0,0,0,7/23/2020,0,0,0,0,0,0,0,0,68.68131868
Quincy,30.54,-84.583,2020,202,2,GA06G,Grn control,83,14,5,5,5,8/6/2020,5,5,5,0,0,0,0.357142857,0,86.81318681
Quincy,30.54,-84.583,2020,202,2,GA06G,Grn control,97,14,0,0,5,8/20/2020,0,0,5,0,0,0,0,0,100
Quincy,30.54,-84.583,2020,202,2,GA06G,Grn control,111,14,0,0,5,9/3/2020,5,5,10,0,0,0,0,0,100
Quincy,30.54,-84.583,2020,202,2,GA06G,Grn control,129,18,0,0,5,9/21/2020,0,0,10,0,0,0,0,0,100
Quincy,30.54,-84.583,2020,203,2,GA06G,Scl1,58,58,5,5,5,7/12/2020,5,5,5,0,0,0,0.086206897,0,60.98901099
Quincy,30.54,-84.583,2020,203,2,GA06G,Scl1,69,11,5,5,10,7/23/2020,5,5,10,0,0,0,0.454545455,0,79.67032967
Quincy,30.54,-84.583,2020,203,2,GA06G,Scl1,83,14,25,25,35,8/6/2020,25,25,35,25,25,25,1.785714286,1.785714286,98.9010989
Quincy,30.54,-84.583,2020,203,2,GA06G,Scl1,97,14,65,45,80,8/20/2020,65,45,80,5,5,5,3.214285714,0.357142857,100
Quincy,30.54,-84.583,2020,203,2,GA06G,Scl1,111,14,5,5,85,9/3/2020,95,20,100,0,0,5,0.357142857,0,100
Quincy,30.54,-84.583,2020,203,2,GA06G,Scl1,129,18,0,0,85,9/21/2020,80,0,100,0,0,0,0,0,100
Quincy,30.54,-84.583,2020,204,2,GA06G,Control,58,58,0,0,0,7/12/2020,0,0,0,15,15,15,0,0.25862069,60.98901099
Quincy,30.54,-84.583,2020,204,2,GA06G,Control,69,11,0,0,0,7/23/2020,0,0,0,20,20,20,0,1.818181818,75.27472527
Quincy,30.54,-84.583,2020,204,2,GA06G,Control,83,14,0,0,0,8/6/2020,0,0,0,5,5,5,0,0.357142857,96.7032967
Quincy,30.54,-84.583,2020,204,2,GA06G,Control,97,14,0,0,0,8/20/2020,0,0,0,0,0,0,0,0,100
Quincy,30.54,-84.583,2020,204,2,GA06G,Control,111,14,0,0,0,9/3/2020,0,0,0,10,10,10,0,0.714285714,100
Quincy,30.54,-84.583,2020,204,2,GA06G,Control,129,18,0,0,0,9/21/2020,0,0,0,0,0,0,0,0,100
Quincy,30.54,-84.583,2020,205,2,GA06G,Scl2,58,58,0,0,0,7/12/2020,0,0,0,20,20,20,0,0.344827586,56.04395604
Quincy,30.54,-84.583,2020,205,2,GA06G,Scl2,69,11,5,5,5,7/23/2020,5,5,5,5,5,5,0.454545455,0.454545455,82.96703297
Quincy,30.54,-84.583,2020,205,2,GA06G,Scl2,83,14,10,10,15,8/6/2020,10,10,15,5,5,5,0.714285714,0.357142857,100
Quincy,30.54,-84.583,2020,205,2,GA06G,Scl2,97,14,50,45,60,8/20/2020,50,45,60,25,25,25,3.214285714,1.785714286,100
Quincy,30.54,-84.583,2020,205,2,GA06G,Scl2,111,14,5,5,65,9/3/2020,35,15,75,0,0,0,0.357142857,0,100
Quincy,30.54,-84.583,2020,205,2,GA06G,Scl2,129,18,0,0,65,9/21/2020,30,0,75,0,0,0,0,0,100
Quincy,30.54,-84.583,2020,206,2,GA06G,Grn3,58,58,0,0,0,7/12/2020,0,0,0,0,0,0,0,0,61.53846154
Quincy,30.54,-84.583,2020,206,2,GA06G,Grn3,69,11,5,5,5,7/23/2020,5,5,5,5,5,5,0.454545455,0.454545455,81.31868132
Quincy,30.54,-84.583,2020,206,2,GA06G,Grn3,83,14,0,0,5,8/6/2020,0,0,5,0,0,0,0,0,91.75824176
Quincy,30.54,-84.583,2020,206,2,GA06G,Grn3,97,14,0,0,5,8/20/2020,0,0,5,0,0,0,0,0,100
Quincy,30.54,-84.583,2020,206,2,GA06G,Grn3,111,14,0,0,5,9/3/2020,0,0,5,0,0,0,0,0,100
Quincy,30.54,-84.583,2020,206,2,GA06G,Grn3,129,18,0,0,5,9/21/2020,10,10,15,0,0,0,0,0,100
Quincy,30.54,-84.583,2020,207,2,GA06G,Grn2,58,58,0,0,0,7/12/2020,0,0,0,0,0,0,0,0,50.54945055
Quincy,30.54,-84.583,2020,207,2,GA06G,Grn2,69,11,0,0,0,7/23/2020,0,0,0,0,0,0,0,0,65.93406593
Quincy,30.54,-84.583,2020,207,2,GA06G,Grn2,83,14,5,5,5,8/6/2020,5,5,5,35,20,40,0.357142857,1.428571429,88.46153846
Quincy,30.54,-84.583,2020,207,2,GA06G,Grn2,97,14,5,5,10,8/20/2020,5,5,10,0,0,0,0.357142857,0,100
Quincy,30.54,-84.583,2020,207,2,GA06G,Grn2,111,14,5,0,10,9/3/2020,15,5,15,0,0,5,0,0,100
Quincy,30.54,-84.583,2020,207,2,GA06G,Grn2,129,18,0,0,10,9/21/2020,25,20,35,0,0,10,0,0,100
Quincy,30.54,-84.583,2020,209,2,GA06G,Scl3,58,58,0,0,0,7/12/2020,0,0,0,15,15,15,0,0.25862069,48.9010989
Quincy,30.54,-84.583,2020,209,2,GA06G,Scl3,69,11,5,5,5,7/23/2020,5,5,5,45,35,55,0.454545455,3.181818182,76.37362637
Quincy,30.54,-84.583,2020,209,2,GA06G,Scl3,83,14,0,0,5,8/6/2020,0,0,5,20,20,25,0,1.428571429,90.10989011
Quincy,30.54,-84.583,2020,209,2,GA06G,Scl3,97,14,5,5,10,8/20/2020,5,5,10,0,0,0,0.357142857,0,100
Quincy,30.54,-84.583,2020,209,2,GA06G,Scl3,111,14,0,0,10,9/3/2020,0,0,10,0,0,0,0,0,100
Quincy,30.54,-84.583,2020,209,2,GA06G,Scl3,129,18,0,0,10,9/21/2020,10,10,20,0,0,0,0,0,100
Quincy,30.54,-84.583,2020,211,2,GA06G,Grn1,58,58,0,0,0,7/12/2020,0,0,0,0,0,0,0,0,68.68131868
Quincy,30.54,-84.583,2020,211,2,GA06G,Grn1,69,11,5,5,5,7/23/2020,5,5,5,0,0,0,0.454545455,0,79.12087912
Quincy,30.54,-84.583,2020,211,2,GA06G,Grn1,83,14,35,30,35,8/6/2020,35,30,35,0,0,0,2.142857143,0,100
Quincy,30.54,-84.583,2020,211,2,GA06G,Grn1,97,14,60,30,65,8/20/2020,60,30,65,0,0,0,2.142857143,0,100
Quincy,30.54,-84.583,2020,211,2,GA06G,Grn1,111,14,0,0,65,9/3/2020,55,10,75,0,0,0,0,0,100
Quincy,30.54,-84.583,2020,211,2,GA06G,Grn1,129,18,0,0,65,9/21/2020,65,5,80,0,0,0,0,0,100
Quincy,30.54,-84.583,2020,213,2,TUF297,Scl3,58,58,0,0,0,7/12/2020,0,0,0,0,0,0,0,0,71.42857143
Quincy,30.54,-84.583,2020,213,2,TUF297,Scl3,69,11,0,0,0,7/23/2020,0,0,0,0,0,0,0,0,100
Quincy,30.54,-84.583,2020,213,2,TUF297,Scl3,83,14,0,0,0,8/6/2020,0,0,0,0,0,0,0,0,100
Quincy,30.54,-84.583,2020,213,2,TUF297,Scl3,97,14,0,0,0,8/20/2020,0,0,0,0,0,0,0,0,100
Quincy,30.54,-84.583,2020,213,2,TUF297,Scl3,111,14,0,0,0,9/3/2020,0,0,0,5,5,5,0,0.357142857,100
Quincy,30.54,-84.583,2020,213,2,TUF297,Scl3,129,18,0,0,0,9/21/2020,0,0,0,0,0,5,0,0,100
Quincy,30.54,-84.583,2020,214,2,TUF297,Control,58,58,0,0,0,7/12/2020,0,0,0,0,0,0,0,0,74.17582418
Quincy,30.54,-84.583,2020,214,2,TUF297,Control,69,11,0,0,0,7/23/2020,0,0,0,0,0,0,0,0,97.25274725
Quincy,30.54,-84.583,2020,214,2,TUF297,Control,83,14,0,0,0,8/6/2020,0,0,0,10,10,20,0,0.714285714,100
Quincy,30.54,-84.583,2020,214,2,TUF297,Control,97,14,0,0,0,8/20/2020,0,0,0,0,0,0,0,0,100
Quincy,30.54,-84.583,2020,214,2,TUF297,Control,111,14,0,0,0,9/3/2020,0,0,0,50,40,55,0,2.857142857,100
Quincy,30.54,-84.583,2020,214,2,TUF297,Control,129,18,0,0,0,9/21/2020,0,0,0,20,10,20,0,0.555555556,100
Quincy,30.54,-84.583,2020,215,2,TUF297,Scl1,58,58,0,0,0,7/12/2020,0,0,0,0,0,0,0,0,65.38461538
Quincy,30.54,-84.583,2020,215,2,TUF297,Scl1,69,11,25,25,25,7/23/2020,25,25,25,15,10,20,2.272727273,0.909090909,87.91208791
Quincy,30.54,-84.583,2020,215,2,TUF297,Scl1,83,14,0,0,25,8/6/2020,0,0,25,0,0,5,0,0,100
Quincy,30.54,-84.583,2020,215,2,TUF297,Scl1,97,14,40,20,45,8/20/2020,40,20,45,5,0,10,1.428571429,0,100
Quincy,30.54,-84.583,2020,215,2,TUF297,Scl1,111,14,5,5,50,9/3/2020,40,20,65,0,0,0,0.357142857,0,100
Quincy,30.54,-84.583,2020,215,2,TUF297,Scl1,129,18,0,0,50,9/21/2020,35,5,70,0,0,0,0,0,100
Quincy,30.54,-84.583,2020,217,2,TUF297,Grn1,58,58,0,0,0,7/12/2020,0,0,0,0,0,0,0,0,67.58241758
Quincy,30.54,-84.583,2020,217,2,TUF297,Grn1,69,11,0,0,0,7/23/2020,0,0,0,0,0,0,0,0,94.50549451
Quincy,30.54,-84.583,2020,217,2,TUF297,Grn1,83,14,5,5,5,8/6/2020,5,5,5,0,0,0,0.357142857,0,100
Quincy,30.54,-84.583,2020,217,2,TUF297,Grn1,97,14,5,0,5,8/20/2020,5,0,5,0,0,0,0,0,100
Quincy,30.54,-84.583,2020,217,2,TUF297,Grn1,111,14,0,0,5,9/3/2020,0,0,5,0,0,0,0,0,100
Quincy,30.54,-84.583,2020,217,2,TUF297,Grn1,129,18,0,0,5,9/21/2020,0,0,5,0,0,0,0,0,100
Quincy,30.54,-84.583,2020,218,2,TUF297,Grn control,58,58,0,0,0,7/12/2020,0,0,0,35,15,40,0,0.25862069,54.3956044
Quincy,30.54,-84.583,2020,218,2,TUF297,Grn control,69,11,0,0,0,7/23/2020,0,0,0,25,20,25,0,1.818181818,75.27472527
Quincy,30.54,-84.583,2020,218,2,TUF297,Grn control,83,14,0,0,0,8/6/2020,0,0,0,0,0,5,0,0,100
Quincy,30.54,-84.583,2020,218,2,TUF297,Grn control,97,14,0,0,0,8/20/2020,0,0,0,0,0,0,0,0,100
Quincy,30.54,-84.583,2020,218,2,TUF297,Grn control,111,14,0,0,0,9/3/2020,0,0,0,20,10,25,0,0.714285714,100
Quincy,30.54,-84.583,2020,218,2,TUF297,Grn control,129,18,0,0,0,9/21/2020,0,0,0,20,5,25,0,0.277777778,100
Quincy,30.54,-84.583,2020,219,2,TUF297,Grn2,58,58,0,0,0,7/12/2020,0,0,0,0,0,5,0,0,81.86813187
Quincy,30.54,-84.583,2020,219,2,TUF297,Grn2,69,11,0,0,0,7/23/2020,0,0,0,0,0,0,0,0,100
Quincy,30.54,-84.583,2020,219,2,TUF297,Grn2,83,14,5,5,5,8/6/2020,5,5,5,5,0,10,0.357142857,0,100
Quincy,30.54,-84.583,2020,219,2,TUF297,Grn2,97,14,5,0,5,8/20/2020,5,0,5,0,0,0,0,0,100
Quincy,30.54,-84.583,2020,219,2,TUF297,Grn2,111,14,0,0,5,9/3/2020,25,20,25,35,20,40,0,1.428571429,100
Quincy,30.54,-84.583,2020,219,2,TUF297,Grn2,129,18,0,0,5,9/21/2020,5,0,25,0,0,5,0,0,100
Quincy,30.54,-84.583,2020,220,2,TUF297,Grn3,58,58,0,0,0,7/12/2020,0,0,0,30,25,30,0,0.431034483,71.42857143
Quincy,30.54,-84.583,2020,220,2,TUF297,Grn3,69,11,0,0,0,7/23/2020,0,0,0,15,10,35,0,0.909090909,100
Quincy,30.54,-84.583,2020,220,2,TUF297,Grn3,83,14,15,15,15,8/6/2020,15,15,15,0,0,0,1.071428571,0,100
Quincy,30.54,-84.583,2020,220,2,TUF297,Grn3,97,14,0,0,15,8/20/2020,0,0,15,0,0,0,0,0,100
Quincy,30.54,-84.583,2020,220,2,TUF297,Grn3,111,14,0,0,15,9/3/2020,0,0,15,20,20,20,0,1.428571429,100
Quincy,30.54,-84.583,2020,220,2,TUF297,Grn3,129,18,0,0,15,9/21/2020,0,0,15,0,0,5,0,0,100
Quincy,30.54,-84.583,2020,222,2,TUF297,Scl2,58,58,0,0,0,7/12/2020,0,0,0,0,0,0,0,0,71.97802198
Quincy,30.54,-84.583,2020,222,2,TUF297,Scl2,69,11,0,0,0,7/23/2020,0,0,0,0,0,0,0,0,94.50549451
Quincy,30.54,-84.583,2020,222,2,TUF297,Scl2,83,14,0,0,0,8/6/2020,0,0,0,0,0,0,0,0,100
Quincy,30.54,-84.583,2020,222,2,TUF297,Scl2,97,14,5,5,5,8/20/2020,5,5,5,0,0,0,0.357142857,0,100
Quincy,30.54,-84.583,2020,222,2,TUF297,Scl2,111,14,0,0,5,9/3/2020,0,0,5,0,0,0,0,0,100
Quincy,30.54,-84.583,2020,222,2,TUF297,Scl2,129,18,0,0,5,9/21/2020,0,0,5,0,0,0,0,0,100
Quincy,30.54,-84.583,2020,303,3,GA06G,Control,58,58,0,0,0,7/12/2020,0,0,0,20,0,40,0,0,65.38461538
Quincy,30.54,-84.583,2020,303,3,GA06G,Control,69,11,0,0,0,7/23/2020,0,0,0,0,0,0,0,0,74.17582418
Quincy,30.54,-84.583,2020,303,3,GA06G,Control,83,14,0,0,0,8/6/2020,0,0,0,0,0,5,0,0,93.40659341
Quincy,30.54,-84.583,2020,303,3,GA06G,Control,97,14,5,5,5,8/20/2020,5,5,5,0,0,10,0.357142857,0,100
Quincy,30.54,-84.583,2020,303,3,GA06G,Control,111,14,0,0,5,9/3/2020,0,0,5,10,0,15,0,0,100
Quincy,30.54,-84.583,2020,303,3,GA06G,Control,129,18,0,0,5,9/21/2020,0,0,5,10,0,55,0,0,100
Quincy,30.54,-84.583,2020,304,3,GA06G,Grn control,58,58,0,0,0,7/12/2020,0,0,0,0,0,25,0,0,45.6043956
Quincy,30.54,-84.583,2020,304,3,GA06G,Grn control,69,11,0,0,0,7/23/2020,0,0,0,0,0,0,0,0,73.62637363
Quincy,30.54,-84.583,2020,304,3,GA06G,Grn control,83,14,0,0,0,8/6/2020,0,0,0,0,0,0,0,0,90.65934066
Quincy,30.54,-84.583,2020,304,3,GA06G,Grn control,97,14,0,0,0,8/20/2020,0,0,0,0,0,0,0,0,100
Quincy,30.54,-84.583,2020,304,3,GA06G,Grn control,111,14,5,5,5,9/3/2020,5,5,5,0,0,0,0.357142857,0,100
Quincy,30.54,-84.583,2020,304,3,GA06G,Grn control,129,18,0,0,5,9/21/2020,0,0,5,5,5,5,0,0.277777778,100
Quincy,30.54,-84.583,2020,305,3,GA06G,Scl1,58,58,20,20,20,7/12/2020,20,20,20,0,0,0,0.344827586,0,71.97802198
Quincy,30.54,-84.583,2020,305,3,GA06G,Scl1,69,11,5,5,25,7/23/2020,5,5,25,0,0,0,0.454545455,0,83.51648352
Quincy,30.54,-84.583,2020,305,3,GA06G,Scl1,83,14,15,10,35,8/6/2020,15,10,35,0,0,0,0.714285714,0,100
Quincy,30.54,-84.583,2020,305,3,GA06G,Scl1,97,14,70,40,75,8/20/2020,70,40,75,0,0,0,2.857142857,0,100
Quincy,30.54,-84.583,2020,305,3,GA06G,Scl1,111,14,0,0,75,9/3/2020,75,20,95,0,0,0,0,0,100
Quincy,30.54,-84.583,2020,305,3,GA06G,Scl1,129,18,0,0,75,9/21/2020,65,0,95,0,0,0,0,0,100
Quincy,30.54,-84.583,2020,306,3,GA06G,Grn2,58,58,0,0,0,7/12/2020,0,0,0,0,0,0,0,0,68.13186813
Quincy,30.54,-84.583,2020,306,3,GA06G,Grn2,69,11,0,0,0,7/23/2020,0,0,0,0,0,0,0,0,87.91208791
Quincy,30.54,-84.583,2020,306,3,GA06G,Grn2,83,14,0,0,0,8/6/2020,0,0,0,0,0,5,0,0,98.35164835
Quincy,30.54,-84.583,2020,306,3,GA06G,Grn2,97,14,5,5,5,8/20/2020,5,5,5,0,0,5,0.357142857,0,100
Quincy,30.54,-84.583,2020,306,3,GA06G,Grn2,111,14,5,5,10,9/3/2020,25,25,30,0,0,0,0.357142857,0,100
Quincy,30.54,-84.583,2020,306,3,GA06G,Grn2,129,18,0,0,10,9/21/2020,20,5,35,0,0,0,0,0,100
Quincy,30.54,-84.583,2020,308,3,GA06G,Scl3,58,58,0,0,0,7/12/2020,0,0,0,5,5,25,0,0.086206897,52.74725275
Quincy,30.54,-84.583,2020,308,3,GA06G,Scl3,69,11,5,5,5,7/23/2020,5,5,5,0,0,0,0.454545455,0,78.02197802
Quincy,30.54,-84.583,2020,308,3,GA06G,Scl3,83,14,0,0,5,8/6/2020,0,0,5,10,0,55,0,0,89.01098901
Quincy,30.54,-84.583,2020,308,3,GA06G,Scl3,97,14,20,20,25,8/20/2020,20,20,25,0,0,20,1.428571429,0,100
Quincy,30.54,-84.583,2020,308,3,GA06G,Scl3,111,14,0,0,25,9/3/2020,0,0,25,0,0,0,0,0,100
Quincy,30.54,-84.583,2020,308,3,GA06G,Scl3,129,18,0,0,25,9/21/2020,0,0,25,5,0,20,0,0,100
Quincy,30.54,-84.583,2020,309,3,GA06G,Grn3,58,58,0,0,0,7/12/2020,0,0,0,0,0,5,0,0,64.28571429
Quincy,30.54,-84.583,2020,309,3,GA06G,Grn3,69,11,0,0,0,7/23/2020,0,0,0,5,0,10,0,0,83.51648352
Quincy,30.54,-84.583,2020,309,3,GA06G,Grn3,83,14,0,0,0,8/6/2020,0,0,0,0,0,0,0,0,100
Quincy,30.54,-84.583,2020,309,3,GA06G,Grn3,97,14,0,0,0,8/20/2020,0,0,0,0,0,0,0,0,100
Quincy,30.54,-84.583,2020,309,3,GA06G,Grn3,111,14,0,0,0,9/3/2020,0,0,0,0,0,0,0,0,100
Quincy,30.54,-84.583,2020,309,3,GA06G,Grn3,129,18,0,0,0,9/21/2020,0,0,0,0,0,0,0,0,100
Quincy,30.54,-84.583,2020,310,3,GA06G,Grn1,58,58,0,0,0,7/12/2020,0,0,0,0,0,0,0,0,62.08791209
Quincy,30.54,-84.583,2020,310,3,GA06G,Grn1,69,11,0,0,0,7/23/2020,0,0,0,0,0,0,0,0,83.51648352
Quincy,30.54,-84.583,2020,310,3,GA06G,Grn1,83,14,5,5,5,8/6/2020,5,5,5,0,0,0,0.357142857,0,97.8021978
Quincy,30.54,-84.583,2020,310,3,GA06G,Grn1,97,14,20,20,25,8/20/2020,20,20,25,0,0,0,1.428571429,0,100
Quincy,30.54,-84.583,2020,310,3,GA06G,Grn1,111,14,0,0,25,9/3/2020,30,10,35,10,0,40,0,0,100
Quincy,30.54,-84.583,2020,310,3,GA06G,Grn1,129,18,0,0,25,9/21/2020,35,5,40,15,5,30,0,0.277777778,100
Quincy,30.54,-84.583,2020,311,3,GA06G,Scl2,58,58,0,0,0,7/12/2020,0,0,0,0,0,5,0,0,62.08791209
Quincy,30.54,-84.583,2020,311,3,GA06G,Scl2,69,11,5,5,5,7/23/2020,5,5,5,0,0,0,0.454545455,0,73.62637363
Quincy,30.54,-84.583,2020,311,3,GA06G,Scl2,83,14,10,5,10,8/6/2020,10,5,10,0,0,25,0.357142857,0,91.75824176
Quincy,30.54,-84.583,2020,311,3,GA06G,Scl2,97,14,55,45,55,8/20/2020,55,45,55,0,0,25,3.214285714,0,100
Quincy,30.54,-84.583,2020,311,3,GA06G,Scl2,111,14,0,0,55,9/3/2020,45,10,65,0,0,5,0,0,100
Quincy,30.54,-84.583,2020,311,3,GA06G,Scl2,129,18,0,0,55,9/21/2020,20,0,65,0,0,0,0,0,100
Quincy,30.54,-84.583,2020,312,3,TUF297,Grn control,58,58,0,0,0,7/12/2020,0,0,0,0,0,10,0,0,59.89010989
Quincy,30.54,-84.583,2020,312,3,TUF297,Grn control,69,11,5,5,5,7/23/2020,5,5,5,0,0,0,0.454545455,0,91.20879121
Quincy,30.54,-84.583,2020,312,3,TUF297,Grn control,83,14,0,0,5,8/6/2020,0,0,5,10,0,40,0,0,100
Quincy,30.54,-84.583,2020,312,3,TUF297,Grn control,97,14,5,5,10,8/20/2020,5,5,10,0,0,5,0.357142857,0,100
Quincy,30.54,-84.583,2020,312,3,TUF297,Grn control,111,14,0,0,10,9/3/2020,0,0,10,0,0,30,0,0,100
Quincy,30.54,-84.583,2020,312,3,TUF297,Grn control,129,18,0,0,10,9/21/2020,0,0,10,0,0,35,0,0,100
Quincy,30.54,-84.583,2020,313,3,TUF297,Grn1,58,58,0,0,0,7/12/2020,0,0,0,0,0,0,0,0,71.42857143
Quincy,30.54,-84.583,2020,313,3,TUF297,Grn1,69,11,0,0,0,7/23/2020,0,0,0,0,0,0,0,0,100
Quincy,30.54,-84.583,2020,313,3,TUF297,Grn1,83,14,5,5,5,8/6/2020,5,5,5,0,0,20,0.357142857,0,100
Quincy,30.54,-84.583,2020,313,3,TUF297,Grn1,97,14,25,20,25,8/20/2020,25,20,25,0,0,5,1.428571429,0,100
Quincy,30.54,-84.583,2020,313,3,TUF297,Grn1,111,14,5,5,30,9/3/2020,25,10,35,0,0,0,0.357142857,0,100
Quincy,30.54,-84.583,2020,313,3,TUF297,Grn1,129,18,0,0,30,9/21/2020,20,10,45,0,0,0,0,0,100
Quincy,30.54,-84.583,2020,314,3,TUF297,Control,58,58,0,0,0,7/12/2020,0,0,0,0,0,0,0,0,79.12087912
Quincy,30.54,-84.583,2020,314,3,TUF297,Control,69,11,0,0,0,7/23/2020,0,0,0,0,0,0,0,0,100
Quincy,30.54,-84.583,2020,314,3,TUF297,Control,83,14,0,0,0,8/6/2020,0,0,0,0,0,0,0,0,100
Quincy,30.54,-84.583,2020,314,3,TUF297,Control,97,14,0,0,0,8/20/2020,0,0,0,0,0,0,0,0,100
Quincy,30.54,-84.583,2020,314,3,TUF297,Control,111,14,0,0,0,9/3/2020,0,0,0,65,30,70,0,2.142857143,100
Quincy,30.54,-84.583,2020,314,3,TUF297,Control,129,18,0,0,0,9/21/2020,0,0,0,10,10,10,0,0.555555556,100
Quincy,30.54,-84.583,2020,315,3,TUF297,Grn2,58,58,0,0,0,7/12/2020,0,0,0,20,20,25,0,0.344827586,71.42857143
Quincy,30.54,-84.583,2020,315,3,TUF297,Grn2,69,11,0,0,0,7/23/2020,0,0,0,5,5,15,0,0.454545455,100
Quincy,30.54,-84.583,2020,315,3,TUF297,Grn2,83,14,5,5,5,8/6/2020,5,5,5,15,5,20,0.357142857,0.357142857,100
Quincy,30.54,-84.583,2020,315,3,TUF297,Grn2,97,14,0,0,5,8/20/2020,0,0,5,55,15,70,0,1.071428571,100
Quincy,30.54,-84.583,2020,315,3,TUF297,Grn2,111,14,0,0,5,9/3/2020,0,0,5,25,20,45,0,1.428571429,100
Quincy,30.54,-84.583,2020,315,3,TUF297,Grn2,129,18,0,0,5,9/21/2020,0,0,5,0,0,0,0,0,100
Quincy,30.54,-84.583,2020,317,3,TUF297,Grn3,58,58,0,0,0,7/12/2020,0,0,0,5,5,5,0,0.086206897,64.83516484
Quincy,30.54,-84.583,2020,317,3,TUF297,Grn3,69,11,0,0,0,7/23/2020,0,0,0,0,0,0,0,0,91.20879121
Quincy,30.54,-84.583,2020,317,3,TUF297,Grn3,83,14,0,0,0,8/6/2020,0,0,0,0,0,0,0,0,100
Quincy,30.54,-84.583,2020,317,3,TUF297,Grn3,97,14,0,0,0,8/20/2020,0,0,0,20,20,25,0,1.428571429,100
Quincy,30.54,-84.583,2020,317,3,TUF297,Grn3,111,14,0,0,0,9/3/2020,0,0,0,5,5,5,0,0.357142857,100
Quincy,30.54,-84.583,2020,317,3,TUF297,Grn3,129,18,0,0,0,9/21/2020,15,15,15,0,0,0,0,0,100
Quincy,30.54,-84.583,2020,320,3,TUF297,Scl2,58,58,0,0,0,7/12/2020,0,0,0,0,0,0,0,0,54.3956044
Quincy,30.54,-84.583,2020,320,3,TUF297,Scl2,69,11,0,0,0,7/23/2020,0,0,0,0,0,0,0,0,84.06593407
Quincy,30.54,-84.583,2020,320,3,TUF297,Scl2,83,14,0,0,0,8/6/2020,0,0,0,0,0,0,0,0,100
Quincy,30.54,-84.583,2020,320,3,TUF297,Scl2,97,14,15,15,15,8/20/2020,15,15,15,5,5,5,1.071428571,0.357142857,100
Quincy,30.54,-84.583,2020,320,3,TUF297,Scl2,111,14,0,0,15,9/3/2020,5,0,15,0,0,0,0,0,100
Quincy,30.54,-84.583,2020,320,3,TUF297,Scl2,129,18,0,0,15,9/21/2020,0,0,15,0,0,0,0,0,100
Quincy,30.54,-84.583,2020,321,3,TUF297,Scl1,58,58,0,0,0,7/12/2020,0,0,0,5,5,10,0,0.086206897,79.12087912
Quincy,30.54,-84.583,2020,321,3,TUF297,Scl1,69,11,0,0,0,7/23/2020,0,0,0,0,0,5,0,0,100
Quincy,30.54,-84.583,2020,321,3,TUF297,Scl1,83,14,5,5,5,8/6/2020,5,5,5,5,5,5,0.357142857,0.357142857,100
Quincy,30.54,-84.583,2020,321,3,TUF297,Scl1,97,14,0,0,5,8/20/2020,0,0,5,15,15,15,0,1.071428571,100
Quincy,30.54,-84.583,2020,321,3,TUF297,Scl1,111,14,10,10,15,9/3/2020,15,15,20,5,0,25,0.714285714,0,100
Quincy,30.54,-84.583,2020,321,3,TUF297,Scl1,129,18,0,0,15,9/21/2020,20,15,35,0,0,0,0,0,100
Quincy,30.54,-84.583,2020,322,3,TUF297,Scl3,58,58,0,0,0,7/12/2020,0,0,0,25,0,55,0,0,76.37362637
Quincy,30.54,-84.583,2020,322,3,TUF297,Scl3,69,11,5,5,5,7/23/2020,5,5,5,0,0,20,0.454545455,0,100
Quincy,30.54,-84.583,2020,322,3,TUF297,Scl3,83,14,0,0,5,8/6/2020,0,0,5,0,0,0,0,0,100
Quincy,30.54,-84.583,2020,322,3,TUF297,Scl3,97,14,0,0,5,8/20/2020,0,0,5,15,10,30,0,0.714285714,100
Quincy,30.54,-84.583,2020,322,3,TUF297,Scl3,111,14,0,0,5,9/3/2020,0,0,5,5,5,10,0,0.357142857,100
Quincy,30.54,-84.583,2020,322,3,TUF297,Scl3,129,18,0,0,5,9/21/2020,0,0,5,5,0,10,0,0,100
Quincy,30.54,-84.583,2020,402,4,TUF297,Grn1,58,58,0,0,0,7/12/2020,0,0,0,0,0,0,0,0,67.58241758
Quincy,30.54,-84.583,2020,402,4,TUF297,Grn1,69,11,0,0,0,7/23/2020,0,0,0,5,5,5,0,0.454545455,91.75824176
Quincy,30.54,-84.583,2020,402,4,TUF297,Grn1,83,14,5,5,5,8/6/2020,5,5,5,0,0,0,0.357142857,0,100
Quincy,30.54,-84.583,2020,402,4,TUF297,Grn1,97,14,20,15,20,8/20/2020,20,15,20,0,0,0,1.071428571,0,100
Quincy,30.54,-84.583,2020,402,4,TUF297,Grn1,111,14,0,0,20,9/3/2020,30,15,35,0,0,0,0,0,100
Quincy,30.54,-84.583,2020,402,4,TUF297,Grn1,129,18,0,0,20,9/21/2020,30,0,35,0,0,0,0,0,100
Quincy,30.54,-84.583,2020,405,4,TUF297,Scl3,58,58,0,0,0,7/12/2020,0,0,0,0,0,0,0,0,58.24175824
Quincy,30.54,-84.583,2020,405,4,TUF297,Scl3,69,11,0,0,0,7/23/2020,0,0,0,5,5,5,0,0.454545455,100
Quincy,30.54,-84.583,2020,405,4,TUF297,Scl3,83,14,0,0,0,8/6/2020,0,0,0,25,5,45,0,0.357142857,100
Quincy,30.54,-84.583,2020,405,4,TUF297,Scl3,97,14,0,0,0,8/20/2020,0,0,0,10,5,35,0,0.357142857,100
Quincy,30.54,-84.583,2020,405,4,TUF297,Scl3,111,14,0,0,0,9/3/2020,0,0,0,0,0,5,0,0,100
Quincy,30.54,-84.583,2020,405,4,TUF297,Scl3,129,18,0,0,0,9/21/2020,0,0,0,0,0,0,0,0,100
Quincy,30.54,-84.583,2020,406,4,TUF297,Grn control,58,58,0,0,0,7/12/2020,0,0,0,10,0,25,0,0,69.78021978
Quincy,30.54,-84.583,2020,406,4,TUF297,Grn control,69,11,0,0,0,7/23/2020,0,0,0,20,5,30,0,0.454545455,87.36263736
Quincy,30.54,-84.583,2020,406,4,TUF297,Grn control,83,14,5,5,5,8/6/2020,5,5,5,0,0,5,0.357142857,0,100
Quincy,30.54,-84.583,2020,406,4,TUF297,Grn control,97,14,0,0,5,8/20/2020,0,0,5,0,0,0,0,0,100
Quincy,30.54,-84.583,2020,406,4,TUF297,Grn control,111,14,0,0,5,9/3/2020,0,0,5,5,0,10,0,0,100
Quincy,30.54,-84.583,2020,406,4,TUF297,Grn control,129,18,0,0,5,9/21/2020,0,0,5,0,0,0,0,0,100
Quincy,30.54,-84.583,2020,407,4,TUF297,Grn2,58,58,0,0,0,7/12/2020,0,0,0,0,0,40,0,0,71.97802198
Quincy,30.54,-84.583,2020,407,4,TUF297,Grn2,69,11,5,5,5,7/23/2020,5,5,5,0,0,5,0.454545455,0,100
Quincy,30.54,-84.583,2020,407,4,TUF297,Grn2,83,14,0,0,5,8/6/2020,0,0,5,5,0,30,0,0,100
Quincy,30.54,-84.583,2020,407,4,TUF297,Grn2,97,14,15,15,20,8/20/2020,15,15,20,10,5,40,1.071428571,0.357142857,100
Quincy,30.54,-84.583,2020,407,4,TUF297,Grn2,111,14,0,0,20,9/3/2020,10,0,20,0,0,0,0,0,100
Quincy,30.54,-84.583,2020,407,4,TUF297,Grn2,129,18,5,5,25,9/21/2020,35,15,35,5,5,5,0.277777778,0.277777778,100
Quincy,30.54,-84.583,2020,408,4,TUF297,Control,58,58,0,0,0,7/12/2020,0,0,0,5,5,25,0,0.086206897,82.41758242
Quincy,30.54,-84.583,2020,408,4,TUF297,Control,69,11,0,0,0,7/23/2020,0,0,0,0,0,5,0,0,100
Quincy,30.54,-84.583,2020,408,4,TUF297,Control,83,14,0,0,0,8/6/2020,0,0,0,0,0,0,0,0,100
Quincy,30.54,-84.583,2020,408,4,TUF297,Control,97,14,0,0,0,8/20/2020,0,0,0,0,0,0,0,0,100
Quincy,30.54,-84.583,2020,408,4,TUF297,Control,111,14,5,5,5,9/3/2020,20,20,20,0,0,0,0.357142857,0,100
Quincy,30.54,-84.583,2020,408,4,TUF297,Control,129,18,0,0,5,9/21/2020,5,5,25,10,10,10,0,0.555555556,100
Quincy,30.54,-84.583,2020,409,4,TUF297,Scl1,58,58,0,0,0,7/12/2020,0,0,0,0,0,0,0,0,70.87912088
Quincy,30.54,-84.583,2020,409,4,TUF297,Scl1,69,11,10,10,10,7/23/2020,10,10,10,0,0,0,0.909090909,0,100
Quincy,30.54,-84.583,2020,409,4,TUF297,Scl1,83,14,0,0,10,8/6/2020,0,0,10,0,0,0,0,0,100
Quincy,30.54,-84.583,2020,409,4,TUF297,Scl1,97,14,20,20,30,8/20/2020,20,20,30,0,0,0,1.428571429,0,100
Quincy,30.54,-84.583,2020,409,4,TUF297,Scl1,111,14,5,5,35,9/3/2020,40,30,60,0,0,0,0.357142857,0,100
Quincy,30.54,-84.583,2020,409,4,TUF297,Scl1,129,18,0,0,35,9/21/2020,35,5,65,0,0,0,0,0,100
Quincy,30.54,-84.583,2020,410,4,TUF297,Scl2,58,58,0,0,0,7/12/2020,0,0,0,0,0,0,0,0,68.13186813
Quincy,30.54,-84.583,2020,410,4,TUF297,Scl2,69,11,0,0,0,7/23/2020,0,0,0,0,0,0,0,0,100
Quincy,30.54,-84.583,2020,410,4,TUF297,Scl2,83,14,0,0,0,8/6/2020,0,0,0,0,0,0,0,0,100
Quincy,30.54,-84.583,2020,410,4,TUF297,Scl2,97,14,5,5,5,8/20/2020,5,5,5,0,0,0,0.357142857,0,100
Quincy,30.54,-84.583,2020,410,4,TUF297,Scl2,111,14,0,0,5,9/3/2020,0,0,5,0,0,0,0,0,100
Quincy,30.54,-84.583,2020,410,4,TUF297,Scl2,129,18,0,0,5,9/21/2020,0,0,5,0,0,0,0,0,100
Quincy,30.54,-84.583,2020,411,4,TUF297,Grn3,58,58,0,0,0,7/12/2020,0,0,0,0,0,0,0,0,53.84615385
Quincy,30.54,-84.583,2020,411,4,TUF297,Grn3,69,11,0,0,0,7/23/2020,0,0,0,0,0,0,0,0,82.41758242
Quincy,30.54,-84.583,2020,411,4,TUF297,Grn3,83,14,0,0,0,8/6/2020,0,0,0,0,0,0,0,0,100
Quincy,30.54,-84.583,2020,411,4,TUF297,Grn3,97,14,0,0,0,8/20/2020,0,0,0,0,0,0,0,0,100
Quincy,30.54,-84.583,2020,411,4,TUF297,Grn3,111,14,0,0,0,9/3/2020,0,0,0,0,0,0,0,0,100
Quincy,30.54,-84.583,2020,411,4,TUF297,Grn3,129,18,0,0,0,9/21/2020,0,0,0,0,0,0,0,0,100
Quincy,30.54,-84.583,2020,412,4,GA06G,Scl2,58,58,5,5,5,7/12/2020,5,5,5,0,0,0,0.086206897,0,50
Quincy,30.54,-84.583,2020,412,4,GA06G,Scl2,69,11,5,5,10,7/23/2020,5,5,10,0,0,0,0.454545455,0,78.02197802
Quincy,30.54,-84.583,2020,412,4,GA06G,Scl2,83,14,5,5,15,8/6/2020,5,5,15,0,0,0,0.357142857,0,89.01098901
Quincy,30.54,-84.583,2020,412,4,GA06G,Scl2,97,14,40,30,45,8/20/2020,40,30,45,0,0,0,2.142857143,0,100
Quincy,30.54,-84.583,2020,412,4,GA06G,Scl2,111,14,0,0,45,9/3/2020,20,5,50,0,0,0,0,0,100
Quincy,30.54,-84.583,2020,412,4,GA06G,Scl2,129,18,0,0,45,9/21/2020,60,25,75,0,0,0,0,0,100
Quincy,30.54,-84.583,2020,413,4,GA06G,Grn3,58,58,0,0,0,7/12/2020,0,0,0,0,0,0,0,0,42.30769231
Quincy,30.54,-84.583,2020,413,4,GA06G,Grn3,69,11,0,0,0,7/23/2020,0,0,0,0,0,0,0,0,68.68131868
Quincy,30.54,-84.583,2020,413,4,GA06G,Grn3,83,14,0,0,0,8/6/2020,0,0,0,0,0,0,0,0,81.31868132
Quincy,30.54,-84.583,2020,413,4,GA06G,Grn3,97,14,10,10,10,8/20/2020,10,10,10,0,0,0,0.714285714,0,100
Quincy,30.54,-84.583,2020,413,4,GA06G,Grn3,111,14,0,0,10,9/3/2020,0,0,10,0,0,0,0,0,100
Quincy,30.54,-84.583,2020,413,4,GA06G,Grn3,129,18,0,0,10,9/21/2020,0,0,10,0,0,0,0,0,100
Quincy,30.54,-84.583,2020,414,4,GA06G,Grn1,58,58,0,0,0,7/12/2020,0,0,0,0,0,0,0,0,39.56043956
Quincy,30.54,-84.583,2020,414,4,GA06G,Grn1,69,11,5,5,5,7/23/2020,5,5,5,0,0,0,0.454545455,0,65.38461538
Quincy,30.54,-84.583,2020,414,4,GA06G,Grn1,83,14,10,10,15,8/6/2020,10,10,15,0,0,0,0.714285714,0,86.26373626
Quincy,30.54,-84.583,2020,414,4,GA06G,Grn1,97,14,10,10,25,8/20/2020,20,15,30,0,0,0,0.714285714,0,100
Quincy,30.54,-84.583,2020,414,4,GA06G,Grn1,111,14,0,0,25,9/3/2020,45,15,45,0,0,0,0,0,100
Quincy,30.54,-84.583,2020,414,4,GA06G,Grn1,129,18,0,0,25,9/21/2020,45,10,55,0,0,0,0,0,100
Quincy,30.54,-84.583,2020,415,4,GA06G,Grn2,58,58,0,0,0,7/12/2020,0,0,0,0,0,0,0,0,66.48351648
Quincy,30.54,-84.583,2020,415,4,GA06G,Grn2,69,11,0,0,0,7/23/2020,0,0,0,0,0,0,0,0,87.36263736
Quincy,30.54,-84.583,2020,415,4,GA06G,Grn2,83,14,0,0,0,8/6/2020,0,0,0,0,0,0,0,0,89.01098901
Quincy,30.54,-84.583,2020,415,4,GA06G,Grn2,97,14,0,0,0,8/20/2020,0,0,0,0,0,0,0,0,100
Quincy,30.54,-84.583,2020,415,4,GA06G,Grn2,111,14,5,5,5,9/3/2020,5,5,5,0,0,0,0.357142857,0,100
Quincy,30.54,-84.583,2020,415,4,GA06G,Grn2,129,18,0,0,5,9/21/2020,5,0,5,0,0,0,0,0,100
Quincy,30.54,-84.583,2020,416,4,GA06G,Scl1,58,58,0,0,0,7/12/2020,0,0,0,0,0,0,0,0,73.07692308
Quincy,30.54,-84.583,2020,416,4,GA06G,Scl1,69,11,5,5,5,7/23/2020,5,5,5,0,0,0,0.454545455,0,86.81318681
Quincy,30.54,-84.583,2020,416,4,GA06G,Scl1,83,14,0,0,5,8/6/2020,0,0,5,5,5,5,0,0.357142857,100
Quincy,30.54,-84.583,2020,416,4,GA06G,Scl1,97,14,15,15,20,8/20/2020,15,15,20,0,0,0,1.071428571,0,100
Quincy,30.54,-84.583,2020,416,4,GA06G,Scl1,111,14,0,0,20,9/3/2020,15,10,30,0,0,0,0,0,100
Quincy,30.54,-84.583,2020,416,4,GA06G,Scl1,129,18,0,0,20,9/21/2020,30,15,45,0,0,0,0,0,100
Quincy,30.54,-84.583,2020,417,4,GA06G,Control,58,58,0,0,0,7/12/2020,0,0,0,0,0,0,0,0,68.68131868
Quincy,30.54,-84.583,2020,417,4,GA06G,Control,69,11,0,0,0,7/23/2020,0,0,0,0,0,0,0,0,89.56043956
Quincy,30.54,-84.583,2020,417,4,GA06G,Control,83,14,0,0,0,8/6/2020,0,0,0,0,0,0,0,0,100
Quincy,30.54,-84.583,2020,417,4,GA06G,Control,97,14,5,5,5,8/20/2020,5,5,5,0,0,0,0.357142857,0,100
Quincy,30.54,-84.583,2020,417,4,GA06G,Control,111,14,0,0,5,9/3/2020,0,0,5,0,0,0,0,0,100
Quincy,30.54,-84.583,2020,417,4,GA06G,Control,129,18,0,0,5,9/21/2020,0,0,5,0,0,0,0,0,100
Quincy,30.54,-84.583,2020,418,4,GA06G,Scl3,58,58,0,0,0,7/12/2020,0,0,0,0,0,0,0,0,69.78021978
Quincy,30.54,-84.583,2020,418,4,GA06G,Scl3,69,11,0,0,0,7/23/2020,0,0,0,0,0,0,0,0,91.20879121
Quincy,30.54,-84.583,2020,418,4,GA06G,Scl3,83,14,0,0,0,8/6/2020,0,0,0,0,0,0,0,0,100
Quincy,30.54,-84.583,2020,418,4,GA06G,Scl3,97,14,5,5,5,8/20/2020,5,5,5,0,0,0,0.357142857,0,100
Quincy,30.54,-84.583,2020,418,4,GA06G,Scl3,111,14,0,0,5,9/3/2020,0,0,5,0,0,0,0,0,100
Quincy,30.54,-84.583,2020,418,4,GA06G,Scl3,129,18,0,0,5,9/21/2020,0,0,5,0,0,0,0,0,100
Quincy,30.54,-84.583,2020,420,4,GA06G,Grn control,58,58,0,0,0,7/12/2020,0,0,0,0,0,0,0,0,50
Quincy,30.54,-84.583,2020,420,4,GA06G,Grn control,69,11,0,0,0,7/23/2020,0,0,0,0,0,0,0,0,74.72527473
Quincy,30.54,-84.583,2020,420,4,GA06G,Grn control,83,14,0,0,0,8/6/2020,0,0,0,0,0,0,0,0,93.95604396
Quincy,30.54,-84.583,2020,420,4,GA06G,Grn control,97,14,0,0,0,8/20/2020,0,0,0,0,0,0,0,0,100
Quincy,30.54,-84.583,2020,420,4,GA06G,Grn control,111,14,0,0,0,9/3/2020,0,0,0,0,0,0,0,0,100
Quincy,30.54,-84.583,2020,420,4,GA06G,Grn control,129,18,0,0,0,9/21/2020,0,0,0,0,0,0,0,0,100
