datetime,soil_temperature,relative_humidity,precipitation,evapotranspiration,solar_radiation
2020-05-01 00:00:00,62.8,73,0.0,0.02,0.0
2020-05-01 01:00:00,61.3,63,0.0,0.02,0.0
2020-05-01 02:00:00,60.3,76,0.0,0.01,0.0
2020-05-01 03:00:00,59.4,73,0.0,0.01,0.0
2020-05-01 04:00:00,58.8,72,0.0,0.02,0.0
2020-05-01 05:00:00,58.1,76,0.0,0.0,0.0
2020-05-01 06:00:00,57.3,79,0.0,0.0,0.0
2020-05-01 07:00:00,56.7,70,0.0,0.04,69.0
2020-05-01 08:00:00,58.9,58,0.0,0.14,271.0
2020-05-01 09:00:00,62.1,49,0.0,0.29,496.0
2020-05-01 10:00:00,65.6,39,0.0,0.44,701.0
2020-05-01 11:00:00,68.8,32,0.0,0.57,865.0
2020-05-01 12:00:00,71.6,31,0.0,0.65,972.0
2020-05-01 13:00:00,74.0,31,0.0,0.69,1013.0
2020-05-01 14:00:00,75.9,30,0.0,0.68,986.0
2020-05-01 15:00:00,77.1,30,0.0,0.63,893.0
2020-05-01 16:00:00,77.5,30,0.0,0.53,739.0
2020-05-01 17:00:00,77.2,31,0.0,0.4,539.0
2020-05-01 18:00:00,76.1,35,0.0,0.24,322.0
2020-05-01 19:00:00,74.6,54,0.0,0.1,113.0
2020-05-01 20:00:00,71.4,57,0.0,0.04,3.0
2020-05-01 21:00:00,69.0,59,0.0,0.03,0.0
2020-05-01 22:00:00,67.0,59,0.0,0.02,0.0
2020-05-01 23:00:00,65.2,67,0.0,0.02,0.0
2020-05-02 00:00:00,63.9,70,0.0,0.01,0.0
2020-05-02 01:00:00,62.5,78,0.0,0.0,0.0
2020-05-02 02:00:00,61.5,81,0.0,0.0,0.0
2020-05-02 03:00:00,60.4,87,0.0,0.0,0.0
2020-05-02 04:00:00,59.5,89,0.0,0.0,0.0
2020-05-02 05:00:00,58.7,92,0.0,0.0,0.0
2020-05-02 06:00:00,57.9,85,0.0,0.02,0.0
2020-05-02 07:00:00,58.6,82,0.0,0.03,69.0
2020-05-02 08:00:00,61.0,64,0.0,0.14,267.0
2020-05-02 09:00:00,64.6,50,0.0,0.3,488.0
2020-05-02 10:00:00,68.5,39,0.0,0.46,690.0
2020-05-02 11:00:00,72.3,33,0.0,0.58,851.0
2020-05-02 12:00:00,75.7,31,0.0,0.67,957.0
2020-05-02 13:00:00,78.6,29,0.0,0.71,997.0
2020-05-02 14:00:00,80.9,28,0.0,0.69,972.0
2020-05-02 15:00:00,82.4,28,0.0,0.63,879.0
2020-05-02 16:00:00,83.0,28,0.0,0.5,696.0
2020-05-02 17:00:00,82.8,28,0.0,0.35,508.0
2020-05-02 18:00:00,81.6,31,0.0,0.2,304.0
2020-05-02 19:00:00,79.6,40,0.0,0.13,109.0
2020-05-02 20:00:00,76.4,48,0.0,0.07,3.0
2020-05-02 21:00:00,73.9,54,0.0,0.06,0.0
2020-05-02 22:00:00,71.8,60,0.0,0.05,0.0
2020-05-02 23:00:00,70.1,64,0.0,0.03,0.0
2020-05-03 00:00:00,68.6,70,0.0,0.03,0.0
2020-05-03 01:00:00,67.4,75,0.0,0.02,0.0
2020-05-03 02:00:00,66.3,83,0.0,0.0,0.0
2020-05-03 03:00:00,65.2,92,0.0,0.0,0.0
2020-05-03 04:00:00,64.1,95,0.0,0.0,0.0
2020-05-03 05:00:00,63.2,97,0.0,0.0,0.0
2020-05-03 06:00:00,62.5,98,0.0,0.01,0.0
2020-05-03 07:00:00,62.1,91,0.0,0.03,68.0
2020-05-03 08:00:00,64.5,75,0.0,0.15,262.0
2020-05-03 09:00:00,67.8,62,0.0,0.29,456.0
2020-05-03 10:00:00,71.8,46,0.0,0.44,648.0
2020-05-03 11:00:00,75.4,36,0.0,0.53,747.0
2020-05-03 12:00:00,79.0,29,0.0,0.67,904.0
2020-05-03 13:00:00,81.9,27,0.0,0.74,948.0
2020-05-03 14:00:00,83.8,29,0.0,0.71,896.0
2020-05-03 15:00:00,85.1,30,0.0,0.68,851.0
2020-05-03 16:00:00,85.6,30,0.0,0.6,713.0
2020-05-03 17:00:00,84.8,32,0.0,0.48,532.0
2020-05-03 18:00:00,83.1,38,0.0,0.31,314.0
2020-05-03 19:00:00,80.8,49,0.0,0.16,113.0
2020-05-03 20:00:00,78.0,64,0.0,0.07,4.0
2020-05-03 21:00:00,75.6,74,0.0,0.04,0.0
2020-05-03 22:00:00,73.4,82,0.0,0.01,0.0
2020-05-03 23:00:00,71.5,88,0.0,0.0,0.0
2020-05-04 00:00:00,69.9,92,0.0,0.0,0.0
2020-05-04 01:00:00,68.7,94,0.0,0.0,0.0
2020-05-04 02:00:00,67.9,95,0.0,0.0,0.0
2020-05-04 03:00:00,67.2,96,0.0,0.0,0.0
2020-05-04 04:00:00,66.6,96,0.0,0.0,0.0
2020-05-04 05:00:00,65.9,97,0.0,0.0,0.0
2020-05-04 06:00:00,65.3,98,0.0,0.01,0.0
2020-05-04 07:00:00,65.4,94,0.0,0.03,68.0
2020-05-04 08:00:00,67.4,82,0.0,0.15,259.0
2020-05-04 09:00:00,70.4,65,0.0,0.31,475.0
2020-05-04 10:00:00,74.1,49,0.0,0.46,676.0
2020-05-04 11:00:00,78.1,37,0.0,0.6,848.0
2020-05-04 12:00:00,81.8,30,0.0,0.7,952.0
2020-05-04 13:00:00,85.0,26,0.0,0.76,991.0
2020-05-04 14:00:00,87.4,27,0.0,0.76,964.0
2020-05-04 15:00:00,88.9,30,0.0,0.71,873.0
2020-05-04 16:00:00,89.2,36,0.0,0.61,723.0
2020-05-04 17:00:00,88.3,45,0.0,0.46,530.0
2020-05-04 18:00:00,86.5,46,0.0,0.32,315.0
2020-05-04 19:00:00,83.9,48,0.0,0.17,112.0
2020-05-04 20:00:00,81.1,59,0.0,0.08,4.0
2020-05-04 21:00:00,78.5,71,0.0,0.05,0.0
2020-05-04 22:00:00,76.4,83,0.0,0.01,0.0
2020-05-04 23:00:00,74.4,93,0.0,0.0,0.0
2020-05-05 00:00:00,72.9,97,0.0,0.0,0.0
2020-05-05 01:00:00,71.8,98,0.0,0.0,0.0
2020-05-05 02:00:00,71.0,98,0.0,0.0,0.0
2020-05-05 03:00:00,70.0,99,0.0,0.0,0.0
2020-05-05 04:00:00,70.0,98,0.0,0.0,0.0
2020-05-05 05:00:00,70.2,95,0.0,0.0,0.0
2020-05-05 06:00:00,70.3,95,0.0,0.01,0.0
2020-05-05 07:00:00,71.0,93,0.0,0.02,33.0
2020-05-05 08:00:00,71.9,85,0.2,0.07,91.0
2020-05-05 09:00:00,72.7,82,0.3,0.09,104.0
2020-05-05 10:00:00,73.4,80,0.3,0.13,152.0
2020-05-05 11:00:00,75.4,69,0.1,0.29,388.0
2020-05-05 12:00:00,78.8,53,0.0,0.55,716.0
2020-05-05 13:00:00,81.7,47,0.0,0.59,699.0
2020-05-05 14:00:00,84.1,43,0.0,0.63,725.0
2020-05-05 15:00:00,85.7,43,0.0,0.6,684.0
2020-05-05 16:00:00,86.6,45,0.0,0.54,627.0
2020-05-05 17:00:00,86.7,45,0.0,0.46,500.0
2020-05-05 18:00:00,85.7,47,0.0,0.32,309.0
2020-05-05 19:00:00,84.6,43,0.0,0.16,114.0
2020-05-05 20:00:00,82.0,58,0.0,0.09,4.0
2020-05-05 21:00:00,79.8,75,0.0,0.04,0.0
2020-05-05 22:00:00,77.8,82,0.0,0.03,0.0
2020-05-05 23:00:00,76.3,82,0.0,0.03,0.0
2020-05-06 00:00:00,75.0,84,0.0,0.02,0.0
2020-05-06 01:00:00,73.9,87,0.0,0.01,0.0
2020-05-06 02:00:00,72.9,89,0.0,0.0,0.0
2020-05-06 03:00:00,72.2,87,0.0,0.01,0.0
2020-05-06 04:00:00,71.9,79,0.0,0.02,0.0
2020-05-06 05:00:00,71.8,78,0.0,0.03,0.0
2020-05-06 06:00:00,71.9,77,0.0,0.06,0.0
2020-05-06 07:00:00,73.0,71,0.0,0.09,26.0
2020-05-06 08:00:00,73.5,54,0.0,0.18,145.0
2020-05-06 09:00:00,75.1,42,0.0,0.34,423.0
2020-05-06 10:00:00,77.5,32,0.0,0.47,637.0
2020-05-06 11:00:00,80.5,26,0.0,0.59,789.0
2020-05-06 12:00:00,83.5,24,0.0,0.73,962.0
2020-05-06 13:00:00,85.9,21,0.0,0.8,1006.0
2020-05-06 14:00:00,87.7,13,0.0,0.83,978.0
2020-05-06 15:00:00,88.9,9,0.0,0.82,903.0
2020-05-06 16:00:00,89.1,13,0.0,0.73,758.0
2020-05-06 17:00:00,88.3,14,0.0,0.62,556.0
2020-05-06 18:00:00,86.5,16,0.0,0.47,335.0
2020-05-06 19:00:00,84.1,21,0.0,0.26,123.0
2020-05-06 20:00:00,81.2,24,0.0,0.16,5.0
2020-05-06 21:00:00,78.8,26,0.0,0.16,0.0
2020-05-06 22:00:00,76.7,27,0.0,0.16,0.0
2020-05-06 23:00:00,75.0,30,0.0,0.18,0.0
2020-05-07 00:00:00,73.3,37,0.0,0.15,0.0
2020-05-07 01:00:00,71.5,45,0.0,0.11,0.0
2020-05-07 02:00:00,69.7,47,0.0,0.09,0.0
2020-05-07 03:00:00,68.0,50,0.0,0.08,0.0
2020-05-07 04:00:00,66.5,54,0.0,0.06,0.0
2020-05-07 05:00:00,65.1,55,0.0,0.05,0.0
2020-05-07 06:00:00,63.9,56,0.0,0.07,0.0
2020-05-07 07:00:00,62.9,51,0.0,0.08,81.0
2020-05-07 08:00:00,64.1,45,0.0,0.18,286.0
2020-05-07 09:00:00,66.4,37,0.0,0.31,511.0
2020-05-07 10:00:00,69.4,31,0.0,0.43,716.0
2020-05-07 11:00:00,72.5,26,0.0,0.55,879.0
2020-05-07 12:00:00,75.7,22,0.0,0.63,987.0
2020-05-07 13:00:00,78.5,19,0.0,0.68,1030.0
2020-05-07 14:00:00,80.7,18,0.0,0.68,1004.0
2020-05-07 15:00:00,82.1,16,0.0,0.63,913.0
2020-05-07 16:00:00,82.9,15,0.0,0.54,763.0
2020-05-07 17:00:00,82.6,15,0.0,0.42,568.0
2020-05-07 18:00:00,81.2,15,0.0,0.26,345.0
2020-05-07 19:00:00,79.4,22,0.0,0.09,128.0
2020-05-07 20:00:00,75.7,28,0.0,0.07,5.0
2020-05-07 21:00:00,72.6,30,0.0,0.07,0.0
2020-05-07 22:00:00,70.2,32,0.0,0.05,0.0
2020-05-07 23:00:00,68.1,37,0.0,0.05,0.0
2020-05-08 00:00:00,66.6,41,0.0,0.06,0.0
2020-05-08 01:00:00,65.4,38,0.0,0.06,0.0
2020-05-08 02:00:00,64.4,39,0.0,0.07,0.0
2020-05-08 03:00:00,63.2,49,0.0,0.03,0.0
2020-05-08 04:00:00,62.2,58,0.0,0.02,0.0
2020-05-08 05:00:00,61.3,68,0.0,0.01,0.0
2020-05-08 06:00:00,60.7,71,0.0,0.04,0.0
2020-05-08 07:00:00,55.8,65,0.0,0.07,79.0
2020-05-08 08:00:00,59.6,52,0.0,0.19,273.0
2020-05-08 09:00:00,64.1,37,0.0,0.37,490.0
2020-05-08 10:00:00,68.5,34,0.0,0.5,686.0
2020-05-08 11:00:00,72.4,31,0.0,0.61,837.0
2020-05-08 12:00:00,75.8,31,0.0,0.66,884.0
2020-05-08 13:00:00,77.0,30,0.0,0.48,504.0
2020-05-08 14:00:00,78.4,32,0.0,0.55,628.0
2020-05-08 15:00:00,79.2,40,0.0,0.49,565.0
2020-05-08 16:00:00,79.9,42,0.0,0.5,611.0
2020-05-08 17:00:00,79.4,45,0.0,0.38,400.0
2020-05-08 18:00:00,78.1,54,0.0,0.25,163.0
2020-05-08 19:00:00,76.7,56,0.0,0.16,68.0
2020-05-08 20:00:00,75.4,62,0.0,0.09,4.0
2020-05-08 21:00:00,74.3,67,0.0,0.07,0.0
2020-05-08 22:00:00,73.4,73,0.1,0.05,0.0
2020-05-08 23:00:00,72.5,79,0.3,0.03,0.0
2020-05-09 00:00:00,71.5,83,0.2,0.02,0.0
2020-05-09 01:00:00,70.7,86,0.3,0.01,0.0
2020-05-09 02:00:00,69.4,87,0.6,0.01,0.0
2020-05-09 03:00:00,68.2,82,0.0,0.02,0.0
2020-05-09 04:00:00,67.1,80,0.0,0.03,0.0
2020-05-09 05:00:00,66.3,75,0.0,0.04,0.0
2020-05-09 06:00:00,65.5,67,0.0,0.08,0.0
2020-05-09 07:00:00,66.3,47,0.0,0.13,65.0
2020-05-09 08:00:00,65.8,42,0.0,0.2,236.0
2020-05-09 09:00:00,66.7,36,0.0,0.3,448.0
2020-05-09 10:00:00,68.4,29,0.0,0.43,671.0
2020-05-09 11:00:00,70.8,23,0.0,0.55,846.0
2020-05-09 12:00:00,73.1,19,0.0,0.6,877.0
2020-05-09 13:00:00,75.8,16,0.0,0.71,1027.0
2020-05-09 14:00:00,78.1,15,0.0,0.71,1006.0
2020-05-09 15:00:00,79.4,15,0.0,0.63,856.0
2020-05-09 16:00:00,79.7,16,0.0,0.5,621.0
2020-05-09 17:00:00,79.0,16,0.0,0.37,387.0
2020-05-09 18:00:00,77.5,17,0.0,0.25,184.0
2020-05-09 19:00:00,74.7,29,0.0,0.14,62.0
2020-05-09 20:00:00,72.5,33,0.0,0.11,3.0
2020-05-09 21:00:00,70.6,36,0.0,0.07,0.0
2020-05-09 22:00:00,69.1,38,0.0,0.07,0.0
2020-05-09 23:00:00,67.8,41,0.0,0.07,0.0
2020-05-10 00:00:00,66.7,44,0.0,0.05,0.0
2020-05-10 01:00:00,65.7,45,0.0,0.06,0.0
2020-05-10 02:00:00,64.6,47,0.0,0.05,0.0
2020-05-10 03:00:00,63.7,48,0.0,0.06,0.0
2020-05-10 04:00:00,63.2,47,0.0,0.06,0.0
2020-05-10 05:00:00,63.0,48,0.1,0.06,0.0
2020-05-10 06:00:00,62.4,50,0.0,0.08,0.0
2020-05-10 07:00:00,64.3,49,0.0,0.09,49.0
2020-05-10 08:00:00,64.9,49,0.0,0.15,174.0
2020-05-10 09:00:00,66.5,47,0.0,0.24,319.0
2020-05-10 10:00:00,69.1,44,0.0,0.37,543.0
2020-05-10 11:00:00,72.1,42,0.0,0.49,711.0
2020-05-10 12:00:00,75.8,40,0.0,0.63,928.0
2020-05-10 13:00:00,79.1,37,0.0,0.67,965.0
2020-05-10 14:00:00,81.6,34,0.0,0.67,944.0
2020-05-10 15:00:00,83.3,32,0.0,0.61,849.0
2020-05-10 16:00:00,84.0,31,0.0,0.52,709.0
2020-05-10 17:00:00,83.8,31,0.0,0.4,529.0
2020-05-10 18:00:00,82.5,32,0.0,0.27,323.0
2020-05-10 19:00:00,80.1,45,0.0,0.11,125.0
2020-05-10 20:00:00,76.6,49,0.0,0.04,6.0
2020-05-10 21:00:00,74.0,50,0.0,0.06,0.0
2020-05-10 22:00:00,71.9,54,0.0,0.04,0.0
2020-05-10 23:00:00,70.0,63,0.0,0.04,0.0
2020-05-11 00:00:00,68.3,62,0.0,0.04,0.0
2020-05-11 01:00:00,67.1,57,0.0,0.03,0.0
2020-05-11 02:00:00,65.8,53,0.0,0.03,0.0
2020-05-11 03:00:00,64.8,46,0.0,0.05,0.0
2020-05-11 04:00:00,63.7,46,0.0,0.04,0.0
2020-05-11 05:00:00,62.6,48,0.0,0.04,0.0
2020-05-11 06:00:00,61.7,48,0.0,0.04,1.0
2020-05-11 07:00:00,60.0,43,0.0,0.09,85.0
2020-05-11 08:00:00,62.8,36,0.0,0.2,286.0
2020-05-11 09:00:00,66.5,29,0.0,0.36,507.0
2020-05-11 10:00:00,70.4,26,0.0,0.52,706.0
2020-05-11 11:00:00,74.3,24,0.0,0.64,860.0
2020-05-11 12:00:00,77.9,21,0.0,0.72,961.0
2020-05-11 13:00:00,80.9,21,0.0,0.77,1002.0
2020-05-11 14:00:00,83.1,21,0.0,0.77,975.0
2020-05-11 15:00:00,84.5,19,0.0,0.73,886.0
2020-05-11 16:00:00,84.9,18,0.0,0.65,744.0
2020-05-11 17:00:00,84.5,18,0.0,0.53,555.0
2020-05-11 18:00:00,83.1,18,0.0,0.39,340.0
2020-05-11 19:00:00,80.9,27,0.0,0.18,130.0
2020-05-11 20:00:00,77.7,28,0.0,0.13,7.0
2020-05-11 21:00:00,75.0,28,0.0,0.11,0.0
2020-05-11 22:00:00,72.6,32,0.0,0.08,0.0
2020-05-11 23:00:00,70.4,36,0.0,0.08,0.0
2020-05-12 00:00:00,68.5,39,0.0,0.05,0.0
2020-05-12 01:00:00,66.9,39,0.0,0.07,0.0
2020-05-12 02:00:00,65.6,38,0.0,0.08,0.0
2020-05-12 03:00:00,64.4,38,0.0,0.07,0.0
2020-05-12 04:00:00,63.3,38,0.0,0.06,0.0
2020-05-12 05:00:00,62.4,40,0.0,0.07,0.0
2020-05-12 06:00:00,61.7,40,0.0,0.07,1.0
2020-05-12 07:00:00,60.7,39,0.0,0.12,76.0
2020-05-12 08:00:00,62.8,33,0.0,0.23,281.0
2020-05-12 09:00:00,65.8,27,0.0,0.37,506.0
2020-05-12 10:00:00,69.3,23,0.0,0.5,706.0
2020-05-12 11:00:00,72.9,21,0.0,0.61,863.0
2020-05-12 12:00:00,76.4,19,0.0,0.7,964.0
2020-05-12 13:00:00,79.5,18,0.0,0.74,1002.0
2020-05-12 14:00:00,82.0,17,0.0,0.73,975.0
2020-05-12 15:00:00,83.8,16,0.0,0.67,887.0
2020-05-12 16:00:00,84.7,16,0.0,0.57,743.0
2020-05-12 17:00:00,84.7,16,0.0,0.44,553.0
2020-05-12 18:00:00,83.6,16,0.0,0.3,337.0
2020-05-12 19:00:00,81.2,23,0.0,0.15,129.0
2020-05-12 20:00:00,78.0,28,0.0,0.1,7.0
2020-05-12 21:00:00,75.5,31,0.0,0.13,0.0
2020-05-12 22:00:00,73.6,33,0.0,0.09,0.0
2020-05-12 23:00:00,71.6,41,0.0,0.06,0.0
2020-05-13 00:00:00,69.8,47,0.0,0.05,0.0
2020-05-13 01:00:00,68.3,52,0.0,0.04,0.0
2020-05-13 02:00:00,67.1,51,0.0,0.05,0.0
2020-05-13 03:00:00,66.1,54,0.0,0.04,0.0
2020-05-13 04:00:00,65.3,65,0.0,0.03,0.0
2020-05-13 05:00:00,64.7,74,0.0,0.02,0.0
2020-05-13 06:00:00,64.2,77,0.0,0.02,1.0
2020-05-13 07:00:00,63.1,73,0.0,0.06,84.0
2020-05-13 08:00:00,65.7,62,0.0,0.18,278.0
2020-05-13 09:00:00,69.2,51,0.0,0.33,489.0
2020-05-13 10:00:00,72.7,43,0.0,0.43,568.0
2020-05-13 11:00:00,76.2,35,0.0,0.54,685.0
2020-05-13 12:00:00,80.0,29,0.0,0.68,848.0
2020-05-13 13:00:00,83.2,27,0.0,0.76,944.0
2020-05-13 14:00:00,85.7,25,0.0,0.74,903.0
2020-05-13 15:00:00,87.5,23,0.0,0.69,833.0
2020-05-13 16:00:00,88.4,22,0.0,0.63,723.0
2020-05-13 17:00:00,88.3,22,0.0,0.5,536.0
2020-05-13 18:00:00,87.0,23,0.0,0.36,324.0
2020-05-13 19:00:00,84.6,30,0.0,0.17,128.0
2020-05-13 20:00:00,81.5,35,0.0,0.11,7.0
2020-05-13 21:00:00,78.9,41,0.0,0.07,0.0
2020-05-13 22:00:00,76.6,47,0.0,0.04,0.0
2020-05-13 23:00:00,75.4,48,0.0,0.1,0.0
2020-05-14 00:00:00,74.6,58,0.0,0.1,0.0
2020-05-14 01:00:00,73.8,62,0.0,0.09,0.0
2020-05-14 02:00:00,73.0,67,0.0,0.07,0.0
2020-05-14 03:00:00,72.1,74,0.0,0.04,0.0
2020-05-14 04:00:00,71.2,79,0.0,0.03,0.0
2020-05-14 05:00:00,70.4,85,0.0,0.02,0.0
2020-05-14 06:00:00,69.6,87,0.0,0.02,1.0
2020-05-14 07:00:00,70.0,79,0.0,0.07,84.0
2020-05-14 08:00:00,71.4,68,0.0,0.2,279.0
2020-05-14 09:00:00,73.9,57,0.0,0.35,491.0
2020-05-14 10:00:00,76.8,46,0.0,0.51,680.0
2020-05-14 11:00:00,80.0,41,0.0,0.62,832.0
2020-05-14 12:00:00,83.0,36,0.0,0.69,892.0
2020-05-14 13:00:00,85.9,32,0.0,0.76,957.0
2020-05-14 14:00:00,88.1,29,0.0,0.74,907.0
2020-05-14 15:00:00,89.4,28,0.0,0.69,812.0
2020-05-14 16:00:00,90.0,27,0.0,0.59,673.0
2020-05-14 17:00:00,89.8,27,0.0,0.48,518.0
2020-05-14 18:00:00,88.5,27,0.0,0.31,284.0
2020-05-14 19:00:00,85.4,34,0.0,0.11,109.0
2020-05-14 20:00:00,82.7,39,0.0,0.14,7.0
2020-05-14 21:00:00,81.1,44,0.0,0.15,0.0
2020-05-14 22:00:00,79.8,45,0.0,0.16,0.0
2020-05-14 23:00:00,78.5,51,0.0,0.12,0.0
2020-05-15 00:00:00,77.1,55,0.0,0.09,0.0
2020-05-15 01:00:00,75.7,59,0.0,0.07,0.0
2020-05-15 02:00:00,74.5,63,0.0,0.06,0.0
2020-05-15 03:00:00,73.4,67,0.0,0.05,0.0
2020-05-15 04:00:00,72.3,71,0.0,0.04,0.0
2020-05-15 05:00:00,71.4,75,0.0,0.03,0.0
2020-05-15 06:00:00,70.7,78,0.0,0.03,1.0
2020-05-15 07:00:00,69.8,73,0.0,0.06,74.0
2020-05-15 08:00:00,71.8,66,0.0,0.19,279.0
2020-05-15 09:00:00,74.6,58,0.0,0.34,487.0
2020-05-15 10:00:00,77.9,48,0.0,0.49,676.0
2020-05-15 11:00:00,81.5,40,0.0,0.63,840.0
2020-05-15 12:00:00,84.9,35,0.0,0.72,931.0
2020-05-15 13:00:00,87.9,31,0.0,0.72,923.0
2020-05-15 14:00:00,89.6,28,0.0,0.59,727.0
2020-05-15 15:00:00,90.4,27,0.0,0.5,584.0
2020-05-15 16:00:00,90.9,25,0.0,0.45,510.0
2020-05-15 17:00:00,90.6,24,0.0,0.38,387.0
2020-05-15 18:00:00,89.6,25,0.0,0.26,232.0
2020-05-15 19:00:00,88.1,37,0.0,0.09,86.0
2020-05-15 20:00:00,85.9,36,0.0,0.14,4.0
2020-05-15 21:00:00,84.1,44,0.0,0.1,0.0
2020-05-15 22:00:00,82.1,47,0.0,0.01,0.0
2020-05-15 23:00:00,79.9,54,0.0,0.01,0.0
2020-05-16 00:00:00,78.2,61,0.0,0.02,0.0
2020-05-16 01:00:00,76.8,62,0.0,0.06,0.0
2020-05-16 02:00:00,75.9,65,0.0,0.06,0.0
2020-05-16 03:00:00,75.1,70,0.0,0.03,0.0
2020-05-16 04:00:00,74.1,78,0.0,0.01,0.0
2020-05-16 05:00:00,73.1,82,0.0,0.01,0.0
2020-05-16 06:00:00,72.4,84,0.0,0.02,1.0
2020-05-16 07:00:00,72.8,78,0.0,0.07,85.0
2020-05-16 08:00:00,74.4,65,0.0,0.2,277.0
2020-05-16 09:00:00,77.2,51,0.0,0.36,488.0
2020-05-16 10:00:00,80.5,40,0.0,0.52,681.0
2020-05-16 11:00:00,84.1,35,0.0,0.65,831.0
2020-05-16 12:00:00,87.4,31,0.0,0.74,935.0
2020-05-16 13:00:00,90.4,28,0.0,0.79,979.0
2020-05-16 14:00:00,92.7,25,0.0,0.79,964.0
2020-05-16 15:00:00,94.3,23,0.0,0.72,873.0
2020-05-16 16:00:00,95.1,22,0.0,0.59,730.0
2020-05-16 17:00:00,95.0,21,0.0,0.41,548.0
2020-05-16 18:00:00,93.8,22,0.0,0.34,327.0
2020-05-16 19:00:00,90.8,33,0.0,0.11,131.0
2020-05-16 20:00:00,87.5,37,0.0,0.07,8.0
2020-05-16 21:00:00,84.9,36,0.0,0.03,0.0
2020-05-16 22:00:00,83.0,43,0.0,0.04,0.0
2020-05-16 23:00:00,81.3,52,0.0,0.08,0.0
2020-05-17 00:00:00,80.1,64,0.0,0.05,0.0
2020-05-17 01:00:00,78.8,68,0.0,0.03,0.0
2020-05-17 02:00:00,77.9,71,0.0,0.04,0.0
2020-05-17 03:00:00,77.2,75,0.0,0.03,0.0
2020-05-17 04:00:00,76.6,79,0.0,0.02,0.0
2020-05-17 05:00:00,75.8,83,0.0,0.01,0.0
2020-05-17 06:00:00,75.1,86,0.0,0.01,2.0
2020-05-17 07:00:00,75.4,80,0.0,0.07,83.0
2020-05-17 08:00:00,76.9,68,0.0,0.2,256.0
2020-05-17 09:00:00,79.6,56,0.0,0.36,462.0
2020-05-17 10:00:00,82.9,46,0.0,0.51,641.0
2020-05-17 11:00:00,86.3,39,0.0,0.61,753.0
2020-05-17 12:00:00,89.4,36,0.1,0.68,831.0
2020-05-17 13:00:00,91.9,38,0.2,0.69,807.0
2020-05-17 14:00:00,90.7,45,0.8,0.54,637.0
2020-05-17 15:00:00,90.7,48,0.0,0.5,577.0
2020-05-17 16:00:00,90.2,43,0.0,0.4,396.0
2020-05-17 17:00:00,89.5,46,0.0,0.33,299.0
2020-05-17 18:00:00,88.5,55,0.0,0.27,263.0
2020-05-17 19:00:00,83.2,66,0.0,0.12,96.0
2020-05-17 20:00:00,81.7,73,0.0,0.04,7.0
2020-05-17 21:00:00,80.2,80,0.0,0.02,0.0
2020-05-17 22:00:00,78.9,87,0.0,0.0,0.0
2020-05-17 23:00:00,77.9,91,0.0,0.0,0.0
2020-05-18 00:00:00,77.1,94,0.0,0.0,0.0
2020-05-18 01:00:00,76.5,96,0.0,0.0,0.0
2020-05-18 02:00:00,75.9,97,0.1,0.0,0.0
2020-05-18 03:00:00,75.5,96,0.5,0.0,0.0
2020-05-18 04:00:00,74.5,96,4.2,0.0,0.0
2020-05-18 05:00:00,73.7,97,0.2,0.0,0.0
2020-05-18 06:00:00,73.0,99,0.3,0.01,0.0
2020-05-18 07:00:00,74.6,90,0.2,0.04,34.0
2020-05-18 08:00:00,75.2,82,0.2,0.13,161.0
2020-05-18 09:00:00,75.9,75,0.2,0.2,242.0
2020-05-18 10:00:00,77.7,67,0.1,0.33,419.0
2020-05-18 11:00:00,79.2,62,0.0,0.34,377.0
2020-05-18 12:00:00,81.3,49,0.0,0.51,571.0
2020-05-18 13:00:00,82.5,44,0.0,0.48,466.0
2020-05-18 14:00:00,83.1,52,0.1,0.44,466.0
2020-05-18 15:00:00,83.5,57,0.4,0.45,543.0
2020-05-18 16:00:00,83.8,54,0.1,0.44,525.0
2020-05-18 17:00:00,83.8,52,0.0,0.39,437.0
2020-05-18 18:00:00,83.1,49,0.0,0.3,264.0
2020-05-18 19:00:00,79.5,53,0.0,0.17,95.0
2020-05-18 20:00:00,78.4,66,0.0,0.08,7.0
2020-05-18 21:00:00,77.4,73,0.0,0.05,0.0
2020-05-18 22:00:00,76.4,80,0.6,0.03,0.0
2020-05-18 23:00:00,74.6,96,1.7,0.0,0.0
2020-05-19 00:00:00,73.2,94,0.4,0.0,0.0
2020-05-19 01:00:00,72.3,95,0.1,0.0,0.0
2020-05-19 02:00:00,71.7,98,0.3,0.0,0.0
2020-05-19 03:00:00,71.3,98,0.1,0.0,0.0
2020-05-19 04:00:00,70.9,97,0.0,0.0,0.0
2020-05-19 05:00:00,70.3,96,0.0,0.0,0.0
2020-05-19 06:00:00,69.6,95,0.0,0.0,2.0
2020-05-19 07:00:00,74.5,80,0.0,0.06,90.0
2020-05-19 08:00:00,75.3,59,0.0,0.2,283.0
2020-05-19 09:00:00,77.3,46,0.0,0.35,488.0
2020-05-19 10:00:00,80.0,37,0.0,0.51,695.0
2020-05-19 11:00:00,82.9,32,0.0,0.64,855.0
2020-05-19 12:00:00,85.6,29,0.0,0.72,952.0
2020-05-19 13:00:00,87.9,29,0.0,0.78,996.0
2020-05-19 14:00:00,89.3,25,0.0,0.76,895.0
2020-05-19 15:00:00,89.9,23,0.0,0.67,729.0
2020-05-19 16:00:00,90.1,24,0.0,0.65,678.0
2020-05-19 17:00:00,89.3,36,0.0,0.44,413.0
2020-05-19 18:00:00,88.0,39,0.0,0.38,336.0
2020-05-19 19:00:00,85.3,49,0.0,0.2,132.0
2020-05-19 20:00:00,82.9,55,0.0,0.1,9.0
2020-05-19 21:00:00,81.0,61,0.0,0.08,0.0
2020-05-19 22:00:00,79.5,65,0.0,0.05,0.0
2020-05-19 23:00:00,78.3,71,0.0,0.04,0.0
2020-05-20 00:00:00,77.5,75,0.0,0.04,0.0
2020-05-20 01:00:00,76.6,82,0.4,0.02,0.0
2020-05-20 02:00:00,75.9,86,0.2,0.01,0.0
2020-05-20 03:00:00,75.1,87,0.1,0.01,0.0
2020-05-20 04:00:00,74.6,85,0.0,0.02,0.0
2020-05-20 05:00:00,74.1,86,0.1,0.01,0.0
2020-05-20 06:00:00,73.8,90,0.1,0.02,1.0
2020-05-20 07:00:00,74.6,97,0.0,0.03,41.0
2020-05-20 08:00:00,73.7,91,1.7,0.05,43.0
2020-05-20 09:00:00,73.3,87,4.3,0.15,231.0
2020-05-20 10:00:00,73.9,91,5.0,0.21,330.0
2020-05-20 11:00:00,74.6,88,2.5,0.23,366.0
2020-05-20 12:00:00,76.4,72,0.1,0.42,618.0
2020-05-20 13:00:00,77.2,73,1.5,0.39,574.0
2020-05-20 14:00:00,77.5,66,0.3,0.35,455.0
2020-05-20 15:00:00,78.3,66,0.0,0.35,460.0
2020-05-20 16:00:00,78.8,67,0.0,0.33,442.0
2020-05-20 17:00:00,79.5,61,0.0,0.38,506.0
2020-05-20 18:00:00,79.4,59,0.0,0.25,300.0
2020-05-20 19:00:00,80.5,81,0.0,0.08,113.0
2020-05-20 20:00:00,78.6,86,0.1,0.03,7.0
2020-05-20 21:00:00,76.9,86,0.3,0.01,0.0
2020-05-20 22:00:00,75.5,92,0.0,0.0,0.0
2020-05-20 23:00:00,74.2,97,0.0,0.0,0.0
2020-05-21 00:00:00,73.4,97,0.0,0.0,0.0
2020-05-21 01:00:00,72.7,99,0.0,0.0,0.0
2020-05-21 02:00:00,72.3,96,0.0,0.0,0.0
2020-05-21 03:00:00,72.1,93,0.0,0.0,0.0
2020-05-21 04:00:00,72.0,93,0.0,0.0,0.0
2020-05-21 05:00:00,71.8,94,0.0,0.0,0.0
2020-05-21 06:00:00,71.5,91,0.0,0.01,1.0
2020-05-21 07:00:00,71.4,83,0.1,0.04,23.0
2020-05-21 08:00:00,71.8,82,0.2,0.09,123.0
2020-05-21 09:00:00,73.3,79,0.1,0.19,275.0
2020-05-21 10:00:00,75.0,78,0.8,0.3,438.0
2020-05-21 11:00:00,75.5,84,1.5,0.22,310.0
2020-05-21 12:00:00,74.8,93,5.3,0.18,282.0
2020-05-21 13:00:00,74.7,91,1.8,0.24,360.0
2020-05-21 14:00:00,76.6,78,0.0,0.44,622.0
2020-05-21 15:00:00,78.6,65,0.0,0.42,569.0
2020-05-21 16:00:00,80.2,57,0.0,0.41,527.0
2020-05-21 17:00:00,81.1,51,0.0,0.34,417.0
2020-05-21 18:00:00,81.3,49,0.0,0.27,307.0
2020-05-21 19:00:00,82.3,57,0.0,0.1,111.0
2020-05-21 20:00:00,80.2,64,0.0,0.05,10.0
2020-05-21 21:00:00,78.3,77,0.0,0.02,0.0
2020-05-21 22:00:00,76.6,72,0.0,0.0,0.0
2020-05-21 23:00:00,75.2,86,0.0,0.0,0.0
2020-05-22 00:00:00,74.1,86,0.0,0.0,0.0
2020-05-22 01:00:00,73.3,88,0.0,0.0,0.0
2020-05-22 02:00:00,72.7,90,0.0,0.0,0.0
2020-05-22 03:00:00,72.1,93,0.0,0.0,0.0
2020-05-22 04:00:00,71.4,93,0.0,0.0,0.0
2020-05-22 05:00:00,70.9,93,0.0,0.0,0.0
2020-05-22 06:00:00,70.6,95,0.0,0.0,2.0
2020-05-22 07:00:00,72.4,86,0.0,0.05,84.0
2020-05-22 08:00:00,74.5,79,0.0,0.17,264.0
2020-05-22 09:00:00,77.0,67,0.0,0.31,418.0
2020-05-22 10:00:00,79.6,60,0.2,0.42,552.0
2020-05-22 11:00:00,82.0,58,0.2,0.53,691.0
2020-05-22 12:00:00,84.3,58,0.2,0.58,757.0
2020-05-22 13:00:00,86.2,58,0.2,0.61,796.0
2020-05-22 14:00:00,86.0,61,1.4,0.52,698.0
2020-05-22 15:00:00,85.7,53,0.4,0.44,513.0
2020-05-22 16:00:00,86.0,53,0.1,0.48,588.0
2020-05-22 17:00:00,85.8,53,0.0,0.36,412.0
2020-05-22 18:00:00,85.3,55,0.0,0.24,275.0
2020-05-22 19:00:00,84.5,63,0.0,0.11,123.0
2020-05-22 20:00:00,82.5,71,0.0,0.03,9.0
2020-05-22 21:00:00,80.7,72,0.0,0.0,0.0
2020-05-22 22:00:00,78.4,94,2.2,0.0,0.0
2020-05-22 23:00:00,76.4,98,0.0,0.0,0.0
2020-05-23 00:00:00,75.1,99,0.0,0.0,0.0
2020-05-23 01:00:00,74.2,100,0.0,0.0,0.0
2020-05-23 02:00:00,73.4,100,0.0,0.0,0.0
2020-05-23 03:00:00,72.9,100,0.0,0.0,0.0
2020-05-23 04:00:00,72.6,100,0.0,0.0,0.0
2020-05-23 05:00:00,72.3,99,0.0,0.0,0.0
2020-05-23 06:00:00,72.1,99,0.0,0.0,2.0
2020-05-23 07:00:00,71.4,92,0.0,0.04,71.0
2020-05-23 08:00:00,72.8,81,0.0,0.17,281.0
2020-05-23 09:00:00,75.3,73,0.0,0.32,484.0
2020-05-23 10:00:00,78.6,64,0.0,0.47,662.0
2020-05-23 11:00:00,82.1,55,0.0,0.6,820.0
2020-05-23 12:00:00,85.4,48,0.0,0.68,912.0
2020-05-23 13:00:00,87.9,45,0.0,0.69,901.0
2020-05-23 14:00:00,89.5,42,0.0,0.64,798.0
2020-05-23 15:00:00,89.8,42,0.3,0.48,607.0
2020-05-23 16:00:00,89.5,46,0.0,0.4,469.0
2020-05-23 17:00:00,88.0,63,0.2,0.28,344.0
2020-05-23 18:00:00,86.8,60,0.0,0.2,256.0
2020-05-23 19:00:00,84.3,65,0.0,0.09,105.0
2020-05-23 20:00:00,82.1,75,0.0,0.02,10.0
2020-05-23 21:00:00,80.3,75,0.0,0.01,0.0
2020-05-23 22:00:00,78.9,79,0.0,0.01,0.0
2020-05-23 23:00:00,77.6,86,0.0,0.0,0.0
2020-05-24 00:00:00,76.6,87,0.0,0.0,0.0
2020-05-24 01:00:00,75.7,90,0.0,0.0,0.0
2020-05-24 02:00:00,74.9,92,0.0,0.0,0.0
2020-05-24 03:00:00,74.4,91,0.0,0.0,0.0
2020-05-24 04:00:00,74.0,90,0.0,0.0,0.0
2020-05-24 05:00:00,73.6,91,0.0,0.0,0.0
2020-05-24 06:00:00,73.2,91,0.0,0.01,2.0
2020-05-24 07:00:00,73.7,79,0.0,0.06,58.0
2020-05-24 08:00:00,74.5,72,0.0,0.13,135.0
2020-05-24 09:00:00,76.5,62,0.0,0.28,348.0
2020-05-24 10:00:00,79.2,54,0.0,0.44,550.0
2020-05-24 11:00:00,82.0,49,0.0,0.56,698.0
2020-05-24 12:00:00,84.7,44,0.0,0.65,786.0
2020-05-24 13:00:00,86.8,41,0.0,0.65,772.0
2020-05-24 14:00:00,88.8,39,0.0,0.72,856.0
2020-05-24 15:00:00,89.9,38,0.0,0.64,738.0
2020-05-24 16:00:00,90.1,40,0.0,0.53,583.0
2020-05-24 17:00:00,89.1,47,0.0,0.35,314.0
2020-05-24 18:00:00,87.4,63,0.0,0.17,170.0
2020-05-24 19:00:00,84.7,61,0.0,0.12,107.0
2020-05-24 20:00:00,82.9,70,0.0,0.04,8.0
2020-05-24 21:00:00,81.3,68,0.0,0.03,0.0
2020-05-24 22:00:00,80.1,66,0.0,0.05,0.0
2020-05-24 23:00:00,79.1,69,0.0,0.05,0.0
2020-05-25 00:00:00,78.3,70,0.0,0.05,0.0
2020-05-25 01:00:00,77.7,73,0.0,0.05,0.0
2020-05-25 02:00:00,77.2,77,0.0,0.03,0.0
2020-05-25 03:00:00,76.5,81,0.0,0.02,0.0
2020-05-25 04:00:00,75.7,85,0.0,0.01,0.0
2020-05-25 05:00:00,74.9,89,0.0,0.0,0.0
2020-05-25 06:00:00,74.3,90,0.0,0.02,2.0
2020-05-25 07:00:00,75.1,79,0.0,0.08,92.0
2020-05-25 08:00:00,76.6,73,0.0,0.21,279.0
2020-05-25 09:00:00,78.7,61,0.0,0.37,486.0
2020-05-25 10:00:00,81.1,52,0.0,0.51,640.0
2020-05-25 11:00:00,83.6,43,0.0,0.63,759.0
2020-05-25 12:00:00,86.1,38,0.0,0.74,902.0
2020-05-25 13:00:00,87.8,32,0.0,0.73,812.0
2020-05-25 14:00:00,89.4,31,0.0,0.78,901.0
2020-05-25 15:00:00,90.0,38,0.0,0.67,775.0
2020-05-25 16:00:00,89.5,48,0.0,0.5,569.0
2020-05-25 17:00:00,88.2,55,0.1,0.36,381.0
2020-05-25 18:00:00,85.8,68,0.2,0.16,112.0
2020-05-25 19:00:00,82.9,76,0.0,0.09,56.0
2020-05-25 20:00:00,80.1,77,0.5,0.07,4.0
2020-05-25 21:00:00,78.2,76,0.2,0.05,0.0
2020-05-25 22:00:00,76.8,78,0.3,0.04,0.0
2020-05-25 23:00:00,75.8,80,0.0,0.03,0.0
2020-05-26 00:00:00,75.1,84,0.0,0.02,0.0
2020-05-26 01:00:00,74.7,83,0.0,0.03,0.0
2020-05-26 02:00:00,74.4,80,0.0,0.03,0.0
2020-05-26 03:00:00,74.2,81,0.1,0.03,0.0
2020-05-26 04:00:00,73.7,82,0.5,0.03,0.0
2020-05-26 05:00:00,73.0,77,0.1,0.04,0.0
2020-05-26 06:00:00,72.7,74,0.0,0.07,1.0
2020-05-26 07:00:00,77.9,75,0.0,0.08,41.0
2020-05-26 08:00:00,78.2,71,0.0,0.19,211.0
2020-05-26 09:00:00,79.2,67,0.1,0.28,355.0
2020-05-26 10:00:00,79.9,65,0.0,0.28,304.0
2020-05-26 11:00:00,80.6,61,0.1,0.32,341.0
2020-05-26 12:00:00,81.7,58,0.1,0.4,481.0
2020-05-26 13:00:00,82.4,46,0.1,0.4,402.0
2020-05-26 14:00:00,83.7,44,0.0,0.48,504.0
2020-05-26 15:00:00,85.0,41,0.0,0.49,531.0
2020-05-26 16:00:00,85.3,44,0.1,0.37,359.0
2020-05-26 17:00:00,85.0,46,0.0,0.32,273.0
2020-05-26 18:00:00,84.4,52,0.0,0.25,186.0
2020-05-26 19:00:00,79.0,83,0.0,0.1,111.0
2020-05-26 20:00:00,77.5,81,0.0,0.05,10.0
2020-05-26 21:00:00,76.3,82,0.0,0.03,0.0
2020-05-26 22:00:00,75.5,86,0.0,0.01,0.0
2020-05-26 23:00:00,75.0,86,0.0,0.01,0.0
2020-05-27 00:00:00,74.4,88,0.0,0.02,0.0
2020-05-27 01:00:00,73.8,90,0.0,0.0,0.0
2020-05-27 02:00:00,73.2,91,0.0,0.0,0.0
2020-05-27 03:00:00,72.8,91,0.0,0.0,0.0
2020-05-27 04:00:00,72.8,88,0.0,0.0,0.0
2020-05-27 05:00:00,72.8,87,0.0,0.0,0.0
2020-05-27 06:00:00,72.8,87,0.0,0.03,1.0
2020-05-27 07:00:00,73.9,94,0.1,0.03,17.0
2020-05-27 08:00:00,74.4,84,0.1,0.12,167.0
2020-05-27 09:00:00,75.7,75,0.1,0.22,306.0
2020-05-27 10:00:00,77.8,68,0.2,0.33,452.0
2020-05-27 11:00:00,79.7,66,0.5,0.39,535.0
2020-05-27 12:00:00,81.5,65,0.2,0.38,514.0
2020-05-27 13:00:00,84.0,62,0.1,0.54,723.0
2020-05-27 14:00:00,85.6,63,2.8,0.5,672.0
2020-05-27 15:00:00,82.8,80,1.6,0.3,425.0
2020-05-27 16:00:00,83.1,68,0.2,0.45,632.0
2020-05-27 17:00:00,82.9,70,0.1,0.29,375.0
2020-05-27 18:00:00,81.8,75,0.0,0.15,182.0
2020-05-27 19:00:00,82.4,67,0.0,0.09,118.0
2020-05-27 20:00:00,80.7,70,0.0,0.01,11.0
2020-05-27 21:00:00,79.2,81,0.0,0.0,0.0
2020-05-27 22:00:00,78.0,83,0.0,0.0,0.0
2020-05-27 23:00:00,77.0,88,0.0,0.0,0.0
2020-05-28 00:00:00,76.1,91,0.0,0.0,0.0
2020-05-28 01:00:00,75.2,93,0.0,0.0,0.0
2020-05-28 02:00:00,74.6,93,0.0,0.0,0.0
2020-05-28 03:00:00,74.0,96,0.0,0.0,0.0
2020-05-28 04:00:00,73.8,98,0.0,0.0,0.0
2020-05-28 05:00:00,73.5,99,0.0,0.0,0.0
2020-05-28 06:00:00,73.1,99,0.0,0.0,3.0
2020-05-28 07:00:00,76.6,92,0.0,0.05,79.0
2020-05-28 08:00:00,77.6,78,0.0,0.18,242.0
2020-05-28 09:00:00,79.5,63,0.0,0.33,413.0
2020-05-28 10:00:00,81.5,55,0.0,0.45,537.0
2020-05-28 11:00:00,83.8,47,0.0,0.57,696.0
2020-05-28 12:00:00,86.5,40,0.0,0.71,855.0
2020-05-28 13:00:00,89.0,33,0.0,0.78,926.0
2020-05-28 14:00:00,90.7,30,0.0,0.79,901.0
2020-05-28 15:00:00,91.6,32,0.0,0.73,809.0
2020-05-28 16:00:00,91.0,41,0.0,0.52,517.0
2020-05-28 17:00:00,89.4,56,0.0,0.33,316.0
2020-05-28 18:00:00,87.8,62,0.0,0.23,216.0
2020-05-28 19:00:00,87.2,60,0.0,0.16,116.0
2020-05-28 20:00:00,84.8,69,0.0,0.05,9.0
2020-05-28 21:00:00,82.7,78,0.0,0.01,0.0
2020-05-28 22:00:00,80.9,86,0.0,0.01,0.0
2020-05-28 23:00:00,79.6,91,0.0,0.0,0.0
2020-05-29 00:00:00,78.7,92,0.0,0.0,0.0
2020-05-29 01:00:00,78.0,91,0.0,0.0,0.0
2020-05-29 02:00:00,77.4,93,0.0,0.0,0.0
2020-05-29 03:00:00,76.6,97,0.0,0.0,0.0
2020-05-29 04:00:00,76.1,98,0.0,0.0,0.0
2020-05-29 05:00:00,75.9,96,0.0,0.0,0.0
2020-05-29 06:00:00,76.0,92,0.0,0.02,1.0
2020-05-29 07:00:00,76.5,80,0.0,0.05,57.0
2020-05-29 08:00:00,77.9,74,0.0,0.16,221.0
2020-05-29 09:00:00,79.9,65,0.0,0.27,353.0
2020-05-29 10:00:00,82.5,58,0.0,0.41,529.0
2020-05-29 11:00:00,85.2,52,0.0,0.49,634.0
2020-05-29 12:00:00,87.7,44,0.0,0.58,708.0
2020-05-29 13:00:00,89.7,42,0.0,0.6,724.0
2020-05-29 14:00:00,89.2,47,0.6,0.44,469.0
2020-05-29 15:00:00,89.6,43,0.2,0.55,630.0
2020-05-29 16:00:00,89.8,46,0.2,0.48,560.0
2020-05-29 17:00:00,89.6,41,0.0,0.4,422.0
2020-05-29 18:00:00,88.5,43,0.0,0.25,200.0
2020-05-29 19:00:00,82.9,78,0.0,0.09,81.0
2020-05-29 20:00:00,81.4,84,0.0,0.03,12.0
2020-05-29 21:00:00,80.1,87,0.0,0.01,0.0
2020-05-29 22:00:00,78.9,89,0.0,0.0,0.0
2020-05-29 23:00:00,78.0,92,0.0,0.0,0.0
2020-05-30 00:00:00,77.3,94,0.1,0.0,0.0
2020-05-30 01:00:00,76.5,95,0.0,0.0,0.0
2020-05-30 02:00:00,75.8,97,0.0,0.0,0.0
2020-05-30 03:00:00,75.2,99,0.0,0.0,0.0
2020-05-30 04:00:00,74.6,100,0.0,0.0,0.0
2020-05-30 05:00:00,73.9,100,0.0,0.0,0.0
2020-05-30 06:00:00,73.9,99,0.0,0.0,3.0
2020-05-30 07:00:00,75.8,98,0.0,0.04,67.0
2020-05-30 08:00:00,77.1,82,0.0,0.15,234.0
2020-05-30 09:00:00,79.5,68,0.0,0.33,468.0
2020-05-30 10:00:00,82.3,58,0.1,0.47,647.0
2020-05-30 11:00:00,85.0,54,0.0,0.54,722.0
2020-05-30 12:00:00,87.3,52,0.0,0.58,767.0
2020-05-30 13:00:00,89.3,48,0.0,0.61,793.0
2020-05-30 14:00:00,90.7,45,0.0,0.54,703.0
2020-05-30 15:00:00,88.8,75,2.8,0.37,504.0
2020-05-30 16:00:00,86.5,70,1.1,0.34,452.0
2020-05-30 17:00:00,85.6,67,0.1,0.27,343.0
2020-05-30 18:00:00,84.9,63,0.0,0.17,195.0
2020-05-30 19:00:00,81.7,76,0.0,0.08,88.0
2020-05-30 20:00:00,80.3,87,0.0,0.01,14.0
2020-05-30 21:00:00,79.0,94,0.0,0.0,0.0
2020-05-30 22:00:00,77.9,93,0.0,0.0,0.0
2020-05-30 23:00:00,77.0,96,0.0,0.0,0.0
2020-05-31 00:00:00,76.4,97,0.0,0.0,0.0
2020-05-31 01:00:00,75.9,96,0.0,0.0,0.0
2020-05-31 02:00:00,75.3,88,0.0,0.0,0.0
2020-05-31 03:00:00,74.6,71,0.0,0.03,0.0
2020-05-31 04:00:00,73.9,68,0.0,0.03,0.0
2020-05-31 05:00:00,73.2,70,0.0,0.03,0.0
2020-05-31 06:00:00,72.7,72,0.0,0.04,3.0
2020-05-31 07:00:00,75.0,70,0.0,0.09,96.0
2020-05-31 08:00:00,76.1,62,0.0,0.2,261.0
2020-05-31 09:00:00,78.2,55,0.0,0.34,450.0
2020-05-31 10:00:00,80.9,47,0.0,0.51,673.0
2020-05-31 11:00:00,83.7,42,0.0,0.64,825.0
2020-05-31 12:00:00,85.9,39,0.0,0.66,838.0
2020-05-31 13:00:00,88.0,36,0.0,0.74,920.0
2020-05-31 14:00:00,89.3,30,0.0,0.71,858.0
2020-05-31 15:00:00,90.4,28,0.0,0.7,850.0
2020-05-31 16:00:00,90.9,26,0.0,0.62,746.0
2020-05-31 17:00:00,90.6,26,0.0,0.49,563.0
2020-05-31 18:00:00,89.6,26,0.0,0.33,358.0
2020-05-31 19:00:00,87.4,53,0.0,0.14,154.0
2020-05-31 20:00:00,84.3,51,0.0,0.08,16.0
2020-05-31 21:00:00,81.7,48,0.0,0.06,0.0
2020-05-31 22:00:00,79.5,45,0.0,0.06,0.0
2020-05-31 23:00:00,77.5,50,0.0,0.05,0.0
2020-06-01 00:00:00,75.9,54,0.0,0.04,0.0
2020-06-01 01:00:00,74.5,60,0.0,0.03,0.0
2020-06-01 02:00:00,73.4,59,0.0,0.02,0.0
2020-06-01 03:00:00,72.5,64,0.0,0.02,0.0
2020-06-01 04:00:00,71.8,64,0.0,0.03,0.0
2020-06-01 05:00:00,71.2,64,0.0,0.03,0.0
2020-06-01 06:00:00,71.0,64,0.0,0.06,3.0
2020-06-01 07:00:00,73.5,63,0.0,0.1,92.0
2020-06-01 08:00:00,75.1,69,0.0,0.2,257.0
2020-06-01 09:00:00,77.6,68,0.0,0.34,459.0
2020-06-01 10:00:00,80.6,55,0.0,0.5,645.0
2020-06-01 11:00:00,82.9,48,0.0,0.52,621.0
2020-06-01 12:00:00,85.4,45,0.0,0.66,810.0
2020-06-01 13:00:00,87.1,46,0.0,0.64,782.0
2020-06-01 14:00:00,88.3,45,0.0,0.61,719.0
2020-06-01 15:00:00,88.8,44,0.0,0.55,630.0
2020-06-01 16:00:00,89.1,42,0.0,0.49,532.0
2020-06-01 17:00:00,88.6,44,0.0,0.38,375.0
2020-06-01 18:00:00,87.7,47,0.0,0.3,254.0
2020-06-01 19:00:00,85.9,52,0.0,0.2,116.0
2020-06-01 20:00:00,84.3,58,0.0,0.1,12.0
2020-06-01 21:00:00,82.9,60,0.0,0.06,0.0
2020-06-01 22:00:00,81.8,60,0.0,0.07,0.0
2020-06-01 23:00:00,80.8,59,0.0,0.08,0.0
2020-06-02 00:00:00,80.0,60,0.0,0.07,0.0
2020-06-02 01:00:00,79.3,63,0.0,0.07,0.0
2020-06-02 02:00:00,78.5,66,0.0,0.06,0.0
2020-06-02 03:00:00,77.8,69,0.0,0.05,0.0
2020-06-02 04:00:00,77.3,72,0.0,0.04,0.0
2020-06-02 05:00:00,76.7,75,0.0,0.03,0.0
2020-06-02 06:00:00,76.3,77,0.0,0.04,2.0
2020-06-02 07:00:00,75.7,74,0.0,0.07,58.0
2020-06-02 08:00:00,76.4,71,0.0,0.15,167.0
2020-06-02 09:00:00,77.5,67,0.0,0.22,251.0
2020-06-02 10:00:00,79.4,61,0.1,0.36,460.0
2020-06-02 11:00:00,81.1,59,0.0,0.4,497.0
2020-06-02 12:00:00,83.1,54,0.0,0.48,592.0
2020-06-02 13:00:00,85.0,51,0.0,0.5,619.0
2020-06-02 14:00:00,85.8,50,0.0,0.39,448.0
2020-06-02 15:00:00,86.5,49,0.0,0.39,431.0
2020-06-02 16:00:00,86.3,50,0.0,0.28,268.0
2020-06-02 17:00:00,85.2,73,0.3,0.18,200.0
2020-06-02 18:00:00,83.8,74,0.1,0.14,143.0
2020-06-02 19:00:00,84.2,60,0.1,0.11,62.0
2020-06-02 20:00:00,82.9,69,0.0,0.04,8.0
2020-06-02 21:00:00,81.7,77,0.0,0.01,0.0
2020-06-02 22:00:00,80.8,82,0.0,0.0,0.0
2020-06-02 23:00:00,80.0,82,0.0,0.0,0.0
2020-06-03 00:00:00,79.1,78,0.0,0.0,0.0
2020-06-03 01:00:00,78.4,71,0.0,0.01,0.0
2020-06-03 02:00:00,77.5,70,0.0,0.02,0.0
2020-06-03 03:00:00,76.9,71,0.0,0.02,0.0
2020-06-03 04:00:00,76.4,71,0.0,0.03,0.0
2020-06-03 05:00:00,75.8,75,0.0,0.02,0.0
2020-06-03 06:00:00,75.5,83,0.0,0.02,3.0
2020-06-03 07:00:00,75.4,86,0.0,0.05,55.0
2020-06-03 08:00:00,76.4,82,0.3,0.1,125.0
2020-06-03 09:00:00,77.6,78,0.2,0.17,218.0
2020-06-03 10:00:00,78.7,76,0.1,0.19,242.0
2020-06-03 11:00:00,80.7,69,0.0,0.33,432.0
2020-06-03 12:00:00,81.9,67,0.0,0.28,339.0
2020-06-03 13:00:00,83.2,63,0.0,0.35,416.0
2020-06-03 14:00:00,84.0,62,0.2,0.35,424.0
2020-06-03 15:00:00,84.4,60,0.1,0.3,339.0
2020-06-03 16:00:00,84.6,59,0.2,0.31,359.0
2020-06-03 17:00:00,83.8,66,0.0,0.19,190.0
2020-06-03 18:00:00,83.1,68,0.0,0.14,123.0
2020-06-03 19:00:00,83.5,68,0.1,0.09,36.0
2020-06-03 20:00:00,82.0,72,0.1,0.07,7.0
2020-06-03 21:00:00,80.8,75,0.0,0.03,0.0
2020-06-03 22:00:00,79.8,78,0.0,0.01,0.0
2020-06-03 23:00:00,79.1,82,0.0,0.0,0.0
2020-06-04 00:00:00,78.4,85,0.0,0.0,0.0
2020-06-04 01:00:00,77.6,89,0.0,0.0,0.0
2020-06-04 02:00:00,76.8,93,0.0,0.0,0.0
2020-06-04 03:00:00,76.3,94,0.0,0.0,0.0
2020-06-04 04:00:00,75.6,97,0.0,0.0,0.0
2020-06-04 05:00:00,74.8,97,0.1,0.0,0.0
2020-06-04 06:00:00,74.7,96,0.0,0.0,2.0
2020-06-04 07:00:00,74.8,88,0.7,0.04,36.0
2020-06-04 08:00:00,76.2,75,0.0,0.15,221.0
2020-06-04 09:00:00,78.3,66,0.0,0.24,328.0
2020-06-04 10:00:00,80.9,59,0.0,0.34,476.0
2020-06-04 11:00:00,83.8,52,0.0,0.46,618.0
2020-06-04 12:00:00,87.0,48,0.0,0.6,802.0
2020-06-04 13:00:00,89.1,48,0.0,0.55,730.0
2020-06-04 14:00:00,90.4,47,0.0,0.51,660.0
2020-06-04 15:00:00,91.5,44,0.0,0.49,647.0
2020-06-04 16:00:00,92.0,41,0.1,0.43,560.0
2020-06-04 17:00:00,91.5,40,0.2,0.35,415.0
2020-06-04 18:00:00,89.8,55,0.2,0.27,247.0
2020-06-04 19:00:00,88.3,45,0.1,0.14,114.0
2020-06-04 20:00:00,86.1,63,0.1,0.08,13.0
2020-06-04 21:00:00,83.9,69,0.1,0.04,0.0
2020-06-04 22:00:00,82.2,74,0.0,0.04,0.0
2020-06-04 23:00:00,80.8,78,0.0,0.02,0.0
2020-06-05 00:00:00,79.6,83,0.0,0.01,0.0
2020-06-05 01:00:00,78.6,86,0.0,0.0,0.0
2020-06-05 02:00:00,77.6,90,0.0,0.0,0.0
2020-06-05 03:00:00,76.8,94,0.0,0.0,0.0
2020-06-05 04:00:00,76.0,97,0.0,0.0,0.0
2020-06-05 05:00:00,75.4,98,0.0,0.0,0.0
2020-06-05 06:00:00,74.8,97,0.0,0.0,3.0
2020-06-05 07:00:00,75.3,86,0.0,0.05,92.0
2020-06-05 08:00:00,77.4,74,0.0,0.18,277.0
2020-06-05 09:00:00,80.3,61,0.0,0.33,469.0
2020-06-05 10:00:00,83.5,53,0.1,0.45,614.0
2020-06-05 11:00:00,86.6,45,0.1,0.58,768.0
2020-06-05 12:00:00,89.8,40,0.0,0.67,881.0
2020-06-05 13:00:00,92.4,36,0.0,0.69,872.0
2020-06-05 14:00:00,94.2,36,0.0,0.7,852.0
2020-06-05 15:00:00,94.7,38,0.0,0.62,706.0
2020-06-05 16:00:00,94.2,48,0.0,0.51,545.0
2020-06-05 17:00:00,92.1,65,0.0,0.3,328.0
2020-06-05 18:00:00,90.0,68,0.0,0.22,228.0
2020-06-05 19:00:00,89.8,58,0.0,0.17,106.0
2020-06-05 20:00:00,87.4,67,0.0,0.1,12.0
2020-06-05 21:00:00,85.4,73,0.0,0.04,0.0
2020-06-05 22:00:00,83.7,79,0.0,0.01,0.0
2020-06-05 23:00:00,82.3,82,0.0,0.02,0.0
2020-06-06 00:00:00,81.1,85,0.0,0.0,0.0
2020-06-06 01:00:00,80.2,88,0.0,0.0,0.0
2020-06-06 02:00:00,79.2,92,0.0,0.0,0.0
2020-06-06 03:00:00,78.4,94,0.0,0.0,0.0
2020-06-06 04:00:00,77.8,94,0.0,0.0,0.0
2020-06-06 05:00:00,77.4,95,0.0,0.0,0.0
2020-06-06 06:00:00,77.1,93,0.0,0.01,2.0
2020-06-06 07:00:00,77.5,80,0.0,0.05,29.0
2020-06-06 08:00:00,78.7,68,0.1,0.14,146.0
2020-06-06 09:00:00,80.2,60,0.3,0.29,319.0
2020-06-06 10:00:00,81.7,53,0.0,0.31,309.0
2020-06-06 11:00:00,83.0,56,0.0,0.35,359.0
2020-06-06 12:00:00,83.7,60,0.2,0.33,351.0
2020-06-06 13:00:00,83.0,63,0.4,0.21,182.0
2020-06-06 14:00:00,81.6,76,1.0,0.15,141.0
2020-06-06 15:00:00,79.8,86,1.1,0.12,127.0
2020-06-06 16:00:00,78.2,96,1.0,0.08,122.0
2020-06-06 17:00:00,77.6,87,0.5,0.15,219.0
2020-06-06 18:00:00,77.0,90,0.4,0.07,82.0
2020-06-06 19:00:00,75.7,96,0.6,0.03,24.0
2020-06-06 20:00:00,74.5,98,0.8,0.01,6.0
2020-06-06 21:00:00,73.6,98,1.6,0.0,0.0
2020-06-06 22:00:00,73.1,98,0.7,0.0,0.0
2020-06-06 23:00:00,72.9,98,0.8,0.0,0.0
2020-06-07 00:00:00,72.9,98,0.3,0.0,0.0
2020-06-07 01:00:00,73.0,98,0.3,0.0,0.0
2020-06-07 02:00:00,73.0,98,0.5,0.0,0.0
2020-06-07 03:00:00,73.0,98,0.6,0.0,0.0
2020-06-07 04:00:00,73.0,98,1.4,0.0,0.0
2020-06-07 05:00:00,73.1,99,3.4,0.0,0.0
2020-06-07 06:00:00,73.3,99,2.2,0.01,1.0
2020-06-07 07:00:00,74.8,97,1.7,0.02,8.0
2020-06-07 08:00:00,74.5,95,0.2,0.07,95.0
2020-06-07 09:00:00,74.7,90,0.4,0.13,208.0
2020-06-07 10:00:00,74.4,97,16.6,0.09,149.0
2020-06-07 11:00:00,73.9,98,6.2,0.03,19.0
2020-06-07 12:00:00,74.1,96,0.7,0.08,121.0
2020-06-07 13:00:00,74.8,92,0.1,0.17,260.0
2020-06-07 14:00:00,76.2,85,0.0,0.25,363.0
2020-06-07 15:00:00,77.3,82,0.1,0.24,327.0
2020-06-07 16:00:00,77.9,84,0.0,0.21,279.0
2020-06-07 17:00:00,78.6,81,0.0,0.23,317.0
2020-06-07 18:00:00,78.7,82,0.1,0.16,193.0
2020-06-07 19:00:00,80.5,85,0.0,0.09,83.0
2020-06-07 20:00:00,79.4,87,0.0,0.05,9.0
2020-06-07 21:00:00,78.6,89,0.3,0.02,0.0
2020-06-07 22:00:00,77.5,94,1.1,0.0,0.0
2020-06-07 23:00:00,76.7,98,0.9,0.0,0.0
2020-06-08 00:00:00,76.4,98,0.5,0.0,0.0
2020-06-08 01:00:00,76.1,97,0.8,0.0,0.0
2020-06-08 02:00:00,76.0,97,0.2,0.0,0.0
2020-06-08 03:00:00,75.8,97,0.1,0.0,0.0
2020-06-08 04:00:00,75.7,97,0.2,0.0,0.0
2020-06-08 05:00:00,75.7,97,0.0,0.0,0.0
2020-06-08 06:00:00,75.6,97,0.0,0.01,2.0
2020-06-08 07:00:00,77.8,95,0.0,0.04,57.0
2020-06-08 08:00:00,78.0,91,0.0,0.14,218.0
2020-06-08 09:00:00,79.0,85,0.0,0.25,377.0
2020-06-08 10:00:00,80.5,76,0.0,0.4,568.0
2020-06-08 11:00:00,82.0,66,0.1,0.5,654.0
2020-06-08 12:00:00,83.3,66,0.1,0.55,739.0
2020-06-08 13:00:00,84.6,63,0.1,0.6,791.0
2020-06-08 14:00:00,85.3,55,0.1,0.62,771.0
2020-06-08 15:00:00,85.9,54,0.0,0.62,774.0
2020-06-08 16:00:00,86.0,56,0.0,0.53,647.0
2020-06-08 17:00:00,85.6,59,0.0,0.42,507.0
2020-06-08 18:00:00,84.9,64,0.0,0.28,319.0
2020-06-08 19:00:00,83.5,70,0.0,0.15,140.0
2020-06-08 20:00:00,82.1,82,0.0,0.04,17.0
2020-06-08 21:00:00,80.9,91,0.2,0.01,0.0
2020-06-08 22:00:00,79.9,94,0.0,0.0,0.0
2020-06-08 23:00:00,79.1,96,0.0,0.0,0.0
2020-06-09 00:00:00,78.4,97,0.1,0.0,0.0
2020-06-09 01:00:00,78.2,98,0.0,0.0,0.0
2020-06-09 02:00:00,78.1,98,0.0,0.0,0.0
2020-06-09 03:00:00,78.0,96,0.2,0.0,0.0
2020-06-09 04:00:00,77.8,95,0.8,0.0,0.0
2020-06-09 05:00:00,77.1,98,2.0,0.0,0.0
2020-06-09 06:00:00,76.6,99,2.7,0.01,2.0
2020-06-09 07:00:00,78.6,96,2.4,0.03,34.0
2020-06-09 08:00:00,79.3,88,0.0,0.14,205.0
2020-06-09 09:00:00,80.4,80,0.1,0.26,361.0
2020-06-09 10:00:00,82.0,71,0.1,0.41,544.0
2020-06-09 11:00:00,83.2,78,2.1,0.42,596.0
2020-06-09 12:00:00,82.9,82,1.4,0.42,592.0
2020-06-09 13:00:00,84.1,78,0.2,0.51,722.0
2020-06-09 14:00:00,85.1,64,0.1,0.52,677.0
2020-06-09 15:00:00,85.1,68,0.4,0.41,537.0
2020-06-09 16:00:00,84.7,76,0.8,0.35,488.0
2020-06-09 17:00:00,83.0,87,2.2,0.21,307.0
2020-06-09 18:00:00,81.7,87,0.2,0.14,187.0
2020-06-09 19:00:00,82.8,93,0.1,0.06,86.0
2020-06-09 20:00:00,80.7,96,0.1,0.01,6.0
2020-06-09 21:00:00,79.3,96,0.0,0.0,0.0
2020-06-09 22:00:00,78.4,97,0.0,0.0,0.0
2020-06-09 23:00:00,77.7,98,0.0,0.0,0.0
2020-06-10 00:00:00,77.3,99,0.0,0.0,0.0
2020-06-10 01:00:00,76.9,99,0.0,0.0,0.0
2020-06-10 02:00:00,76.6,99,0.0,0.0,0.0
2020-06-10 03:00:00,76.2,99,0.0,0.0,0.0
2020-06-10 04:00:00,75.8,99,0.0,0.0,0.0
2020-06-10 05:00:00,75.4,100,0.0,0.0,0.0
2020-06-10 06:00:00,74.8,100,0.0,0.0,3.0
2020-06-10 07:00:00,77.7,96,0.1,0.05,81.0
2020-06-10 08:00:00,78.2,93,0.0,0.14,206.0
2020-06-10 09:00:00,79.3,90,0.1,0.23,329.0
2020-06-10 10:00:00,80.6,85,0.1,0.29,410.0
2020-06-10 11:00:00,82.0,81,0.1,0.36,495.0
2020-06-10 12:00:00,83.5,77,0.1,0.45,611.0
2020-06-10 13:00:00,84.8,67,0.1,0.55,719.0
2020-06-10 14:00:00,85.6,66,0.4,0.55,743.0
2020-06-10 15:00:00,85.6,59,0.1,0.49,601.0
2020-06-10 16:00:00,85.7,61,0.0,0.44,534.0
2020-06-10 17:00:00,85.4,64,0.0,0.36,434.0
2020-06-10 18:00:00,84.7,67,0.0,0.25,277.0
2020-06-10 19:00:00,83.8,71,0.0,0.14,134.0
2020-06-10 20:00:00,82.6,77,0.0,0.06,15.0
2020-06-10 21:00:00,81.4,83,0.0,0.02,0.0
2020-06-10 22:00:00,80.4,88,0.0,0.01,0.0
2020-06-10 23:00:00,79.7,91,0.0,0.0,0.0
2020-06-11 00:00:00,79.1,94,0.0,0.0,0.0
2020-06-11 01:00:00,78.4,97,0.0,0.0,0.0
2020-06-11 02:00:00,78.1,97,0.0,0.0,0.0
2020-06-11 03:00:00,77.7,97,0.1,0.0,0.0
2020-06-11 04:00:00,77.4,97,0.2,0.0,0.0
2020-06-11 05:00:00,77.2,99,0.4,0.0,0.0
2020-06-11 06:00:00,76.9,96,0.3,0.01,2.0
2020-06-11 07:00:00,79.7,92,0.0,0.05,65.0
2020-06-11 08:00:00,79.5,80,0.0,0.17,238.0
2020-06-11 09:00:00,80.2,70,0.0,0.31,431.0
2020-06-11 10:00:00,81.8,63,0.0,0.46,634.0
2020-06-11 11:00:00,83.7,59,0.0,0.58,788.0
2020-06-11 12:00:00,85.6,55,0.0,0.67,898.0
2020-06-11 13:00:00,87.4,52,0.0,0.7,922.0
2020-06-11 14:00:00,88.8,51,0.1,0.67,886.0
2020-06-11 15:00:00,89.4,54,0.4,0.58,773.0
2020-06-11 16:00:00,89.2,52,0.0,0.45,594.0
2020-06-11 17:00:00,89.1,51,0.0,0.38,516.0
2020-06-11 18:00:00,88.4,51,0.0,0.26,348.0
2020-06-11 19:00:00,87.1,58,0.0,0.14,151.0
2020-06-11 20:00:00,84.8,64,0.0,0.05,20.0
2020-06-11 21:00:00,82.9,74,0.0,0.01,0.0
2020-06-11 22:00:00,81.3,75,0.0,0.02,0.0
2020-06-11 23:00:00,80.0,72,0.0,0.02,0.0
2020-06-12 00:00:00,79.0,63,0.0,0.05,0.0
2020-06-12 01:00:00,78.1,63,0.0,0.06,0.0
2020-06-12 02:00:00,77.4,67,0.0,0.05,0.0
2020-06-12 03:00:00,76.7,70,0.0,0.04,0.0
2020-06-12 04:00:00,76.1,71,0.0,0.04,0.0
2020-06-12 05:00:00,75.6,71,0.0,0.03,0.0
2020-06-12 06:00:00,75.1,73,0.0,0.04,3.0
2020-06-12 07:00:00,77.5,71,0.0,0.08,92.0
2020-06-12 08:00:00,78.0,64,0.0,0.21,289.0
2020-06-12 09:00:00,79.5,59,0.0,0.35,494.0
2020-06-12 10:00:00,81.6,54,0.0,0.5,682.0
2020-06-12 11:00:00,83.9,49,0.0,0.62,832.0
2020-06-12 12:00:00,86.1,45,0.0,0.7,931.0
2020-06-12 13:00:00,88.0,44,0.0,0.74,972.0
2020-06-12 14:00:00,89.5,41,0.0,0.74,953.0
2020-06-12 15:00:00,90.4,41,0.0,0.67,864.0
2020-06-12 16:00:00,90.6,39,0.0,0.56,694.0
2020-06-12 17:00:00,89.9,42,0.2,0.42,496.0
2020-06-12 18:00:00,88.5,49,0.0,0.28,292.0
2020-06-12 19:00:00,86.5,58,0.0,0.11,129.0
2020-06-12 20:00:00,84.6,54,0.0,0.07,19.0
2020-06-12 21:00:00,83.1,47,0.0,0.12,0.0
2020-06-12 22:00:00,82.0,75,0.0,0.08,0.0
2020-06-12 23:00:00,81.0,83,0.0,0.03,0.0
2020-06-13 00:00:00,79.8,84,0.0,0.01,0.0
2020-06-13 01:00:00,78.7,85,0.0,0.01,0.0
2020-06-13 02:00:00,77.8,90,0.0,0.0,0.0
2020-06-13 03:00:00,77.2,92,0.0,0.0,0.0
2020-06-13 04:00:00,76.9,92,0.0,0.0,0.0
2020-06-13 05:00:00,76.6,93,0.1,0.0,0.0
2020-06-13 06:00:00,76.4,93,0.0,0.01,2.0
2020-06-13 07:00:00,77.5,86,0.1,0.06,54.0
2020-06-13 08:00:00,78.0,78,0.0,0.17,230.0
2020-06-13 09:00:00,79.3,70,0.0,0.3,417.0
2020-06-13 10:00:00,81.1,60,0.0,0.45,612.0
2020-06-13 11:00:00,83.2,44,0.0,0.62,794.0
2020-06-13 12:00:00,85.0,44,0.0,0.69,886.0
2020-06-13 13:00:00,86.3,47,0.1,0.66,827.0
2020-06-13 14:00:00,86.9,44,0.0,0.57,652.0
2020-06-13 15:00:00,87.5,48,0.1,0.58,722.0
2020-06-13 16:00:00,87.4,48,0.0,0.44,503.0
2020-06-13 17:00:00,86.9,48,0.0,0.36,382.0
2020-06-13 18:00:00,86.0,48,0.0,0.28,263.0
2020-06-13 19:00:00,85.1,73,0.0,0.12,125.0
2020-06-13 20:00:00,82.9,68,0.0,0.06,15.0
2020-06-13 21:00:00,81.1,70,0.0,0.04,0.0
2020-06-13 22:00:00,79.9,66,0.0,0.04,0.0
2020-06-13 23:00:00,78.7,66,0.0,0.03,0.0
2020-06-14 00:00:00,77.8,65,0.0,0.06,0.0
2020-06-14 01:00:00,77.1,68,0.0,0.05,0.0
2020-06-14 02:00:00,76.4,76,0.0,0.03,0.0
2020-06-14 03:00:00,75.7,82,0.0,0.02,0.0
2020-06-14 04:00:00,75.0,86,0.0,0.01,0.0
2020-06-14 05:00:00,74.3,91,0.0,0.0,0.0
2020-06-14 06:00:00,73.8,92,0.0,0.01,4.0
2020-06-14 07:00:00,75.7,82,0.0,0.08,101.0
2020-06-14 08:00:00,76.7,67,0.0,0.22,293.0
2020-06-14 09:00:00,78.5,54,0.0,0.38,503.0
2020-06-14 10:00:00,80.7,47,0.0,0.52,693.0
2020-06-14 11:00:00,83.0,40,0.0,0.66,846.0
2020-06-14 12:00:00,85.2,36,0.0,0.75,947.0
2020-06-14 13:00:00,87.1,32,0.0,0.8,986.0
2020-06-14 14:00:00,88.6,31,0.0,0.78,963.0
2020-06-14 15:00:00,89.6,30,0.0,0.74,887.0
2020-06-14 16:00:00,89.9,30,0.0,0.64,747.0
2020-06-14 17:00:00,89.6,30,0.0,0.52,571.0
2020-06-14 18:00:00,88.5,32,0.0,0.38,369.0
2020-06-14 19:00:00,86.6,40,0.0,0.2,169.0
2020-06-14 20:00:00,84.3,46,0.0,0.1,22.0
2020-06-14 21:00:00,82.2,49,0.0,0.07,0.0
2020-06-14 22:00:00,80.3,52,0.0,0.04,0.0
2020-06-14 23:00:00,78.6,62,0.0,0.04,0.0
2020-06-15 00:00:00,77.1,70,0.0,0.03,0.0
2020-06-15 01:00:00,75.8,73,0.0,0.01,0.0
2020-06-15 02:00:00,74.7,73,0.0,0.01,0.0
2020-06-15 03:00:00,73.8,74,0.0,0.01,0.0
2020-06-15 04:00:00,72.9,74,0.0,0.02,0.0
2020-06-15 05:00:00,72.2,71,0.0,0.02,0.0
2020-06-15 06:00:00,71.6,70,0.0,0.03,4.0
2020-06-15 07:00:00,73.0,64,0.0,0.08,103.0
2020-06-15 08:00:00,74.7,55,0.0,0.2,291.0
2020-06-15 09:00:00,77.5,51,0.0,0.35,497.0
2020-06-15 10:00:00,80.7,44,0.0,0.5,686.0
2020-06-15 11:00:00,83.8,37,0.0,0.65,839.0
2020-06-15 12:00:00,86.3,33,0.0,0.68,851.0
2020-06-15 13:00:00,87.9,31,0.0,0.65,776.0
2020-06-15 14:00:00,89.2,29,0.0,0.67,760.0
2020-06-15 15:00:00,90.0,27,0.0,0.63,707.0
2020-06-15 16:00:00,89.5,28,0.0,0.45,416.0
2020-06-15 17:00:00,89.2,29,0.0,0.45,424.0
2020-06-15 18:00:00,88.5,28,0.0,0.29,320.0
2020-06-15 19:00:00,86.5,38,0.0,0.24,155.0
2020-06-15 20:00:00,84.6,59,0.0,0.11,13.0
2020-06-15 21:00:00,82.6,63,0.0,0.06,0.0
2020-06-15 22:00:00,81.0,68,0.0,0.04,0.0
2020-06-15 23:00:00,79.3,73,0.0,0.02,0.0
2020-06-16 00:00:00,78.0,77,0.0,0.02,0.0
2020-06-16 01:00:00,77.1,78,0.1,0.02,0.0
2020-06-16 02:00:00,76.2,81,0.0,0.01,0.0
2020-06-16 03:00:00,75.3,86,0.0,0.01,0.0
2020-06-16 04:00:00,74.7,82,0.0,0.02,0.0
2020-06-16 05:00:00,74.0,77,0.0,0.03,0.0
2020-06-16 06:00:00,73.3,77,0.0,0.04,4.0
2020-06-16 07:00:00,75.2,71,0.0,0.1,98.0
2020-06-16 08:00:00,75.7,65,0.0,0.2,272.0
2020-06-16 09:00:00,77.1,59,0.0,0.33,471.0
2020-06-16 10:00:00,79.3,54,0.0,0.45,654.0
2020-06-16 11:00:00,81.8,51,0.0,0.56,794.0
2020-06-16 12:00:00,84.5,47,0.0,0.67,939.0
2020-06-16 13:00:00,86.6,43,0.0,0.66,885.0
2020-06-16 14:00:00,88.0,39,0.0,0.61,790.0
2020-06-16 15:00:00,89.1,37,0.0,0.61,775.0
2020-06-16 16:00:00,89.2,36,0.0,0.47,556.0
2020-06-16 17:00:00,88.3,37,0.0,0.35,354.0
2020-06-16 18:00:00,87.2,37,0.0,0.26,234.0
2020-06-16 19:00:00,84.8,46,0.0,0.17,127.0
2020-06-16 20:00:00,82.7,50,0.0,0.13,22.0
2020-06-16 21:00:00,80.7,56,0.0,0.1,0.0
2020-06-16 22:00:00,78.8,59,0.0,0.08,0.0
2020-06-16 23:00:00,77.3,63,0.0,0.06,0.0
2020-06-17 00:00:00,75.8,67,0.0,0.04,0.0
2020-06-17 01:00:00,74.6,70,0.0,0.03,0.0
2020-06-17 02:00:00,73.5,73,0.0,0.02,0.0
2020-06-17 03:00:00,72.5,76,0.0,0.02,0.0
2020-06-17 04:00:00,71.6,79,0.0,0.01,0.0
2020-06-17 05:00:00,70.9,80,0.0,0.01,0.0
2020-06-17 06:00:00,70.4,79,0.0,0.02,3.0
2020-06-17 07:00:00,72.1,74,0.0,0.07,75.0
2020-06-17 08:00:00,72.7,67,0.0,0.14,168.0
2020-06-17 09:00:00,74.1,59,0.0,0.22,296.0
2020-06-17 10:00:00,76.4,51,0.0,0.33,453.0
2020-06-17 11:00:00,78.8,46,0.0,0.4,547.0
2020-06-17 12:00:00,82.4,41,0.0,0.63,867.0
2020-06-17 13:00:00,85.6,37,0.0,0.71,964.0
2020-06-17 14:00:00,88.0,33,0.0,0.67,885.0
2020-06-17 15:00:00,88.5,32,0.0,0.48,568.0
2020-06-17 16:00:00,88.8,31,0.0,0.47,545.0
2020-06-17 17:00:00,88.4,29,0.0,0.32,370.0
2020-06-17 18:00:00,87.7,36,0.0,0.33,310.0
2020-06-17 19:00:00,85.3,47,0.0,0.17,138.0
2020-06-17 20:00:00,83.1,51,0.0,0.07,21.0
2020-06-17 21:00:00,81.2,54,0.0,0.06,0.0
2020-06-17 22:00:00,79.7,55,0.0,0.05,0.0
2020-06-17 23:00:00,78.3,61,0.0,0.04,0.0
2020-06-18 00:00:00,76.8,73,0.0,0.01,0.0
2020-06-18 01:00:00,75.5,86,0.0,0.0,0.0
2020-06-18 02:00:00,74.3,92,0.0,0.0,0.0
2020-06-18 03:00:00,73.3,95,0.0,0.0,0.0
2020-06-18 04:00:00,72.5,96,0.0,0.0,0.0
2020-06-18 05:00:00,71.8,98,0.0,0.0,0.0
2020-06-18 06:00:00,71.2,97,0.0,0.0,4.0
2020-06-18 07:00:00,72.7,86,0.0,0.05,98.0
2020-06-18 08:00:00,75.0,68,0.0,0.18,286.0
2020-06-18 09:00:00,78.4,53,0.0,0.33,485.0
2020-06-18 10:00:00,81.6,44,0.0,0.44,614.0
2020-06-18 11:00:00,84.7,39,0.0,0.51,708.0
2020-06-18 12:00:00,87.3,37,0.0,0.55,751.0
2020-06-18 13:00:00,89.3,35,0.1,0.57,762.0
2020-06-18 14:00:00,91.3,32,0.0,0.63,819.0
2020-06-18 15:00:00,92.4,32,0.0,0.59,738.0
2020-06-18 16:00:00,92.8,32,0.0,0.48,609.0
2020-06-18 17:00:00,92.3,31,0.0,0.36,429.0
2020-06-18 18:00:00,90.9,34,0.0,0.26,219.0
2020-06-18 19:00:00,88.3,36,0.0,0.15,112.0
2020-06-18 20:00:00,86.4,41,0.0,0.12,17.0
2020-06-18 21:00:00,84.7,47,0.0,0.04,0.0
2020-06-18 22:00:00,83.0,52,0.0,0.03,0.0
2020-06-18 23:00:00,81.4,62,0.0,0.02,0.0
2020-06-19 00:00:00,80.1,62,0.0,0.03,0.0
2020-06-19 01:00:00,79.0,65,0.0,0.03,0.0
2020-06-19 02:00:00,78.0,70,0.0,0.02,0.0
2020-06-19 03:00:00,76.9,78,0.0,0.01,0.0
2020-06-19 04:00:00,75.9,79,0.0,0.01,0.0
2020-06-19 05:00:00,75.2,79,0.0,0.0,0.0
2020-06-19 06:00:00,74.5,80,0.0,0.02,3.0
2020-06-19 07:00:00,74.7,68,0.0,0.06,98.0
2020-06-19 08:00:00,77.1,56,0.0,0.2,285.0
2020-06-19 09:00:00,80.4,44,0.0,0.38,490.0
2020-06-19 10:00:00,83.9,38,0.0,0.53,677.0
2020-06-19 11:00:00,87.0,34,0.0,0.58,717.0
2020-06-19 12:00:00,89.4,31,0.0,0.62,744.0
2020-06-19 13:00:00,91.9,29,0.0,0.68,828.0
2020-06-19 14:00:00,94.0,28,0.0,0.69,869.0
2020-06-19 15:00:00,95.5,27,0.0,0.65,792.0
2020-06-19 16:00:00,95.9,27,0.0,0.48,598.0
2020-06-19 17:00:00,95.3,27,0.0,0.31,368.0
2020-06-19 18:00:00,94.0,32,0.0,0.28,240.0
2020-06-19 19:00:00,92.5,37,0.0,0.13,97.0
2020-06-19 20:00:00,90.0,52,0.0,0.11,21.0
2020-06-19 21:00:00,87.8,56,0.0,0.03,0.0
2020-06-19 22:00:00,85.9,62,0.0,0.02,0.0
2020-06-19 23:00:00,84.3,65,0.0,0.02,0.0
2020-06-20 00:00:00,83.0,69,0.0,0.01,0.0
2020-06-20 01:00:00,81.9,72,0.0,0.01,0.0
2020-06-20 02:00:00,81.0,71,0.0,0.02,0.0
2020-06-20 03:00:00,80.1,75,0.0,0.01,0.0
2020-06-20 04:00:00,79.2,79,0.0,0.01,0.0
2020-06-20 05:00:00,78.4,82,0.0,0.01,0.0
2020-06-20 06:00:00,77.6,83,0.0,0.01,3.0
2020-06-20 07:00:00,79.7,79,0.0,0.07,97.0
2020-06-20 08:00:00,81.3,67,0.0,0.2,280.0
2020-06-20 09:00:00,84.2,53,0.0,0.35,484.0
2020-06-20 10:00:00,87.6,43,0.0,0.49,651.0
2020-06-20 11:00:00,91.2,36,0.0,0.61,788.0
2020-06-20 12:00:00,93.2,34,0.0,0.54,670.0
2020-06-20 13:00:00,94.9,31,0.0,0.53,644.0
2020-06-20 14:00:00,96.6,30,0.0,0.56,690.0
2020-06-20 15:00:00,98.2,28,0.0,0.57,721.0
2020-06-20 16:00:00,98.7,28,0.1,0.43,568.0
2020-06-20 17:00:00,97.9,31,0.0,0.39,409.0
2020-06-20 18:00:00,96.2,40,0.0,0.35,280.0
2020-06-20 19:00:00,93.0,40,0.0,0.2,107.0
2020-06-20 20:00:00,90.9,51,0.0,0.14,22.0
2020-06-20 21:00:00,88.8,59,0.0,0.07,0.0
2020-06-20 22:00:00,87.0,64,0.0,0.05,0.0
2020-06-20 23:00:00,85.4,69,0.0,0.04,0.0
2020-06-21 00:00:00,84.0,74,0.0,0.02,0.0
2020-06-21 01:00:00,82.7,80,0.0,0.0,0.0
2020-06-21 02:00:00,81.6,83,0.0,0.01,0.0
2020-06-21 03:00:00,80.7,86,0.0,0.0,0.0
2020-06-21 04:00:00,79.9,88,0.0,0.0,0.0
2020-06-21 05:00:00,79.1,90,0.0,0.0,0.0
2020-06-21 06:00:00,78.4,91,0.0,0.01,3.0
2020-06-21 07:00:00,78.6,84,0.0,0.06,92.0
2020-06-21 08:00:00,80.6,70,0.0,0.2,272.0
2020-06-21 09:00:00,83.7,53,0.0,0.36,470.0
2020-06-21 10:00:00,87.4,41,0.0,0.5,657.0
2020-06-21 11:00:00,91.0,31,0.0,0.59,748.0
2020-06-21 12:00:00,93.6,28,0.0,0.58,678.0
2020-06-21 13:00:00,96.5,26,0.0,0.8,933.0
2020-06-21 14:00:00,98.5,26,0.0,0.81,911.0
2020-06-21 15:00:00,99.2,30,0.0,0.73,795.0
2020-06-21 16:00:00,98.8,32,0.0,0.61,610.0
2020-06-21 17:00:00,97.9,37,0.0,0.5,505.0
2020-06-21 18:00:00,96.3,44,0.0,0.37,317.0
2020-06-21 19:00:00,93.0,47,0.0,0.2,141.0
2020-06-21 20:00:00,90.9,53,0.0,0.11,22.0
2020-06-21 21:00:00,88.8,60,0.0,0.08,0.0
2020-06-21 22:00:00,86.9,65,0.0,0.06,0.0
2020-06-21 23:00:00,85.3,71,0.0,0.04,0.0
2020-06-22 00:00:00,83.8,76,0.0,0.02,0.0
2020-06-22 01:00:00,82.5,81,0.0,0.02,0.0
2020-06-22 02:00:00,81.4,84,0.0,0.01,0.0
2020-06-22 03:00:00,80.5,86,0.0,0.01,0.0
2020-06-22 04:00:00,79.7,89,0.0,0.0,0.0
2020-06-22 05:00:00,79.0,91,0.0,0.0,0.0
2020-06-22 06:00:00,78.4,92,0.0,0.01,3.0
2020-06-22 07:00:00,78.3,82,0.0,0.07,93.0
2020-06-22 08:00:00,80.5,68,0.0,0.21,273.0
2020-06-22 09:00:00,83.4,56,0.0,0.35,436.0
2020-06-22 10:00:00,86.7,49,0.0,0.49,611.0
2020-06-22 11:00:00,89.9,41,0.0,0.57,704.0
2020-06-22 12:00:00,93.5,35,0.0,0.74,895.0
2020-06-22 13:00:00,95.9,33,0.0,0.77,871.0
2020-06-22 14:00:00,96.8,41,0.0,0.7,795.0
2020-06-22 15:00:00,96.9,45,0.0,0.6,669.0
2020-06-22 16:00:00,95.6,48,0.0,0.44,439.0
2020-06-22 17:00:00,94.1,49,0.0,0.34,300.0
2020-06-22 18:00:00,92.7,56,0.0,0.27,230.0
2020-06-22 19:00:00,89.7,83,0.0,0.1,137.0
2020-06-22 20:00:00,86.7,85,0.2,0.04,7.0
2020-06-22 21:00:00,84.5,86,0.0,0.02,0.0
2020-06-22 22:00:00,82.9,87,0.0,0.01,0.0
2020-06-22 23:00:00,81.6,90,0.0,0.0,0.0
2020-06-23 00:00:00,80.5,91,0.0,0.0,0.0
2020-06-23 01:00:00,79.7,92,0.0,0.0,0.0
2020-06-23 02:00:00,79.1,92,0.0,0.0,0.0
2020-06-23 03:00:00,78.6,94,0.0,0.0,0.0
2020-06-23 04:00:00,78.3,96,0.0,0.0,0.0
2020-06-23 05:00:00,78.1,94,0.5,0.0,0.0
2020-06-23 06:00:00,77.3,96,1.4,0.01,2.0
2020-06-23 07:00:00,79.8,82,1.9,0.06,32.0
2020-06-23 08:00:00,81.1,75,0.1,0.18,213.0
2020-06-23 09:00:00,83.1,68,0.1,0.33,411.0
2020-06-23 10:00:00,83.4,72,2.9,0.36,484.0
2020-06-23 11:00:00,82.4,81,1.6,0.25,350.0
2020-06-23 12:00:00,83.2,73,0.7,0.37,497.0
2020-06-23 13:00:00,85.6,63,0.0,0.6,790.0
2020-06-23 14:00:00,86.7,74,3.4,0.51,790.0
2020-06-23 15:00:00,85.6,66,0.1,0.33,369.0
2020-06-23 16:00:00,86.8,57,0.1,0.5,593.0
2020-06-23 17:00:00,86.9,61,0.0,0.34,360.0
2020-06-23 18:00:00,86.9,59,0.0,0.31,309.0
2020-06-23 19:00:00,85.7,67,0.2,0.15,131.0
2020-06-23 20:00:00,84.5,76,0.0,0.06,21.0
2020-06-23 21:00:00,83.4,79,0.0,0.03,0.0
2020-06-23 22:00:00,82.6,82,0.0,0.03,0.0
2020-06-23 23:00:00,81.9,87,0.0,0.02,0.0
2020-06-24 00:00:00,81.2,90,0.0,0.01,0.0
2020-06-24 01:00:00,80.8,91,0.0,0.01,0.0
2020-06-24 02:00:00,80.2,91,0.0,0.01,0.0
2020-06-24 03:00:00,79.7,93,0.0,0.0,0.0
2020-06-24 04:00:00,79.3,94,0.0,0.0,0.0
2020-06-24 05:00:00,78.6,96,0.0,0.0,0.0
2020-06-24 06:00:00,78.0,97,0.0,0.0,3.0
2020-06-24 07:00:00,78.4,85,0.0,0.06,88.0
2020-06-24 08:00:00,79.3,78,0.0,0.11,118.0
2020-06-24 09:00:00,81.2,67,0.0,0.22,266.0
2020-06-24 10:00:00,84.7,57,0.0,0.48,610.0
2020-06-24 11:00:00,88.3,48,0.0,0.62,762.0
2020-06-24 12:00:00,91.0,46,0.0,0.64,743.0
2020-06-24 13:00:00,90.6,48,0.9,0.52,580.0
2020-06-24 14:00:00,92.6,38,0.0,0.72,802.0
2020-06-24 15:00:00,94.1,39,0.0,0.7,760.0
2020-06-24 16:00:00,93.7,44,0.0,0.52,503.0
2020-06-24 17:00:00,92.8,51,0.1,0.4,380.0
2020-06-24 18:00:00,91.2,57,0.1,0.29,242.0
2020-06-24 19:00:00,89.7,54,0.0,0.16,84.0
2020-06-24 20:00:00,87.9,60,0.0,0.1,14.0
2020-06-24 21:00:00,86.3,68,0.0,0.06,0.0
2020-06-24 22:00:00,85.0,74,0.0,0.04,0.0
2020-06-24 23:00:00,83.8,80,0.0,0.02,0.0
2020-06-25 00:00:00,82.9,85,0.0,0.01,0.0
2020-06-25 01:00:00,82.1,88,0.0,0.0,0.0
2020-06-25 02:00:00,81.5,90,0.0,0.0,0.0
2020-06-25 03:00:00,81.0,92,0.0,0.0,0.0
2020-06-25 04:00:00,80.4,94,0.0,0.0,0.0
2020-06-25 05:00:00,80.0,95,0.0,0.0,0.0
2020-06-25 06:00:00,79.4,96,0.0,0.0,2.0
2020-06-25 07:00:00,79.8,89,0.0,0.04,54.0
2020-06-25 08:00:00,80.6,82,0.0,0.09,110.0
2020-06-25 09:00:00,81.8,78,0.0,0.15,174.0
2020-06-25 10:00:00,84.3,66,0.1,0.35,447.0
2020-06-25 11:00:00,86.4,61,0.1,0.38,458.0
2020-06-25 12:00:00,88.0,55,0.1,0.41,468.0
2020-06-25 13:00:00,85.0,91,2.1,0.13,177.0
2020-06-25 14:00:00,84.0,83,0.1,0.17,212.0
2020-06-25 15:00:00,84.7,71,0.0,0.3,383.0
2020-06-25 16:00:00,85.8,66,0.0,0.31,380.0
2020-06-25 17:00:00,86.4,65,0.0,0.25,291.0
2020-06-25 18:00:00,86.7,64,0.0,0.21,245.0
2020-06-25 19:00:00,83.9,80,0.0,0.1,145.0
2020-06-25 20:00:00,82.6,86,0.0,0.02,22.0
2020-06-25 21:00:00,81.2,92,0.0,0.0,0.0
2020-06-25 22:00:00,80.4,92,0.0,0.0,0.0
2020-06-25 23:00:00,79.5,90,0.0,0.0,0.0
2020-06-26 00:00:00,78.9,94,0.0,0.0,0.0
2020-06-26 01:00:00,78.3,94,0.0,0.0,0.0
2020-06-26 02:00:00,77.7,91,0.0,0.0,0.0
2020-06-26 03:00:00,77.4,91,0.0,0.0,0.0
2020-06-26 04:00:00,76.9,94,0.0,0.0,0.0
2020-06-26 05:00:00,76.7,97,0.0,0.0,0.0
2020-06-26 06:00:00,76.5,98,0.0,0.0,2.0
2020-06-26 07:00:00,77.9,91,0.0,0.04,62.0
2020-06-26 08:00:00,78.4,87,0.0,0.07,81.0
2020-06-26 09:00:00,79.5,81,0.0,0.17,217.0
2020-06-26 10:00:00,82.0,71,0.0,0.42,570.0
2020-06-26 11:00:00,84.6,61,0.0,0.58,775.0
2020-06-26 12:00:00,85.8,57,0.0,0.45,559.0
2020-06-26 13:00:00,86.7,53,0.0,0.42,526.0
2020-06-26 14:00:00,87.4,49,0.0,0.37,451.0
2020-06-26 15:00:00,87.7,46,0.0,0.35,406.0
2020-06-26 16:00:00,87.6,47,0.0,0.3,328.0
2020-06-26 17:00:00,87.3,49,0.0,0.24,257.0
2020-06-26 18:00:00,86.9,53,0.0,0.2,229.0
2020-06-26 19:00:00,86.0,73,0.0,0.1,95.0
2020-06-26 20:00:00,84.6,73,0.0,0.03,15.0
2020-06-26 21:00:00,83.3,83,0.0,0.0,0.0
2020-06-26 22:00:00,82.4,72,0.0,0.01,0.0
2020-06-26 23:00:00,81.7,71,0.0,0.0,0.0
2020-06-27 00:00:00,81.1,76,0.0,0.0,0.0
2020-06-27 01:00:00,80.3,84,0.0,0.0,0.0
2020-06-27 02:00:00,79.6,86,0.0,0.0,0.0
2020-06-27 03:00:00,78.9,91,0.0,0.0,0.0
2020-06-27 04:00:00,78.4,91,0.0,0.0,0.0
2020-06-27 05:00:00,77.9,92,0.0,0.0,0.0
2020-06-27 06:00:00,77.7,92,0.0,0.01,1.0
2020-06-27 07:00:00,78.4,85,0.0,0.06,64.0
2020-06-27 08:00:00,79.3,75,0.0,0.15,180.0
2020-06-27 09:00:00,80.6,69,0.0,0.23,284.0
2020-06-27 10:00:00,82.9,60,0.0,0.44,580.0
2020-06-27 11:00:00,85.6,54,0.0,0.57,739.0
2020-06-27 12:00:00,87.5,48,0.0,0.57,721.0
2020-06-27 13:00:00,89.4,43,0.0,0.67,818.0
2020-06-27 14:00:00,91.0,42,0.0,0.7,839.0
2020-06-27 15:00:00,90.4,50,0.1,0.42,431.0
2020-06-27 16:00:00,88.7,55,0.0,0.17,165.0
2020-06-27 17:00:00,87.8,55,0.0,0.17,164.0
2020-06-27 18:00:00,87.1,53,0.0,0.16,138.0
2020-06-27 19:00:00,82.9,66,0.0,0.11,93.0
2020-06-27 20:00:00,81.9,64,0.0,0.08,16.0
2020-06-27 21:00:00,81.1,68,0.0,0.04,0.0
2020-06-27 22:00:00,80.4,73,0.0,0.03,0.0
2020-06-27 23:00:00,79.9,78,0.0,0.02,0.0
2020-06-28 00:00:00,79.3,83,0.0,0.01,0.0
2020-06-28 01:00:00,78.8,88,0.0,0.0,0.0
2020-06-28 02:00:00,78.4,92,0.0,0.0,0.0
2020-06-28 03:00:00,78.2,94,0.0,0.0,0.0
2020-06-28 04:00:00,77.8,97,0.0,0.0,0.0
2020-06-28 05:00:00,77.6,97,0.0,0.0,0.0
2020-06-28 06:00:00,77.5,97,0.0,0.0,2.0
2020-06-28 07:00:00,78.5,93,0.0,0.05,82.0
2020-06-28 08:00:00,80.1,83,0.0,0.19,270.0
2020-06-28 09:00:00,82.1,69,0.0,0.34,460.0
2020-06-28 10:00:00,84.3,58,0.0,0.46,594.0
2020-06-28 11:00:00,86.3,49,0.0,0.57,709.0
2020-06-28 12:00:00,88.3,44,0.0,0.68,843.0
2020-06-28 13:00:00,90.1,41,0.0,0.74,870.0
2020-06-28 14:00:00,91.0,41,0.0,0.69,826.0
2020-06-28 15:00:00,91.4,40,0.0,0.64,724.0
2020-06-28 16:00:00,91.3,40,0.0,0.56,611.0
2020-06-28 17:00:00,90.9,42,0.0,0.45,468.0
2020-06-28 18:00:00,89.9,46,0.0,0.32,307.0
2020-06-28 19:00:00,88.7,55,0.0,0.19,148.0
2020-06-28 20:00:00,87.0,63,0.0,0.11,22.0
2020-06-28 21:00:00,85.4,78,0.0,0.04,0.0
2020-06-28 22:00:00,84.0,85,0.0,0.02,0.0
2020-06-28 23:00:00,82.9,89,0.0,0.01,0.0
2020-06-29 00:00:00,82.0,93,0.0,0.0,0.0
2020-06-29 01:00:00,81.2,96,0.0,0.0,0.0
2020-06-29 02:00:00,80.5,97,0.0,0.0,0.0
2020-06-29 03:00:00,80.1,98,0.0,0.0,0.0
2020-06-29 04:00:00,79.7,97,0.0,0.0,0.0
2020-06-29 05:00:00,79.5,97,0.0,0.0,0.0
2020-06-29 06:00:00,79.3,98,0.0,0.0,2.0
2020-06-29 07:00:00,81.1,91,0.1,0.05,76.0
2020-06-29 08:00:00,81.8,84,0.2,0.15,210.0
2020-06-29 09:00:00,82.9,80,0.2,0.24,334.0
2020-06-29 10:00:00,84.8,74,0.1,0.4,536.0
2020-06-29 11:00:00,86.9,61,0.1,0.51,668.0
2020-06-29 12:00:00,89.0,51,0.0,0.62,774.0
2020-06-29 13:00:00,91.0,46,0.0,0.68,844.0
2020-06-29 14:00:00,92.6,44,0.0,0.68,824.0
2020-06-29 15:00:00,93.4,46,0.0,0.6,698.0
2020-06-29 16:00:00,91.6,58,0.7,0.43,501.0
2020-06-29 17:00:00,91.4,53,0.0,0.43,489.0
2020-06-29 18:00:00,90.6,58,0.0,0.31,338.0
2020-06-29 19:00:00,90.1,58,0.0,0.17,135.0
2020-06-29 20:00:00,88.3,62,0.0,0.06,20.0
2020-06-29 21:00:00,86.5,65,0.0,0.06,0.0
2020-06-29 22:00:00,85.2,70,0.0,0.05,0.0
2020-06-29 23:00:00,84.1,76,0.0,0.03,0.0
2020-06-30 00:00:00,83.1,82,0.0,0.01,0.0
2020-06-30 01:00:00,82.2,87,0.0,0.01,0.0
2020-06-30 02:00:00,81.6,90,0.0,0.0,0.0
2020-06-30 03:00:00,81.0,93,0.0,0.0,0.0
2020-06-30 04:00:00,80.5,94,0.0,0.0,0.0
2020-06-30 05:00:00,80.1,95,0.0,0.0,0.0
2020-06-30 06:00:00,79.6,96,0.0,0.0,2.0
2020-06-30 07:00:00,81.2,85,0.0,0.06,85.0
2020-06-30 08:00:00,82.8,74,0.0,0.19,250.0
2020-06-30 09:00:00,85.3,59,0.0,0.36,454.0
2020-06-30 10:00:00,88.1,51,0.0,0.47,579.0
2020-06-30 11:00:00,91.1,45,0.0,0.59,729.0
2020-06-30 12:00:00,94.0,41,0.0,0.66,794.0
2020-06-30 13:00:00,96.7,38,0.0,0.78,915.0
2020-06-30 14:00:00,98.2,37,0.0,0.73,828.0
2020-06-30 15:00:00,97.3,64,0.6,0.51,667.0
2020-06-30 16:00:00,94.9,61,0.0,0.3,319.0
2020-06-30 17:00:00,93.6,63,0.1,0.26,297.0
2020-06-30 18:00:00,91.1,76,0.7,0.12,131.0
2020-06-30 19:00:00,89.0,68,0.0,0.07,65.0
2020-06-30 20:00:00,87.4,77,0.0,0.04,17.0
2020-06-30 21:00:00,86.1,79,0.0,0.02,0.0
2020-06-30 22:00:00,84.9,82,0.0,0.0,0.0
2020-06-30 23:00:00,83.8,86,0.0,0.0,0.0
2020-07-01 00:00:00,83.1,88,0.0,0.0,0.0
2020-07-01 01:00:00,82.3,92,0.0,0.0,0.0
2020-07-01 02:00:00,81.7,94,0.0,0.0,0.0
2020-07-01 03:00:00,81.1,97,0.0,0.0,0.0
2020-07-01 04:00:00,80.7,99,0.0,0.0,0.0
2020-07-01 05:00:00,80.4,99,0.0,0.0,0.0
2020-07-01 06:00:00,80.1,98,0.0,0.0,2.0
2020-07-01 07:00:00,79.3,88,0.0,0.06,82.0
2020-07-01 08:00:00,81.2,75,0.0,0.19,258.0
2020-07-01 09:00:00,84.1,63,0.0,0.36,461.0
2020-07-01 10:00:00,87.1,55,0.0,0.48,588.0
2020-07-01 11:00:00,90.1,51,0.0,0.58,695.0
2020-07-01 12:00:00,91.5,49,0.2,0.51,545.0
2020-07-01 13:00:00,90.3,68,0.9,0.38,470.0
2020-07-01 14:00:00,89.9,66,0.0,0.34,403.0
2020-07-01 15:00:00,88.3,72,0.6,0.24,272.0
2020-07-01 16:00:00,88.0,67,0.1,0.26,299.0
2020-07-01 17:00:00,87.9,66,0.0,0.25,275.0
2020-07-01 18:00:00,87.9,67,0.0,0.24,269.0
2020-07-01 19:00:00,81.1,88,0.0,0.09,143.0
2020-07-01 20:00:00,80.2,93,0.0,0.01,21.0
2020-07-01 21:00:00,79.5,92,0.0,0.0,0.0
2020-07-01 22:00:00,78.9,94,0.0,0.0,0.0
2020-07-01 23:00:00,78.4,94,0.0,0.0,0.0
2020-07-02 00:00:00,78.0,94,0.0,0.0,0.0
2020-07-02 01:00:00,77.5,94,0.0,0.0,0.0
2020-07-02 02:00:00,77.1,95,0.0,0.0,0.0
2020-07-02 03:00:00,76.6,96,0.0,0.0,0.0
2020-07-02 04:00:00,76.4,95,0.0,0.0,0.0
2020-07-02 05:00:00,76.4,94,0.0,0.0,0.0
2020-07-02 06:00:00,76.4,92,0.0,0.02,1.0
2020-07-02 07:00:00,74.8,87,0.0,0.04,24.0
2020-07-02 08:00:00,76.5,75,0.0,0.18,250.0
2020-07-02 09:00:00,78.6,63,0.0,0.34,472.0
2020-07-02 10:00:00,81.0,56,0.0,0.5,664.0
2020-07-02 11:00:00,83.3,52,0.0,0.61,801.0
2020-07-02 12:00:00,85.4,49,0.0,0.68,870.0
2020-07-02 13:00:00,87.0,44,0.0,0.67,836.0
2020-07-02 14:00:00,88.6,40,0.0,0.69,858.0
2020-07-02 15:00:00,89.9,38,0.0,0.67,823.0
2020-07-02 16:00:00,90.5,39,0.0,0.6,722.0
2020-07-02 17:00:00,90.1,45,0.0,0.47,504.0
2020-07-02 18:00:00,89.0,48,0.0,0.31,302.0
2020-07-02 19:00:00,87.2,66,0.0,0.13,140.0
2020-07-02 20:00:00,85.3,71,0.0,0.06,15.0
2020-07-02 21:00:00,83.8,74,0.0,0.02,0.0
2020-07-02 22:00:00,82.6,76,0.0,0.01,0.0
2020-07-02 23:00:00,81.7,77,0.0,0.02,0.0
2020-07-03 00:00:00,81.0,77,0.0,0.02,0.0
2020-07-03 01:00:00,80.3,81,0.0,0.01,0.0
2020-07-03 02:00:00,79.8,87,0.1,0.0,0.0
2020-07-03 03:00:00,79.3,91,0.1,0.0,0.0
2020-07-03 04:00:00,78.9,94,0.0,0.0,0.0
2020-07-03 05:00:00,78.5,92,0.0,0.0,0.0
2020-07-03 06:00:00,78.1,91,0.0,0.0,2.0
2020-07-03 07:00:00,79.5,79,0.0,0.05,73.0
2020-07-03 08:00:00,80.5,73,0.0,0.16,222.0
2020-07-03 09:00:00,82.0,69,0.0,0.26,354.0
2020-07-03 10:00:00,84.1,63,0.0,0.39,516.0
2020-07-03 11:00:00,86.6,57,0.0,0.56,735.0
2020-07-03 12:00:00,88.7,56,0.0,0.57,742.0
2020-07-03 13:00:00,90.6,54,0.0,0.63,814.0
2020-07-03 14:00:00,91.9,49,0.0,0.62,784.0
2020-07-03 15:00:00,92.9,44,0.0,0.58,749.0
2020-07-03 16:00:00,91.0,79,5.0,0.31,418.0
2020-07-03 17:00:00,87.4,87,1.1,0.17,221.0
2020-07-03 18:00:00,85.6,85,0.0,0.14,192.0
2020-07-03 19:00:00,87.9,66,0.1,0.12,96.0
2020-07-03 20:00:00,86.1,69,0.0,0.06,21.0
2020-07-03 21:00:00,84.5,75,0.0,0.03,0.0
2020-07-03 22:00:00,83.1,78,0.0,0.02,0.0
2020-07-03 23:00:00,82.0,81,0.0,0.01,0.0
2020-07-04 00:00:00,81.2,82,0.0,0.0,0.0
2020-07-04 01:00:00,80.4,85,0.0,0.0,0.0
2020-07-04 02:00:00,79.7,88,0.0,0.0,0.0
2020-07-04 03:00:00,79.1,89,0.0,0.0,0.0
2020-07-04 04:00:00,78.5,91,0.0,0.0,0.0
2020-07-04 05:00:00,78.0,93,0.0,0.0,0.0
2020-07-04 06:00:00,77.5,94,0.0,0.0,2.0
2020-07-04 07:00:00,77.0,89,0.0,0.05,74.0
2020-07-04 08:00:00,78.4,82,0.0,0.15,222.0
2020-07-04 09:00:00,80.7,73,0.0,0.3,428.0
2020-07-04 10:00:00,83.2,69,0.1,0.44,596.0
2020-07-04 11:00:00,85.4,67,0.1,0.49,660.0
2020-07-04 12:00:00,87.1,66,0.1,0.54,715.0
2020-07-04 13:00:00,88.3,59,0.0,0.53,665.0
2020-07-04 14:00:00,87.9,73,4.7,0.49,675.0
2020-07-04 15:00:00,86.7,74,1.7,0.34,451.0
2020-07-04 16:00:00,85.0,78,2.3,0.31,427.0
2020-07-04 17:00:00,84.2,81,0.1,0.14,173.0
2020-07-04 18:00:00,84.1,79,0.1,0.17,229.0
2020-07-04 19:00:00,81.9,87,0.0,0.08,113.0
2020-07-04 20:00:00,81.1,95,0.0,0.01,20.0
2020-07-04 21:00:00,80.2,96,0.0,0.0,0.0
2020-07-04 22:00:00,79.5,97,0.0,0.0,0.0
2020-07-04 23:00:00,79.0,97,0.0,0.0,0.0
2020-07-05 00:00:00,78.4,98,0.0,0.0,0.0
2020-07-05 01:00:00,77.9,99,0.0,0.0,0.0
2020-07-05 02:00:00,77.4,99,0.0,0.0,0.0
2020-07-05 03:00:00,77.0,100,0.0,0.0,0.0
2020-07-05 04:00:00,76.6,100,0.0,0.0,0.0
2020-07-05 05:00:00,76.5,100,0.0,0.0,0.0
2020-07-05 06:00:00,76.2,100,0.0,0.0,1.0
2020-07-05 07:00:00,76.9,92,0.0,0.04,59.0
2020-07-05 08:00:00,77.7,88,0.0,0.13,185.0
2020-07-05 09:00:00,79.4,83,0.1,0.28,411.0
2020-07-05 10:00:00,81.2,81,0.2,0.37,531.0
2020-07-05 11:00:00,82.8,70,0.2,0.4,534.0
2020-07-05 12:00:00,84.3,68,0.2,0.45,601.0
2020-07-05 13:00:00,82.6,95,9.6,0.25,390.0
2020-07-05 14:00:00,81.6,89,0.7,0.26,369.0
2020-07-05 15:00:00,82.0,86,0.4,0.33,459.0
2020-07-05 16:00:00,82.6,82,0.5,0.3,427.0
2020-07-05 17:00:00,82.0,82,1.5,0.26,360.0
2020-07-05 18:00:00,81.6,81,0.1,0.14,183.0
2020-07-05 19:00:00,81.3,95,2.1,0.07,95.0
2020-07-05 20:00:00,80.4,97,0.0,0.01,13.0
2020-07-05 21:00:00,79.8,96,0.0,0.0,0.0
2020-07-05 22:00:00,79.2,96,0.0,0.0,0.0
2020-07-05 23:00:00,78.6,96,0.0,0.0,0.0
2020-07-06 00:00:00,78.1,96,0.0,0.0,0.0
2020-07-06 01:00:00,77.6,97,0.0,0.0,0.0
2020-07-06 02:00:00,77.3,98,0.0,0.0,0.0
2020-07-06 03:00:00,76.9,96,0.2,0.0,0.0
2020-07-06 04:00:00,76.6,96,0.1,0.0,0.0
2020-07-06 05:00:00,76.4,96,0.1,0.0,0.0
2020-07-06 06:00:00,76.3,95,0.0,0.01,1.0
2020-07-06 07:00:00,76.6,97,0.0,0.03,34.0
2020-07-06 08:00:00,77.1,91,0.0,0.12,176.0
2020-07-06 09:00:00,78.2,89,0.1,0.21,313.0
2020-07-06 10:00:00,79.6,86,0.3,0.29,413.0
2020-07-06 11:00:00,81.3,83,0.4,0.39,549.0
2020-07-06 12:00:00,82.7,72,0.5,0.43,574.0
2020-07-06 13:00:00,82.2,84,6.4,0.31,416.0
2020-07-06 14:00:00,81.8,82,4.7,0.34,496.0
2020-07-06 15:00:00,81.0,89,0.7,0.23,335.0
2020-07-06 16:00:00,80.4,93,0.4,0.13,183.0
2020-07-06 17:00:00,80.2,91,2.3,0.15,214.0
2020-07-06 18:00:00,79.7,93,0.3,0.13,190.0
2020-07-06 19:00:00,78.9,84,1.5,0.07,70.0
2020-07-06 20:00:00,78.3,91,0.0,0.03,18.0
2020-07-06 21:00:00,77.7,91,0.0,0.0,0.0
2020-07-06 22:00:00,77.3,93,0.0,0.0,0.0
2020-07-06 23:00:00,76.8,95,0.0,0.0,0.0
2020-07-07 00:00:00,76.4,96,0.0,0.0,0.0
2020-07-07 01:00:00,76.2,97,0.0,0.0,0.0
2020-07-07 02:00:00,76.0,96,0.4,0.0,0.0
2020-07-07 03:00:00,75.7,99,0.9,0.0,0.0
2020-07-07 04:00:00,75.6,99,0.1,0.0,0.0
2020-07-07 05:00:00,75.5,97,0.1,0.0,0.0
2020-07-07 06:00:00,75.3,98,0.0,0.0,1.0
2020-07-07 07:00:00,77.2,97,0.0,0.03,41.0
2020-07-07 08:00:00,77.4,96,0.2,0.1,159.0
2020-07-07 09:00:00,77.7,88,1.9,0.19,297.0
2020-07-07 10:00:00,78.1,93,1.0,0.23,357.0
2020-07-07 11:00:00,78.7,86,3.8,0.26,401.0
2020-07-07 12:00:00,78.4,91,0.5,0.18,274.0
2020-07-07 13:00:00,78.8,89,0.4,0.23,338.0
2020-07-07 14:00:00,78.8,90,3.2,0.26,409.0
2020-07-07 15:00:00,79.2,88,0.1,0.22,326.0
2020-07-07 16:00:00,79.5,88,1.0,0.28,431.0
2020-07-07 17:00:00,79.7,88,0.1,0.22,337.0
2020-07-07 18:00:00,78.8,94,2.2,0.11,171.0
2020-07-07 19:00:00,79.0,88,0.1,0.07,58.0
2020-07-07 20:00:00,78.4,91,0.1,0.03,11.0
2020-07-07 21:00:00,77.9,93,0.1,0.0,0.0
2020-07-07 22:00:00,77.5,93,0.0,0.0,0.0
2020-07-07 23:00:00,77.1,94,0.0,0.0,0.0
2020-07-08 00:00:00,76.8,96,0.0,0.0,0.0
2020-07-08 01:00:00,76.6,96,0.0,0.0,0.0
2020-07-08 02:00:00,76.5,96,0.0,0.0,0.0
2020-07-08 03:00:00,76.3,96,0.0,0.0,0.0
2020-07-08 04:00:00,76.1,97,0.0,0.0,0.0
2020-07-08 05:00:00,75.9,97,0.0,0.0,0.0
2020-07-08 06:00:00,75.7,98,0.0,0.0,1.0
2020-07-08 07:00:00,76.6,95,0.0,0.04,67.0
2020-07-08 08:00:00,77.1,88,0.0,0.14,223.0
2020-07-08 09:00:00,78.3,80,0.0,0.25,359.0
2020-07-08 10:00:00,79.5,78,0.0,0.29,400.0
2020-07-08 11:00:00,81.1,74,0.3,0.42,583.0
2020-07-08 12:00:00,82.5,71,0.4,0.52,722.0
2020-07-08 13:00:00,83.7,67,0.0,0.52,699.0
2020-07-08 14:00:00,85.0,62,0.0,0.6,797.0
2020-07-08 15:00:00,85.8,59,0.0,0.57,737.0
2020-07-08 16:00:00,86.1,58,0.0,0.5,615.0
2020-07-08 17:00:00,85.9,58,0.0,0.42,504.0
2020-07-08 18:00:00,85.3,64,0.0,0.27,310.0
2020-07-08 19:00:00,84.3,78,0.0,0.11,127.0
2020-07-08 20:00:00,82.2,87,1.3,0.03,18.0
2020-07-08 21:00:00,80.4,97,0.4,0.0,0.0
2020-07-08 22:00:00,79.3,93,0.1,0.0,0.0
2020-07-08 23:00:00,78.5,93,0.0,0.0,0.0
2020-07-09 00:00:00,77.8,94,0.0,0.0,0.0
2020-07-09 01:00:00,77.3,95,0.0,0.0,0.0
2020-07-09 02:00:00,76.7,96,0.0,0.0,0.0
2020-07-09 03:00:00,76.3,97,0.0,0.0,0.0
2020-07-09 04:00:00,75.9,98,0.0,0.0,0.0
2020-07-09 05:00:00,75.6,98,0.0,0.0,0.0
2020-07-09 06:00:00,75.3,98,0.0,0.0,1.0
2020-07-09 07:00:00,76.1,92,0.0,0.04,71.0
2020-07-09 08:00:00,77.0,85,0.0,0.15,221.0
2020-07-09 09:00:00,78.6,78,0.0,0.27,395.0
2020-07-09 10:00:00,79.6,77,0.1,0.26,344.0
2020-07-09 11:00:00,81.1,72,0.0,0.42,572.0
2020-07-09 12:00:00,82.9,72,0.1,0.49,664.0
2020-07-09 13:00:00,84.7,71,0.1,0.58,794.0
2020-07-09 14:00:00,85.7,72,0.2,0.53,724.0
2020-07-09 15:00:00,86.1,71,0.1,0.48,647.0
2020-07-09 16:00:00,86.5,67,0.0,0.46,600.0
2020-07-09 17:00:00,86.5,66,0.0,0.41,529.0
2020-07-09 18:00:00,86.0,67,0.0,0.27,326.0
2020-07-09 19:00:00,85.0,74,0.2,0.11,133.0
2020-07-09 20:00:00,83.7,79,0.0,0.05,22.0
2020-07-09 21:00:00,82.5,86,0.0,0.01,0.0
2020-07-09 22:00:00,81.5,90,0.0,0.0,0.0
2020-07-09 23:00:00,80.6,93,0.0,0.0,0.0
2020-07-10 00:00:00,80.0,93,0.0,0.0,0.0
2020-07-10 01:00:00,79.5,93,0.2,0.0,0.0
2020-07-10 02:00:00,79.1,94,0.0,0.0,0.0
2020-07-10 03:00:00,78.8,96,0.0,0.0,0.0
2020-07-10 04:00:00,78.5,96,0.0,0.0,0.0
2020-07-10 05:00:00,78.3,94,0.0,0.0,0.0
2020-07-10 06:00:00,78.0,94,0.0,0.01,1.0
2020-07-10 07:00:00,80.4,92,0.0,0.05,64.0
2020-07-10 08:00:00,80.4,87,0.2,0.14,192.0
2020-07-10 09:00:00,81.3,78,0.0,0.28,391.0
2020-07-10 10:00:00,83.0,73,0.0,0.44,603.0
2020-07-10 11:00:00,84.9,69,0.0,0.56,749.0
2020-07-10 12:00:00,86.7,66,0.0,0.63,831.0
2020-07-10 13:00:00,88.0,60,0.0,0.64,824.0
2020-07-10 14:00:00,88.8,57,0.0,0.62,776.0
2020-07-10 15:00:00,89.2,57,0.0,0.56,675.0
2020-07-10 16:00:00,89.1,68,0.3,0.47,608.0
2020-07-10 17:00:00,88.1,70,0.0,0.33,410.0
2020-07-10 18:00:00,87.3,71,0.0,0.24,298.0
2020-07-10 19:00:00,86.7,74,0.0,0.13,139.0
2020-07-10 20:00:00,85.1,79,0.0,0.04,22.0
2020-07-10 21:00:00,83.7,81,0.0,0.01,0.0
2020-07-10 22:00:00,82.6,83,0.0,0.01,0.0
2020-07-10 23:00:00,81.9,83,0.0,0.01,0.0
2020-07-11 00:00:00,81.4,83,0.0,0.02,0.0
2020-07-11 01:00:00,80.9,84,0.0,0.02,0.0
2020-07-11 02:00:00,80.4,86,0.0,0.01,0.0
2020-07-11 03:00:00,80.1,89,0.0,0.01,0.0
2020-07-11 04:00:00,79.6,92,0.0,0.0,0.0
2020-07-11 05:00:00,79.3,94,0.0,0.0,0.0
2020-07-11 06:00:00,79.0,96,0.0,0.0,1.0
2020-07-11 07:00:00,81.8,89,0.0,0.05,75.0
2020-07-11 08:00:00,82.2,80,0.0,0.16,208.0
2020-07-11 09:00:00,83.4,71,0.0,0.32,428.0
2020-07-11 10:00:00,85.1,63,0.0,0.49,640.0
2020-07-11 11:00:00,86.7,59,0.0,0.59,758.0
2020-07-11 12:00:00,88.0,56,0.0,0.61,763.0
2020-07-11 13:00:00,89.2,52,0.0,0.7,868.0
2020-07-11 14:00:00,90.5,47,0.0,0.76,943.0
2020-07-11 15:00:00,91.1,40,0.0,0.7,822.0
2020-07-11 16:00:00,91.4,36,0.0,0.64,741.0
2020-07-11 17:00:00,91.1,34,0.0,0.49,574.0
2020-07-11 18:00:00,90.4,42,0.0,0.31,374.0
2020-07-11 19:00:00,88.8,59,0.0,0.15,175.0
2020-07-11 20:00:00,86.4,58,0.0,0.06,25.0
2020-07-11 21:00:00,84.2,67,0.0,0.04,0.0
2020-07-11 22:00:00,82.5,67,0.0,0.02,0.0
2020-07-11 23:00:00,81.1,69,0.0,0.02,0.0
2020-07-12 00:00:00,79.9,73,0.0,0.02,0.0
2020-07-12 01:00:00,78.9,71,0.0,0.02,0.0
2020-07-12 02:00:00,77.8,72,0.0,0.02,0.0
2020-07-12 03:00:00,76.9,68,0.0,0.02,0.0
2020-07-12 04:00:00,76.1,69,0.0,0.02,0.0
2020-07-12 05:00:00,75.3,77,0.0,0.01,0.0
2020-07-12 06:00:00,74.7,76,0.0,0.01,1.0
2020-07-12 07:00:00,74.3,76,0.0,0.06,79.0
2020-07-12 08:00:00,76.1,70,0.0,0.17,262.0
2020-07-12 09:00:00,78.6,63,0.0,0.33,464.0
2020-07-12 10:00:00,81.5,54,0.0,0.48,643.0
2020-07-12 11:00:00,84.4,47,0.0,0.6,801.0
2020-07-12 12:00:00,86.8,45,0.0,0.69,902.0
2020-07-12 13:00:00,88.9,42,0.0,0.75,965.0
2020-07-12 14:00:00,90.6,40,0.0,0.74,949.0
2020-07-12 15:00:00,91.7,39,0.0,0.69,871.0
2020-07-12 16:00:00,92.1,38,0.0,0.61,742.0
2020-07-12 17:00:00,91.7,41,0.0,0.46,544.0
2020-07-12 18:00:00,90.6,46,0.0,0.33,315.0
2020-07-12 19:00:00,88.8,57,0.0,0.18,151.0
2020-07-12 20:00:00,87.0,64,0.2,0.11,16.0
2020-07-12 21:00:00,85.0,73,0.3,0.06,0.0
2020-07-12 22:00:00,82.9,84,0.5,0.02,0.0
2020-07-12 23:00:00,81.2,92,0.1,0.0,0.0
2020-07-13 00:00:00,80.2,94,0.0,0.0,0.0
2020-07-13 01:00:00,79.5,93,0.1,0.0,0.0
2020-07-13 02:00:00,79.0,93,0.3,0.0,0.0
2020-07-13 03:00:00,78.4,96,0.9,0.0,0.0
2020-07-13 04:00:00,77.7,96,2.5,0.0,0.0
2020-07-13 05:00:00,77.1,97,1.8,0.0,0.0
2020-07-13 06:00:00,76.7,98,0.5,0.0,1.0
2020-07-13 07:00:00,76.6,94,0.0,0.03,52.0
2020-07-13 08:00:00,77.8,87,0.0,0.15,224.0
2020-07-13 09:00:00,79.4,78,0.0,0.24,335.0
2020-07-13 10:00:00,81.0,72,0.0,0.26,335.0
2020-07-13 11:00:00,82.9,67,0.0,0.35,439.0
2020-07-13 12:00:00,85.1,63,0.1,0.51,659.0
2020-07-13 13:00:00,87.4,60,0.0,0.64,826.0
2020-07-13 14:00:00,89.2,57,0.0,0.63,793.0
2020-07-13 15:00:00,90.1,53,0.0,0.58,712.0
2020-07-13 16:00:00,90.1,63,0.2,0.45,549.0
2020-07-13 17:00:00,89.7,56,0.0,0.36,416.0
2020-07-13 18:00:00,88.9,68,0.0,0.25,272.0
2020-07-13 19:00:00,87.3,73,0.0,0.15,158.0
2020-07-13 20:00:00,85.7,82,0.0,0.04,23.0
2020-07-13 21:00:00,84.4,87,0.0,0.01,0.0
2020-07-13 22:00:00,83.3,90,0.0,0.0,0.0
2020-07-13 23:00:00,82.5,93,0.0,0.0,0.0
2020-07-14 00:00:00,81.8,96,0.0,0.0,0.0
2020-07-14 01:00:00,81.2,97,0.0,0.0,0.0
2020-07-14 02:00:00,80.8,98,0.0,0.0,0.0
2020-07-14 03:00:00,80.5,99,0.0,0.0,0.0
2020-07-14 04:00:00,80.2,99,0.0,0.0,0.0
2020-07-14 05:00:00,79.8,99,0.0,0.0,0.0
2020-07-14 06:00:00,79.4,98,0.0,0.0,1.0
2020-07-14 07:00:00,80.5,95,0.0,0.04,70.0
2020-07-14 08:00:00,81.5,89,0.1,0.14,196.0
2020-07-14 09:00:00,83.0,85,0.1,0.25,341.0
2020-07-14 10:00:00,84.7,72,0.1,0.36,483.0
2020-07-14 11:00:00,86.5,69,0.1,0.45,594.0
2020-07-14 12:00:00,88.3,61,0.0,0.59,764.0
2020-07-14 13:00:00,89.9,54,0.0,0.61,773.0
2020-07-14 14:00:00,91.1,51,0.0,0.63,783.0
2020-07-14 15:00:00,91.5,55,0.0,0.51,612.0
2020-07-14 16:00:00,90.5,68,0.4,0.38,478.0
2020-07-14 17:00:00,89.4,70,0.4,0.31,383.0
2020-07-14 18:00:00,88.3,72,0.0,0.21,239.0
2020-07-14 19:00:00,87.3,76,0.0,0.1,97.0
2020-07-14 20:00:00,85.8,82,0.0,0.04,15.0
2020-07-14 21:00:00,84.6,90,0.0,0.0,0.0
2020-07-14 22:00:00,83.5,93,0.0,0.0,0.0
2020-07-14 23:00:00,82.5,97,0.0,0.0,0.0
2020-07-15 00:00:00,81.7,98,0.0,0.0,0.0
2020-07-15 01:00:00,81.1,99,0.0,0.0,0.0
2020-07-15 02:00:00,80.6,99,0.0,0.0,0.0
2020-07-15 03:00:00,80.2,100,0.0,0.0,0.0
2020-07-15 04:00:00,80.0,99,0.0,0.0,0.0
2020-07-15 05:00:00,79.9,99,0.0,0.0,0.0
2020-07-15 06:00:00,79.7,99,0.0,0.01,0.0
2020-07-15 07:00:00,80.1,98,0.0,0.03,49.0
2020-07-15 08:00:00,80.4,92,0.0,0.1,136.0
2020-07-15 09:00:00,81.2,90,0.1,0.17,236.0
2020-07-15 10:00:00,82.5,87,0.1,0.26,348.0
2020-07-15 11:00:00,84.5,80,0.1,0.4,540.0
2020-07-15 12:00:00,86.8,76,0.2,0.52,699.0
2020-07-15 13:00:00,88.2,70,0.2,0.48,627.0
2020-07-15 14:00:00,88.6,67,0.1,0.45,579.0
2020-07-15 15:00:00,89.9,62,0.0,0.56,724.0
2020-07-15 16:00:00,90.4,64,0.0,0.47,603.0
2020-07-15 17:00:00,88.9,76,1.0,0.33,458.0
2020-07-15 18:00:00,87.8,75,0.0,0.23,294.0
2020-07-15 19:00:00,85.3,80,0.0,0.1,133.0
2020-07-15 20:00:00,83.8,86,0.0,0.02,18.0
2020-07-15 21:00:00,82.5,89,0.0,0.0,0.0
2020-07-15 22:00:00,81.3,92,0.0,0.0,0.0
2020-07-15 23:00:00,80.4,95,0.0,0.0,0.0
2020-07-16 00:00:00,79.5,96,0.0,0.0,0.0
2020-07-16 01:00:00,78.7,97,0.0,0.0,0.0
2020-07-16 02:00:00,77.9,99,0.0,0.0,0.0
2020-07-16 03:00:00,77.3,100,0.0,0.0,0.0
2020-07-16 04:00:00,76.6,100,0.0,0.0,0.0
2020-07-16 05:00:00,76.3,100,0.0,0.0,0.0
2020-07-16 06:00:00,76.1,100,0.0,0.01,0.0
2020-07-16 07:00:00,75.6,94,0.0,0.03,57.0
2020-07-16 08:00:00,77.2,85,0.0,0.16,237.0
2020-07-16 09:00:00,79.4,78,0.0,0.31,444.0
2020-07-16 10:00:00,82.1,69,0.0,0.46,636.0
2020-07-16 11:00:00,84.7,63,0.0,0.58,771.0
2020-07-16 12:00:00,87.1,60,0.0,0.65,853.0
2020-07-16 13:00:00,88.9,58,0.0,0.66,842.0
2020-07-16 14:00:00,90.1,57,0.0,0.61,769.0
2020-07-16 15:00:00,91.0,56,0.0,0.57,709.0
2020-07-16 16:00:00,91.0,61,0.0,0.45,560.0
2020-07-16 17:00:00,88.3,76,3.3,0.31,418.0
2020-07-16 18:00:00,87.2,73,0.0,0.19,248.0
2020-07-16 19:00:00,86.6,84,0.0,0.08,99.0
2020-07-16 20:00:00,85.1,90,0.0,0.02,16.0
2020-07-16 21:00:00,83.6,95,0.0,0.0,0.0
2020-07-16 22:00:00,82.4,95,0.0,0.0,0.0
2020-07-16 23:00:00,81.3,97,0.0,0.0,0.0
2020-07-17 00:00:00,80.4,98,0.0,0.0,0.0
2020-07-17 01:00:00,79.7,99,0.0,0.0,0.0
2020-07-17 02:00:00,79.0,98,0.0,0.0,0.0
2020-07-17 03:00:00,78.5,93,0.0,0.0,0.0
2020-07-17 04:00:00,78.0,85,0.0,0.01,0.0
2020-07-17 05:00:00,77.4,86,0.0,0.0,0.0
2020-07-17 06:00:00,76.6,89,0.0,0.02,0.0
2020-07-17 07:00:00,78.2,85,0.0,0.05,70.0
2020-07-17 08:00:00,79.2,77,0.0,0.18,250.0
2020-07-17 09:00:00,81.0,72,0.0,0.33,453.0
2020-07-17 10:00:00,83.3,66,0.0,0.48,643.0
2020-07-17 11:00:00,85.6,55,0.0,0.61,792.0
2020-07-17 12:00:00,87.5,49,0.0,0.66,823.0
2020-07-17 13:00:00,89.1,44,0.0,0.7,844.0
2020-07-17 14:00:00,90.3,41,0.0,0.71,849.0
2020-07-17 15:00:00,91.0,42,0.0,0.64,739.0
2020-07-17 16:00:00,91.0,43,0.0,0.5,554.0
2020-07-17 17:00:00,90.7,43,0.0,0.44,471.0
2020-07-17 18:00:00,90.0,45,0.0,0.3,311.0
2020-07-17 19:00:00,88.9,52,0.0,0.19,145.0
2020-07-17 20:00:00,87.1,55,0.0,0.09,19.0
2020-07-17 21:00:00,85.6,59,0.0,0.06,0.0
2020-07-17 22:00:00,84.3,64,0.0,0.03,0.0
2020-07-17 23:00:00,83.1,72,0.0,0.02,0.0
2020-07-18 00:00:00,82.0,75,0.0,0.01,0.0
2020-07-18 01:00:00,81.1,79,0.0,0.01,0.0
2020-07-18 02:00:00,80.3,83,0.0,0.0,0.0
2020-07-18 03:00:00,79.7,86,0.0,0.0,0.0
2020-07-18 04:00:00,79.1,89,0.0,0.0,0.0
2020-07-18 05:00:00,78.4,92,0.0,0.0,0.0
2020-07-18 06:00:00,78.0,93,0.0,0.02,0.0
2020-07-18 07:00:00,79.5,83,0.0,0.05,68.0
2020-07-18 08:00:00,80.8,76,0.0,0.18,246.0
2020-07-18 09:00:00,82.9,65,0.0,0.33,450.0
2020-07-18 10:00:00,85.5,57,0.0,0.49,641.0
2020-07-18 11:00:00,87.7,50,0.0,0.59,736.0
2020-07-18 12:00:00,89.6,45,0.0,0.67,816.0
2020-07-18 13:00:00,91.1,43,0.0,0.69,823.0
2020-07-18 14:00:00,92.3,39,0.0,0.69,816.0
2020-07-18 15:00:00,93.2,36,0.0,0.65,771.0
2020-07-18 16:00:00,93.7,34,0.0,0.56,666.0
2020-07-18 17:00:00,93.3,35,0.0,0.43,466.0
2020-07-18 18:00:00,92.4,41,0.0,0.35,332.0
2020-07-18 19:00:00,91.0,47,0.0,0.16,150.0
2020-07-18 20:00:00,88.7,61,0.0,0.05,18.0
2020-07-18 21:00:00,86.6,72,0.0,0.01,0.0
2020-07-18 22:00:00,84.9,81,0.0,0.0,0.0
2020-07-18 23:00:00,83.7,88,0.0,0.0,0.0
2020-07-19 00:00:00,82.5,92,0.0,0.0,0.0
2020-07-19 01:00:00,81.6,94,0.0,0.0,0.0
2020-07-19 02:00:00,80.9,94,0.0,0.0,0.0
2020-07-19 03:00:00,80.2,94,0.0,0.0,0.0
2020-07-19 04:00:00,79.7,96,0.0,0.0,0.0
2020-07-19 05:00:00,79.2,96,0.0,0.0,0.0
2020-07-19 06:00:00,78.7,95,0.0,0.01,0.0
2020-07-19 07:00:00,80.4,86,0.0,0.05,65.0
2020-07-19 08:00:00,80.5,86,1.1,0.12,176.0
2020-07-19 09:00:00,81.3,80,0.2,0.23,323.0
2020-07-19 10:00:00,83.4,71,0.1,0.39,528.0
2020-07-19 11:00:00,86.1,65,0.0,0.5,655.0
2020-07-19 12:00:00,88.9,57,0.0,0.63,810.0
2020-07-19 13:00:00,91.0,51,0.0,0.66,825.0
2020-07-19 14:00:00,92.8,44,0.0,0.66,808.0
2020-07-19 15:00:00,93.6,41,0.0,0.58,686.0
2020-07-19 16:00:00,94.0,41,0.0,0.55,616.0
2020-07-19 17:00:00,92.5,68,0.1,0.31,359.0
2020-07-19 18:00:00,91.0,65,0.0,0.23,243.0
2020-07-19 19:00:00,91.8,78,0.0,0.12,129.0
2020-07-19 20:00:00,89.1,86,0.0,0.04,14.0
2020-07-19 21:00:00,86.9,89,0.0,0.0,0.0
2020-07-19 22:00:00,85.3,91,0.0,0.0,0.0
2020-07-19 23:00:00,84.0,93,0.0,0.0,0.0
2020-07-20 00:00:00,82.9,97,0.0,0.0,0.0
2020-07-20 01:00:00,82.0,98,0.0,0.0,0.0
2020-07-20 02:00:00,81.1,99,0.0,0.0,0.0
2020-07-20 03:00:00,80.2,100,0.0,0.0,0.0
2020-07-20 04:00:00,79.7,100,0.0,0.0,0.0
2020-07-20 05:00:00,79.3,100,0.0,0.0,0.0
2020-07-20 06:00:00,78.9,100,0.0,0.01,0.0
2020-07-20 07:00:00,80.5,95,0.0,0.03,55.0
2020-07-20 08:00:00,81.3,84,0.1,0.13,184.0
2020-07-20 09:00:00,83.1,75,0.0,0.27,365.0
2020-07-20 10:00:00,86.0,61,0.0,0.44,574.0
2020-07-20 11:00:00,88.8,54,0.2,0.59,748.0
2020-07-20 12:00:00,90.7,52,0.2,0.58,719.0
2020-07-20 13:00:00,92.6,51,0.0,0.61,743.0
2020-07-20 14:00:00,94.3,47,0.0,0.64,780.0
2020-07-20 15:00:00,95.5,44,0.0,0.61,729.0
2020-07-20 16:00:00,95.1,62,0.3,0.46,554.0
2020-07-20 17:00:00,92.8,66,0.7,0.31,367.0
2020-07-20 18:00:00,90.0,72,0.4,0.18,210.0
2020-07-20 19:00:00,92.1,85,0.0,0.09,99.0
2020-07-20 20:00:00,89.4,88,0.0,0.02,15.0
2020-07-20 21:00:00,87.4,90,0.0,0.0,0.0
2020-07-20 22:00:00,85.9,91,0.0,0.0,0.0
2020-07-20 23:00:00,84.7,95,0.0,0.0,0.0
2020-07-21 00:00:00,83.7,97,0.0,0.0,0.0
2020-07-21 01:00:00,82.7,99,0.0,0.0,0.0
2020-07-21 02:00:00,82.0,100,0.0,0.0,0.0
2020-07-21 03:00:00,81.4,100,0.0,0.0,0.0
2020-07-21 04:00:00,80.9,100,0.0,0.0,0.0
2020-07-21 05:00:00,80.4,100,0.0,0.0,0.0
2020-07-21 06:00:00,80.1,100,0.0,0.01,0.0
2020-07-21 07:00:00,80.4,92,0.0,0.03,48.0
2020-07-21 08:00:00,82.0,73,0.0,0.17,239.0
2020-07-21 09:00:00,84.6,60,0.0,0.33,440.0
2020-07-21 10:00:00,87.4,55,0.0,0.47,600.0
2020-07-21 11:00:00,90.3,50,0.0,0.59,739.0
2020-07-21 12:00:00,92.2,50,0.2,0.61,738.0
2020-07-21 13:00:00,93.2,51,0.4,0.62,776.0
2020-07-21 14:00:00,94.5,46,0.0,0.59,715.0
2020-07-21 15:00:00,95.8,45,0.0,0.61,736.0
2020-07-21 16:00:00,95.7,49,0.3,0.5,542.0
2020-07-21 17:00:00,94.1,49,0.1,0.32,363.0
2020-07-21 18:00:00,93.2,48,0.0,0.24,266.0
2020-07-21 19:00:00,90.7,69,0.2,0.12,127.0
2020-07-21 20:00:00,88.8,75,0.0,0.03,16.0
2020-07-21 21:00:00,87.0,84,0.0,0.0,0.0
2020-07-21 22:00:00,85.6,83,0.0,0.0,0.0
2020-07-21 23:00:00,84.5,84,0.0,0.02,0.0
2020-07-22 00:00:00,83.7,87,0.0,0.01,0.0
2020-07-22 01:00:00,82.9,85,0.0,0.01,0.0
2020-07-22 02:00:00,82.1,83,0.0,0.01,0.0
2020-07-22 03:00:00,81.5,86,0.0,0.0,0.0
2020-07-22 04:00:00,80.8,90,0.0,0.0,0.0
2020-07-22 05:00:00,80.2,93,0.0,0.0,0.0
2020-07-22 06:00:00,79.6,95,0.0,0.01,0.0
2020-07-22 07:00:00,78.3,86,0.0,0.05,62.0
2020-07-22 08:00:00,80.1,75,0.0,0.17,231.0
2020-07-22 09:00:00,82.5,67,0.0,0.32,426.0
2020-07-22 10:00:00,85.4,58,0.0,0.49,629.0
2020-07-22 11:00:00,88.3,48,0.0,0.62,770.0
2020-07-22 12:00:00,91.0,43,0.0,0.71,855.0
2020-07-22 13:00:00,93.2,39,0.0,0.77,896.0
2020-07-22 14:00:00,94.7,37,0.0,0.73,801.0
2020-07-22 15:00:00,95.5,37,0.0,0.68,733.0
2020-07-22 16:00:00,95.6,40,0.0,0.56,601.0
2020-07-22 17:00:00,94.0,54,0.2,0.36,386.0
2020-07-22 18:00:00,92.8,53,0.0,0.27,261.0
2020-07-22 19:00:00,91.1,82,0.1,0.11,141.0
2020-07-22 20:00:00,87.6,75,0.0,0.05,15.0
2020-07-22 21:00:00,85.1,77,0.0,0.02,0.0
2020-07-22 22:00:00,83.2,80,0.0,0.02,0.0
2020-07-22 23:00:00,81.9,80,0.0,0.02,0.0
2020-07-23 00:00:00,80.9,83,0.0,0.02,0.0
2020-07-23 01:00:00,80.2,82,0.0,0.02,0.0
2020-07-23 02:00:00,79.6,82,0.0,0.02,0.0
2020-07-23 03:00:00,79.3,86,0.0,0.01,0.0
2020-07-23 04:00:00,79.0,90,0.0,0.0,0.0
2020-07-23 05:00:00,78.7,93,0.0,0.0,0.0
2020-07-23 06:00:00,78.5,95,0.0,0.02,0.0
2020-07-23 07:00:00,80.4,87,0.0,0.05,52.0
2020-07-23 08:00:00,81.5,78,0.0,0.17,210.0
2020-07-23 09:00:00,83.3,70,0.1,0.3,385.0
2020-07-23 10:00:00,85.2,64,0.3,0.42,534.0
2020-07-23 11:00:00,87.3,57,0.2,0.52,638.0
2020-07-23 12:00:00,87.8,59,0.6,0.44,510.0
2020-07-23 13:00:00,87.8,71,2.0,0.52,724.0
2020-07-23 14:00:00,89.3,56,0.1,0.62,778.0
2020-07-23 15:00:00,91.0,51,0.0,0.62,753.0
2020-07-23 16:00:00,91.9,53,0.2,0.51,618.0
2020-07-23 17:00:00,89.3,83,7.7,0.22,288.0
2020-07-23 18:00:00,85.9,91,3.4,0.12,171.0
2020-07-23 19:00:00,83.4,92,0.1,0.05,55.0
2020-07-23 20:00:00,81.7,90,0.0,0.03,8.0
2020-07-23 21:00:00,80.5,89,0.0,0.0,0.0
2020-07-23 22:00:00,79.7,91,0.0,0.0,0.0
2020-07-23 23:00:00,79.2,92,0.1,0.0,0.0
2020-07-24 00:00:00,78.8,93,0.0,0.0,0.0
2020-07-24 01:00:00,78.4,94,0.0,0.0,0.0
2020-07-24 02:00:00,78.0,96,0.0,0.0,0.0
2020-07-24 03:00:00,77.6,97,0.0,0.0,0.0
2020-07-24 04:00:00,77.5,97,0.0,0.0,0.0
2020-07-24 05:00:00,77.3,97,0.0,0.0,0.0
2020-07-24 06:00:00,77.2,97,0.0,0.01,0.0
2020-07-24 07:00:00,77.4,94,0.0,0.03,48.0
2020-07-24 08:00:00,78.1,86,0.0,0.13,177.0
2020-07-24 09:00:00,79.5,77,0.0,0.26,359.0
2020-07-24 10:00:00,81.5,69,0.0,0.4,539.0
2020-07-24 11:00:00,83.7,61,0.0,0.53,691.0
2020-07-24 12:00:00,85.8,54,0.0,0.64,821.0
2020-07-24 13:00:00,87.7,51,0.0,0.67,840.0
2020-07-24 14:00:00,89.2,49,0.0,0.68,838.0
2020-07-24 15:00:00,90.0,50,0.0,0.6,723.0
2020-07-24 16:00:00,90.1,50,0.0,0.48,552.0
2020-07-24 17:00:00,89.8,50,0.0,0.39,454.0
2020-07-24 18:00:00,88.6,52,0.0,0.18,190.0
2020-07-24 19:00:00,84.9,84,0.0,0.07,79.0
2020-07-24 20:00:00,83.3,91,0.0,0.01,10.0
2020-07-24 21:00:00,82.0,93,0.0,0.0,0.0
2020-07-24 22:00:00,80.9,97,0.0,0.0,0.0
2020-07-24 23:00:00,80.1,97,0.0,0.0,0.0
2020-07-25 00:00:00,79.5,96,0.0,0.0,0.0
2020-07-25 01:00:00,79.0,92,0.0,0.0,0.0
2020-07-25 02:00:00,78.6,88,0.0,0.0,0.0
2020-07-25 03:00:00,78.2,86,0.0,0.0,0.0
2020-07-25 04:00:00,77.8,88,0.0,0.0,0.0
2020-07-25 05:00:00,77.5,90,0.0,0.0,0.0
2020-07-25 06:00:00,77.3,91,0.0,0.02,0.0
2020-07-25 07:00:00,78.5,84,0.0,0.05,43.0
2020-07-25 08:00:00,79.3,79,0.0,0.14,179.0
2020-07-25 09:00:00,80.7,76,0.0,0.26,355.0
2020-07-25 10:00:00,82.9,70,0.0,0.42,577.0
2020-07-25 11:00:00,84.8,63,0.1,0.52,684.0
2020-07-25 12:00:00,86.7,58,0.0,0.59,752.0
2020-07-25 13:00:00,88.4,54,0.0,0.67,831.0
2020-07-25 14:00:00,89.4,51,0.0,0.59,704.0
2020-07-25 15:00:00,89.7,66,1.2,0.47,619.0
2020-07-25 16:00:00,86.2,88,2.1,0.24,347.0
2020-07-25 17:00:00,85.0,78,0.0,0.23,300.0
2020-07-25 18:00:00,84.7,82,0.0,0.15,212.0
2020-07-25 19:00:00,85.2,75,0.0,0.07,93.0
2020-07-25 20:00:00,83.8,85,0.0,0.02,13.0
2020-07-25 21:00:00,82.7,86,0.0,0.0,0.0
2020-07-25 22:00:00,81.8,85,0.0,0.01,0.0
2020-07-25 23:00:00,81.1,78,0.0,0.02,0.0
2020-07-26 00:00:00,80.4,81,0.0,0.01,0.0
2020-07-26 01:00:00,79.7,84,0.0,0.02,0.0
2020-07-26 02:00:00,79.2,85,0.0,0.01,0.0
2020-07-26 03:00:00,78.6,88,0.0,0.01,0.0
2020-07-26 04:00:00,78.1,90,0.0,0.0,0.0
2020-07-26 05:00:00,77.5,93,0.0,0.0,0.0
2020-07-26 06:00:00,77.1,94,0.0,0.02,0.0
2020-07-26 07:00:00,78.4,88,0.0,0.04,58.0
2020-07-26 08:00:00,79.3,80,0.0,0.16,230.0
2020-07-26 09:00:00,81.1,73,0.0,0.31,434.0
2020-07-26 10:00:00,83.3,67,0.0,0.46,623.0
2020-07-26 11:00:00,85.6,59,0.0,0.58,767.0
2020-07-26 12:00:00,87.6,56,0.0,0.63,814.0
2020-07-26 13:00:00,89.1,52,0.0,0.64,802.0
2020-07-26 14:00:00,89.8,53,0.0,0.53,659.0
2020-07-26 15:00:00,90.1,55,0.0,0.48,607.0
2020-07-26 16:00:00,90.4,58,0.0,0.44,546.0
2020-07-26 17:00:00,89.5,65,0.4,0.33,405.0
2020-07-26 18:00:00,88.6,63,0.0,0.24,278.0
2020-07-26 19:00:00,86.4,74,0.0,0.1,136.0
2020-07-26 20:00:00,84.7,79,0.0,0.02,13.0
2020-07-26 21:00:00,83.4,86,0.0,0.0,0.0
2020-07-26 22:00:00,82.2,91,0.0,0.0,0.0
2020-07-26 23:00:00,81.2,94,0.0,0.0,0.0
2020-07-27 00:00:00,80.4,96,0.0,0.0,0.0
2020-07-27 01:00:00,79.6,97,0.0,0.0,0.0
2020-07-27 02:00:00,78.9,99,0.0,0.0,0.0
2020-07-27 03:00:00,78.3,100,0.0,0.0,0.0
2020-07-27 04:00:00,77.7,100,0.0,0.0,0.0
2020-07-27 05:00:00,77.2,99,0.0,0.0,0.0
2020-07-27 06:00:00,76.9,99,0.0,0.01,0.0
2020-07-27 07:00:00,76.2,96,0.0,0.03,49.0
2020-07-27 08:00:00,77.8,84,0.0,0.13,195.0
2020-07-27 09:00:00,80.3,67,0.0,0.31,426.0
2020-07-27 10:00:00,83.0,61,0.0,0.46,610.0
2020-07-27 11:00:00,85.9,57,0.0,0.59,777.0
2020-07-27 12:00:00,88.0,55,0.0,0.6,765.0
2020-07-27 13:00:00,87.1,81,1.9,0.46,674.0
2020-07-27 14:00:00,86.8,75,1.9,0.45,649.0
2020-07-27 15:00:00,85.2,81,0.1,0.29,400.0
2020-07-27 16:00:00,85.9,71,0.1,0.44,598.0
2020-07-27 17:00:00,85.8,72,0.0,0.31,394.0
2020-07-27 18:00:00,85.5,71,0.0,0.22,266.0
2020-07-27 19:00:00,86.7,69,0.0,0.12,109.0
2020-07-27 20:00:00,85.1,76,0.0,0.05,14.0
2020-07-27 21:00:00,83.7,81,0.0,0.02,0.0
2020-07-27 22:00:00,82.5,85,0.0,0.01,0.0
2020-07-27 23:00:00,81.5,88,0.0,0.0,0.0
2020-07-28 00:00:00,80.8,90,0.0,0.0,0.0
2020-07-28 01:00:00,80.2,90,0.0,0.0,0.0
2020-07-28 02:00:00,79.7,91,0.0,0.0,0.0
2020-07-28 03:00:00,79.3,92,0.0,0.0,0.0
2020-07-28 04:00:00,78.9,93,0.0,0.0,0.0
2020-07-28 05:00:00,78.7,93,0.0,0.0,0.0
2020-07-28 06:00:00,78.6,93,0.0,0.0,0.0
2020-07-28 07:00:00,79.6,91,0.1,0.02,18.0
2020-07-28 08:00:00,80.2,83,0.0,0.1,129.0
2020-07-28 09:00:00,81.0,80,0.2,0.15,191.0
2020-07-28 10:00:00,82.0,78,0.2,0.25,324.0
2020-07-28 11:00:00,83.6,75,0.1,0.36,477.0
2020-07-28 12:00:00,83.9,83,0.2,0.26,358.0
2020-07-28 13:00:00,83.4,84,0.7,0.2,260.0
2020-07-28 14:00:00,82.6,87,0.4,0.16,211.0
2020-07-28 15:00:00,82.3,86,0.6,0.23,319.0
2020-07-28 16:00:00,81.9,89,0.8,0.18,249.0
2020-07-28 17:00:00,80.8,93,1.3,0.1,126.0
2020-07-28 18:00:00,79.7,99,0.4,0.04,41.0
2020-07-28 19:00:00,80.2,87,0.3,0.06,51.0
2020-07-28 20:00:00,79.5,91,0.1,0.02,8.0
2020-07-28 21:00:00,78.9,94,1.0,0.0,0.0
2020-07-28 22:00:00,78.1,99,1.6,0.0,0.0
2020-07-28 23:00:00,77.5,99,0.4,0.0,0.0
2020-07-29 00:00:00,77.2,99,0.1,0.0,0.0
2020-07-29 01:00:00,76.8,98,0.0,0.0,0.0
2020-07-29 02:00:00,76.6,99,0.0,0.0,0.0
2020-07-29 03:00:00,76.3,99,0.0,0.0,0.0
2020-07-29 04:00:00,76.1,99,0.0,0.0,0.0
2020-07-29 05:00:00,76.0,99,0.0,0.0,0.0
2020-07-29 06:00:00,76.0,99,0.1,0.0,0.0
2020-07-29 07:00:00,76.3,96,0.3,0.02,25.0
2020-07-29 08:00:00,76.7,96,0.7,0.06,81.0
2020-07-29 09:00:00,77.4,94,2.5,0.15,233.0
2020-07-29 10:00:00,78.1,96,0.5,0.14,210.0
2020-07-29 11:00:00,79.4,88,0.2,0.31,455.0
2020-07-29 12:00:00,81.1,80,0.2,0.39,545.0
2020-07-29 13:00:00,81.5,85,2.3,0.31,437.0
2020-07-29 14:00:00,81.1,88,2.2,0.24,333.0
2020-07-29 15:00:00,81.1,77,0.3,0.29,377.0
2020-07-29 16:00:00,81.9,67,0.0,0.38,476.0
2020-07-29 17:00:00,82.2,63,0.0,0.31,350.0
2020-07-29 18:00:00,82.3,66,0.0,0.22,247.0
2020-07-29 19:00:00,80.9,93,0.0,0.07,98.0
2020-07-29 20:00:00,79.3,95,0.3,0.02,6.0
2020-07-29 21:00:00,78.4,95,0.1,0.0,0.0
2020-07-29 22:00:00,77.6,96,0.2,0.0,0.0
2020-07-29 23:00:00,77.3,97,0.1,0.0,0.0
2020-07-30 00:00:00,77.1,96,0.0,0.0,0.0
2020-07-30 01:00:00,76.8,95,0.0,0.0,0.0
2020-07-30 02:00:00,76.6,95,0.0,0.0,0.0
2020-07-30 03:00:00,76.3,94,0.0,0.0,0.0
2020-07-30 04:00:00,76.1,96,0.0,0.0,0.0
2020-07-30 05:00:00,76.3,97,0.0,0.0,0.0
2020-07-30 06:00:00,76.4,98,0.0,0.0,0.0
2020-07-30 07:00:00,78.5,94,0.0,0.03,43.0
2020-07-30 08:00:00,79.3,85,0.0,0.13,188.0
2020-07-30 09:00:00,80.8,79,0.0,0.25,345.0
2020-07-30 10:00:00,82.5,70,0.0,0.38,499.0
2020-07-30 11:00:00,84.2,61,0.0,0.5,634.0
2020-07-30 12:00:00,85.8,57,0.0,0.57,709.0
2020-07-30 13:00:00,86.9,56,0.0,0.54,661.0
2020-07-30 14:00:00,87.4,60,0.3,0.51,634.0
2020-07-30 15:00:00,87.8,57,0.0,0.51,611.0
2020-07-30 16:00:00,88.1,55,0.0,0.5,588.0
2020-07-30 17:00:00,87.8,57,0.1,0.39,433.0
2020-07-30 18:00:00,87.1,61,0.0,0.26,264.0
2020-07-30 19:00:00,86.2,65,0.0,0.14,112.0
2020-07-30 20:00:00,84.7,73,0.0,0.06,13.0
2020-07-30 21:00:00,83.4,78,0.0,0.03,0.0
2020-07-30 22:00:00,82.3,82,0.0,0.03,0.0
2020-07-30 23:00:00,81.4,87,0.0,0.01,0.0
2020-07-31 00:00:00,80.7,91,0.0,0.0,0.0
2020-07-31 01:00:00,80.1,93,0.0,0.0,0.0
2020-07-31 02:00:00,79.5,94,0.0,0.0,0.0
2020-07-31 03:00:00,79.1,95,0.0,0.0,0.0
2020-07-31 04:00:00,78.7,97,0.0,0.0,0.0
2020-07-31 05:00:00,78.4,97,0.0,0.0,0.0
2020-07-31 06:00:00,78.3,98,0.0,0.0,0.0
2020-07-31 07:00:00,78.9,94,0.0,0.03,41.0
2020-07-31 08:00:00,80.1,84,0.0,0.15,206.0
2020-07-31 09:00:00,81.9,77,0.1,0.27,370.0
2020-07-31 10:00:00,84.0,67,0.1,0.42,553.0
2020-07-31 11:00:00,86.3,59,0.0,0.53,684.0
2020-07-31 12:00:00,88.4,53,0.0,0.62,781.0
2020-07-31 13:00:00,89.8,53,0.0,0.61,745.0
2020-07-31 14:00:00,90.6,61,0.1,0.56,692.0
2020-07-31 15:00:00,91.0,58,0.0,0.53,614.0
2020-07-31 16:00:00,91.0,58,0.0,0.48,545.0
2020-07-31 17:00:00,90.7,58,0.0,0.41,454.0
2020-07-31 18:00:00,89.9,62,0.0,0.3,306.0
2020-07-31 19:00:00,88.4,65,0.0,0.16,131.0
2020-07-31 20:00:00,86.8,74,0.0,0.06,12.0
2020-07-31 21:00:00,85.4,81,0.0,0.03,0.0
2020-07-31 22:00:00,84.1,86,0.0,0.02,0.0
2020-07-31 23:00:00,83.1,88,0.0,0.01,0.0
2020-08-01 00:00:00,82.1,92,0.0,0.0,0.0
2020-08-01 01:00:00,81.3,96,0.0,0.0,0.0
2020-08-01 02:00:00,80.5,97,0.0,0.0,0.0
2020-08-01 03:00:00,79.8,98,0.0,0.0,0.0
2020-08-01 04:00:00,79.3,98,0.0,0.0,0.0
2020-08-01 05:00:00,78.8,98,0.0,0.0,0.0
2020-08-01 06:00:00,78.4,98,0.0,0.0,0.0
2020-08-01 07:00:00,77.9,96,0.0,0.02,38.0
2020-08-01 08:00:00,79.3,85,0.0,0.13,196.0
2020-08-01 09:00:00,81.1,74,0.0,0.27,365.0
2020-08-01 10:00:00,83.6,65,0.0,0.41,542.0
2020-08-01 11:00:00,86.4,58,0.0,0.57,740.0
2020-08-01 12:00:00,88.8,50,0.0,0.64,808.0
2020-08-01 13:00:00,91.0,44,0.0,0.73,901.0
2020-08-01 14:00:00,92.7,40,0.0,0.73,871.0
2020-08-01 15:00:00,93.8,38,0.0,0.71,819.0
2020-08-01 16:00:00,94.0,39,0.0,0.59,654.0
2020-08-01 17:00:00,93.6,43,0.0,0.48,513.0
2020-08-01 18:00:00,92.4,48,0.0,0.35,339.0
2020-08-01 19:00:00,90.6,51,0.0,0.16,144.0
2020-08-01 20:00:00,88.3,60,0.0,0.07,13.0
2020-08-01 21:00:00,86.2,70,0.0,0.04,0.0
2020-08-01 22:00:00,84.4,79,0.0,0.02,0.0
2020-08-01 23:00:00,82.9,85,0.0,0.0,0.0
2020-08-02 00:00:00,81.5,91,0.0,0.0,0.0
2020-08-02 01:00:00,80.3,95,0.0,0.0,0.0
2020-08-02 02:00:00,79.4,96,0.0,0.0,0.0
2020-08-02 03:00:00,78.7,96,0.0,0.0,0.0
2020-08-02 04:00:00,78.2,97,0.0,0.0,0.0
2020-08-02 05:00:00,77.6,98,0.0,0.0,0.0
2020-08-02 06:00:00,77.2,99,0.0,0.0,0.0
2020-08-02 07:00:00,78.2,95,0.0,0.02,49.0
2020-08-02 08:00:00,79.6,85,0.0,0.14,221.0
2020-08-02 09:00:00,82.0,71,0.0,0.29,413.0
2020-08-02 10:00:00,85.2,54,0.0,0.46,625.0
2020-08-02 11:00:00,88.4,46,0.0,0.59,784.0
2020-08-02 12:00:00,91.6,40,0.0,0.69,895.0
2020-08-02 13:00:00,94.1,36,0.0,0.71,901.0
2020-08-02 14:00:00,95.8,35,0.0,0.64,814.0
2020-08-02 15:00:00,97.2,33,0.0,0.6,773.0
2020-08-02 16:00:00,97.8,33,0.0,0.52,671.0
2020-08-02 17:00:00,97.5,33,0.0,0.39,512.0
2020-08-02 18:00:00,96.4,33,0.0,0.24,326.0
2020-08-02 19:00:00,94.4,38,0.0,0.14,133.0
2020-08-02 20:00:00,91.6,40,0.0,0.1,12.0
2020-08-02 21:00:00,89.2,47,0.0,0.07,0.0
2020-08-02 22:00:00,87.1,53,0.0,0.04,0.0
2020-08-02 23:00:00,85.4,67,0.0,0.01,0.0
2020-08-03 00:00:00,84.0,81,0.0,0.01,0.0
2020-08-03 01:00:00,82.9,90,0.0,0.0,0.0
2020-08-03 02:00:00,82.0,94,0.0,0.0,0.0
2020-08-03 03:00:00,81.1,91,0.0,0.0,0.0
2020-08-03 04:00:00,80.4,94,0.0,0.0,0.0
2020-08-03 05:00:00,79.8,96,0.0,0.0,0.0
2020-08-03 06:00:00,79.2,99,0.0,0.0,0.0
2020-08-03 07:00:00,81.0,81,0.0,0.03,47.0
2020-08-03 08:00:00,82.4,70,0.0,0.15,221.0
2020-08-03 09:00:00,85.2,54,0.0,0.31,423.0
2020-08-03 10:00:00,88.5,43,0.0,0.47,615.0
2020-08-03 11:00:00,91.6,38,0.0,0.55,695.0
2020-08-03 12:00:00,94.4,35,0.0,0.64,784.0
2020-08-03 13:00:00,96.8,33,0.0,0.7,836.0
2020-08-03 14:00:00,98.3,32,0.0,0.68,762.0
2020-08-03 15:00:00,98.2,32,0.0,0.51,483.0
2020-08-03 16:00:00,97.6,34,0.0,0.4,386.0
2020-08-03 17:00:00,97.5,33,0.0,0.37,417.0
2020-08-03 18:00:00,96.4,38,0.0,0.29,225.0
2020-08-03 19:00:00,94.6,46,0.1,0.11,71.0
2020-08-03 20:00:00,92.3,39,0.0,0.03,9.0
2020-08-03 21:00:00,90.1,54,0.0,0.06,0.0
2020-08-03 22:00:00,88.6,70,0.0,0.05,0.0
2020-08-03 23:00:00,87.2,77,0.0,0.02,0.0
2020-08-04 00:00:00,85.8,84,0.0,0.0,0.0
2020-08-04 01:00:00,84.7,89,0.0,0.0,0.0
2020-08-04 02:00:00,83.6,88,0.0,0.0,0.0
2020-08-04 03:00:00,82.6,93,0.0,0.0,0.0
2020-08-04 04:00:00,81.8,89,0.0,0.0,0.0
2020-08-04 05:00:00,81.1,85,0.0,0.0,0.0
2020-08-04 06:00:00,80.5,83,0.0,0.0,0.0
2020-08-04 07:00:00,80.7,88,0.0,0.03,47.0
2020-08-04 08:00:00,82.0,77,0.0,0.14,196.0
2020-08-04 09:00:00,84.6,61,0.0,0.29,389.0
2020-08-04 10:00:00,88.0,46,0.0,0.46,599.0
2020-08-04 11:00:00,91.3,40,0.0,0.55,714.0
2020-08-04 12:00:00,94.3,35,0.0,0.63,780.0
2020-08-04 13:00:00,96.9,29,0.0,0.73,861.0
2020-08-04 14:00:00,98.4,28,0.0,0.71,799.0
2020-08-04 15:00:00,99.6,27,0.0,0.72,796.0
2020-08-04 16:00:00,99.8,27,0.0,0.63,649.0
2020-08-04 17:00:00,99.1,29,0.0,0.51,486.0
2020-08-04 18:00:00,97.7,30,0.0,0.38,313.0
2020-08-04 19:00:00,95.8,34,0.0,0.15,126.0
2020-08-04 20:00:00,92.8,44,0.0,0.07,10.0
2020-08-04 21:00:00,90.1,46,0.0,0.03,0.0
2020-08-04 22:00:00,88.3,52,0.0,0.07,0.0
2020-08-04 23:00:00,86.7,61,0.0,0.05,0.0
2020-08-05 00:00:00,85.4,69,0.0,0.02,0.0
2020-08-05 01:00:00,84.1,77,0.0,0.01,0.0
2020-08-05 02:00:00,83.1,81,0.0,0.01,0.0
2020-08-05 03:00:00,82.3,83,0.0,0.0,0.0
2020-08-05 04:00:00,81.5,88,0.0,0.0,0.0
2020-08-05 05:00:00,80.9,88,0.0,0.0,0.0
2020-08-05 06:00:00,80.3,90,0.0,0.0,0.0
2020-08-05 07:00:00,79.8,84,0.0,0.03,48.0
2020-08-05 08:00:00,81.7,73,0.0,0.14,210.0
2020-08-05 09:00:00,84.6,61,0.0,0.28,389.0
2020-08-05 10:00:00,88.1,50,0.0,0.45,582.0
2020-08-05 11:00:00,91.3,44,0.0,0.56,693.0
2020-08-05 12:00:00,94.1,39,0.0,0.65,759.0
2020-08-05 13:00:00,96.2,38,0.0,0.66,745.0
2020-08-05 14:00:00,97.8,36,0.0,0.69,761.0
2020-08-05 15:00:00,98.6,35,0.0,0.67,711.0
2020-08-05 16:00:00,98.6,36,0.0,0.59,601.0
2020-08-05 17:00:00,97.9,38,0.0,0.45,441.0
2020-08-05 18:00:00,96.6,41,0.0,0.32,296.0
2020-08-05 19:00:00,95.2,40,0.0,0.22,130.0
2020-08-05 20:00:00,92.7,53,0.0,0.11,10.0
2020-08-05 21:00:00,90.3,62,0.0,0.07,0.0
2020-08-05 22:00:00,88.4,69,0.0,0.04,0.0
2020-08-05 23:00:00,86.7,75,0.0,0.02,0.0
2020-08-06 00:00:00,85.2,80,0.0,0.02,0.0
2020-08-06 01:00:00,83.9,83,0.0,0.01,0.0
2020-08-06 02:00:00,82.8,87,0.0,0.0,0.0
2020-08-06 03:00:00,81.7,91,0.0,0.0,0.0
2020-08-06 04:00:00,80.8,94,0.0,0.0,0.0
2020-08-06 05:00:00,80.1,95,0.0,0.0,0.0
2020-08-06 06:00:00,79.4,95,0.0,0.0,0.0
2020-08-06 07:00:00,79.6,86,0.0,0.03,45.0
2020-08-06 08:00:00,81.5,71,0.0,0.16,206.0
2020-08-06 09:00:00,84.3,57,0.0,0.32,392.0
2020-08-06 10:00:00,87.4,49,0.0,0.46,561.0
2020-08-06 11:00:00,90.8,43,0.0,0.59,718.0
2020-08-06 12:00:00,94.1,38,0.0,0.68,821.0
2020-08-06 13:00:00,96.7,36,0.0,0.73,844.0
2020-08-06 14:00:00,98.7,34,0.0,0.76,852.0
2020-08-06 15:00:00,99.7,33,0.0,0.71,774.0
2020-08-06 16:00:00,99.9,34,0.0,0.62,647.0
2020-08-06 17:00:00,99.2,36,0.0,0.51,500.0
2020-08-06 18:00:00,97.6,43,0.0,0.37,307.0
2020-08-06 19:00:00,95.5,41,0.0,0.24,121.0
2020-08-06 20:00:00,93.2,53,0.0,0.13,8.0
2020-08-06 21:00:00,91.0,62,0.0,0.08,0.0
2020-08-06 22:00:00,89.2,68,0.0,0.05,0.0
2020-08-06 23:00:00,87.6,74,0.0,0.04,0.0
2020-08-07 00:00:00,86.2,78,0.0,0.02,0.0
2020-08-07 01:00:00,85.0,81,0.0,0.01,0.0
2020-08-07 02:00:00,83.9,84,0.0,0.0,0.0
2020-08-07 03:00:00,83.0,87,0.0,0.0,0.0
2020-08-07 04:00:00,82.2,88,0.0,0.0,0.0
2020-08-07 05:00:00,81.5,89,0.0,0.0,0.0
2020-08-07 06:00:00,80.9,91,0.0,0.0,0.0
2020-08-07 07:00:00,79.3,83,0.0,0.04,45.0
2020-08-07 08:00:00,81.1,71,0.2,0.14,173.0
2020-08-07 09:00:00,83.5,65,0.2,0.26,327.0
2020-08-07 10:00:00,86.3,58,0.0,0.37,455.0
2020-08-07 11:00:00,89.4,53,0.0,0.49,599.0
2020-08-07 12:00:00,92.5,48,0.0,0.6,724.0
2020-08-07 13:00:00,94.6,43,0.0,0.64,747.0
2020-08-07 14:00:00,95.8,46,0.0,0.52,560.0
2020-08-07 15:00:00,94.0,63,0.8,0.39,479.0
2020-08-07 16:00:00,94.6,53,0.1,0.49,576.0
2020-08-07 17:00:00,94.5,51,0.0,0.38,394.0
2020-08-07 18:00:00,93.3,53,0.1,0.24,207.0
2020-08-07 19:00:00,92.2,84,0.0,0.07,85.0
2020-08-07 20:00:00,88.6,87,0.1,0.02,7.0
2020-08-07 21:00:00,86.3,82,0.0,0.02,0.0
2020-08-07 22:00:00,84.7,83,0.0,0.02,0.0
2020-08-07 23:00:00,83.7,87,0.0,0.0,0.0
2020-08-08 00:00:00,82.8,91,0.0,0.0,0.0
2020-08-08 01:00:00,82.0,94,0.0,0.0,0.0
2020-08-08 02:00:00,81.3,96,0.0,0.0,0.0
2020-08-08 03:00:00,80.8,97,0.0,0.0,0.0
2020-08-08 04:00:00,80.2,98,0.0,0.0,0.0
2020-08-08 05:00:00,79.8,98,0.0,0.0,0.0
2020-08-08 06:00:00,79.4,99,0.0,0.0,0.0
2020-08-08 07:00:00,81.2,91,0.0,0.02,41.0
2020-08-08 08:00:00,82.7,78,0.0,0.13,187.0
2020-08-08 09:00:00,85.1,64,0.0,0.27,351.0
2020-08-08 10:00:00,88.2,53,0.0,0.42,530.0
2020-08-08 11:00:00,91.2,48,0.0,0.52,625.0
2020-08-08 12:00:00,94.3,45,0.0,0.62,742.0
2020-08-08 13:00:00,96.4,42,0.0,0.61,715.0
2020-08-08 14:00:00,96.4,55,0.9,0.48,537.0
2020-08-08 15:00:00,93.9,64,0.6,0.39,469.0
2020-08-08 16:00:00,93.3,55,1.1,0.44,536.0
2020-08-08 17:00:00,93.4,50,0.0,0.33,366.0
2020-08-08 18:00:00,93.0,49,0.0,0.22,221.0
2020-08-08 19:00:00,91.9,77,0.0,0.1,76.0
2020-08-08 20:00:00,88.4,82,0.4,0.02,5.0
2020-08-08 21:00:00,86.2,91,0.0,0.0,0.0
2020-08-08 22:00:00,84.7,95,0.0,0.0,0.0
2020-08-08 23:00:00,83.6,92,0.0,0.0,0.0
2020-08-09 00:00:00,82.6,88,0.0,0.0,0.0
2020-08-09 01:00:00,81.9,89,0.0,0.0,0.0
2020-08-09 02:00:00,81.3,94,0.0,0.0,0.0
2020-08-09 03:00:00,80.8,96,0.0,0.0,0.0
2020-08-09 04:00:00,80.4,97,0.0,0.0,0.0
2020-08-09 05:00:00,80.1,98,0.0,0.0,0.0
2020-08-09 06:00:00,79.7,99,0.0,0.0,0.0
2020-08-09 07:00:00,80.2,94,0.0,0.02,40.0
2020-08-09 08:00:00,82.0,82,0.0,0.14,208.0
2020-08-09 09:00:00,84.7,67,0.1,0.29,405.0
2020-08-09 10:00:00,88.0,57,0.0,0.43,571.0
2020-08-09 11:00:00,91.4,51,0.0,0.54,708.0
2020-08-09 12:00:00,94.6,43,0.0,0.62,787.0
2020-08-09 13:00:00,96.6,40,0.2,0.6,735.0
2020-08-09 14:00:00,95.3,63,2.9,0.53,690.0
2020-08-09 15:00:00,95.3,59,0.8,0.51,639.0
2020-08-09 16:00:00,93.9,55,0.0,0.4,480.0
2020-08-09 17:00:00,93.5,56,0.0,0.33,368.0
2020-08-09 18:00:00,92.6,55,0.0,0.23,233.0
2020-08-09 19:00:00,89.6,61,0.0,0.12,81.0
2020-08-09 20:00:00,88.1,66,0.0,0.05,7.0
2020-08-09 21:00:00,86.8,70,0.0,0.04,0.0
2020-08-09 22:00:00,85.7,76,0.0,0.03,0.0
2020-08-09 23:00:00,84.8,81,0.0,0.01,0.0
2020-08-10 00:00:00,84.0,85,0.0,0.01,0.0
2020-08-10 01:00:00,83.4,88,0.0,0.0,0.0
2020-08-10 02:00:00,82.9,90,0.0,0.0,0.0
2020-08-10 03:00:00,82.3,93,0.0,0.0,0.0
2020-08-10 04:00:00,81.9,94,0.0,0.0,0.0
2020-08-10 05:00:00,81.3,96,0.0,0.0,0.0
2020-08-10 06:00:00,80.9,96,0.0,0.0,0.0
2020-08-10 07:00:00,79.5,91,0.0,0.02,40.0
2020-08-10 08:00:00,81.4,79,0.0,0.14,203.0
2020-08-10 09:00:00,84.1,71,0.3,0.3,409.0
2020-08-10 10:00:00,84.7,76,1.3,0.34,471.0
2020-08-10 11:00:00,86.3,68,0.1,0.38,499.0
2020-08-10 12:00:00,88.7,63,0.0,0.52,678.0
2020-08-10 13:00:00,91.0,55,0.0,0.58,738.0
2020-08-10 14:00:00,92.7,50,0.0,0.58,707.0
2020-08-10 15:00:00,93.7,48,0.0,0.53,620.0
2020-08-10 16:00:00,94.1,49,0.0,0.43,497.0
2020-08-10 17:00:00,93.7,50,0.0,0.35,369.0
2020-08-10 18:00:00,90.5,79,1.3,0.14,158.0
2020-08-10 19:00:00,90.0,66,0.0,0.07,86.0
2020-08-10 20:00:00,88.3,74,0.0,0.01,6.0
2020-08-10 21:00:00,86.9,79,0.0,0.0,0.0
2020-08-10 22:00:00,85.7,82,0.0,0.0,0.0
2020-08-10 23:00:00,84.7,85,0.0,0.0,0.0
2020-08-11 00:00:00,84.0,86,0.0,0.0,0.0
2020-08-11 01:00:00,83.3,89,0.0,0.0,0.0
2020-08-11 02:00:00,82.7,92,0.0,0.0,0.0
2020-08-11 03:00:00,82.2,94,0.0,0.0,0.0
2020-08-11 04:00:00,81.8,95,0.0,0.0,0.0
2020-08-11 05:00:00,81.3,95,0.0,0.0,0.0
2020-08-11 06:00:00,81.1,94,0.0,0.0,0.0
2020-08-11 07:00:00,78.9,89,0.0,0.03,33.0
2020-08-11 08:00:00,79.4,92,9.0,0.11,176.0
2020-08-11 09:00:00,79.6,90,0.1,0.11,139.0
2020-08-11 10:00:00,81.0,83,0.0,0.25,342.0
2020-08-11 11:00:00,83.3,79,0.0,0.42,593.0
2020-08-11 12:00:00,84.8,74,0.0,0.39,519.0
2020-08-11 13:00:00,86.9,70,0.3,0.53,702.0
2020-08-11 14:00:00,88.2,71,0.3,0.5,650.0
2020-08-11 15:00:00,88.5,70,0.3,0.37,471.0
2020-08-11 16:00:00,87.4,85,3.6,0.2,256.0
2020-08-11 17:00:00,85.9,84,0.0,0.13,159.0
2020-08-11 18:00:00,84.9,85,0.0,0.11,128.0
2020-08-11 19:00:00,83.8,93,0.0,0.04,56.0
2020-08-11 20:00:00,81.1,97,0.8,0.01,1.0
2020-08-11 21:00:00,79.5,97,1.8,0.0,0.0
2020-08-11 22:00:00,78.6,98,2.1,0.0,0.0
2020-08-11 23:00:00,78.1,98,1.0,0.0,0.0
2020-08-12 00:00:00,77.6,97,0.1,0.0,0.0
2020-08-12 01:00:00,77.4,98,0.0,0.0,0.0
2020-08-12 02:00:00,77.2,98,0.0,0.0,0.0
2020-08-12 03:00:00,76.8,98,0.0,0.0,0.0
2020-08-12 04:00:00,76.5,99,0.0,0.0,0.0
2020-08-12 05:00:00,76.2,100,0.0,0.0,0.0
2020-08-12 06:00:00,75.8,100,0.0,0.0,0.0
2020-08-12 07:00:00,73.6,98,0.0,0.01,35.0
2020-08-12 08:00:00,75.5,95,0.0,0.12,198.0
2020-08-12 09:00:00,77.7,84,0.0,0.26,387.0
2020-08-12 10:00:00,80.3,74,0.0,0.39,544.0
2020-08-12 11:00:00,83.4,67,0.0,0.53,717.0
2020-08-12 12:00:00,86.3,60,0.0,0.64,846.0
2020-08-12 13:00:00,88.5,55,0.0,0.65,854.0
2020-08-12 14:00:00,90.0,52,0.0,0.61,777.0
2020-08-12 15:00:00,90.4,59,0.1,0.49,617.0
2020-08-12 16:00:00,89.7,71,0.0,0.4,532.0
2020-08-12 17:00:00,89.3,67,0.0,0.36,456.0
2020-08-12 18:00:00,88.2,73,0.0,0.2,235.0
2020-08-12 19:00:00,86.1,72,0.0,0.09,88.0
2020-08-12 20:00:00,84.7,78,0.0,0.04,5.0
2020-08-12 21:00:00,83.6,83,0.0,0.02,0.0
2020-08-12 22:00:00,82.7,86,0.0,0.01,0.0
2020-08-12 23:00:00,82.0,89,0.0,0.0,0.0
2020-08-13 00:00:00,81.2,92,0.0,0.0,0.0
2020-08-13 01:00:00,80.6,94,0.0,0.0,0.0
2020-08-13 02:00:00,80.1,96,0.0,0.0,0.0
2020-08-13 03:00:00,79.6,97,0.0,0.0,0.0
2020-08-13 04:00:00,79.2,98,0.0,0.0,0.0
2020-08-13 05:00:00,78.9,98,0.0,0.0,0.0
2020-08-13 06:00:00,78.5,99,0.0,0.0,0.0
2020-08-13 07:00:00,78.8,96,0.0,0.02,36.0
2020-08-13 08:00:00,80.0,87,0.0,0.12,180.0
2020-08-13 09:00:00,81.8,81,0.1,0.25,348.0
2020-08-13 10:00:00,83.4,74,0.1,0.31,416.0
2020-08-13 11:00:00,85.5,61,0.0,0.46,604.0
2020-08-13 12:00:00,87.4,54,0.0,0.54,688.0
2020-08-13 13:00:00,89.1,52,0.0,0.6,748.0
2020-08-13 14:00:00,90.1,52,0.0,0.54,642.0
2020-08-13 15:00:00,90.1,52,0.2,0.47,528.0
2020-08-13 16:00:00,89.2,58,0.2,0.32,333.0
2020-08-13 17:00:00,88.1,62,0.0,0.21,197.0
2020-08-13 18:00:00,87.3,63,0.0,0.2,192.0
2020-08-13 19:00:00,84.3,72,0.0,0.09,80.0
2020-08-13 20:00:00,83.0,79,0.0,0.03,5.0
2020-08-13 21:00:00,82.0,84,0.0,0.01,0.0
2020-08-13 22:00:00,81.3,86,0.0,0.01,0.0
2020-08-13 23:00:00,80.8,88,0.0,0.0,0.0
2020-08-14 00:00:00,80.2,91,0.0,0.0,0.0
2020-08-14 01:00:00,79.6,91,0.7,0.0,0.0
2020-08-14 02:00:00,79.0,95,0.0,0.0,0.0
2020-08-14 03:00:00,78.5,95,0.0,0.0,0.0
2020-08-14 04:00:00,78.1,97,0.2,0.0,0.0
2020-08-14 05:00:00,77.6,97,0.1,0.0,0.0
2020-08-14 06:00:00,77.4,98,0.1,0.0,0.0
2020-08-14 07:00:00,78.5,96,0.0,0.02,21.0
2020-08-14 08:00:00,78.4,91,0.1,0.09,137.0
2020-08-14 09:00:00,79.1,85,0.1,0.18,259.0
2020-08-14 10:00:00,80.3,81,0.0,0.27,374.0
2020-08-14 11:00:00,82.1,79,0.1,0.34,463.0
2020-08-14 12:00:00,83.8,74,0.1,0.4,539.0
2020-08-14 13:00:00,84.7,68,0.0,0.34,429.0
2020-08-14 14:00:00,85.4,67,0.1,0.34,405.0
2020-08-14 15:00:00,85.4,74,0.3,0.37,504.0
2020-08-14 16:00:00,85.6,71,0.0,0.35,451.0
2020-08-14 17:00:00,86.0,68,0.0,0.33,422.0
2020-08-14 18:00:00,85.4,72,0.0,0.18,192.0
2020-08-14 19:00:00,83.6,75,0.0,0.08,69.0
2020-08-14 20:00:00,82.5,82,0.0,0.03,3.0
2020-08-14 21:00:00,81.7,84,0.0,0.02,0.0
2020-08-14 22:00:00,81.1,87,0.2,0.01,0.0
2020-08-14 23:00:00,80.4,90,0.1,0.0,0.0
2020-08-15 00:00:00,79.9,93,0.0,0.0,0.0
2020-08-15 01:00:00,79.4,94,0.0,0.0,0.0
2020-08-15 02:00:00,78.7,97,2.5,0.0,0.0
2020-08-15 03:00:00,77.6,98,5.0,0.0,0.0
2020-08-15 04:00:00,76.9,99,1.3,0.0,0.0
2020-08-15 05:00:00,76.6,98,0.0,0.0,0.0
2020-08-15 06:00:00,76.6,98,0.0,0.0,0.0
2020-08-15 07:00:00,77.9,96,0.0,0.02,22.0
2020-08-15 08:00:00,78.3,91,0.0,0.1,144.0
2020-08-15 09:00:00,79.3,82,0.0,0.22,312.0
2020-08-15 10:00:00,81.4,76,0.2,0.4,559.0
2020-08-15 11:00:00,82.9,72,2.3,0.37,493.0
2020-08-15 12:00:00,81.8,90,4.8,0.24,352.0
2020-08-15 13:00:00,81.5,83,0.1,0.23,303.0
2020-08-15 14:00:00,83.1,67,0.0,0.47,617.0
2020-08-15 15:00:00,84.1,63,0.0,0.4,486.0
2020-08-15 16:00:00,84.7,64,0.0,0.34,412.0
2020-08-15 17:00:00,84.7,68,0.1,0.25,283.0
2020-08-15 18:00:00,84.0,74,0.2,0.16,171.0
2020-08-15 19:00:00,84.1,75,0.2,0.09,78.0
2020-08-15 20:00:00,82.9,79,0.0,0.04,3.0
2020-08-15 21:00:00,81.9,85,0.0,0.01,0.0
2020-08-15 22:00:00,81.1,90,0.0,0.0,0.0
2020-08-15 23:00:00,80.2,93,0.0,0.0,0.0
2020-08-16 00:00:00,79.6,93,0.0,0.0,0.0
2020-08-16 01:00:00,79.2,93,0.0,0.0,0.0
2020-08-16 02:00:00,78.7,95,0.0,0.0,0.0
2020-08-16 03:00:00,78.4,94,0.0,0.0,0.0
2020-08-16 04:00:00,78.1,92,0.0,0.0,0.0
2020-08-16 05:00:00,77.8,94,0.0,0.0,0.0
2020-08-16 06:00:00,77.5,95,0.0,0.0,0.0
2020-08-16 07:00:00,78.4,90,0.0,0.02,33.0
2020-08-16 08:00:00,79.3,79,0.0,0.13,198.0
2020-08-16 09:00:00,81.3,68,0.0,0.3,408.0
2020-08-16 10:00:00,83.8,54,0.0,0.47,611.0
2020-08-16 11:00:00,85.8,46,0.0,0.59,709.0
2020-08-16 12:00:00,87.8,43,0.0,0.68,827.0
2020-08-16 13:00:00,89.3,42,0.0,0.69,837.0
2020-08-16 14:00:00,90.4,41,0.0,0.64,771.0
2020-08-16 15:00:00,91.6,39,0.0,0.66,805.0
2020-08-16 16:00:00,91.9,38,0.0,0.5,609.0
2020-08-16 17:00:00,91.8,37,0.0,0.39,484.0
2020-08-16 18:00:00,91.0,40,0.0,0.21,281.0
2020-08-16 19:00:00,89.0,56,0.0,0.12,103.0
2020-08-16 20:00:00,86.7,49,0.0,0.11,3.0
2020-08-16 21:00:00,85.4,50,0.0,0.09,0.0
2020-08-16 22:00:00,84.1,55,0.0,0.07,0.0
2020-08-16 23:00:00,82.9,57,0.0,0.05,0.0
2020-08-17 00:00:00,81.7,68,0.0,0.03,0.0
2020-08-17 01:00:00,80.7,72,0.0,0.01,0.0
2020-08-17 02:00:00,79.9,76,0.0,0.01,0.0
2020-08-17 03:00:00,79.1,76,0.0,0.0,0.0
2020-08-17 04:00:00,78.4,79,0.0,0.0,0.0
2020-08-17 05:00:00,77.7,80,0.0,0.0,0.0
2020-08-17 06:00:00,77.2,82,0.0,0.0,0.0
2020-08-17 07:00:00,77.1,78,0.0,0.03,33.0
2020-08-17 08:00:00,78.4,69,0.0,0.14,201.0
2020-08-17 09:00:00,81.1,60,0.0,0.31,412.0
2020-08-17 10:00:00,84.2,48,0.0,0.48,609.0
2020-08-17 11:00:00,86.9,43,0.0,0.57,704.0
2020-08-17 12:00:00,89.3,42,0.0,0.63,785.0
2020-08-17 13:00:00,91.1,41,0.0,0.61,755.0
2020-08-17 14:00:00,92.5,40,0.0,0.57,716.0
2020-08-17 15:00:00,93.5,39,0.0,0.52,663.0
2020-08-17 16:00:00,93.8,39,0.0,0.41,532.0
2020-08-17 17:00:00,93.6,39,0.0,0.31,410.0
2020-08-17 18:00:00,92.6,41,0.0,0.2,254.0
2020-08-17 19:00:00,90.5,49,0.0,0.1,82.0
2020-08-17 20:00:00,88.5,55,0.0,0.1,2.0
2020-08-17 21:00:00,86.8,68,0.0,0.04,0.0
2020-08-17 22:00:00,85.2,73,0.0,0.03,0.0
2020-08-17 23:00:00,83.8,76,0.0,0.03,0.0
2020-08-18 00:00:00,82.8,79,0.0,0.02,0.0
2020-08-18 01:00:00,81.8,83,0.0,0.0,0.0
2020-08-18 02:00:00,81.0,87,0.0,0.0,0.0
2020-08-18 03:00:00,80.2,91,0.0,0.0,0.0
2020-08-18 04:00:00,79.3,95,0.0,0.0,0.0
2020-08-18 05:00:00,78.6,96,0.0,0.0,0.0
2020-08-18 06:00:00,78.1,98,0.0,0.0,0.0
2020-08-18 07:00:00,79.0,91,0.0,0.02,34.0
2020-08-18 08:00:00,80.3,78,0.0,0.14,197.0
2020-08-18 09:00:00,82.8,66,0.0,0.3,396.0
2020-08-18 10:00:00,85.8,57,0.0,0.44,583.0
2020-08-18 11:00:00,88.9,50,0.0,0.56,722.0
2020-08-18 12:00:00,91.6,46,0.0,0.63,788.0
2020-08-18 13:00:00,90.9,61,2.7,0.55,711.0
2020-08-18 14:00:00,90.1,62,0.0,0.37,435.0
2020-08-18 15:00:00,90.6,63,1.1,0.41,522.0
2020-08-18 16:00:00,87.9,79,2.6,0.25,330.0
2020-08-18 17:00:00,86.7,75,0.0,0.15,168.0
2020-08-18 18:00:00,85.9,69,0.0,0.17,193.0
2020-08-18 19:00:00,88.5,67,0.0,0.1,78.0
2020-08-18 20:00:00,86.8,74,0.0,0.05,2.0
2020-08-18 21:00:00,85.5,78,0.0,0.02,0.0
2020-08-18 22:00:00,84.3,83,0.0,0.01,0.0
2020-08-18 23:00:00,83.2,86,2.1,0.0,0.0
2020-08-19 00:00:00,81.1,99,9.4,0.0,0.0
2020-08-19 01:00:00,79.5,98,0.1,0.0,0.0
2020-08-19 02:00:00,78.3,98,0.0,0.0,0.0
2020-08-19 03:00:00,77.5,98,0.0,0.0,0.0
2020-08-19 04:00:00,77.0,98,0.0,0.0,0.0
2020-08-19 05:00:00,76.6,98,0.0,0.0,0.0
2020-08-19 06:00:00,76.3,98,0.0,0.0,0.0
2020-08-19 07:00:00,76.0,94,0.0,0.02,26.0
2020-08-19 08:00:00,76.7,85,0.0,0.11,164.0
2020-08-19 09:00:00,78.7,76,0.0,0.24,346.0
2020-08-19 10:00:00,82.0,66,0.0,0.4,558.0
2020-08-19 11:00:00,85.4,55,0.0,0.55,725.0
2020-08-19 12:00:00,87.9,53,0.0,0.51,649.0
2020-08-19 13:00:00,90.2,51,0.0,0.56,714.0
2020-08-19 14:00:00,89.6,83,3.5,0.37,588.0
2020-08-19 15:00:00,87.4,73,0.1,0.32,415.0
2020-08-19 16:00:00,87.7,61,0.0,0.38,489.0
2020-08-19 17:00:00,87.4,61,0.7,0.32,383.0
2020-08-19 18:00:00,86.4,64,0.0,0.2,204.0
2020-08-19 19:00:00,86.1,73,0.0,0.06,65.0
2020-08-19 20:00:00,84.2,82,1.4,0.02,2.0
2020-08-19 21:00:00,82.3,91,0.0,0.0,0.0
2020-08-19 22:00:00,80.9,92,0.0,0.0,0.0
2020-08-19 23:00:00,79.8,92,0.0,0.0,0.0
2020-08-20 00:00:00,79.0,94,0.0,0.0,0.0
2020-08-20 01:00:00,78.3,96,0.0,0.0,0.0
2020-08-20 02:00:00,77.6,98,0.0,0.0,0.0
2020-08-20 03:00:00,77.1,95,0.0,0.0,0.0
2020-08-20 04:00:00,76.6,99,0.0,0.0,0.0
2020-08-20 05:00:00,76.3,99,0.0,0.0,0.0
2020-08-20 06:00:00,76.0,98,0.9,0.0,0.0
2020-08-20 07:00:00,75.1,98,0.0,0.01,10.0
2020-08-20 08:00:00,75.4,91,0.0,0.08,131.0
2020-08-20 09:00:00,76.9,83,0.0,0.22,340.0
2020-08-20 10:00:00,78.5,77,0.0,0.25,342.0
2020-08-20 11:00:00,77.8,92,2.2,0.09,117.0
2020-08-20 12:00:00,79.1,78,0.1,0.34,485.0
2020-08-20 13:00:00,82.0,69,0.0,0.56,780.0
2020-08-20 14:00:00,84.4,66,0.1,0.55,747.0
2020-08-20 15:00:00,85.4,65,0.8,0.45,592.0
2020-08-20 16:00:00,84.2,75,0.4,0.26,335.0
2020-08-20 17:00:00,84.3,70,0.1,0.3,409.0
2020-08-20 18:00:00,83.8,71,0.4,0.17,222.0
2020-08-20 19:00:00,82.6,73,1.1,0.07,41.0
2020-08-20 20:00:00,81.0,79,0.0,0.02,2.0
2020-08-20 21:00:00,79.7,84,0.0,0.01,0.0
2020-08-20 22:00:00,78.8,87,0.1,0.0,0.0
2020-08-20 23:00:00,77.8,95,0.6,0.0,0.0
2020-08-21 00:00:00,76.9,96,0.2,0.0,0.0
2020-08-21 01:00:00,76.2,98,0.0,0.0,0.0
2020-08-21 02:00:00,75.7,98,0.0,0.0,0.0
2020-08-21 03:00:00,75.2,98,0.0,0.0,0.0
2020-08-21 04:00:00,74.8,98,0.0,0.0,0.0
2020-08-21 05:00:00,74.3,98,0.0,0.0,0.0
2020-08-21 06:00:00,73.9,97,0.0,0.0,0.0
2020-08-21 07:00:00,73.2,96,0.0,0.01,25.0
2020-08-21 08:00:00,74.7,87,0.0,0.11,184.0
2020-08-21 09:00:00,77.0,77,0.0,0.25,378.0
2020-08-21 10:00:00,79.4,67,0.1,0.39,548.0
2020-08-21 11:00:00,81.7,65,0.1,0.44,600.0
2020-08-21 12:00:00,84.1,63,0.0,0.54,732.0
2020-08-21 13:00:00,85.4,62,0.0,0.44,579.0
2020-08-21 14:00:00,84.8,72,0.6,0.33,435.0
2020-08-21 15:00:00,85.2,63,0.0,0.43,559.0
2020-08-21 16:00:00,85.6,58,0.0,0.43,544.0
2020-08-21 17:00:00,85.6,58,0.0,0.34,406.0
2020-08-21 18:00:00,84.8,62,0.0,0.23,258.0
2020-08-21 19:00:00,84.3,67,0.0,0.09,79.0
2020-08-21 20:00:00,82.5,71,0.0,0.05,1.0
2020-08-21 21:00:00,81.1,78,0.0,0.02,0.0
2020-08-21 22:00:00,80.0,86,0.0,0.01,0.0
2020-08-21 23:00:00,78.7,96,1.6,0.0,0.0
2020-08-22 00:00:00,77.2,98,3.6,0.0,0.0
2020-08-22 01:00:00,76.0,96,2.0,0.0,0.0
2020-08-22 02:00:00,75.3,98,0.1,0.0,0.0
2020-08-22 03:00:00,74.8,99,0.3,0.0,0.0
2020-08-22 04:00:00,74.4,98,1.6,0.0,0.0
2020-08-22 05:00:00,74.1,96,0.7,0.0,0.0
2020-08-22 06:00:00,73.9,98,0.0,0.0,0.0
2020-08-22 07:00:00,75.5,98,0.0,0.01,14.0
2020-08-22 08:00:00,75.7,94,0.0,0.07,115.0
2020-08-22 09:00:00,76.4,88,0.0,0.15,220.0
2020-08-22 10:00:00,77.7,78,0.0,0.25,345.0
2020-08-22 11:00:00,80.1,65,0.0,0.43,575.0
2020-08-22 12:00:00,82.3,62,0.1,0.49,659.0
2020-08-22 13:00:00,83.2,68,0.5,0.39,519.0
2020-08-22 14:00:00,82.0,85,1.2,0.26,379.0
2020-08-22 15:00:00,81.5,82,0.4,0.3,441.0
2020-08-22 16:00:00,81.2,84,0.0,0.21,298.0
2020-08-22 17:00:00,81.5,75,0.0,0.24,319.0
2020-08-22 18:00:00,81.4,79,0.0,0.15,178.0
2020-08-22 19:00:00,79.2,91,0.0,0.04,49.0
2020-08-22 20:00:00,78.3,96,0.0,0.01,1.0
2020-08-22 21:00:00,77.5,97,0.0,0.0,0.0
2020-08-22 22:00:00,76.8,96,0.0,0.0,0.0
2020-08-22 23:00:00,76.2,96,0.0,0.0,0.0
2020-08-23 00:00:00,75.7,97,0.0,0.0,0.0
2020-08-23 01:00:00,75.3,96,0.0,0.0,0.0
2020-08-23 02:00:00,74.8,95,0.0,0.0,0.0
2020-08-23 03:00:00,74.6,95,0.0,0.0,0.0
2020-08-23 04:00:00,74.2,96,0.0,0.0,0.0
2020-08-23 05:00:00,73.9,97,0.0,0.0,0.0
2020-08-23 06:00:00,73.7,97,0.0,0.0,0.0
2020-08-23 07:00:00,75.3,90,0.0,0.02,24.0
2020-08-23 08:00:00,75.9,81,0.0,0.1,127.0
2020-08-23 09:00:00,76.9,77,0.0,0.17,205.0
2020-08-23 10:00:00,78.6,74,0.0,0.28,380.0
2020-08-23 11:00:00,79.3,81,1.3,0.29,411.0
2020-08-23 12:00:00,80.2,76,0.2,0.32,435.0
2020-08-23 13:00:00,80.9,70,0.1,0.28,328.0
2020-08-23 14:00:00,81.1,72,0.5,0.22,256.0
2020-08-23 15:00:00,80.8,80,1.0,0.16,182.0
2020-08-23 16:00:00,80.4,81,0.5,0.19,232.0
2020-08-23 17:00:00,80.1,81,0.2,0.16,202.0
2020-08-23 18:00:00,79.4,85,0.2,0.09,101.0
2020-08-23 19:00:00,78.9,96,0.1,0.03,22.0
2020-08-23 20:00:00,78.1,97,0.7,0.01,0.0
2020-08-23 21:00:00,77.4,98,1.4,0.0,0.0
2020-08-23 22:00:00,76.6,98,2.5,0.0,0.0
2020-08-23 23:00:00,76.1,97,1.7,0.0,0.0
2020-08-24 00:00:00,75.7,98,1.7,0.0,0.0
2020-08-24 01:00:00,75.4,96,0.7,0.0,0.0
2020-08-24 02:00:00,75.3,97,0.0,0.0,0.0
2020-08-24 03:00:00,75.3,97,0.0,0.0,0.0
2020-08-24 04:00:00,75.3,98,0.0,0.0,0.0
2020-08-24 05:00:00,75.4,98,0.1,0.0,0.0
2020-08-24 06:00:00,75.5,99,0.5,0.0,0.0
2020-08-24 07:00:00,77.5,97,0.6,0.02,7.0
2020-08-24 08:00:00,77.2,96,0.5,0.03,28.0
2020-08-24 09:00:00,77.1,96,0.4,0.06,68.0
2020-08-24 10:00:00,77.5,94,1.3,0.1,144.0
2020-08-24 11:00:00,78.1,95,1.3,0.14,201.0
2020-08-24 12:00:00,78.1,97,3.8,0.07,87.0
2020-08-24 13:00:00,77.9,98,1.4,0.07,86.0
2020-08-24 14:00:00,78.0,98,0.9,0.1,158.0
2020-08-24 15:00:00,78.1,93,0.6,0.13,178.0
2020-08-24 16:00:00,78.5,92,0.3,0.14,201.0
2020-08-24 17:00:00,78.9,92,0.2,0.13,181.0
2020-08-24 18:00:00,78.6,95,0.7,0.05,51.0
2020-08-24 19:00:00,79.7,93,0.1,0.04,28.0
2020-08-24 20:00:00,78.7,96,1.0,0.02,0.0
2020-08-24 21:00:00,77.9,96,0.0,0.0,0.0
2020-08-24 22:00:00,77.4,96,0.1,0.0,0.0
2020-08-24 23:00:00,77.0,98,0.0,0.0,0.0
2020-08-25 00:00:00,76.8,98,0.0,0.0,0.0
2020-08-25 01:00:00,76.5,97,0.4,0.0,0.0
2020-08-25 02:00:00,76.3,98,0.0,0.0,0.0
2020-08-25 03:00:00,76.2,98,0.0,0.0,0.0
2020-08-25 04:00:00,76.2,98,0.0,0.0,0.0
2020-08-25 05:00:00,76.3,98,0.0,0.0,0.0
2020-08-25 06:00:00,76.4,98,0.0,0.0,0.0
2020-08-25 07:00:00,78.9,94,0.0,0.02,20.0
2020-08-25 08:00:00,79.3,86,0.0,0.1,116.0
2020-08-25 09:00:00,80.2,78,0.0,0.21,257.0
2020-08-25 10:00:00,81.8,70,0.0,0.37,469.0
2020-08-25 11:00:00,84.1,60,0.1,0.57,737.0
2020-08-25 12:00:00,85.8,56,0.0,0.59,723.0
2020-08-25 13:00:00,87.4,52,0.0,0.64,773.0
2020-08-25 14:00:00,88.9,49,0.0,0.68,818.0
2020-08-25 15:00:00,89.7,46,0.0,0.63,736.0
2020-08-25 16:00:00,89.8,46,0.0,0.51,562.0
2020-08-25 17:00:00,89.5,46,0.0,0.42,447.0
2020-08-25 18:00:00,88.7,52,0.0,0.25,272.0
2020-08-25 19:00:00,87.2,62,0.0,0.09,73.0
2020-08-25 20:00:00,85.1,67,0.0,0.03,1.0
2020-08-25 21:00:00,83.6,73,0.0,0.04,0.0
2020-08-25 22:00:00,82.4,75,0.0,0.03,0.0
2020-08-25 23:00:00,81.5,78,0.0,0.03,0.0
2020-08-26 00:00:00,80.8,80,0.0,0.02,0.0
2020-08-26 01:00:00,80.3,82,0.0,0.03,0.0
2020-08-26 02:00:00,80.0,84,0.0,0.02,0.0
2020-08-26 03:00:00,79.7,87,0.0,0.01,0.0
2020-08-26 04:00:00,79.3,90,0.0,0.0,0.0
2020-08-26 05:00:00,79.0,94,0.0,0.0,0.0
2020-08-26 06:00:00,78.6,95,0.0,0.0,0.0
2020-08-26 07:00:00,81.2,92,0.0,0.02,24.0
2020-08-26 08:00:00,81.6,84,0.0,0.13,177.0
2020-08-26 09:00:00,82.8,75,0.0,0.28,373.0
2020-08-26 10:00:00,84.7,67,0.0,0.43,571.0
2020-08-26 11:00:00,86.9,59,0.0,0.57,734.0
2020-08-26 12:00:00,88.8,54,0.0,0.63,783.0
2020-08-26 13:00:00,90.4,51,0.0,0.66,803.0
2020-08-26 14:00:00,91.7,49,0.0,0.63,753.0
2020-08-26 15:00:00,92.2,51,0.0,0.55,641.0
2020-08-26 16:00:00,91.5,67,0.5,0.37,452.0
2020-08-26 17:00:00,90.3,67,0.0,0.29,357.0
2020-08-26 18:00:00,89.3,69,0.0,0.19,216.0
2020-08-26 19:00:00,88.0,91,0.0,0.04,64.0
2020-08-26 20:00:00,86.0,90,0.0,0.02,0.0
2020-08-26 21:00:00,84.5,86,0.0,0.0,0.0
2020-08-26 22:00:00,83.2,89,0.0,0.0,0.0
2020-08-26 23:00:00,82.2,89,0.0,0.0,0.0
2020-08-27 00:00:00,81.5,89,0.0,0.0,0.0
2020-08-27 01:00:00,80.9,88,0.0,0.01,0.0
2020-08-27 02:00:00,80.3,88,0.0,0.01,0.0
2020-08-27 03:00:00,79.9,88,0.0,0.01,0.0
2020-08-27 04:00:00,79.4,90,0.0,0.01,0.0
2020-08-27 05:00:00,79.2,94,0.0,0.0,0.0
2020-08-27 06:00:00,78.9,95,0.0,0.0,0.0
2020-08-27 07:00:00,80.7,91,0.0,0.03,22.0
2020-08-27 08:00:00,81.3,84,0.0,0.11,139.0
2020-08-27 09:00:00,82.8,74,0.0,0.27,334.0
2020-08-27 10:00:00,84.8,63,0.0,0.42,515.0
2020-08-27 11:00:00,87.0,56,0.0,0.55,660.0
2020-08-27 12:00:00,88.9,53,0.3,0.63,761.0
2020-08-27 13:00:00,90.2,56,0.3,0.64,799.0
2020-08-27 14:00:00,89.8,73,1.8,0.47,643.0
2020-08-27 15:00:00,89.0,67,0.1,0.45,562.0
2020-08-27 16:00:00,88.9,68,0.2,0.4,512.0
2020-08-27 17:00:00,87.2,84,2.3,0.22,315.0
2020-08-27 18:00:00,85.3,85,0.0,0.13,177.0
2020-08-27 19:00:00,84.5,87,0.0,0.04,52.0
2020-08-27 20:00:00,83.3,89,0.1,0.02,0.0
2020-08-27 21:00:00,82.4,94,0.0,0.0,0.0
2020-08-27 22:00:00,81.7,97,0.0,0.0,0.0
2020-08-27 23:00:00,81.1,98,0.0,0.0,0.0
2020-08-28 00:00:00,80.6,98,0.0,0.0,0.0
2020-08-28 01:00:00,80.2,99,0.0,0.0,0.0
2020-08-28 02:00:00,79.8,99,0.0,0.0,0.0
2020-08-28 03:00:00,79.5,99,0.0,0.0,0.0
2020-08-28 04:00:00,79.2,99,0.0,0.0,0.0
2020-08-28 05:00:00,78.9,99,0.0,0.0,0.0
2020-08-28 06:00:00,78.7,98,0.0,0.0,0.0
2020-08-28 07:00:00,79.5,95,0.0,0.01,20.0
2020-08-28 08:00:00,79.9,88,0.0,0.09,120.0
2020-08-28 09:00:00,81.3,77,0.0,0.25,335.0
2020-08-28 10:00:00,83.1,68,0.1,0.36,452.0
2020-08-28 11:00:00,85.1,61,0.1,0.45,553.0
2020-08-28 12:00:00,87.4,56,0.0,0.59,721.0
2020-08-28 13:00:00,89.4,53,0.0,0.65,784.0
2020-08-28 14:00:00,90.7,53,0.1,0.62,750.0
2020-08-28 15:00:00,91.1,56,0.2,0.55,649.0
2020-08-28 16:00:00,90.1,62,0.5,0.41,482.0
2020-08-28 17:00:00,89.0,71,0.2,0.29,351.0
2020-08-28 18:00:00,87.5,76,0.2,0.17,187.0
2020-08-28 19:00:00,87.1,77,0.1,0.08,56.0
2020-08-28 20:00:00,85.0,80,0.0,0.05,0.0
2020-08-28 21:00:00,83.6,85,0.0,0.02,0.0
2020-08-28 22:00:00,82.5,88,0.0,0.02,0.0
2020-08-28 23:00:00,81.7,87,0.0,0.02,0.0
2020-08-29 00:00:00,81.1,87,0.0,0.02,0.0
2020-08-29 01:00:00,80.7,87,0.0,0.02,0.0
2020-08-29 02:00:00,80.3,91,0.6,0.01,0.0
2020-08-29 03:00:00,79.3,98,1.7,0.0,0.0
2020-08-29 04:00:00,78.6,96,0.6,0.0,0.0
2020-08-29 05:00:00,78.3,97,0.0,0.0,0.0
2020-08-29 06:00:00,77.9,97,0.0,0.0,0.0
2020-08-29 07:00:00,79.3,96,0.1,0.01,15.0
2020-08-29 08:00:00,79.5,91,0.1,0.09,123.0
2020-08-29 09:00:00,80.4,88,0.4,0.19,281.0
2020-08-29 10:00:00,80.8,86,8.0,0.21,305.0
2020-08-29 11:00:00,80.3,92,0.4,0.14,196.0
2020-08-29 12:00:00,80.7,86,0.1,0.22,308.0
2020-08-29 13:00:00,81.8,82,0.1,0.3,412.0
2020-08-29 14:00:00,82.2,82,0.3,0.25,334.0
2020-08-29 15:00:00,82.3,83,0.0,0.2,256.0
2020-08-29 16:00:00,82.9,78,0.1,0.26,336.0
2020-08-29 17:00:00,82.8,80,0.0,0.16,192.0
2020-08-29 18:00:00,82.5,84,0.0,0.11,124.0
2020-08-29 19:00:00,80.1,95,0.0,0.03,36.0
2020-08-29 20:00:00,79.5,97,0.0,0.01,0.0
2020-08-29 21:00:00,79.1,98,0.0,0.0,0.0
2020-08-29 22:00:00,78.7,98,0.0,0.0,0.0
2020-08-29 23:00:00,78.3,99,0.0,0.0,0.0
2020-08-30 00:00:00,78.0,99,0.0,0.0,0.0
2020-08-30 01:00:00,77.7,99,0.0,0.0,0.0
2020-08-30 02:00:00,77.5,98,0.0,0.0,0.0
2020-08-30 03:00:00,77.4,98,0.0,0.0,0.0
2020-08-30 04:00:00,77.2,98,0.0,0.0,0.0
2020-08-30 05:00:00,77.1,98,0.0,0.0,0.0
2020-08-30 06:00:00,77.0,98,0.0,0.0,0.0
2020-08-30 07:00:00,78.3,96,0.1,0.01,17.0
2020-08-30 08:00:00,78.9,89,0.1,0.11,166.0
2020-08-30 09:00:00,79.7,82,1.2,0.21,299.0
2020-08-30 10:00:00,80.0,86,1.0,0.26,377.0
2020-08-30 11:00:00,81.6,75,0.2,0.38,516.0
2020-08-30 12:00:00,83.5,68,0.1,0.49,649.0
2020-08-30 13:00:00,85.1,69,0.3,0.51,688.0
2020-08-30 14:00:00,85.4,74,0.6,0.46,636.0
2020-08-30 15:00:00,85.9,70,0.1,0.43,567.0
2020-08-30 16:00:00,86.5,66,0.0,0.43,562.0
2020-08-30 17:00:00,86.4,67,0.2,0.3,373.0
2020-08-30 18:00:00,85.1,77,0.1,0.15,170.0
2020-08-30 19:00:00,80.2,83,0.0,0.05,46.0
2020-08-30 20:00:00,79.6,87,0.0,0.03,0.0
2020-08-30 21:00:00,78.9,92,0.6,0.0,0.0
2020-08-30 22:00:00,78.2,93,0.1,0.0,0.0
2020-08-30 23:00:00,77.6,96,0.1,0.0,0.0
2020-08-31 00:00:00,77.3,97,0.0,0.0,0.0
2020-08-31 01:00:00,77.0,97,0.1,0.0,0.0
2020-08-31 02:00:00,76.8,97,0.1,0.0,0.0
2020-08-31 03:00:00,76.6,97,0.0,0.0,0.0
2020-08-31 04:00:00,76.5,97,0.0,0.0,0.0
2020-08-31 05:00:00,76.5,98,0.0,0.0,0.0
2020-08-31 06:00:00,76.4,98,0.0,0.0,0.0
2020-08-31 07:00:00,77.8,98,0.1,0.01,17.0
2020-08-31 08:00:00,78.1,93,0.0,0.1,162.0
2020-08-31 09:00:00,79.3,84,0.0,0.23,334.0
2020-08-31 10:00:00,81.0,79,0.2,0.32,441.0
2020-08-31 11:00:00,82.2,73,0.4,0.35,459.0
2020-08-31 12:00:00,83.4,80,4.8,0.45,670.0
2020-08-31 13:00:00,83.3,82,0.6,0.43,620.0
2020-08-31 14:00:00,84.2,75,0.1,0.41,549.0
2020-08-31 15:00:00,85.6,67,0.0,0.49,642.0
2020-08-31 16:00:00,86.6,62,0.0,0.47,595.0
2020-08-31 17:00:00,86.0,73,0.5,0.28,362.0
2020-08-31 18:00:00,84.8,79,0.0,0.15,186.0
2020-08-31 19:00:00,82.7,93,0.0,0.04,51.0
2020-08-31 20:00:00,80.9,95,0.6,0.02,0.0
2020-08-31 21:00:00,79.4,98,0.9,0.0,0.0
2020-08-31 22:00:00,78.4,97,0.1,0.0,0.0
2020-08-31 23:00:00,77.6,98,0.0,0.0,0.0
2020-09-01 00:00:00,77.2,99,0.0,0.0,0.0
2020-09-01 01:00:00,77.0,99,0.0,0.0,0.0
2020-09-01 02:00:00,76.9,99,0.0,0.0,0.0
2020-09-01 03:00:00,76.9,99,0.0,0.0,0.0
2020-09-01 04:00:00,77.0,99,0.0,0.0,0.0
2020-09-01 05:00:00,77.1,99,0.0,0.0,0.0
2020-09-01 06:00:00,77.0,99,0.0,0.0,0.0
2020-09-01 07:00:00,78.5,99,0.0,0.01,20.0
2020-09-01 08:00:00,78.9,96,0.1,0.07,114.0
2020-09-01 09:00:00,79.6,93,0.7,0.15,212.0
2020-09-01 10:00:00,80.3,93,0.5,0.18,244.0
2020-09-01 11:00:00,81.5,86,0.4,0.3,416.0
2020-09-01 12:00:00,82.7,84,0.2,0.34,458.0
2020-09-01 13:00:00,84.3,74,0.1,0.41,538.0
2020-09-01 14:00:00,85.7,69,0.6,0.44,565.0
2020-09-01 15:00:00,85.3,75,0.7,0.38,505.0
2020-09-01 16:00:00,85.4,72,0.0,0.31,384.0
2020-09-01 17:00:00,84.8,80,0.5,0.23,309.0
2020-09-01 18:00:00,83.9,83,0.0,0.12,144.0
2020-09-01 19:00:00,83.8,89,0.0,0.04,42.0
2020-09-01 20:00:00,82.5,93,0.0,0.0,0.0
2020-09-01 21:00:00,81.5,95,0.0,0.0,0.0
2020-09-01 22:00:00,80.8,95,0.0,0.0,0.0
2020-09-01 23:00:00,80.2,97,0.0,0.0,0.0
2020-09-02 00:00:00,79.7,98,0.0,0.0,0.0
2020-09-02 01:00:00,79.3,98,0.0,0.0,0.0
2020-09-02 02:00:00,79.0,99,0.0,0.0,0.0
2020-09-02 03:00:00,78.7,98,0.0,0.0,0.0
2020-09-02 04:00:00,78.4,99,0.0,0.0,0.0
2020-09-02 05:00:00,78.3,99,0.0,0.0,0.0
2020-09-02 06:00:00,78.3,99,0.0,0.0,0.0
2020-09-02 07:00:00,78.4,98,0.0,0.01,15.0
2020-09-02 08:00:00,79.2,90,0.1,0.09,135.0
2020-09-02 09:00:00,80.4,80,0.1,0.23,315.0
2020-09-02 10:00:00,82.2,70,0.0,0.36,489.0
2020-09-02 11:00:00,84.4,64,0.0,0.5,662.0
2020-09-02 12:00:00,86.4,59,0.0,0.59,765.0
2020-09-02 13:00:00,88.2,55,0.0,0.63,813.0
2020-09-02 14:00:00,89.4,53,0.0,0.63,792.0
2020-09-02 15:00:00,90.3,52,0.0,0.6,755.0
2020-09-02 16:00:00,90.6,51,0.0,0.51,629.0
2020-09-02 17:00:00,90.2,51,0.0,0.37,451.0
2020-09-02 18:00:00,89.2,59,0.0,0.19,250.0
2020-09-02 19:00:00,88.1,68,0.0,0.06,61.0
2020-09-02 20:00:00,86.0,64,0.0,0.05,0.0
2020-09-02 21:00:00,84.3,68,0.0,0.02,0.0
2020-09-02 22:00:00,82.7,77,0.0,0.02,0.0
2020-09-02 23:00:00,81.6,90,0.0,0.0,0.0
2020-09-03 00:00:00,80.7,96,0.0,0.0,0.0
2020-09-03 01:00:00,80.1,96,0.0,0.0,0.0
2020-09-03 02:00:00,79.5,97,0.0,0.0,0.0
2020-09-03 03:00:00,79.0,98,0.0,0.0,0.0
2020-09-03 04:00:00,78.4,99,0.0,0.0,0.0
2020-09-03 05:00:00,77.7,100,0.0,0.0,0.0
2020-09-03 06:00:00,77.2,100,0.0,0.0,0.0
2020-09-03 07:00:00,78.3,99,0.0,0.0,22.0
2020-09-03 08:00:00,78.7,96,0.0,0.06,84.0
2020-09-03 09:00:00,80.2,86,0.0,0.18,260.0
2020-09-03 10:00:00,82.7,73,0.0,0.39,541.0
2020-09-03 11:00:00,85.6,61,0.0,0.56,748.0
2020-09-03 12:00:00,88.2,55,0.0,0.65,859.0
2020-09-03 13:00:00,90.2,49,0.0,0.69,885.0
2020-09-03 14:00:00,91.6,46,0.0,0.66,835.0
2020-09-03 15:00:00,92.5,44,0.0,0.61,762.0
2020-09-03 16:00:00,92.7,42,0.0,0.5,633.0
2020-09-03 17:00:00,92.2,42,0.0,0.37,459.0
2020-09-03 18:00:00,91.1,51,0.0,0.19,248.0
2020-09-03 19:00:00,89.5,66,0.0,0.08,57.0
2020-09-03 20:00:00,87.3,69,0.0,0.02,0.0
2020-09-03 21:00:00,85.5,76,0.0,0.04,0.0
2020-09-03 22:00:00,84.2,84,0.0,0.02,0.0
2020-09-03 23:00:00,83.1,89,0.0,0.01,0.0
2020-09-04 00:00:00,82.1,90,0.0,0.0,0.0
2020-09-04 01:00:00,81.2,93,0.0,0.0,0.0
2020-09-04 02:00:00,80.5,96,0.0,0.0,0.0
2020-09-04 03:00:00,79.8,96,0.0,0.0,0.0
2020-09-04 04:00:00,79.3,96,0.0,0.0,0.0
2020-09-04 05:00:00,78.7,97,0.0,0.0,0.0
2020-09-04 06:00:00,78.2,98,0.0,0.0,0.0
2020-09-04 07:00:00,77.6,98,0.0,0.0,21.0
2020-09-04 08:00:00,78.9,89,0.0,0.11,170.0
2020-09-04 09:00:00,81.1,78,0.0,0.26,372.0
2020-09-04 10:00:00,83.8,64,0.0,0.44,577.0
2020-09-04 11:00:00,86.5,54,0.0,0.55,701.0
2020-09-04 12:00:00,88.8,48,0.0,0.6,745.0
2020-09-04 13:00:00,91.0,45,0.0,0.65,818.0
2020-09-04 14:00:00,92.6,43,0.0,0.64,797.0
2020-09-04 15:00:00,93.6,42,0.0,0.57,722.0
2020-09-04 16:00:00,93.8,41,0.0,0.46,577.0
2020-09-04 17:00:00,93.3,42,0.0,0.3,386.0
2020-09-04 18:00:00,92.0,48,0.0,0.21,188.0
2020-09-04 19:00:00,90.5,61,0.0,0.06,49.0
2020-09-04 20:00:00,88.3,76,0.0,0.03,0.0
2020-09-04 21:00:00,86.5,81,0.0,0.01,0.0
2020-09-04 22:00:00,85.0,87,0.0,0.0,0.0
2020-09-04 23:00:00,83.8,89,0.0,0.0,0.0
2020-09-05 00:00:00,82.8,90,0.0,0.0,0.0
2020-09-05 01:00:00,82.0,94,0.0,0.0,0.0
2020-09-05 02:00:00,81.1,97,0.0,0.0,0.0
2020-09-05 03:00:00,80.4,98,0.0,0.0,0.0
2020-09-05 04:00:00,79.8,99,0.0,0.0,0.0
2020-09-05 05:00:00,79.1,100,0.0,0.0,0.0
2020-09-05 06:00:00,78.6,98,0.0,0.0,0.0
2020-09-05 07:00:00,79.9,85,0.0,0.02,20.0
2020-09-05 08:00:00,80.5,68,0.0,0.14,157.0
2020-09-05 09:00:00,82.4,61,0.0,0.3,384.0
2020-09-05 10:00:00,85.1,52,0.0,0.48,587.0
2020-09-05 11:00:00,88.0,44,0.0,0.61,746.0
2020-09-05 12:00:00,90.8,39,0.0,0.7,858.0
2020-09-05 13:00:00,93.2,36,0.0,0.73,886.0
2020-09-05 14:00:00,94.8,33,0.0,0.7,830.0
2020-09-05 15:00:00,95.6,33,0.0,0.62,700.0
2020-09-05 16:00:00,95.6,33,0.0,0.49,527.0
2020-09-05 17:00:00,95.0,34,0.0,0.36,380.0
2020-09-05 18:00:00,93.7,38,0.0,0.21,194.0
2020-09-05 19:00:00,91.0,54,0.0,0.08,47.0
2020-09-05 20:00:00,88.9,53,0.0,0.09,0.0
2020-09-05 21:00:00,87.4,28,0.0,0.18,0.0
2020-09-05 22:00:00,85.8,31,0.0,0.15,0.0
2020-09-05 23:00:00,84.4,34,0.0,0.13,0.0
2020-09-06 00:00:00,83.2,37,0.0,0.13,0.0
2020-09-06 01:00:00,82.3,40,0.0,0.12,0.0
2020-09-06 02:00:00,81.6,44,0.0,0.1,0.0
2020-09-06 03:00:00,81.0,51,0.0,0.08,0.0
2020-09-06 04:00:00,80.3,60,0.0,0.06,0.0
2020-09-06 05:00:00,79.8,69,0.0,0.04,0.0
2020-09-06 06:00:00,79.3,76,0.0,0.03,0.0
2020-09-06 07:00:00,79.4,78,0.0,0.05,19.0
2020-09-06 08:00:00,80.1,70,0.0,0.16,172.0
2020-09-06 09:00:00,81.7,65,0.0,0.3,380.0
2020-09-06 10:00:00,84.0,59,0.0,0.44,568.0
2020-09-06 11:00:00,86.5,52,0.0,0.58,728.0
2020-09-06 12:00:00,89.2,45,0.0,0.69,846.0
2020-09-06 13:00:00,91.4,41,0.0,0.73,881.0
2020-09-06 14:00:00,92.9,38,0.0,0.69,807.0
2020-09-06 15:00:00,93.7,36,0.0,0.61,692.0
2020-09-06 16:00:00,94.0,35,0.0,0.53,585.0
2020-09-06 17:00:00,93.5,35,0.0,0.38,395.0
2020-09-06 18:00:00,92.2,37,0.0,0.24,216.0
2020-09-06 19:00:00,89.9,57,0.0,0.11,48.0
2020-09-06 20:00:00,87.6,57,0.0,0.09,0.0
2020-09-06 21:00:00,85.8,58,0.0,0.07,0.0
2020-09-06 22:00:00,84.4,58,0.0,0.09,0.0
2020-09-06 23:00:00,83.2,58,0.0,0.08,0.0
2020-09-07 00:00:00,82.0,62,0.0,0.05,0.0
2020-09-07 01:00:00,80.9,66,0.0,0.04,0.0
2020-09-07 02:00:00,79.9,70,0.0,0.03,0.0
2020-09-07 03:00:00,79.2,72,0.0,0.03,0.0
2020-09-07 04:00:00,78.6,70,0.0,0.04,0.0
2020-09-07 05:00:00,78.3,67,0.0,0.04,0.0
2020-09-07 06:00:00,77.9,67,0.0,0.04,0.0
2020-09-07 07:00:00,78.2,70,0.0,0.06,17.0
2020-09-07 08:00:00,79.2,67,0.0,0.15,166.0
2020-09-07 09:00:00,81.1,65,0.0,0.28,367.0
2020-09-07 10:00:00,83.5,59,0.0,0.43,568.0
2020-09-07 11:00:00,86.1,53,0.0,0.55,698.0
2020-09-07 12:00:00,88.5,48,0.1,0.59,750.0
2020-09-07 13:00:00,90.6,44,0.0,0.62,779.0
2020-09-07 14:00:00,92.5,41,0.0,0.64,797.0
2020-09-07 15:00:00,93.5,40,0.0,0.59,706.0
2020-09-07 16:00:00,93.5,42,0.0,0.5,563.0
2020-09-07 17:00:00,92.8,44,0.0,0.37,376.0
2020-09-07 18:00:00,91.2,49,0.0,0.23,195.0
2020-09-07 19:00:00,87.7,53,0.0,0.08,40.0
2020-09-07 20:00:00,86.0,57,0.0,0.06,0.0
2020-09-07 21:00:00,84.6,60,0.0,0.05,0.0
2020-09-07 22:00:00,83.3,62,0.0,0.05,0.0
2020-09-07 23:00:00,82.4,66,0.0,0.05,0.0
2020-09-08 00:00:00,81.7,76,0.0,0.03,0.0
2020-09-08 01:00:00,81.1,81,0.0,0.02,0.0
2020-09-08 02:00:00,80.5,86,0.0,0.01,0.0
2020-09-08 03:00:00,79.9,88,0.0,0.0,0.0
2020-09-08 04:00:00,79.3,91,0.0,0.0,0.0
2020-09-08 05:00:00,78.7,93,0.0,0.0,0.0
2020-09-08 06:00:00,78.3,93,0.0,0.0,0.0
2020-09-08 07:00:00,77.9,94,0.0,0.02,11.0
2020-09-08 08:00:00,78.7,82,0.0,0.12,146.0
2020-09-08 09:00:00,80.2,72,0.0,0.23,288.0
2020-09-08 10:00:00,82.4,62,0.1,0.39,488.0
2020-09-08 11:00:00,85.0,52,0.0,0.53,653.0
2020-09-08 12:00:00,87.5,46,0.0,0.62,738.0
2020-09-08 13:00:00,89.8,42,0.0,0.66,778.0
2020-09-08 14:00:00,91.8,39,0.0,0.67,771.0
2020-09-08 15:00:00,92.9,38,0.0,0.61,667.0
2020-09-08 16:00:00,93.3,39,0.0,0.54,561.0
2020-09-08 17:00:00,92.8,40,0.0,0.41,387.0
2020-09-08 18:00:00,91.5,42,0.0,0.25,191.0
2020-09-08 19:00:00,88.8,55,0.0,0.1,39.0
2020-09-08 20:00:00,87.0,55,0.0,0.09,0.0
2020-09-08 21:00:00,85.6,56,0.0,0.11,0.0
2020-09-08 22:00:00,84.5,58,0.0,0.1,0.0
2020-09-08 23:00:00,83.5,61,0.0,0.08,0.0
2020-09-09 00:00:00,82.6,65,0.0,0.06,0.0
2020-09-09 01:00:00,81.8,68,0.0,0.04,0.0
2020-09-09 02:00:00,81.0,71,0.0,0.03,0.0
2020-09-09 03:00:00,80.2,73,0.0,0.03,0.0
2020-09-09 04:00:00,79.5,74,0.0,0.03,0.0
2020-09-09 05:00:00,78.9,76,0.0,0.03,0.0
2020-09-09 06:00:00,78.4,77,0.0,0.02,0.0
2020-09-09 07:00:00,77.3,76,0.0,0.05,18.0
2020-09-09 08:00:00,78.4,68,0.0,0.15,167.0
2020-09-09 09:00:00,80.5,61,0.0,0.31,376.0
2020-09-09 10:00:00,83.1,54,0.0,0.46,574.0
2020-09-09 11:00:00,86.1,48,0.0,0.59,736.0
2020-09-09 12:00:00,89.0,42,0.0,0.7,840.0
2020-09-09 13:00:00,91.3,38,0.0,0.69,800.0
2020-09-09 14:00:00,93.3,35,0.0,0.69,778.0
2020-09-09 15:00:00,94.4,33,0.0,0.59,624.0
2020-09-09 16:00:00,94.4,34,0.0,0.47,426.0
2020-09-09 17:00:00,93.9,38,0.0,0.42,355.0
2020-09-09 18:00:00,92.7,40,0.0,0.28,196.0
2020-09-09 19:00:00,89.2,57,0.0,0.12,41.0
2020-09-09 20:00:00,87.4,61,0.0,0.09,0.0
2020-09-09 21:00:00,86.0,63,0.0,0.08,0.0
2020-09-09 22:00:00,84.7,65,0.0,0.07,0.0
2020-09-09 23:00:00,83.8,66,0.0,0.06,0.0
2020-09-10 00:00:00,83.0,69,0.0,0.05,0.0
2020-09-10 01:00:00,82.2,71,0.0,0.04,0.0
2020-09-10 02:00:00,81.6,74,0.0,0.03,0.0
2020-09-10 03:00:00,81.0,78,0.0,0.02,0.0
2020-09-10 04:00:00,80.4,80,0.0,0.02,0.0
2020-09-10 05:00:00,80.0,83,0.0,0.02,0.0
2020-09-10 06:00:00,79.7,85,0.0,0.01,0.0
2020-09-10 07:00:00,80.9,85,0.0,0.04,11.0
2020-09-10 08:00:00,81.2,80,0.0,0.12,136.0
2020-09-10 09:00:00,82.5,73,0.0,0.23,278.0
2020-09-10 10:00:00,84.2,65,0.1,0.31,362.0
2020-09-10 11:00:00,86.7,59,0.1,0.48,603.0
2020-09-10 12:00:00,89.3,55,0.0,0.54,670.0
2020-09-10 13:00:00,91.4,52,0.1,0.56,668.0
2020-09-10 14:00:00,89.9,64,1.3,0.34,398.0
2020-09-10 15:00:00,89.6,67,0.9,0.35,429.0
2020-09-10 16:00:00,87.9,72,0.2,0.19,232.0
2020-09-10 17:00:00,87.1,76,0.2,0.13,151.0
2020-09-10 18:00:00,85.9,81,0.0,0.07,58.0
2020-09-10 19:00:00,82.7,94,2.4,0.02,12.0
2020-09-10 20:00:00,80.9,94,0.7,0.0,0.0
2020-09-10 21:00:00,79.5,93,0.0,0.0,0.0
2020-09-10 22:00:00,78.7,94,0.1,0.0,0.0
2020-09-10 23:00:00,78.2,96,0.0,0.0,0.0
2020-09-11 00:00:00,77.8,97,0.0,0.0,0.0
2020-09-11 01:00:00,77.5,97,0.0,0.0,0.0
2020-09-11 02:00:00,77.3,97,0.0,0.0,0.0
2020-09-11 03:00:00,77.0,97,0.0,0.0,0.0
2020-09-11 04:00:00,76.7,97,0.0,0.0,0.0
2020-09-11 05:00:00,76.5,98,0.0,0.0,0.0
2020-09-11 06:00:00,76.2,98,0.0,0.0,0.0
2020-09-11 07:00:00,78.3,97,0.0,0.01,16.0
2020-09-11 08:00:00,78.5,90,0.0,0.1,154.0
2020-09-11 09:00:00,79.7,79,0.0,0.23,309.0
2020-09-11 10:00:00,81.7,68,0.1,0.38,503.0
2020-09-11 11:00:00,83.5,64,0.4,0.45,569.0
2020-09-11 12:00:00,85.0,62,0.1,0.46,569.0
2020-09-11 13:00:00,87.2,56,0.0,0.59,728.0
2020-09-11 14:00:00,89.0,54,0.0,0.6,740.0
2020-09-11 15:00:00,89.7,58,0.7,0.47,552.0
2020-09-11 16:00:00,87.4,74,0.8,0.26,325.0
2020-09-11 17:00:00,87.1,69,0.0,0.27,330.0
2020-09-11 18:00:00,86.3,71,0.0,0.16,171.0
2020-09-11 19:00:00,85.6,92,0.0,0.03,34.0
2020-09-11 20:00:00,82.6,89,0.0,0.01,0.0
2020-09-11 21:00:00,80.8,88,0.0,0.01,0.0
2020-09-11 22:00:00,79.7,89,0.0,0.01,0.0
2020-09-11 23:00:00,79.0,89,0.0,0.01,0.0
2020-09-12 00:00:00,78.5,90,0.0,0.01,0.0
2020-09-12 01:00:00,78.3,91,0.0,0.0,0.0
2020-09-12 02:00:00,78.0,92,0.0,0.0,0.0
2020-09-12 03:00:00,78.1,91,0.0,0.01,0.0
2020-09-12 04:00:00,78.2,92,0.0,0.0,0.0
2020-09-12 05:00:00,78.3,93,0.0,0.0,0.0
2020-09-12 06:00:00,78.3,94,0.0,0.0,0.0
2020-09-12 07:00:00,80.2,94,0.0,0.01,13.0
2020-09-12 08:00:00,80.4,83,0.0,0.12,157.0
2020-09-12 09:00:00,81.7,73,0.0,0.26,330.0
2020-09-12 10:00:00,83.5,66,0.1,0.4,502.0
2020-09-12 11:00:00,85.5,59,0.1,0.52,648.0
2020-09-12 12:00:00,87.2,57,0.1,0.55,672.0
2020-09-12 13:00:00,88.5,64,0.6,0.53,699.0
2020-09-12 14:00:00,88.3,59,0.8,0.53,648.0
2020-09-12 15:00:00,89.5,53,0.0,0.56,667.0
2020-09-12 16:00:00,90.2,51,0.0,0.5,544.0
2020-09-12 17:00:00,89.3,58,0.4,0.32,347.0
2020-09-12 18:00:00,87.7,65,0.1,0.17,148.0
2020-09-12 19:00:00,86.7,63,0.0,0.11,26.0
2020-09-12 20:00:00,85.3,65,0.0,0.06,0.0
2020-09-12 21:00:00,84.0,68,0.0,0.06,0.0
2020-09-12 22:00:00,82.9,72,0.0,0.05,0.0
2020-09-12 23:00:00,82.0,74,0.0,0.05,0.0
2020-09-13 00:00:00,81.5,74,0.0,0.06,0.0
2020-09-13 01:00:00,81.1,75,0.0,0.06,0.0
2020-09-13 02:00:00,80.7,77,0.0,0.05,0.0
2020-09-13 03:00:00,80.2,78,0.0,0.05,0.0
2020-09-13 04:00:00,79.9,77,0.0,0.06,0.0
2020-09-13 05:00:00,79.5,78,0.0,0.05,0.0
2020-09-13 06:00:00,79.3,79,0.0,0.05,0.0
2020-09-13 07:00:00,80.8,81,0.0,0.06,15.0
2020-09-13 08:00:00,81.0,78,0.0,0.13,125.0
2020-09-13 09:00:00,82.0,72,0.1,0.25,290.0
2020-09-13 10:00:00,83.5,64,0.1,0.39,459.0
2020-09-13 11:00:00,85.1,59,0.2,0.47,555.0
2020-09-13 12:00:00,87.0,52,0.0,0.58,661.0
2020-09-13 13:00:00,88.8,50,0.0,0.62,706.0
2020-09-13 14:00:00,90.2,49,0.0,0.63,717.0
2020-09-13 15:00:00,91.1,48,0.0,0.57,621.0
2020-09-13 16:00:00,89.8,68,0.5,0.24,211.0
2020-09-13 17:00:00,88.0,70,0.5,0.24,271.0
2020-09-13 18:00:00,86.6,70,0.0,0.17,159.0
2020-09-13 19:00:00,84.3,87,0.1,0.04,30.0
2020-09-13 20:00:00,82.7,86,0.0,0.03,0.0
2020-09-13 21:00:00,81.6,84,0.0,0.04,0.0
2020-09-13 22:00:00,80.9,83,0.0,0.05,0.0
2020-09-13 23:00:00,80.3,81,0.0,0.05,0.0
2020-09-14 00:00:00,80.0,82,0.0,0.05,0.0
2020-09-14 01:00:00,79.8,84,0.0,0.04,0.0
2020-09-14 02:00:00,79.5,86,0.0,0.03,0.0
2020-09-14 03:00:00,79.3,88,0.0,0.03,0.0
2020-09-14 04:00:00,79.1,87,0.0,0.03,0.0
2020-09-14 05:00:00,79.0,87,0.0,0.03,0.0
2020-09-14 06:00:00,78.8,88,0.0,0.02,0.0
2020-09-14 07:00:00,79.5,88,0.0,0.05,5.0
2020-09-14 08:00:00,79.6,83,0.2,0.1,84.0
2020-09-14 09:00:00,80.2,77,0.2,0.18,167.0
2020-09-14 10:00:00,81.0,76,0.2,0.22,243.0
2020-09-14 11:00:00,81.8,73,0.2,0.24,242.0
2020-09-14 12:00:00,81.3,85,2.2,0.17,213.0
2020-09-14 13:00:00,80.4,90,0.8,0.11,136.0
2020-09-14 14:00:00,80.0,89,0.2,0.12,146.0
2020-09-14 15:00:00,80.0,87,0.4,0.14,170.0
2020-09-14 16:00:00,79.7,89,1.0,0.08,74.0
2020-09-14 17:00:00,79.3,92,0.4,0.06,54.0
2020-09-14 18:00:00,78.8,93,0.2,0.05,41.0
2020-09-14 19:00:00,78.8,97,0.1,0.02,6.0
2020-09-14 20:00:00,77.9,94,0.3,0.01,0.0
2020-09-14 21:00:00,77.4,97,0.3,0.0,0.0
2020-09-14 22:00:00,76.9,97,0.4,0.0,0.0
2020-09-14 23:00:00,76.7,98,0.4,0.0,0.0
2020-09-15 00:00:00,76.6,98,0.5,0.0,0.0
2020-09-15 01:00:00,76.7,98,0.5,0.0,0.0
2020-09-15 02:00:00,76.7,98,0.6,0.0,0.0
2020-09-15 03:00:00,76.6,98,0.9,0.0,0.0
2020-09-15 04:00:00,76.6,98,1.0,0.0,0.0
2020-09-15 05:00:00,76.4,98,1.1,0.0,0.0
2020-09-15 06:00:00,76.3,98,1.0,0.0,0.0
2020-09-15 07:00:00,77.3,94,0.7,0.03,4.0
2020-09-15 08:00:00,76.8,92,0.2,0.05,45.0
2020-09-15 09:00:00,76.7,91,0.3,0.07,70.0
2020-09-15 10:00:00,76.7,91,1.0,0.1,121.0
2020-09-15 11:00:00,76.7,96,2.1,0.07,106.0
2020-09-15 12:00:00,76.6,97,3.9,0.05,66.0
2020-09-15 13:00:00,76.6,97,4.3,0.06,77.0
2020-09-15 14:00:00,76.6,98,4.2,0.05,61.0
2020-09-15 15:00:00,76.6,98,3.8,0.05,73.0
2020-09-15 16:00:00,76.6,98,2.3,0.04,51.0
2020-09-15 17:00:00,76.5,98,1.4,0.04,39.0
2020-09-15 18:00:00,76.4,98,1.3,0.03,23.0
2020-09-15 19:00:00,75.3,97,1.6,0.02,3.0
2020-09-15 20:00:00,75.3,98,3.1,0.0,0.0
2020-09-15 21:00:00,75.3,97,2.0,0.0,0.0
2020-09-15 22:00:00,75.2,98,4.5,0.0,0.0
2020-09-15 23:00:00,75.1,98,3.3,0.0,0.0
2020-09-16 00:00:00,75.1,98,2.2,0.0,0.0
2020-09-16 01:00:00,75.2,98,1.2,0.0,0.0
2020-09-16 02:00:00,75.2,98,1.1,0.0,0.0
2020-09-16 03:00:00,75.0,98,1.2,0.0,0.0
2020-09-16 04:00:00,74.8,98,0.9,0.0,0.0
2020-09-16 05:00:00,74.7,98,1.0,0.0,0.0
2020-09-16 06:00:00,74.5,98,1.7,0.0,0.0
2020-09-16 07:00:00,76.6,97,3.7,0.02,1.0
2020-09-16 08:00:00,75.7,98,2.6,0.02,11.0
2020-09-16 09:00:00,75.2,98,4.6,0.03,16.0
2020-09-16 10:00:00,75.0,98,4.5,0.03,25.0
2020-09-16 11:00:00,74.9,98,8.1,0.03,25.0
2020-09-16 12:00:00,75.2,97,14.3,0.03,32.0
2020-09-16 13:00:00,75.7,97,11.1,0.05,79.0
2020-09-16 14:00:00,76.1,98,2.4,0.05,64.0
2020-09-16 15:00:00,76.5,98,4.2,0.07,119.0
2020-09-16 16:00:00,76.6,98,5.2,0.05,93.0
2020-09-16 17:00:00,76.6,97,1.1,0.05,66.0
2020-09-16 18:00:00,76.4,99,3.2,0.02,16.0
2020-09-16 19:00:00,76.2,92,2.9,0.04,3.0
2020-09-16 20:00:00,75.9,92,0.1,0.02,0.0
2020-09-16 21:00:00,75.7,90,0.1,0.02,0.0
2020-09-16 22:00:00,75.6,87,0.1,0.03,0.0
2020-09-16 23:00:00,75.4,89,0.1,0.03,0.0
2020-09-17 00:00:00,75.2,91,0.2,0.02,0.0
2020-09-17 01:00:00,75.2,91,0.2,0.02,0.0
2020-09-17 02:00:00,75.0,89,0.3,0.02,0.0
2020-09-17 03:00:00,74.8,88,0.0,0.03,0.0
2020-09-17 04:00:00,74.7,89,0.1,0.02,0.0
2020-09-17 05:00:00,74.6,88,0.0,0.02,0.0
2020-09-17 06:00:00,74.4,87,0.0,0.02,0.0
2020-09-17 07:00:00,75.7,83,0.0,0.05,6.0
2020-09-17 08:00:00,75.4,81,0.0,0.1,119.0
2020-09-17 09:00:00,75.7,78,0.0,0.18,252.0
2020-09-17 10:00:00,76.7,70,0.1,0.33,474.0
2020-09-17 11:00:00,77.1,74,0.0,0.24,305.0
2020-09-17 12:00:00,77.8,71,0.1,0.31,421.0
2020-09-17 13:00:00,78.0,78,0.0,0.24,324.0
2020-09-17 14:00:00,78.5,74,0.0,0.3,407.0
2020-09-17 15:00:00,78.6,74,0.1,0.25,308.0
2020-09-17 16:00:00,78.6,76,0.1,0.21,254.0
2020-09-17 17:00:00,78.2,82,0.1,0.11,118.0
2020-09-17 18:00:00,78.0,81,0.0,0.1,116.0
2020-09-17 19:00:00,77.8,74,0.1,0.06,15.0
2020-09-17 20:00:00,77.3,75,0.0,0.03,0.0
2020-09-17 21:00:00,76.4,85,0.0,0.0,0.0
2020-09-17 22:00:00,75.7,87,0.0,0.0,0.0
2020-09-17 23:00:00,74.9,91,0.0,0.0,0.0
2020-09-18 00:00:00,74.3,92,0.0,0.0,0.0
2020-09-18 01:00:00,73.9,93,0.0,0.0,0.0
2020-09-18 02:00:00,73.6,91,0.0,0.0,0.0
2020-09-18 03:00:00,73.5,91,0.0,0.0,0.0
2020-09-18 04:00:00,73.2,93,0.0,0.0,0.0
2020-09-18 05:00:00,72.8,95,0.0,0.0,0.0
2020-09-18 06:00:00,72.5,96,0.0,0.0,0.0
2020-09-18 07:00:00,74.3,98,0.0,0.0,11.0
2020-09-18 08:00:00,74.7,91,0.0,0.07,119.0
2020-09-18 09:00:00,76.1,84,0.0,0.21,332.0
2020-09-18 10:00:00,78.0,79,0.0,0.34,493.0
2020-09-18 11:00:00,80.2,71,0.0,0.49,691.0
2020-09-18 12:00:00,82.0,67,0.0,0.53,737.0
2020-09-18 13:00:00,83.3,63,0.0,0.53,724.0
2020-09-18 14:00:00,84.1,59,0.0,0.52,693.0
2020-09-18 15:00:00,83.9,60,0.0,0.36,444.0
2020-09-18 16:00:00,83.4,67,0.3,0.27,336.0
2020-09-18 17:00:00,82.4,74,0.0,0.18,220.0
2020-09-18 18:00:00,81.4,79,0.0,0.09,109.0
2020-09-18 19:00:00,79.6,78,0.0,0.05,15.0
2020-09-18 20:00:00,78.4,77,0.0,0.03,0.0
2020-09-18 21:00:00,77.5,79,0.0,0.03,0.0
2020-09-18 22:00:00,76.7,79,0.0,0.02,0.0
2020-09-18 23:00:00,76.1,78,0.0,0.03,0.0
2020-09-19 00:00:00,75.7,79,0.0,0.03,0.0
2020-09-19 01:00:00,75.2,79,0.0,0.03,0.0
2020-09-19 02:00:00,74.7,82,0.0,0.02,0.0
2020-09-19 03:00:00,74.2,84,0.0,0.01,0.0
2020-09-19 04:00:00,73.9,85,0.0,0.01,0.0
2020-09-19 05:00:00,73.5,86,0.0,0.01,0.0
2020-09-19 06:00:00,73.3,84,0.0,0.01,0.0
2020-09-19 07:00:00,74.8,85,0.0,0.03,9.0
2020-09-19 08:00:00,74.8,81,0.0,0.08,79.0
2020-09-19 09:00:00,75.1,78,0.0,0.14,163.0
2020-09-19 10:00:00,75.7,74,0.0,0.21,275.0
2020-09-19 11:00:00,75.8,75,0.0,0.18,204.0
2020-09-19 12:00:00,76.9,70,0.0,0.33,451.0
2020-09-19 13:00:00,77.1,71,0.0,0.23,277.0
2020-09-19 14:00:00,77.1,69,0.0,0.21,234.0
2020-09-19 15:00:00,77.1,68,0.0,0.22,236.0
2020-09-19 16:00:00,76.7,68,0.0,0.17,149.0
2020-09-19 17:00:00,76.3,70,0.0,0.14,118.0
2020-09-19 18:00:00,75.7,69,0.0,0.11,51.0
2020-09-19 19:00:00,75.8,71,0.0,0.08,4.0
2020-09-19 20:00:00,74.6,76,0.5,0.05,0.0
2020-09-19 21:00:00,72.9,83,1.0,0.03,0.0
2020-09-19 22:00:00,71.2,83,0.3,0.03,0.0
2020-09-19 23:00:00,70.3,79,0.1,0.04,0.0
2020-09-20 00:00:00,69.5,78,0.2,0.04,0.0
2020-09-20 01:00:00,69.2,77,0.1,0.04,0.0
2020-09-20 02:00:00,68.8,78,0.2,0.04,0.0
2020-09-20 03:00:00,68.4,81,0.4,0.04,0.0
2020-09-20 04:00:00,67.7,83,0.3,0.03,0.0
2020-09-20 05:00:00,67.0,83,0.3,0.03,0.0
2020-09-20 06:00:00,66.3,83,0.3,0.03,0.0
2020-09-20 07:00:00,68.1,96,0.4,0.02,3.0
2020-09-20 08:00:00,66.4,92,0.4,0.04,34.0
2020-09-20 09:00:00,65.7,91,0.3,0.06,76.0
2020-09-20 10:00:00,65.4,91,0.5,0.07,108.0
2020-09-20 11:00:00,65.0,97,1.0,0.06,119.0
2020-09-20 12:00:00,64.7,97,1.5,0.06,108.0
2020-09-20 13:00:00,64.8,97,2.0,0.08,173.0
2020-09-20 14:00:00,64.6,96,1.7,0.06,99.0
2020-09-20 15:00:00,64.7,96,1.1,0.07,126.0
2020-09-20 16:00:00,64.8,96,1.4,0.07,120.0
2020-09-20 17:00:00,64.8,96,2.2,0.04,57.0
2020-09-20 18:00:00,64.6,96,3.6,0.03,20.0
2020-09-20 19:00:00,65.0,81,2.3,0.05,3.0
2020-09-20 20:00:00,65.2,75,0.0,0.05,0.0
2020-09-20 21:00:00,65.6,71,0.0,0.06,0.0
2020-09-20 22:00:00,65.9,69,0.0,0.07,0.0
2020-09-20 23:00:00,66.3,67,0.0,0.08,0.0
2020-09-21 00:00:00,66.5,68,0.0,0.07,0.0
2020-09-21 01:00:00,66.7,68,0.0,0.07,0.0
2020-09-21 02:00:00,66.7,69,0.0,0.07,0.0
2020-09-21 03:00:00,66.7,69,0.0,0.07,0.0
2020-09-21 04:00:00,66.7,68,0.0,0.07,0.0
2020-09-21 05:00:00,66.5,66,0.0,0.08,0.0
2020-09-21 06:00:00,66.4,65,0.0,0.08,0.0
2020-09-21 07:00:00,65.0,71,0.0,0.08,4.0
2020-09-21 08:00:00,65.1,70,0.0,0.1,43.0
2020-09-21 09:00:00,65.5,69,0.0,0.13,121.0
2020-09-21 10:00:00,66.4,66,0.0,0.21,273.0
2020-09-21 11:00:00,66.8,67,0.0,0.18,195.0
2020-09-21 12:00:00,67.7,66,0.0,0.22,261.0
2020-09-21 13:00:00,68.6,66,0.0,0.23,281.0
2020-09-21 14:00:00,69.9,63,0.0,0.31,416.0
2020-09-21 15:00:00,70.6,63,0.0,0.27,345.0
2020-09-21 16:00:00,71.3,62,0.0,0.3,396.0
2020-09-21 17:00:00,71.5,64,0.0,0.23,305.0
2020-09-21 18:00:00,71.1,66,0.0,0.14,120.0
2020-09-21 19:00:00,72.0,66,0.0,0.09,12.0
2020-09-21 20:00:00,71.0,64,0.0,0.08,0.0
2020-09-21 21:00:00,70.2,62,0.0,0.09,0.0
2020-09-21 22:00:00,69.5,59,0.0,0.09,0.0
2020-09-21 23:00:00,68.7,59,0.0,0.09,0.0
2020-09-22 00:00:00,68.0,60,0.0,0.09,0.0
2020-09-22 01:00:00,67.3,60,0.0,0.08,0.0
2020-09-22 02:00:00,66.7,62,0.0,0.06,0.0
2020-09-22 03:00:00,66.2,63,0.0,0.06,0.0
2020-09-22 04:00:00,65.8,65,0.0,0.05,0.0
2020-09-22 05:00:00,65.4,68,0.0,0.05,0.0
2020-09-22 06:00:00,65.1,70,0.0,0.05,0.0
2020-09-22 07:00:00,65.8,71,0.0,0.06,8.0
2020-09-22 08:00:00,65.8,74,0.0,0.09,83.0
2020-09-22 09:00:00,66.7,71,0.0,0.17,242.0
2020-09-22 10:00:00,67.7,70,0.0,0.23,350.0
2020-09-22 11:00:00,69.5,68,0.0,0.34,554.0
2020-09-22 12:00:00,71.6,66,0.0,0.43,697.0
2020-09-22 13:00:00,72.3,67,0.0,0.31,436.0
2020-09-22 14:00:00,72.4,68,0.0,0.21,239.0
2020-09-22 15:00:00,72.4,69,0.0,0.17,188.0
2020-09-22 16:00:00,72.8,68,0.0,0.2,239.0
2020-09-22 17:00:00,72.6,72,0.0,0.11,100.0
2020-09-22 18:00:00,72.2,74,0.0,0.07,47.0
2020-09-22 19:00:00,71.9,74,0.0,0.06,5.0
2020-09-22 20:00:00,70.8,77,0.0,0.03,0.0
2020-09-22 21:00:00,70.1,78,0.0,0.03,0.0
2020-09-22 22:00:00,69.5,78,0.0,0.03,0.0
2020-09-22 23:00:00,69.1,77,0.0,0.03,0.0
2020-09-23 00:00:00,68.8,76,0.0,0.03,0.0
2020-09-23 01:00:00,68.4,77,0.0,0.03,0.0
2020-09-23 02:00:00,68.0,76,0.0,0.03,0.0
2020-09-23 03:00:00,67.8,74,0.0,0.03,0.0
2020-09-23 04:00:00,67.6,74,0.0,0.03,0.0
2020-09-23 05:00:00,67.4,76,0.0,0.02,0.0
2020-09-23 06:00:00,67.2,78,0.0,0.02,0.0
2020-09-23 07:00:00,69.2,84,0.0,0.03,7.0
2020-09-23 08:00:00,69.0,82,0.1,0.06,54.0
2020-09-23 09:00:00,69.5,77,0.0,0.13,173.0
2020-09-23 10:00:00,71.2,69,0.0,0.3,464.0
2020-09-23 11:00:00,73.4,65,0.0,0.44,672.0
2020-09-23 12:00:00,75.7,60,0.0,0.54,790.0
2020-09-23 13:00:00,77.5,54,0.0,0.59,844.0
2020-09-23 14:00:00,79.0,51,0.0,0.58,803.0
2020-09-23 15:00:00,79.4,51,0.0,0.47,611.0
2020-09-23 16:00:00,79.3,52,0.0,0.36,438.0
2020-09-23 17:00:00,78.7,59,0.0,0.23,282.0
2020-09-23 18:00:00,77.5,68,0.0,0.11,110.0
2020-09-23 19:00:00,76.6,65,0.0,0.08,13.0
2020-09-23 20:00:00,75.2,62,0.0,0.06,0.0
2020-09-23 21:00:00,73.6,66,0.0,0.04,0.0
2020-09-23 22:00:00,72.3,72,0.0,0.03,0.0
2020-09-23 23:00:00,71.5,77,0.0,0.03,0.0
2020-09-24 00:00:00,70.8,75,0.0,0.03,0.0
2020-09-24 01:00:00,70.4,73,0.0,0.03,0.0
2020-09-24 02:00:00,70.1,74,0.0,0.04,0.0
2020-09-24 03:00:00,70.0,74,0.0,0.04,0.0
2020-09-24 04:00:00,70.0,75,0.0,0.04,0.0
2020-09-24 05:00:00,70.0,79,0.0,0.03,0.0
2020-09-24 06:00:00,69.9,83,0.0,0.02,0.0
2020-09-24 07:00:00,70.8,87,0.0,0.03,7.0
2020-09-24 08:00:00,71.6,85,0.0,0.08,112.0
2020-09-24 09:00:00,73.2,81,0.0,0.19,268.0
2020-09-24 10:00:00,74.8,74,0.1,0.26,333.0
2020-09-24 11:00:00,75.1,82,0.8,0.15,178.0
2020-09-24 12:00:00,75.9,78,0.6,0.26,342.0
2020-09-24 13:00:00,76.3,86,1.9,0.24,367.0
2020-09-24 14:00:00,76.0,96,4.1,0.16,260.0
2020-09-24 15:00:00,75.7,97,2.5,0.12,203.0
2020-09-24 16:00:00,75.6,97,1.6,0.12,188.0
2020-09-24 17:00:00,75.5,93,0.5,0.08,97.0
2020-09-24 18:00:00,75.3,94,0.1,0.05,77.0
2020-09-24 19:00:00,75.8,98,0.1,0.01,10.0
2020-09-24 20:00:00,75.2,98,0.0,0.0,0.0
2020-09-24 21:00:00,74.8,99,0.2,0.0,0.0
2020-09-24 22:00:00,74.4,100,0.7,0.0,0.0
2020-09-24 23:00:00,74.2,99,0.8,0.0,0.0
2020-09-25 00:00:00,74.1,99,0.3,0.0,0.0
2020-09-25 01:00:00,74.0,99,0.2,0.0,0.0
2020-09-25 02:00:00,74.0,99,0.2,0.0,0.0
2020-09-25 03:00:00,74.0,99,0.2,0.0,0.0
2020-09-25 04:00:00,73.9,98,0.1,0.0,0.0
2020-09-25 05:00:00,73.9,99,0.4,0.0,0.0
2020-09-25 06:00:00,73.8,99,0.2,0.0,0.0
2020-09-25 07:00:00,75.5,98,0.0,0.0,6.0
2020-09-25 08:00:00,75.3,96,0.0,0.05,79.0
2020-09-25 09:00:00,76.1,95,0.0,0.16,247.0
2020-09-25 10:00:00,77.5,91,0.1,0.25,363.0
2020-09-25 11:00:00,79.1,87,0.1,0.34,478.0
2020-09-25 12:00:00,80.4,76,0.2,0.38,531.0
2020-09-25 13:00:00,81.2,73,0.1,0.36,481.0
2020-09-25 14:00:00,82.0,72,0.6,0.4,545.0
2020-09-25 15:00:00,81.4,79,0.7,0.33,471.0
2020-09-25 16:00:00,81.4,78,0.0,0.29,400.0
2020-09-25 17:00:00,81.0,81,0.1,0.17,231.0
2020-09-25 18:00:00,80.2,88,0.1,0.08,121.0
2020-09-25 19:00:00,79.3,91,0.0,0.01,11.0
2020-09-25 20:00:00,77.8,90,0.0,0.0,0.0
2020-09-25 21:00:00,76.7,87,0.0,0.0,0.0
2020-09-25 22:00:00,75.7,92,0.0,0.0,0.0
2020-09-25 23:00:00,74.8,94,0.0,0.0,0.0
2020-09-26 00:00:00,74.1,96,0.0,0.0,0.0
2020-09-26 01:00:00,73.5,96,0.0,0.0,0.0
2020-09-26 02:00:00,73.0,96,0.0,0.0,0.0
2020-09-26 03:00:00,72.4,96,0.0,0.0,0.0
2020-09-26 04:00:00,72.0,97,0.0,0.0,0.0
2020-09-26 05:00:00,71.5,98,0.0,0.0,0.0
2020-09-26 06:00:00,71.1,97,0.0,0.0,0.0
2020-09-26 07:00:00,73.4,96,0.0,0.0,8.0
2020-09-26 08:00:00,73.3,88,0.0,0.08,143.0
2020-09-26 09:00:00,74.4,81,0.0,0.21,348.0
2020-09-26 10:00:00,76.4,75,0.0,0.36,546.0
2020-09-26 11:00:00,78.4,70,0.0,0.46,672.0
2020-09-26 12:00:00,80.3,65,0.0,0.5,703.0
2020-09-26 13:00:00,82.0,60,0.0,0.55,760.0
2020-09-26 14:00:00,82.8,58,0.0,0.45,613.0
2020-09-26 15:00:00,82.9,58,0.0,0.33,431.0
2020-09-26 16:00:00,83.1,58,0.0,0.33,459.0
2020-09-26 17:00:00,82.8,59,0.0,0.23,341.0
2020-09-26 18:00:00,81.9,74,0.0,0.09,121.0
2020-09-26 19:00:00,81.0,79,0.0,0.02,11.0
2020-09-26 20:00:00,79.1,81,0.0,0.0,0.0
2020-09-26 21:00:00,77.7,80,0.0,0.01,0.0
2020-09-26 22:00:00,76.6,80,0.0,0.01,0.0
2020-09-26 23:00:00,75.7,83,0.0,0.01,0.0
2020-09-27 00:00:00,75.0,87,0.0,0.0,0.0
2020-09-27 01:00:00,74.5,93,0.0,0.0,0.0
2020-09-27 02:00:00,73.9,96,0.0,0.0,0.0
2020-09-27 03:00:00,73.7,97,0.0,0.0,0.0
2020-09-27 04:00:00,73.1,98,0.0,0.0,0.0
2020-09-27 05:00:00,72.9,98,0.0,0.0,0.0
2020-09-27 06:00:00,72.7,98,0.0,0.0,0.0
2020-09-27 07:00:00,75.5,96,0.0,0.01,5.0
2020-09-27 08:00:00,75.7,90,0.1,0.06,92.0
2020-09-27 09:00:00,75.7,94,3.8,0.1,141.0
2020-09-27 10:00:00,75.4,98,3.2,0.05,59.0
2020-09-27 11:00:00,75.7,97,3.1,0.15,228.0
2020-09-27 12:00:00,75.7,97,5.5,0.1,147.0
2020-09-27 13:00:00,75.8,98,2.2,0.15,226.0
2020-09-27 14:00:00,76.6,96,0.8,0.24,403.0
2020-09-27 15:00:00,76.6,92,0.6,0.18,286.0
2020-09-27 16:00:00,76.3,93,0.7,0.13,200.0
2020-09-27 17:00:00,75.8,95,0.4,0.08,112.0
2020-09-27 18:00:00,75.4,96,0.2,0.04,43.0
2020-09-27 19:00:00,75.1,96,0.1,0.02,3.0
2020-09-27 20:00:00,74.2,97,0.1,0.0,0.0
2020-09-27 21:00:00,73.5,97,0.0,0.0,0.0
2020-09-27 22:00:00,73.0,97,0.0,0.0,0.0
2020-09-27 23:00:00,72.3,97,0.0,0.0,0.0
2020-09-28 00:00:00,71.9,97,0.0,0.0,0.0
2020-09-28 01:00:00,71.8,98,0.0,0.0,0.0
2020-09-28 02:00:00,72.0,98,0.0,0.0,0.0
2020-09-28 03:00:00,72.1,98,0.0,0.0,0.0
2020-09-28 04:00:00,72.1,99,0.0,0.0,0.0
2020-09-28 05:00:00,72.2,98,0.2,0.0,0.0
2020-09-28 06:00:00,72.1,99,0.3,0.0,0.0
2020-09-28 07:00:00,73.4,98,0.3,0.01,3.0
2020-09-28 08:00:00,73.7,96,0.0,0.06,113.0
2020-09-28 09:00:00,74.8,89,0.0,0.18,284.0
2020-09-28 10:00:00,76.5,85,0.1,0.29,430.0
2020-09-28 11:00:00,78.1,79,0.3,0.38,559.0
2020-09-28 12:00:00,79.7,77,0.0,0.43,612.0
2020-09-28 13:00:00,80.9,76,0.0,0.4,548.0
2020-09-28 14:00:00,81.6,78,0.1,0.37,507.0
2020-09-28 15:00:00,81.8,78,0.2,0.33,457.0
2020-09-28 16:00:00,81.7,77,0.0,0.31,433.0
2020-09-28 17:00:00,81.2,78,0.0,0.22,306.0
2020-09-28 18:00:00,80.3,85,0.0,0.09,124.0
2020-09-28 19:00:00,79.6,93,0.0,0.0,8.0
2020-09-28 20:00:00,78.4,94,0.0,0.0,0.0
2020-09-28 21:00:00,77.4,95,0.0,0.0,0.0
2020-09-28 22:00:00,76.6,97,0.0,0.0,0.0
2020-09-28 23:00:00,76.0,99,0.1,0.0,0.0
2020-09-29 00:00:00,75.5,99,2.0,0.0,0.0
2020-09-29 01:00:00,75.0,99,1.3,0.0,0.0
2020-09-29 02:00:00,74.6,97,0.3,0.0,0.0
2020-09-29 03:00:00,74.1,98,0.0,0.0,0.0
2020-09-29 04:00:00,73.8,98,0.0,0.0,0.0
2020-09-29 05:00:00,73.3,97,0.0,0.0,0.0
2020-09-29 06:00:00,72.7,96,0.0,0.0,0.0
2020-09-29 07:00:00,73.6,96,0.0,0.01,3.0
2020-09-29 08:00:00,73.0,94,0.1,0.03,35.0
2020-09-29 09:00:00,72.6,92,0.1,0.06,82.0
2020-09-29 10:00:00,72.3,88,0.2,0.1,143.0
2020-09-29 11:00:00,72.1,84,0.1,0.13,181.0
2020-09-29 12:00:00,72.1,80,0.1,0.17,242.0
2020-09-29 13:00:00,71.7,72,0.2,0.18,226.0
2020-09-29 14:00:00,71.1,76,0.7,0.16,213.0
2020-09-29 15:00:00,69.4,84,0.7,0.09,103.0
2020-09-29 16:00:00,68.4,81,0.1,0.08,85.0
2020-09-29 17:00:00,67.8,80,0.0,0.08,77.0
2020-09-29 18:00:00,67.4,79,0.0,0.06,48.0
2020-09-29 19:00:00,68.5,68,0.0,0.05,7.0
2020-09-29 20:00:00,67.6,64,0.0,0.03,0.0
2020-09-29 21:00:00,66.6,71,0.0,0.01,0.0
2020-09-29 22:00:00,65.8,74,0.0,0.0,0.0
2020-09-29 23:00:00,64.7,79,0.0,0.0,0.0
2020-09-30 00:00:00,63.7,83,0.0,0.0,0.0
2020-09-30 01:00:00,62.8,86,0.0,0.0,0.0
2020-09-30 02:00:00,62.0,89,0.0,0.0,0.0
2020-09-30 03:00:00,61.3,87,0.0,0.0,0.0
2020-09-30 04:00:00,60.6,83,0.0,0.0,0.0
2020-09-30 05:00:00,60.1,80,0.0,0.0,0.0
2020-09-30 06:00:00,59.5,81,0.0,0.0,0.0
2020-09-30 07:00:00,58.7,82,0.0,0.0,8.0
2020-09-30 08:00:00,60.0,75,0.0,0.07,145.0
2020-09-30 09:00:00,62.4,66,0.0,0.19,362.0
2020-09-30 10:00:00,65.3,58,0.0,0.33,564.0
2020-09-30 11:00:00,68.0,50,0.0,0.45,722.0
2020-09-30 12:00:00,70.4,48,0.0,0.52,822.0
2020-09-30 13:00:00,72.4,47,0.0,0.55,855.0
2020-09-30 14:00:00,73.8,46,0.0,0.53,819.0
2020-09-30 15:00:00,74.5,46,0.0,0.47,718.0
2020-09-30 16:00:00,74.5,47,0.0,0.37,559.0
2020-09-30 17:00:00,73.9,53,0.0,0.23,359.0
2020-09-30 18:00:00,72.6,76,0.0,0.08,145.0
2020-09-30 19:00:00,70.7,67,0.0,0.02,8.0
2020-09-30 20:00:00,68.7,70,0.0,0.01,0.0
2020-09-30 21:00:00,67.0,74,0.0,0.01,0.0
2020-09-30 22:00:00,65.7,80,0.0,0.01,0.0
2020-09-30 23:00:00,64.6,88,0.0,0.0,0.0
2020-10-01 00:00:00,63.5,91,0.0,0.0,0.0
2020-10-01 01:00:00,62.7,93,0.0,0.0,0.0
2020-10-01 02:00:00,62.0,94,0.0,0.0,0.0
2020-10-01 03:00:00,61.3,93,0.0,0.0,0.0
2020-10-01 04:00:00,60.7,89,0.0,0.0,0.0
2020-10-01 05:00:00,60.2,90,0.0,0.0,0.0
2020-10-01 06:00:00,59.7,94,0.0,0.0,0.0
2020-10-01 07:00:00,58.2,95,0.0,0.0,7.0
2020-10-01 08:00:00,59.9,85,0.0,0.06,140.0
2020-10-01 09:00:00,62.9,72,0.0,0.2,353.0
2020-10-01 10:00:00,66.3,58,0.0,0.34,552.0
2020-10-01 11:00:00,69.5,52,0.0,0.46,710.0
2020-10-01 12:00:00,72.3,49,0.0,0.54,811.0
2020-10-01 13:00:00,74.5,47,0.0,0.57,844.0
2020-10-01 14:00:00,76.0,47,0.0,0.56,809.0
2020-10-01 15:00:00,76.8,47,0.0,0.49,709.0
2020-10-01 16:00:00,76.8,49,0.0,0.39,551.0
2020-10-01 17:00:00,76.3,57,0.0,0.24,351.0
2020-10-01 18:00:00,74.8,75,0.0,0.08,140.0
2020-10-01 19:00:00,73.8,81,0.0,0.01,7.0
2020-10-01 20:00:00,71.5,78,0.0,0.01,0.0
2020-10-01 21:00:00,69.8,77,0.0,0.01,0.0
2020-10-01 22:00:00,68.5,79,0.0,0.01,0.0
2020-10-01 23:00:00,67.7,88,0.0,0.0,0.0
2020-10-02 00:00:00,67.1,79,0.0,0.02,0.0
2020-10-02 01:00:00,66.8,70,0.0,0.05,0.0
2020-10-02 02:00:00,66.3,63,0.0,0.05,0.0
2020-10-02 03:00:00,65.5,60,0.0,0.05,0.0
2020-10-02 04:00:00,64.7,60,0.0,0.05,0.0
2020-10-02 05:00:00,63.9,61,0.0,0.05,0.0
2020-10-02 06:00:00,63.1,62,0.0,0.05,0.0
2020-10-02 07:00:00,61.3,62,0.0,0.05,7.0
2020-10-02 08:00:00,62.0,62,0.0,0.1,143.0
2020-10-02 09:00:00,63.8,55,0.0,0.22,361.0
2020-10-02 10:00:00,65.9,50,0.0,0.35,566.0
2020-10-02 11:00:00,68.4,40,0.0,0.47,729.0
2020-10-02 12:00:00,70.4,34,0.0,0.55,833.0
2020-10-02 13:00:00,72.1,33,0.0,0.58,871.0
2020-10-02 14:00:00,73.2,32,0.0,0.57,837.0
2020-10-02 15:00:00,73.8,32,0.0,0.51,733.0
2020-10-02 16:00:00,73.6,35,0.0,0.41,569.0
2020-10-02 17:00:00,72.9,42,0.0,0.25,362.0
2020-10-02 18:00:00,71.2,57,0.0,0.09,141.0
2020-10-02 19:00:00,69.9,45,0.0,0.07,6.0
2020-10-02 20:00:00,68.0,38,0.0,0.08,0.0
2020-10-02 21:00:00,66.2,44,0.0,0.05,0.0
2020-10-02 22:00:00,64.4,54,0.0,0.03,0.0
2020-10-02 23:00:00,62.9,57,0.0,0.03,0.0
2020-10-03 00:00:00,61.9,56,0.0,0.04,0.0
2020-10-03 01:00:00,61.2,56,0.0,0.04,0.0
2020-10-03 02:00:00,60.4,58,0.0,0.04,0.0
2020-10-03 03:00:00,59.8,61,0.0,0.03,0.0
2020-10-03 04:00:00,59.3,63,0.0,0.03,0.0
2020-10-03 05:00:00,58.7,64,0.0,0.03,0.0
2020-10-03 06:00:00,58.4,64,0.0,0.03,0.0
2020-10-03 07:00:00,59.1,69,0.0,0.03,6.0
2020-10-03 08:00:00,59.5,66,0.0,0.08,131.0
2020-10-03 09:00:00,61.3,61,0.0,0.19,327.0
2020-10-03 10:00:00,63.7,57,0.0,0.31,531.0
2020-10-03 11:00:00,66.5,54,0.0,0.43,711.0
2020-10-03 12:00:00,69.0,50,0.0,0.51,816.0
2020-10-03 13:00:00,71.1,48,0.0,0.54,847.0
2020-10-03 14:00:00,72.5,46,0.0,0.53,801.0
2020-10-03 15:00:00,73.3,44,0.0,0.48,702.0
2020-10-03 16:00:00,73.4,44,0.0,0.39,545.0
2020-10-03 17:00:00,72.7,50,0.0,0.24,326.0
2020-10-03 18:00:00,71.2,60,0.0,0.1,126.0
2020-10-03 19:00:00,69.9,64,0.0,0.05,5.0
2020-10-03 20:00:00,68.2,63,0.0,0.05,0.0
2020-10-03 21:00:00,66.8,64,0.0,0.05,0.0
2020-10-03 22:00:00,65.8,66,0.0,0.04,0.0
2020-10-03 23:00:00,64.8,68,0.0,0.04,0.0
2020-10-04 00:00:00,63.9,71,0.0,0.03,0.0
2020-10-04 01:00:00,63.0,73,0.0,0.02,0.0
2020-10-04 02:00:00,62.2,73,0.0,0.02,0.0
2020-10-04 03:00:00,61.7,71,0.0,0.03,0.0
2020-10-04 04:00:00,61.3,70,0.0,0.02,0.0
2020-10-04 05:00:00,60.9,70,0.0,0.02,0.0
2020-10-04 06:00:00,60.4,71,0.0,0.02,0.0
2020-10-04 07:00:00,60.1,73,0.0,0.04,4.0
2020-10-04 08:00:00,60.7,70,0.0,0.08,129.0
2020-10-04 09:00:00,62.4,63,0.0,0.2,323.0
2020-10-04 10:00:00,64.6,58,0.0,0.3,487.0
2020-10-04 11:00:00,67.0,55,0.0,0.39,619.0
2020-10-04 12:00:00,69.5,52,0.0,0.48,742.0
2020-10-04 13:00:00,71.6,51,0.0,0.5,748.0
2020-10-04 14:00:00,73.3,48,0.0,0.51,738.0
2020-10-04 15:00:00,73.7,48,0.0,0.36,482.0
2020-10-04 16:00:00,73.8,48,0.0,0.31,409.0
2020-10-04 17:00:00,73.1,54,0.0,0.2,251.0
2020-10-04 18:00:00,71.6,63,0.0,0.08,88.0
2020-10-04 19:00:00,69.9,69,0.0,0.04,4.0
2020-10-04 20:00:00,68.5,60,0.0,0.06,0.0
2020-10-04 21:00:00,67.3,60,0.0,0.06,0.0
2020-10-04 22:00:00,66.3,63,0.0,0.05,0.0
2020-10-04 23:00:00,65.4,66,0.0,0.04,0.0
2020-10-05 00:00:00,64.6,70,0.0,0.03,0.0
2020-10-05 01:00:00,63.9,72,0.0,0.03,0.0
2020-10-05 02:00:00,63.3,72,0.0,0.03,0.0
2020-10-05 03:00:00,62.7,73,0.0,0.03,0.0
2020-10-05 04:00:00,62.1,75,0.0,0.02,0.0
2020-10-05 05:00:00,61.3,75,0.0,0.02,0.0
2020-10-05 06:00:00,60.6,77,0.0,0.02,0.0
2020-10-05 07:00:00,60.8,77,0.0,0.03,5.0
2020-10-05 08:00:00,61.3,73,0.0,0.08,124.0
2020-10-05 09:00:00,63.1,68,0.0,0.19,315.0
2020-10-05 10:00:00,65.6,64,0.0,0.32,531.0
2020-10-05 11:00:00,68.2,56,0.0,0.43,684.0
2020-10-05 12:00:00,70.7,50,0.0,0.51,778.0
2020-10-05 13:00:00,73.0,48,0.0,0.56,820.0
2020-10-05 14:00:00,74.6,48,0.0,0.54,775.0
2020-10-05 15:00:00,75.7,49,0.0,0.48,680.0
2020-10-05 16:00:00,75.8,51,0.0,0.37,486.0
2020-10-05 17:00:00,75.3,55,0.0,0.24,297.0
2020-10-05 18:00:00,74.0,62,0.0,0.1,116.0
2020-10-05 19:00:00,73.3,68,0.0,0.04,4.0
2020-10-05 20:00:00,72.0,69,0.0,0.04,0.0
2020-10-05 21:00:00,70.8,71,0.0,0.04,0.0
2020-10-05 22:00:00,70.1,69,0.0,0.05,0.0
2020-10-05 23:00:00,69.6,69,0.0,0.05,0.0
2020-10-06 00:00:00,69.4,69,0.0,0.05,0.0
2020-10-06 01:00:00,69.1,71,0.0,0.04,0.0
2020-10-06 02:00:00,68.8,73,0.0,0.03,0.0
2020-10-06 03:00:00,68.6,76,0.1,0.02,0.0
2020-10-06 04:00:00,68.3,82,0.6,0.02,0.0
2020-10-06 05:00:00,67.6,86,0.1,0.01,0.0
2020-10-06 06:00:00,67.3,87,0.2,0.01,0.0
2020-10-06 07:00:00,69.0,81,0.2,0.05,1.0
2020-10-06 08:00:00,68.7,79,0.1,0.07,38.0
2020-10-06 09:00:00,69.2,76,0.0,0.14,172.0
2020-10-06 10:00:00,70.3,73,0.0,0.22,307.0
2020-10-06 11:00:00,72.1,72,0.0,0.3,456.0
2020-10-06 12:00:00,73.9,71,0.0,0.37,554.0
2020-10-06 13:00:00,75.7,70,0.0,0.42,618.0
2020-10-06 14:00:00,77.4,69,0.0,0.44,639.0
2020-10-06 15:00:00,78.1,71,0.0,0.34,467.0
2020-10-06 16:00:00,78.2,71,0.0,0.26,340.0
2020-10-06 17:00:00,77.6,74,0.0,0.15,181.0
2020-10-06 18:00:00,76.6,77,0.0,0.06,58.0
2020-10-06 19:00:00,76.6,83,0.1,0.04,1.0
2020-10-06 20:00:00,75.3,85,0.0,0.01,0.0
2020-10-06 21:00:00,74.3,86,0.0,0.02,0.0
2020-10-06 22:00:00,73.5,86,0.0,0.02,0.0
2020-10-06 23:00:00,72.8,87,0.0,0.01,0.0
2020-10-07 00:00:00,72.1,88,0.0,0.01,0.0
2020-10-07 01:00:00,71.5,89,0.0,0.0,0.0
2020-10-07 02:00:00,71.1,91,0.0,0.0,0.0
2020-10-07 03:00:00,70.7,94,0.0,0.0,0.0
2020-10-07 04:00:00,70.3,96,0.0,0.0,0.0
2020-10-07 05:00:00,70.1,98,0.0,0.0,0.0
2020-10-07 06:00:00,69.9,98,0.0,0.0,0.0
2020-10-07 07:00:00,72.3,99,0.0,0.0,4.0
2020-10-07 08:00:00,72.4,93,0.0,0.05,88.0
2020-10-07 09:00:00,73.4,86,0.0,0.16,249.0
2020-10-07 10:00:00,75.0,80,0.0,0.27,409.0
2020-10-07 11:00:00,77.0,75,0.0,0.37,528.0
2020-10-07 12:00:00,78.7,71,0.0,0.41,559.0
2020-10-07 13:00:00,80.5,65,0.1,0.48,648.0
2020-10-07 14:00:00,82.0,61,0.0,0.5,665.0
2020-10-07 15:00:00,82.9,59,0.0,0.44,574.0
2020-10-07 16:00:00,83.2,59,0.0,0.38,488.0
2020-10-07 17:00:00,82.7,62,0.0,0.24,290.0
2020-10-07 18:00:00,81.4,76,0.0,0.08,100.0
2020-10-07 19:00:00,79.5,78,0.0,0.04,2.0
2020-10-07 20:00:00,78.3,81,0.0,0.02,0.0
2020-10-07 21:00:00,77.3,83,0.0,0.01,0.0
2020-10-07 22:00:00,76.4,85,0.0,0.0,0.0
2020-10-07 23:00:00,75.7,87,0.0,0.0,0.0
2020-10-08 00:00:00,75.1,90,0.0,0.0,0.0
2020-10-08 01:00:00,74.6,92,0.0,0.0,0.0
2020-10-08 02:00:00,74.1,93,0.0,0.0,0.0
2020-10-08 03:00:00,73.6,92,0.0,0.0,0.0
2020-10-08 04:00:00,73.2,91,0.0,0.0,0.0
2020-10-08 05:00:00,72.9,90,0.0,0.0,0.0
2020-10-08 06:00:00,72.6,90,0.0,0.0,0.0
2020-10-08 07:00:00,74.6,88,0.0,0.01,4.0
2020-10-08 08:00:00,74.8,82,0.0,0.08,102.0
2020-10-08 09:00:00,76.2,78,0.0,0.19,274.0
2020-10-08 10:00:00,77.9,75,0.0,0.3,416.0
2020-10-08 11:00:00,79.9,70,0.0,0.39,532.0
2020-10-08 12:00:00,81.2,69,0.1,0.38,493.0
2020-10-08 13:00:00,82.8,67,0.1,0.44,588.0
2020-10-08 14:00:00,83.2,70,0.1,0.32,415.0
2020-10-08 15:00:00,81.7,84,5.1,0.19,254.0
2020-10-08 16:00:00,80.5,89,0.2,0.14,196.0
2020-10-08 17:00:00,79.7,93,0.2,0.1,136.0
2020-10-08 18:00:00,78.9,98,0.1,0.03,44.0
2020-10-08 19:00:00,80.2,97,0.0,0.01,1.0
2020-10-08 20:00:00,78.8,97,0.9,0.0,0.0
2020-10-08 21:00:00,77.6,97,0.6,0.0,0.0
2020-10-08 22:00:00,76.6,95,0.1,0.0,0.0
2020-10-08 23:00:00,76.0,96,0.0,0.0,0.0
2020-10-09 00:00:00,75.5,96,0.0,0.0,0.0
2020-10-09 01:00:00,75.0,96,0.0,0.0,0.0
2020-10-09 02:00:00,74.8,97,0.0,0.0,0.0
2020-10-09 03:00:00,74.5,97,0.0,0.0,0.0
2020-10-09 04:00:00,74.2,97,0.0,0.0,0.0
2020-10-09 05:00:00,74.0,98,0.0,0.0,0.0
2020-10-09 06:00:00,73.9,98,0.0,0.0,0.0
2020-10-09 07:00:00,75.5,98,0.2,0.01,1.0
2020-10-09 08:00:00,75.3,96,0.0,0.04,66.0
2020-10-09 09:00:00,75.8,88,0.0,0.14,211.0
2020-10-09 10:00:00,77.2,80,0.0,0.24,343.0
2020-10-09 11:00:00,79.2,76,0.0,0.35,491.0
2020-10-09 12:00:00,81.3,72,0.1,0.47,644.0
2020-10-09 13:00:00,82.8,68,1.0,0.44,584.0
2020-10-09 14:00:00,81.5,85,3.5,0.25,351.0
2020-10-09 15:00:00,81.2,79,0.3,0.24,316.0
2020-10-09 16:00:00,81.0,65,0.1,0.23,260.0
2020-10-09 17:00:00,80.7,64,0.0,0.19,197.0
2020-10-09 18:00:00,79.8,69,0.0,0.1,64.0
2020-10-09 19:00:00,79.8,75,0.0,0.05,1.0
2020-10-09 20:00:00,78.6,79,0.0,0.03,0.0
2020-10-09 21:00:00,77.5,83,0.0,0.02,0.0
2020-10-09 22:00:00,76.7,86,0.0,0.01,0.0
2020-10-09 23:00:00,76.0,88,0.0,0.01,0.0
2020-10-10 00:00:00,75.5,93,0.0,0.0,0.0
2020-10-10 01:00:00,75.1,96,0.0,0.0,0.0
2020-10-10 02:00:00,74.9,95,0.0,0.0,0.0
2020-10-10 03:00:00,74.8,95,0.0,0.0,0.0
2020-10-10 04:00:00,74.8,93,0.0,0.0,0.0
2020-10-10 05:00:00,75.0,90,0.0,0.02,0.0
2020-10-10 06:00:00,74.9,92,0.0,0.01,0.0
2020-10-10 07:00:00,76.0,91,0.0,0.02,3.0
2020-10-10 08:00:00,76.2,86,0.0,0.08,97.0
2020-10-10 09:00:00,77.2,79,0.1,0.19,251.0
2020-10-10 10:00:00,78.5,75,0.1,0.29,374.0
2020-10-10 11:00:00,79.9,70,0.1,0.35,442.0
2020-10-10 12:00:00,81.4,68,0.2,0.46,610.0
2020-10-10 13:00:00,82.7,69,0.5,0.48,681.0
2020-10-10 14:00:00,82.9,75,0.7,0.38,539.0
2020-10-10 15:00:00,82.0,80,0.6,0.26,352.0
2020-10-10 16:00:00,81.3,80,0.4,0.22,285.0
2020-10-10 17:00:00,80.4,87,0.4,0.14,193.0
2020-10-10 18:00:00,79.2,91,0.3,0.05,59.0
2020-10-10 19:00:00,78.5,99,0.4,0.0,1.0
2020-10-10 20:00:00,77.3,98,1.0,0.0,0.0
2020-10-10 21:00:00,76.5,98,0.2,0.0,0.0
2020-10-10 22:00:00,76.0,98,0.3,0.0,0.0
2020-10-10 23:00:00,75.7,98,0.3,0.0,0.0
2020-10-11 00:00:00,75.5,98,0.0,0.0,0.0
2020-10-11 01:00:00,75.3,98,0.0,0.0,0.0
2020-10-11 02:00:00,75.2,97,0.0,0.0,0.0
2020-10-11 03:00:00,75.1,96,0.0,0.0,0.0
2020-10-11 04:00:00,74.8,97,0.0,0.0,0.0
2020-10-11 05:00:00,74.4,97,0.0,0.0,0.0
2020-10-11 06:00:00,74.0,98,0.0,0.0,0.0
2020-10-11 07:00:00,75.0,97,0.0,0.0,3.0
2020-10-11 08:00:00,74.8,94,0.0,0.06,109.0
2020-10-11 09:00:00,75.6,89,0.1,0.17,281.0
2020-10-11 10:00:00,76.7,78,0.1,0.27,377.0
2020-10-11 11:00:00,78.1,72,0.4,0.37,528.0
2020-10-11 12:00:00,79.3,65,0.0,0.41,540.0
2020-10-11 13:00:00,80.7,61,0.0,0.48,620.0
2020-10-11 14:00:00,81.5,62,0.0,0.45,583.0
2020-10-11 15:00:00,81.1,65,0.0,0.28,297.0
2020-10-11 16:00:00,81.0,65,0.0,0.25,264.0
2020-10-11 17:00:00,80.5,69,0.0,0.18,184.0
2020-10-11 18:00:00,79.5,74,0.1,0.08,69.0
2020-10-11 19:00:00,79.0,83,0.0,0.02,1.0
2020-10-11 20:00:00,77.8,85,0.0,0.01,0.0
2020-10-11 21:00:00,76.9,88,0.0,0.0,0.0
2020-10-11 22:00:00,76.2,91,0.0,0.0,0.0
2020-10-11 23:00:00,75.5,94,0.0,0.0,0.0
2020-10-12 00:00:00,74.9,96,0.0,0.0,0.0
2020-10-12 01:00:00,74.3,97,0.0,0.0,0.0
2020-10-12 02:00:00,73.8,97,0.0,0.0,0.0
2020-10-12 03:00:00,73.3,98,0.0,0.0,0.0
2020-10-12 04:00:00,73.1,97,0.0,0.0,0.0
2020-10-12 05:00:00,73.0,97,0.0,0.0,0.0
2020-10-12 06:00:00,73.0,97,0.0,0.0,0.0
2020-10-12 07:00:00,75.3,98,0.0,0.0,2.0
2020-10-12 08:00:00,75.2,90,0.0,0.05,90.0
2020-10-12 09:00:00,76.3,79,0.0,0.18,273.0
2020-10-12 10:00:00,77.7,73,0.0,0.29,405.0
2020-10-12 11:00:00,79.3,67,0.0,0.41,569.0
2020-10-12 12:00:00,80.8,62,0.0,0.47,639.0
2020-10-12 13:00:00,81.8,60,0.0,0.48,631.0
2020-10-12 14:00:00,82.5,57,0.0,0.45,563.0
2020-10-12 15:00:00,82.9,55,0.0,0.42,521.0
2020-10-12 16:00:00,82.9,54,0.0,0.35,416.0
2020-10-12 17:00:00,82.1,58,0.0,0.2,219.0
2020-10-12 18:00:00,80.8,66,0.0,0.09,84.0
2020-10-12 19:00:00,79.6,83,0.0,0.0,1.0
2020-10-12 20:00:00,77.7,86,0.0,0.0,0.0
2020-10-12 21:00:00,76.2,89,0.0,0.0,0.0
2020-10-12 22:00:00,75.1,88,0.0,0.0,0.0
2020-10-12 23:00:00,74.5,97,0.0,0.0,0.0
2020-10-13 00:00:00,73.9,98,0.0,0.0,0.0
2020-10-13 01:00:00,73.5,98,0.0,0.0,0.0
2020-10-13 02:00:00,73.1,98,0.0,0.0,0.0
2020-10-13 03:00:00,72.8,98,0.0,0.0,0.0
2020-10-13 04:00:00,72.4,98,0.0,0.0,0.0
2020-10-13 05:00:00,72.2,97,0.0,0.0,0.0
2020-10-13 06:00:00,72.1,97,0.0,0.0,0.0
2020-10-13 07:00:00,71.7,97,0.0,0.0,2.0
2020-10-13 08:00:00,72.3,91,0.0,0.05,98.0
2020-10-13 09:00:00,73.9,83,0.0,0.17,262.0
2020-10-13 10:00:00,76.5,75,0.0,0.33,487.0
2020-10-13 11:00:00,79.3,65,0.0,0.46,645.0
2020-10-13 12:00:00,81.6,55,0.0,0.54,727.0
2020-10-13 13:00:00,83.4,51,0.0,0.56,721.0
2020-10-13 14:00:00,84.4,49,0.0,0.53,660.0
2020-10-13 15:00:00,84.7,48,0.0,0.45,518.0
2020-10-13 16:00:00,84.1,53,0.0,0.34,362.0
2020-10-13 17:00:00,83.2,55,0.0,0.23,253.0
2020-10-13 18:00:00,81.6,62,0.0,0.09,81.0
2020-10-13 19:00:00,81.1,68,0.0,0.04,1.0
2020-10-13 20:00:00,79.5,70,0.0,0.05,0.0
2020-10-13 21:00:00,78.3,71,0.0,0.05,0.0
2020-10-13 22:00:00,77.2,73,0.0,0.04,0.0
2020-10-13 23:00:00,75.9,72,0.0,0.03,0.0
2020-10-14 00:00:00,74.8,70,0.0,0.03,0.0
2020-10-14 01:00:00,73.7,74,0.0,0.03,0.0
2020-10-14 02:00:00,72.7,77,0.0,0.02,0.0
2020-10-14 03:00:00,71.8,76,0.0,0.02,0.0
2020-10-14 04:00:00,70.8,76,0.0,0.02,0.0
2020-10-14 05:00:00,69.7,76,0.0,0.01,0.0
2020-10-14 06:00:00,68.7,76,0.0,0.01,0.0
2020-10-14 07:00:00,66.9,81,0.0,0.01,2.0
2020-10-14 08:00:00,67.4,71,0.0,0.07,113.0
2020-10-14 09:00:00,69.1,62,0.0,0.19,318.0
2020-10-14 10:00:00,71.6,58,0.0,0.32,499.0
2020-10-14 11:00:00,74.5,54,0.0,0.44,649.0
2020-10-14 12:00:00,77.4,53,0.0,0.52,741.0
2020-10-14 13:00:00,79.9,51,0.0,0.55,775.0
2020-10-14 14:00:00,81.6,49,0.0,0.49,678.0
2020-10-14 15:00:00,82.3,48,0.0,0.39,527.0
2020-10-14 16:00:00,82.1,50,0.0,0.28,358.0
2020-10-14 17:00:00,81.3,57,0.0,0.17,206.0
2020-10-14 18:00:00,79.7,74,0.0,0.06,75.0
2020-10-14 19:00:00,79.0,75,0.0,0.03,0.0
2020-10-14 20:00:00,77.2,83,0.0,0.0,0.0
2020-10-14 21:00:00,75.8,82,0.0,0.0,0.0
2020-10-14 22:00:00,74.9,82,0.0,0.0,0.0
2020-10-14 23:00:00,73.9,89,0.0,0.0,0.0
2020-10-15 00:00:00,72.9,91,0.0,0.0,0.0
2020-10-15 01:00:00,71.9,93,0.0,0.0,0.0
2020-10-15 02:00:00,70.7,91,0.0,0.0,0.0
2020-10-15 03:00:00,69.7,93,0.0,0.0,0.0
2020-10-15 04:00:00,68.9,95,0.0,0.0,0.0
2020-10-15 05:00:00,68.5,94,0.0,0.0,0.0
2020-10-15 06:00:00,68.0,95,0.0,0.0,0.0
2020-10-15 07:00:00,67.5,98,0.0,0.0,2.0
2020-10-15 08:00:00,68.5,91,0.0,0.05,103.0
2020-10-15 09:00:00,70.9,78,0.0,0.18,298.0
2020-10-15 10:00:00,73.8,66,0.0,0.3,450.0
2020-10-15 11:00:00,76.5,61,0.0,0.37,529.0
2020-10-15 12:00:00,79.1,54,0.0,0.47,648.0
2020-10-15 13:00:00,81.1,49,0.0,0.5,674.0
2020-10-15 14:00:00,82.5,47,0.0,0.49,639.0
2020-10-15 15:00:00,82.9,48,0.0,0.42,511.0
2020-10-15 16:00:00,82.7,52,0.0,0.31,363.0
2020-10-15 17:00:00,81.9,57,0.0,0.19,223.0
2020-10-15 18:00:00,80.2,70,0.0,0.06,75.0
2020-10-15 19:00:00,80.0,76,0.0,0.04,0.0
2020-10-15 20:00:00,78.4,77,0.0,0.02,0.0
2020-10-15 21:00:00,76.8,86,0.0,0.01,0.0
2020-10-15 22:00:00,75.6,93,0.0,0.0,0.0
2020-10-15 23:00:00,74.5,95,0.0,0.0,0.0
2020-10-16 00:00:00,73.5,96,0.0,0.0,0.0
2020-10-16 01:00:00,72.7,96,0.0,0.0,0.0
2020-10-16 02:00:00,72.0,96,0.0,0.0,0.0
2020-10-16 03:00:00,71.3,96,0.0,0.0,0.0
2020-10-16 04:00:00,70.7,98,0.0,0.0,0.0
2020-10-16 05:00:00,70.1,98,0.0,0.0,0.0
2020-10-16 06:00:00,69.4,98,0.0,0.0,0.0
2020-10-16 07:00:00,68.0,98,0.0,0.0,2.0
2020-10-16 08:00:00,69.0,89,0.0,0.05,101.0
2020-10-16 09:00:00,71.0,76,0.0,0.17,264.0
2020-10-16 10:00:00,73.1,61,0.0,0.31,417.0
2020-10-16 11:00:00,75.7,56,0.0,0.44,625.0
2020-10-16 12:00:00,78.2,53,0.0,0.51,723.0
2020-10-16 13:00:00,80.2,50,0.0,0.55,760.0
2020-10-16 14:00:00,81.1,49,0.0,0.49,657.0
2020-10-16 15:00:00,81.8,47,0.0,0.46,624.0
2020-10-16 16:00:00,81.6,47,0.0,0.36,472.0
2020-10-16 17:00:00,80.6,49,0.0,0.25,275.0
2020-10-16 18:00:00,78.9,48,0.0,0.18,79.0
2020-10-16 19:00:00,76.4,54,0.0,0.12,0.0
2020-10-16 20:00:00,74.6,53,0.0,0.09,0.0
2020-10-16 21:00:00,72.9,56,0.0,0.07,0.0
2020-10-16 22:00:00,71.3,59,0.0,0.05,0.0
2020-10-16 23:00:00,69.8,64,0.0,0.03,0.0
2020-10-17 00:00:00,68.5,66,0.0,0.03,0.0
2020-10-17 01:00:00,67.4,63,0.0,0.05,0.0
2020-10-17 02:00:00,66.4,59,0.0,0.06,0.0
2020-10-17 03:00:00,65.6,56,0.0,0.07,0.0
2020-10-17 04:00:00,64.7,56,0.0,0.06,0.0
2020-10-17 05:00:00,63.8,56,0.0,0.06,0.0
2020-10-17 06:00:00,63.0,54,0.0,0.06,0.0
2020-10-17 07:00:00,63.4,56,0.0,0.06,2.0
2020-10-17 08:00:00,63.1,52,0.0,0.1,111.0
2020-10-17 09:00:00,64.2,48,0.0,0.21,321.0
2020-10-17 10:00:00,66.1,47,0.0,0.31,519.0
2020-10-17 11:00:00,68.6,47,0.0,0.41,675.0
2020-10-17 12:00:00,71.2,45,0.0,0.48,771.0
2020-10-17 13:00:00,73.5,42,0.0,0.52,800.0
2020-10-17 14:00:00,75.4,40,0.0,0.51,759.0
2020-10-17 15:00:00,76.6,40,0.0,0.45,653.0
2020-10-17 16:00:00,76.8,40,0.0,0.35,490.0
2020-10-17 17:00:00,76.2,44,0.0,0.21,288.0
2020-10-17 18:00:00,74.1,60,0.0,0.07,84.0
2020-10-17 19:00:00,72.2,65,0.0,0.06,0.0
2020-10-17 20:00:00,70.5,62,0.0,0.05,0.0
2020-10-17 21:00:00,69.4,66,0.0,0.04,0.0
2020-10-17 22:00:00,68.3,67,0.0,0.04,0.0
2020-10-17 23:00:00,67.5,67,0.0,0.04,0.0
2020-10-18 00:00:00,66.7,71,0.0,0.03,0.0
2020-10-18 01:00:00,66.1,78,0.0,0.02,0.0
2020-10-18 02:00:00,65.6,83,0.0,0.01,0.0
2020-10-18 03:00:00,65.0,86,0.0,0.0,0.0
2020-10-18 04:00:00,64.6,86,0.0,0.0,0.0
2020-10-18 05:00:00,64.1,86,0.0,0.01,0.0
2020-10-18 06:00:00,63.8,85,0.0,0.01,0.0
2020-10-18 07:00:00,64.3,86,0.0,0.02,1.0
2020-10-18 08:00:00,64.7,78,0.0,0.06,95.0
2020-10-18 09:00:00,66.2,70,0.0,0.17,276.0
2020-10-18 10:00:00,68.5,65,0.0,0.29,466.0
2020-10-18 11:00:00,71.2,61,0.0,0.4,623.0
2020-10-18 12:00:00,74.0,59,0.0,0.48,728.0
2020-10-18 13:00:00,76.5,57,0.0,0.52,758.0
2020-10-18 14:00:00,78.4,55,0.0,0.51,723.0
2020-10-18 15:00:00,79.5,53,0.0,0.46,623.0
2020-10-18 16:00:00,79.8,51,0.0,0.36,464.0
2020-10-18 17:00:00,79.2,52,0.0,0.24,270.0
2020-10-18 18:00:00,77.5,59,0.0,0.1,76.0
2020-10-18 19:00:00,77.4,63,0.0,0.1,0.0
2020-10-18 20:00:00,75.7,67,0.0,0.07,0.0
2020-10-18 21:00:00,74.4,72,0.0,0.05,0.0
2020-10-18 22:00:00,73.2,76,0.0,0.04,0.0
2020-10-18 23:00:00,72.1,77,0.0,0.03,0.0
2020-10-19 00:00:00,71.1,76,0.0,0.03,0.0
2020-10-19 01:00:00,70.3,77,0.0,0.03,0.0
2020-10-19 02:00:00,69.6,81,0.0,0.01,0.0
2020-10-19 03:00:00,68.9,86,0.0,0.0,0.0
2020-10-19 04:00:00,68.3,90,0.0,0.0,0.0
2020-10-19 05:00:00,67.8,93,0.0,0.0,0.0
2020-10-19 06:00:00,67.5,94,0.0,0.0,0.0
2020-10-19 07:00:00,68.5,94,0.0,0.01,1.0
2020-10-19 08:00:00,68.5,83,0.0,0.06,93.0
2020-10-19 09:00:00,69.8,73,0.0,0.18,289.0
2020-10-19 10:00:00,71.9,65,0.0,0.31,483.0
2020-10-19 11:00:00,74.3,59,0.0,0.43,633.0
2020-10-19 12:00:00,76.8,55,0.0,0.51,726.0
2020-10-19 13:00:00,79.0,50,0.0,0.55,755.0
2020-10-19 14:00:00,80.6,46,0.0,0.54,717.0
2020-10-19 15:00:00,81.5,44,0.0,0.49,614.0
2020-10-19 16:00:00,81.6,44,0.0,0.39,457.0
2020-10-19 17:00:00,81.0,45,0.0,0.25,264.0
2020-10-19 18:00:00,79.2,53,0.0,0.09,73.0
2020-10-19 19:00:00,77.2,65,0.0,0.07,0.0
2020-10-19 20:00:00,75.5,66,0.0,0.04,0.0
2020-10-19 21:00:00,74.0,68,0.0,0.04,0.0
2020-10-19 22:00:00,73.0,67,0.0,0.05,0.0
2020-10-19 23:00:00,72.1,67,0.0,0.05,0.0
2020-10-20 00:00:00,71.4,67,0.0,0.05,0.0
2020-10-20 01:00:00,70.7,68,0.0,0.04,0.0
2020-10-20 02:00:00,70.2,69,0.0,0.04,0.0
2020-10-20 03:00:00,69.8,70,0.0,0.04,0.0
2020-10-20 04:00:00,69.5,72,0.0,0.04,0.0
2020-10-20 05:00:00,69.5,73,0.0,0.03,0.0
2020-10-20 06:00:00,69.5,78,0.0,0.02,0.0
2020-10-20 07:00:00,70.4,79,0.0,0.03,1.0
2020-10-20 08:00:00,70.8,69,0.0,0.09,90.0
2020-10-20 09:00:00,72.1,61,0.0,0.21,253.0
2020-10-20 10:00:00,74.0,60,0.0,0.32,429.0
2020-10-20 11:00:00,76.5,59,0.0,0.44,601.0
2020-10-20 12:00:00,78.9,56,0.0,0.53,710.0
2020-10-20 13:00:00,80.8,52,0.0,0.53,663.0
2020-10-20 14:00:00,81.5,56,0.0,0.41,477.0
2020-10-20 15:00:00,82.0,57,0.0,0.37,436.0
2020-10-20 16:00:00,81.9,57,0.0,0.31,334.0
2020-10-20 17:00:00,81.4,57,0.0,0.23,222.0
2020-10-20 18:00:00,80.2,59,0.0,0.11,61.0
2020-10-20 19:00:00,79.4,68,0.0,0.06,0.0
2020-10-20 20:00:00,77.9,67,0.0,0.06,0.0
2020-10-20 21:00:00,76.7,73,0.0,0.06,0.0
2020-10-20 22:00:00,75.9,77,0.0,0.05,0.0
2020-10-20 23:00:00,75.2,80,0.0,0.04,0.0
2020-10-21 00:00:00,74.6,82,0.0,0.03,0.0
2020-10-21 01:00:00,74.0,85,0.0,0.02,0.0
2020-10-21 02:00:00,73.5,87,0.0,0.01,0.0
2020-10-21 03:00:00,73.0,90,0.0,0.01,0.0
2020-10-21 04:00:00,72.4,91,0.0,0.0,0.0
2020-10-21 05:00:00,72.0,92,0.0,0.0,0.0
2020-10-21 06:00:00,71.6,93,0.0,0.0,0.0
2020-10-21 07:00:00,72.6,93,0.0,0.0,1.0
2020-10-21 08:00:00,72.8,85,0.0,0.06,82.0
2020-10-21 09:00:00,74.0,78,0.0,0.18,260.0
2020-10-21 10:00:00,75.8,72,0.0,0.29,402.0
2020-10-21 11:00:00,77.5,64,0.0,0.34,435.0
2020-10-21 12:00:00,79.2,58,0.0,0.38,450.0
2020-10-21 13:00:00,80.9,58,0.0,0.43,536.0
2020-10-21 14:00:00,82.0,61,0.1,0.4,509.0
2020-10-21 15:00:00,82.9,59,0.0,0.41,511.0
2020-10-21 16:00:00,81.6,85,3.3,0.22,369.0
2020-10-21 17:00:00,79.3,87,0.1,0.11,156.0
2020-10-21 18:00:00,77.8,90,0.0,0.04,54.0
2020-10-21 19:00:00,79.2,74,0.0,0.05,0.0
2020-10-21 20:00:00,77.8,78,0.0,0.04,0.0
2020-10-21 21:00:00,76.8,81,0.0,0.03,0.0
2020-10-21 22:00:00,75.9,86,0.0,0.02,0.0
2020-10-21 23:00:00,75.2,89,0.0,0.01,0.0
2020-10-22 00:00:00,74.5,92,0.0,0.0,0.0
2020-10-22 01:00:00,73.9,94,0.0,0.0,0.0
2020-10-22 02:00:00,73.2,95,0.0,0.0,0.0
2020-10-22 03:00:00,72.7,96,0.0,0.0,0.0
2020-10-22 04:00:00,72.1,96,0.0,0.0,0.0
2020-10-22 05:00:00,71.7,96,0.0,0.0,0.0
2020-10-22 06:00:00,71.3,97,0.0,0.0,0.0
2020-10-22 07:00:00,72.5,98,0.0,0.0,1.0
2020-10-22 08:00:00,72.5,90,0.0,0.05,81.0
2020-10-22 09:00:00,73.6,82,0.0,0.15,223.0
2020-10-22 10:00:00,75.5,71,0.0,0.28,399.0
2020-10-22 11:00:00,77.6,63,0.1,0.38,517.0
2020-10-22 12:00:00,79.2,61,0.1,0.37,468.0
2020-10-22 13:00:00,80.9,60,0.0,0.43,559.0
2020-10-22 14:00:00,82.0,57,0.0,0.4,483.0
2020-10-22 15:00:00,82.7,56,0.3,0.37,451.0
2020-10-22 16:00:00,82.6,60,0.0,0.29,338.0
2020-10-22 17:00:00,81.7,69,0.2,0.17,191.0
2020-10-22 18:00:00,80.2,74,0.2,0.07,50.0
2020-10-22 19:00:00,78.4,79,0.1,0.03,0.0
2020-10-22 20:00:00,77.1,79,0.0,0.03,0.0
2020-10-22 21:00:00,76.2,82,0.0,0.03,0.0
2020-10-22 22:00:00,75.4,85,0.0,0.02,0.0
2020-10-22 23:00:00,74.8,87,0.0,0.01,0.0
2020-10-23 00:00:00,74.1,91,0.0,0.01,0.0
2020-10-23 01:00:00,73.6,93,0.0,0.0,0.0
2020-10-23 02:00:00,73.0,95,0.0,0.0,0.0
2020-10-23 03:00:00,72.6,97,0.0,0.0,0.0
2020-10-23 04:00:00,72.2,97,0.0,0.0,0.0
2020-10-23 05:00:00,71.9,98,0.0,0.0,0.0
2020-10-23 06:00:00,71.5,98,0.0,0.0,0.0
2020-10-23 07:00:00,71.8,97,0.0,0.01,0.0
2020-10-23 08:00:00,72.1,90,0.0,0.05,82.0
2020-10-23 09:00:00,73.5,82,0.0,0.17,261.0
2020-10-23 10:00:00,75.6,73,0.0,0.29,433.0
2020-10-23 11:00:00,78.0,67,0.0,0.4,555.0
2020-10-23 12:00:00,80.1,63,0.1,0.43,588.0
2020-10-23 13:00:00,81.6,62,0.1,0.42,560.0
2020-10-23 14:00:00,82.4,58,0.1,0.37,469.0
2020-10-23 15:00:00,80.2,91,6.2,0.12,170.0
2020-10-23 16:00:00,78.0,93,0.8,0.07,96.0
2020-10-23 17:00:00,76.6,94,0.1,0.06,79.0
2020-10-23 18:00:00,75.6,98,0.0,0.02,39.0
2020-10-23 19:00:00,80.3,89,0.0,0.0,0.0
2020-10-23 20:00:00,78.2,92,0.0,0.0,0.0
2020-10-23 21:00:00,76.6,93,0.0,0.0,0.0
2020-10-23 22:00:00,75.6,93,0.0,0.0,0.0
2020-10-23 23:00:00,74.7,93,0.0,0.0,0.0
2020-10-24 00:00:00,73.9,94,0.0,0.0,0.0
2020-10-24 01:00:00,73.3,95,0.0,0.0,0.0
2020-10-24 02:00:00,72.8,97,0.0,0.0,0.0
2020-10-24 03:00:00,72.3,97,0.0,0.0,0.0
2020-10-24 04:00:00,72.1,98,0.0,0.0,0.0
2020-10-24 05:00:00,71.8,98,0.0,0.0,0.0
2020-10-24 06:00:00,71.7,98,0.1,0.0,0.0
2020-10-24 07:00:00,72.3,98,0.0,0.01,0.0
2020-10-24 08:00:00,72.4,95,0.0,0.03,40.0
2020-10-24 09:00:00,73.0,90,0.0,0.09,136.0
2020-10-24 10:00:00,74.1,84,0.1,0.15,212.0
2020-10-24 11:00:00,74.9,86,0.4,0.14,177.0
2020-10-24 12:00:00,75.4,89,3.7,0.15,214.0
2020-10-24 13:00:00,75.0,95,4.8,0.12,193.0
2020-10-24 14:00:00,74.3,98,2.9,0.09,139.0
2020-10-24 15:00:00,74.1,93,0.5,0.1,144.0
2020-10-24 16:00:00,74.3,89,0.3,0.14,222.0
2020-10-24 17:00:00,74.0,93,3.9,0.09,147.0
2020-10-24 18:00:00,73.5,98,1.9,0.02,27.0
2020-10-24 19:00:00,72.1,98,1.5,0.0,0.0
2020-10-24 20:00:00,71.5,98,0.0,0.0,0.0
2020-10-24 21:00:00,71.2,98,0.0,0.0,0.0
2020-10-24 22:00:00,71.1,99,1.1,0.0,0.0
2020-10-24 23:00:00,71.1,99,0.7,0.0,0.0
2020-10-25 00:00:00,71.1,100,0.2,0.0,0.0
2020-10-25 01:00:00,70.9,100,0.0,0.0,0.0
2020-10-25 02:00:00,70.4,100,0.0,0.0,0.0
2020-10-25 03:00:00,69.6,100,0.0,0.0,0.0
2020-10-25 04:00:00,69.1,100,0.0,0.0,0.0
2020-10-25 05:00:00,69.0,100,0.0,0.0,0.0
2020-10-25 06:00:00,69.0,100,0.0,0.0,0.0
2020-10-25 07:00:00,69.5,100,0.0,0.01,0.0
2020-10-25 08:00:00,69.4,99,0.0,0.02,43.0
2020-10-25 09:00:00,70.0,92,0.0,0.1,164.0
2020-10-25 10:00:00,71.2,85,0.0,0.19,292.0
2020-10-25 11:00:00,72.5,79,0.0,0.21,310.0
2020-10-25 12:00:00,73.9,74,0.0,0.27,380.0
2020-10-25 13:00:00,75.3,71,0.1,0.29,414.0
2020-10-25 14:00:00,76.0,70,0.0,0.25,343.0
2020-10-25 15:00:00,76.6,69,0.0,0.25,354.0
2020-10-25 16:00:00,76.9,69,0.0,0.22,314.0
2020-10-25 17:00:00,76.6,75,0.0,0.12,181.0
2020-10-25 18:00:00,75.3,87,0.0,0.03,43.0
2020-10-25 19:00:00,74.9,86,0.0,0.0,0.0
2020-10-25 20:00:00,73.6,88,0.0,0.0,0.0
2020-10-25 21:00:00,72.4,91,0.0,0.0,0.0
2020-10-25 22:00:00,71.4,93,0.0,0.0,0.0
2020-10-25 23:00:00,70.7,94,0.0,0.0,0.0
2020-10-26 00:00:00,70.0,95,0.0,0.0,0.0
2020-10-26 01:00:00,69.2,97,0.0,0.0,0.0
2020-10-26 02:00:00,68.7,97,0.0,0.0,0.0
2020-10-26 03:00:00,68.4,96,0.0,0.0,0.0
2020-10-26 04:00:00,68.3,95,0.0,0.0,0.0
2020-10-26 05:00:00,68.5,92,0.0,0.0,0.0
2020-10-26 06:00:00,68.5,92,0.0,0.0,0.0
2020-10-26 07:00:00,69.6,95,0.0,0.01,0.0
2020-10-26 08:00:00,69.6,89,0.0,0.04,61.0
2020-10-26 09:00:00,70.5,83,0.0,0.12,194.0
2020-10-26 10:00:00,72.1,78,0.0,0.23,357.0
2020-10-26 11:00:00,74.2,75,0.0,0.36,557.0
2020-10-26 12:00:00,76.2,73,0.0,0.44,657.0
2020-10-26 13:00:00,77.7,69,0.0,0.43,620.0
2020-10-26 14:00:00,78.7,67,0.0,0.39,545.0
2020-10-26 15:00:00,79.2,69,0.1,0.31,430.0
2020-10-26 16:00:00,79.1,70,0.0,0.22,301.0
2020-10-26 17:00:00,78.4,76,0.0,0.12,152.0
2020-10-26 18:00:00,77.2,80,0.0,0.04,39.0
2020-10-26 19:00:00,76.9,82,0.0,0.02,0.0
2020-10-26 20:00:00,75.7,81,0.0,0.02,0.0
2020-10-26 21:00:00,74.8,83,0.0,0.01,0.0
2020-10-26 22:00:00,73.9,85,0.0,0.01,0.0
2020-10-26 23:00:00,73.2,86,0.0,0.01,0.0
2020-10-27 00:00:00,72.8,86,0.0,0.01,0.0
2020-10-27 01:00:00,72.3,87,0.0,0.01,0.0
2020-10-27 02:00:00,72.1,90,0.0,0.0,0.0
2020-10-27 03:00:00,71.9,93,0.0,0.0,0.0
2020-10-27 04:00:00,71.8,96,0.0,0.0,0.0
2020-10-27 05:00:00,71.7,96,0.0,0.0,0.0
2020-10-27 06:00:00,71.8,94,0.0,0.0,0.0
2020-10-27 07:00:00,74.7,96,0.0,0.01,0.0
2020-10-27 08:00:00,74.2,90,0.0,0.05,74.0
2020-10-27 09:00:00,74.8,84,0.0,0.16,250.0
2020-10-27 10:00:00,75.8,80,0.0,0.25,368.0
2020-10-27 11:00:00,77.0,75,0.0,0.3,421.0
2020-10-27 12:00:00,77.9,73,0.0,0.29,360.0
2020-10-27 13:00:00,78.5,74,0.1,0.26,318.0
2020-10-27 14:00:00,79.1,74,0.2,0.27,343.0
2020-10-27 15:00:00,78.3,91,3.7,0.17,257.0
2020-10-27 16:00:00,77.6,92,0.6,0.12,182.0
2020-10-27 17:00:00,77.1,92,0.5,0.08,118.0
2020-10-27 18:00:00,76.5,96,0.1,0.02,24.0
2020-10-27 19:00:00,76.6,99,0.0,0.0,0.0
2020-10-27 20:00:00,75.8,97,0.0,0.0,0.0
2020-10-27 21:00:00,75.3,97,0.0,0.0,0.0
2020-10-27 22:00:00,74.9,96,0.0,0.0,0.0
2020-10-27 23:00:00,74.5,97,0.0,0.0,0.0
2020-10-28 00:00:00,74.0,97,0.0,0.0,0.0
2020-10-28 01:00:00,73.7,97,0.0,0.0,0.0
2020-10-28 02:00:00,73.5,98,0.0,0.0,0.0
2020-10-28 03:00:00,73.3,98,0.0,0.0,0.0
2020-10-28 04:00:00,73.2,98,0.0,0.0,0.0
2020-10-28 05:00:00,73.1,98,0.0,0.0,0.0
2020-10-28 06:00:00,73.0,98,0.0,0.0,0.0
2020-10-28 07:00:00,74.7,98,0.0,0.01,0.0
2020-10-28 08:00:00,74.6,96,0.0,0.03,43.0
2020-10-28 09:00:00,74.9,92,0.0,0.09,135.0
2020-10-28 10:00:00,75.7,87,0.0,0.17,254.0
2020-10-28 11:00:00,77.0,77,0.0,0.3,423.0
2020-10-28 12:00:00,78.8,68,0.0,0.43,596.0
2020-10-28 13:00:00,79.6,65,0.1,0.38,473.0
2020-10-28 14:00:00,80.1,64,0.0,0.34,398.0
2020-10-28 15:00:00,80.2,64,0.0,0.29,313.0
2020-10-28 16:00:00,80.0,67,0.0,0.23,236.0
2020-10-28 17:00:00,79.4,72,0.0,0.15,147.0
2020-10-28 18:00:00,78.5,76,0.0,0.07,30.0
2020-10-28 19:00:00,78.9,78,0.0,0.05,0.0
2020-10-28 20:00:00,78.0,81,0.0,0.05,0.0
2020-10-28 21:00:00,77.4,80,0.0,0.06,0.0
2020-10-28 22:00:00,77.1,79,0.0,0.07,0.0
2020-10-28 23:00:00,76.9,81,0.0,0.07,0.0
2020-10-29 00:00:00,76.9,79,0.0,0.08,0.0
2020-10-29 01:00:00,76.9,77,0.0,0.09,0.0
2020-10-29 02:00:00,77.0,77,0.2,0.09,0.0
2020-10-29 03:00:00,76.7,85,0.7,0.05,0.0
2020-10-29 04:00:00,76.1,94,1.2,0.01,0.0
2020-10-29 05:00:00,75.7,98,0.9,0.0,0.0
2020-10-29 06:00:00,75.5,95,0.6,0.01,0.0
2020-10-29 07:00:00,77.6,98,0.9,0.01,0.0
2020-10-29 08:00:00,76.6,98,0.5,0.02,31.0
2020-10-29 09:00:00,76.3,93,0.5,0.07,103.0
2020-10-29 10:00:00,76.4,95,0.8,0.11,172.0
2020-10-29 11:00:00,76.6,98,2.1,0.11,205.0
2020-10-29 12:00:00,76.7,93,0.4,0.15,236.0
2020-10-29 13:00:00,77.9,85,0.1,0.3,468.0
2020-10-29 14:00:00,79.1,77,0.1,0.35,527.0
2020-10-29 15:00:00,79.1,59,0.0,0.33,378.0
2020-10-29 16:00:00,78.5,52,0.0,0.32,376.0
2020-10-29 17:00:00,77.3,56,0.0,0.21,237.0
2020-10-29 18:00:00,75.5,61,0.0,0.1,51.0
2020-10-29 19:00:00,74.9,68,0.0,0.06,0.0
2020-10-29 20:00:00,73.5,53,0.0,0.1,0.0
2020-10-29 21:00:00,72.0,51,0.0,0.12,0.0
2020-10-29 22:00:00,70.4,48,0.0,0.11,0.0
2020-10-29 23:00:00,68.9,51,0.0,0.1,0.0
2020-10-30 00:00:00,67.6,52,0.0,0.09,0.0
2020-10-30 01:00:00,66.2,54,0.0,0.08,0.0
2020-10-30 02:00:00,65.0,57,0.0,0.07,0.0
2020-10-30 03:00:00,63.8,61,0.0,0.05,0.0
2020-10-30 04:00:00,62.7,62,0.0,0.04,0.0
2020-10-30 05:00:00,61.7,64,0.0,0.04,0.0
2020-10-30 06:00:00,60.9,67,0.0,0.03,0.0
2020-10-30 07:00:00,60.9,70,0.0,0.05,0.0
2020-10-30 08:00:00,60.5,70,0.0,0.05,78.0
2020-10-30 09:00:00,61.3,68,0.0,0.13,274.0
2020-10-30 10:00:00,62.7,65,0.0,0.22,465.0
2020-10-30 11:00:00,64.5,62,0.0,0.31,616.0
2020-10-30 12:00:00,66.5,61,0.0,0.37,708.0
2020-10-30 13:00:00,68.2,58,0.0,0.4,733.0
2020-10-30 14:00:00,69.5,56,0.0,0.4,692.0
2020-10-30 15:00:00,70.3,55,0.0,0.35,588.0
2020-10-30 16:00:00,70.3,54,0.0,0.27,430.0
2020-10-30 17:00:00,69.6,59,0.0,0.15,235.0
2020-10-30 18:00:00,67.9,63,0.0,0.06,49.0
2020-10-30 19:00:00,65.5,65,0.0,0.03,0.0
2020-10-30 20:00:00,64.4,62,0.0,0.05,0.0
2020-10-30 21:00:00,63.6,63,0.0,0.05,0.0
2020-10-30 22:00:00,62.9,63,0.0,0.04,0.0
2020-10-30 23:00:00,62.2,66,0.0,0.04,0.0
2020-10-31 00:00:00,61.4,71,0.0,0.02,0.0
2020-10-31 01:00:00,60.6,74,0.0,0.02,0.0
2020-10-31 02:00:00,59.9,74,0.0,0.02,0.0
2020-10-31 03:00:00,59.4,75,0.0,0.02,0.0
2020-10-31 04:00:00,58.9,75,0.0,0.02,0.0
2020-10-31 05:00:00,58.5,76,0.0,0.02,0.0
2020-10-31 06:00:00,58.1,77,0.0,0.01,0.0
2020-10-31 07:00:00,56.9,79,0.0,0.04,0.0
2020-10-31 08:00:00,57.7,78,0.0,0.04,74.0
2020-10-31 09:00:00,59.5,72,0.0,0.14,265.0
2020-10-31 10:00:00,61.7,69,0.0,0.24,452.0
2020-10-31 11:00:00,64.1,67,0.0,0.33,596.0
2020-10-31 12:00:00,66.4,66,0.0,0.38,664.0
2020-10-31 13:00:00,68.2,63,0.0,0.39,640.0
2020-10-31 14:00:00,69.2,61,0.0,0.33,498.0
2020-10-31 15:00:00,69.9,63,0.0,0.3,443.0
2020-10-31 16:00:00,70.0,65,0.0,0.21,298.0
2020-10-31 17:00:00,69.5,68,0.0,0.12,132.0
2020-10-31 18:00:00,68.7,70,0.0,0.06,22.0
2020-10-31 19:00:00,68.8,69,0.0,0.05,0.0
2020-10-31 20:00:00,67.8,72,0.0,0.04,0.0
2020-10-31 21:00:00,66.7,78,0.0,0.03,0.0
2020-10-31 22:00:00,65.8,81,0.0,0.02,0.0
2020-10-31 23:00:00,65.0,83,0.0,0.01,0.0
